annotation_id,image_id,category_id,bbox_x,bbox_y,bbox_w,bbox_h,score
1,1,27926,597.4,672.2,255.1,481.6,0.988
2,1,24850,172.0,740.5,183.7,291.8,0.98
3,1,1900,158.6,251.8,203.4,124.4,0.98
4,1,16551,553.0,70.5,403.3,403.3,0.966
5,10,29451,100.4,234.6,411.1,221.3,0.992
6,10,1900,647.0,844.2,185.9,188.8,0.991
7,10,16548,102.1,807.7,242.0,236.3,0.988
8,10,21771,642.9,290.5,188.7,181.6,0.984
9,100,18110,45.9,746.0,309.5,298.1,0.999
10,100,1900,134.0,244.2,190.5,161.2,0.995
11,100,16548,586.2,130.8,232.6,225.9,0.99
12,100,33009,517.7,791.5,383.8,211.6,0.986
13,1003,3483,607.6,792.7,272.9,203.6,0.996
14,1003,16232,648.1,184.4,192.2,179.8,0.99
15,1003,27733,123.8,770.5,313.8,273.5,0.99
16,1003,34597,36.7,159.7,450.1,416.3,0.975
17,1004,3483,126.7,307.8,266.5,200.9,0.994
18,1004,34597,508.8,660.4,460.3,433.3,0.993
19,1004,16232,141.6,892.3,197.2,192.9,0.99
20,1004,27733,566.8,262.0,299.1,263.4,0.985
21,1005,3483,580.7,759.1,272.2,209.2,0.996
22,1005,16232,619.5,177.6,187.3,182.8,0.993
23,1005,34597,22.8,123.3,438.0,427.3,0.988
24,1005,27733,87.6,722.1,326.8,281.0,0.985
25,1006,3483,602.5,844.6,277.2,186.4,0.997
26,1006,20238,617.7,195.5,225.3,217.2,0.99
27,1006,25367,46.9,176.0,439.5,424.5,0.983
28,1006,25469,49.5,857.9,374.1,216.2,0.978
29,1007,20238,589.0,190.8,221.6,213.4,0.996
30,1007,3483,574.3,811.1,280.4,191.8,0.993
31,1007,25367,30.7,155.7,429.0,421.4,0.977
32,1007,25469,12.5,813.3,382.6,220.3,0.973
33,1009,3483,575.0,811.3,279.0,191.8,0.994
34,1009,22347,79.0,198.6,200.1,194.2,0.991
35,1009,16262,547.4,187.2,236.8,228.8,0.98
36,1009,25469,13.0,813.2,381.2,220.9,0.967
37,1010,3483,603.7,845.1,275.7,186.2,0.997
38,1010,22347,95.1,204.5,205.8,198.5,0.987
39,1010,25469,49.8,858.8,372.9,215.4,0.976
40,1010,16262,575.3,195.6,242.6,229.1,0.973
41,1012,1900,141.8,242.2,199.1,129.2,0.997
42,1012,16548,611.3,158.4,231.1,224.4,0.994
43,1012,27926,570.4,628.8,260.5,488.3,0.987
44,1012,24850,139.6,702.2,185.7,296.3,0.985
45,1013,27926,147.8,145.1,255.0,453.2,0.991
46,1013,1900,630.0,890.7,209.9,136.9,0.989
47,1013,16548,104.7,866.4,242.8,237.8,0.985
48,1013,24850,637.4,274.9,181.9,277.2,0.98
49,1014,27926,597.4,674.0,253.5,481.6,0.991
50,1014,16548,640.5,164.3,237.0,224.8,0.987
51,1014,1900,158.7,252.1,203.4,124.7,0.985
52,1014,24850,172.0,740.7,184.2,291.5,0.981
53,1015,3483,647.7,746.4,215.0,269.7,0.994
54,1015,30308,67.9,124.3,396.5,406.6,0.988
55,1015,20877,115.9,769.9,332.2,228.8,0.986
56,1015,35206,658.0,174.6,224.6,403.4,0.984
57,1016,3483,140.8,290.9,212.3,258.4,0.993
58,1016,20877,543.4,295.3,328.5,233.1,0.988
59,1016,30308,533.9,721.6,410.0,413.5,0.981
60,1016,35206,96.6,671.6,236.7,412.4,0.97
61,1018,29667,87.0,863.6,232.3,224.9,0.995
62,1018,3483,126.0,308.2,267.8,200.9,0.993
63,1018,30308,441.1,741.2,472.8,308.0,0.991
64,1018,27733,562.1,256.5,297.4,263.9,0.979
65,1019,3483,607.5,792.5,272.0,204.0,0.997
66,1019,27733,129.2,776.6,314.4,275.6,0.994
67,1019,29667,669.8,181.6,223.4,212.5,0.99
68,1019,30308,96.8,210.6,457.4,298.4,0.99
69,102,1900,151.8,253.9,193.1,162.2,0.996
70,102,18110,79.2,792.4,305.9,291.0,0.991
71,102,16548,613.9,135.8,239.3,227.6,0.988
72,102,33009,547.5,836.4,374.7,200.7,0.976
73,1020,3483,580.8,758.3,272.8,209.4,0.993
74,1020,30308,77.8,188.9,449.6,297.7,0.989
75,1020,27733,92.2,728.3,326.6,281.5,0.981
76,1020,29667,639.8,177.6,217.3,214.5,0.98
77,1022,29451,35.9,798.7,421.5,228.3,0.993
78,1022,33208,581.3,810.5,214.2,204.0,0.992
79,1022,1900,147.9,240.9,180.5,180.6,0.991
80,1022,16551,625.9,24.4,283.3,466.4,0.983
81,1023,1900,168.9,245.6,180.2,182.9,0.997
82,1023,29451,71.6,842.3,416.3,219.1,0.994
83,1023,33208,609.5,843.5,211.0,199.6,0.991
84,1023,16551,653.4,28.7,293.8,482.7,0.978
85,1025,3483,141.1,289.2,212.7,260.4,0.992
86,1025,28763,643.4,862.2,222.2,211.3,0.989
87,1025,20877,543.7,294.2,328.7,233.9,0.983
88,1025,16262,108.7,837.6,249.5,240.1,0.959
89,1026,3483,647.3,748.4,216.2,267.9,0.993
90,1026,20877,115.6,770.6,332.4,229.0,0.987
91,1026,28763,134.7,205.5,212.0,200.6,0.982
92,1026,16262,630.1,193.0,243.0,229.4,0.965
93,1027,13900,191.2,285.7,197.0,234.0,0.985
94,1027,16232,600.4,262.6,186.6,186.2,0.984
95,1027,3351,354.2,883.7,189.0,191.2,0.978
96,1028,16232,135.2,780.7,191.7,188.2,0.995
97,1028,13900,554.8,708.5,204.5,245.8,0.99
98,1028,3351,391.3,157.7,185.1,187.6,0.972
99,1029,3351,435.1,216.3,185.5,182.7,0.989
100,1029,13900,594.4,797.7,199.7,241.4,0.989
101,1029,16232,178.5,866.9,188.9,191.6,0.981
102,1030,3483,581.0,758.3,274.0,209.8,0.995
103,1030,34597,45.5,141.3,443.7,414.8,0.99
104,1030,27733,88.2,721.7,326.5,282.0,0.989
105,1030,35206,571.3,118.2,247.8,379.5,0.984
106,1034,3483,147.2,218.5,251.0,224.6,0.997
107,1034,36637,94.3,905.6,275.2,167.3,0.995
108,1034,19861,637.3,277.1,221.3,169.3,0.994
109,1034,28763,649.4,882.4,223.3,214.1,0.985
110,1039,3483,603.1,844.9,276.8,186.5,0.998
111,1039,28763,127.5,214.6,210.9,200.5,0.981
112,1039,25469,50.7,859.0,371.5,215.4,0.971
113,1039,16262,574.6,195.6,242.8,228.9,0.965
114,104,3351,325.0,205.4,181.7,185.8,0.993
115,104,18357,108.3,610.4,248.2,367.3,0.985
116,104,21325,617.1,761.1,174.4,230.7,0.978
117,1041,3483,124.8,276.6,270.1,184.0,0.992
118,1041,28763,651.3,852.1,222.7,213.7,0.974
119,1041,25469,572.0,231.4,371.2,217.4,0.969
120,1041,16262,166.8,834.3,249.5,242.3,0.951
121,1043,3351,313.3,170.1,182.9,186.3,0.99
122,1043,35206,514.7,606.5,244.1,414.3,0.989
123,1043,18357,51.2,628.8,270.7,350.3,0.985
124,1044,35206,555.4,702.8,235.0,405.1,0.979
125,1044,3351,354.9,228.2,183.3,182.5,0.977
126,1044,18357,93.8,724.9,267.3,351.0,0.975
127,1045,3483,621.4,716.3,212.1,271.9,0.993
128,1045,29667,595.0,179.7,219.8,213.6,0.991
129,1045,20877,42.4,757.3,328.1,246.9,0.982
130,1045,28763,133.9,213.1,207.5,199.8,0.978
131,1046,3483,646.6,749.2,217.5,268.5,0.993
132,1046,29667,624.1,183.0,223.7,215.2,0.992
133,1046,20877,75.5,801.1,327.1,239.7,0.986
134,1046,28763,151.9,224.2,212.5,200.4,0.983
135,1047,3483,141.1,288.6,212.1,260.2,0.994
136,1047,29667,135.5,864.4,231.2,223.0,0.994
137,1047,20877,588.8,260.4,325.2,242.7,0.984
138,1047,28763,625.9,845.7,222.4,209.7,0.979
139,1050,2483,652.5,78.7,195.7,490.6,0.996
140,1050,5094,137.2,848.0,279.0,273.0,0.992
141,1050,22362,608.1,781.3,255.5,405.9,0.983
142,1050,22627,90.3,174.8,338.7,469.8,0.971
143,1051,2483,86.7,674.9,229.7,484.1,0.993
144,1051,5094,550.8,191.3,271.5,267.7,0.984
145,1051,23223,488.7,659.5,386.3,464.4,0.972
146,1051,4378,136.1,102.5,216.1,443.0,0.957
147,1053,2483,618.5,50.2,218.1,485.2,0.994
148,1053,5094,104.0,800.8,278.2,273.4,0.977
149,1053,4378,592.4,696.9,213.9,456.0,0.975
150,1053,23223,77.4,76.0,377.8,465.7,0.956
151,1055,3483,572.4,767.1,275.2,205.9,0.993
152,1055,27733,81.7,727.3,332.0,271.7,0.99
153,1055,31885,57.0,34.6,424.8,485.5,0.974
154,1055,29667,649.9,185.9,215.7,212.7,0.965
155,1056,3483,599.8,800.5,274.1,199.0,0.998
156,1056,29667,677.4,189.7,224.8,212.1,0.996
157,1056,27733,118.2,777.5,320.1,264.0,0.991
158,1056,31885,71.1,51.5,439.9,490.9,0.981
159,1057,2483,609.0,69.6,247.7,469.3,0.994
160,1057,4378,642.3,701.6,221.3,457.6,0.98
161,1057,25438,109.4,830.3,256.0,252.9,0.969
162,1057,12778,82.9,70.3,330.5,506.8,0.965
163,1058,2483,598.7,109.8,256.1,452.0,0.99
164,1058,25438,112.1,842.3,258.2,265.8,0.975
165,1058,4378,657.8,701.3,213.0,479.6,0.968
166,1058,12778,84.4,104.6,329.5,505.7,0.967
167,1060,2483,115.4,681.2,211.9,487.9,0.993
168,1060,13395,110.3,46.9,246.1,487.1,0.985
169,1060,22627,529.1,643.4,355.1,471.4,0.973
170,1060,25438,556.8,205.7,245.2,250.3,0.959
171,1064,3483,602.9,844.5,277.0,186.7,0.997
172,1064,20238,617.6,195.1,225.4,217.6,0.991
173,1064,25469,50.3,858.3,372.5,215.5,0.976
174,1064,34597,58.9,133.4,451.9,413.4,0.974
175,1065,3483,124.5,276.4,270.6,184.5,0.993
176,1065,20238,139.5,849.8,232.2,226.1,0.991
177,1065,34597,484.5,686.4,463.2,430.9,0.987
178,1065,25469,571.1,232.0,372.3,217.4,0.979
179,1067,27653,672.3,255.0,219.4,199.7,0.993
180,1067,3483,133.2,292.6,275.3,170.1,0.992
181,1067,31885,554.7,673.0,402.4,526.9,0.983
182,1067,16262,117.0,847.0,250.1,241.8,0.968
183,1069,21026,137.9,867.9,177.6,178.1,0.996
184,1069,21771,117.1,202.9,187.3,184.2,0.993
185,1069,16548,643.1,164.7,237.8,226.4,0.989
186,1069,1900,622.6,889.1,205.4,139.5,0.983
187,1070,21771,686.7,883.7,198.7,192.2,0.993
188,1070,21026,673.9,272.2,176.0,173.0,0.985
189,1070,16548,102.2,864.6,241.4,238.2,0.984
190,1070,1900,175.4,280.0,199.7,141.0,0.982
191,1073,3483,536.1,778.5,266.2,222.9,0.996
192,1073,22347,115.4,199.8,202.7,193.9,0.995
193,1073,36637,637.0,178.4,182.4,244.7,0.994
194,1073,27777,143.0,774.9,179.3,206.5,0.989
195,1075,29871,603.2,770.7,205.4,223.4,0.988
196,1075,4543,610.9,141.1,203.0,202.7,0.984
197,1075,16551,94.1,593.8,338.9,462.8,0.979
198,1075,3544,102.3,161.0,203.0,199.1,0.974
199,1076,4543,132.0,917.6,216.0,211.9,0.994
200,1076,29871,168.7,277.1,203.3,214.8,0.991
201,1076,3544,668.4,900.0,214.7,212.6,0.991
202,1076,16551,535.2,191.6,326.5,436.6,0.979
203,1077,29871,631.1,808.1,204.4,217.0,0.991
204,1077,3544,118.3,166.5,205.5,201.3,0.982
205,1077,16551,129.6,645.4,329.7,455.7,0.98
206,1077,4543,639.8,142.6,208.6,202.6,0.98
207,1079,22347,119.5,219.4,206.6,198.2,0.993
208,1079,29667,625.5,185.4,222.9,215.7,0.991
209,1079,3483,643.5,751.7,216.1,268.5,0.988
210,1079,20877,71.8,800.3,327.7,240.8,0.987
211,108,22362,587.0,745.0,255.0,406.0,0.986
212,108,2483,603.5,83.5,247.1,475.2,0.986
213,108,12778,103.9,46.0,297.0,522.5,0.977
214,108,25438,143.8,846.0,254.2,252.6,0.975
215,1080,3483,617.1,719.5,213.3,270.5,0.993
216,1080,22347,102.6,211.8,201.5,194.4,0.988
217,1080,29667,596.3,182.8,219.0,212.9,0.987
218,1080,20877,40.3,755.8,326.9,249.0,0.984
219,1081,21026,126.2,865.6,177.7,177.5,0.994
220,1081,44199,93.3,183.0,254.8,229.5,0.993
221,1081,16551,481.9,201.6,457.4,324.5,0.983
222,1081,1900,610.8,899.0,205.2,137.5,0.979
223,1085,3483,621.4,714.4,214.0,272.7,0.992
224,1085,16232,626.7,220.4,187.8,183.4,0.982
225,1085,20877,86.4,725.6,332.4,239.8,0.979
226,1085,25367,33.0,128.8,437.9,413.2,0.978
227,1087,3544,134.7,175.9,201.4,199.8,0.993
228,1087,10221,623.3,205.3,219.9,214.0,0.981
229,1087,31705,570.6,676.5,252.7,451.8,0.973
230,1087,16551,88.2,588.3,293.9,486.1,0.97
231,1089,3544,635.2,888.1,212.2,210.8,0.992
232,1089,10221,105.9,834.7,230.1,226.4,0.988
233,1089,31705,151.2,146.3,251.8,419.9,0.977
234,1089,16551,582.6,183.1,292.0,458.2,0.965
235,109,3483,146.6,218.7,251.0,224.9,0.998
236,109,19861,637.9,277.4,220.7,169.0,0.994
237,109,35206,107.9,774.4,304.1,389.4,0.987
238,109,25367,581.1,719.5,386.2,493.9,0.985
239,1092,1900,653.7,847.9,208.2,160.6,0.994
240,1092,16548,84.0,914.3,243.2,238.9,0.993
241,1092,44199,134.0,243.4,243.1,232.8,0.985
242,1092,33009,565.0,213.8,322.6,294.7,0.974
243,1093,3483,146.8,218.8,251.5,224.9,0.998
244,1093,19861,637.3,277.6,221.3,169.4,0.995
245,1093,34597,498.3,693.4,463.8,436.0,0.979
246,1093,16262,100.4,851.2,250.3,241.5,0.977
247,1095,3483,600.3,867.4,258.7,231.3,0.995
248,1095,19861,127.4,865.2,220.0,166.5,0.993
249,1095,34597,46.0,122.4,448.7,419.0,0.983
250,1095,16262,638.6,178.3,243.9,229.0,0.976
251,1096,3544,92.1,198.3,202.8,198.2,0.994
252,1096,16551,480.2,113.2,444.8,323.9,0.983
253,1096,27993,550.8,777.4,305.9,240.3,0.982
254,1096,6563,165.7,672.5,220.1,365.2,0.978
255,1097,27993,578.7,815.4,303.9,230.5,0.99
256,1097,3544,108.2,205.8,207.3,200.7,0.987
257,1097,6563,197.2,713.8,217.6,358.0,0.978
258,1097,16551,508.3,126.5,453.0,325.3,0.971
259,1098,6563,581.0,232.3,214.6,337.8,0.988
260,1098,27993,125.0,251.9,294.9,235.5,0.987
261,1098,3544,676.8,862.4,214.7,212.7,0.982
262,1098,16551,22.6,784.5,466.3,342.5,0.964
263,110,3483,600.5,868.2,258.3,230.6,0.997
264,110,19861,127.5,864.8,220.1,167.2,0.993
265,110,25367,40.4,47.7,388.1,481.8,0.986
266,110,35206,583.5,97.6,288.1,375.6,0.975
267,1100,3483,535.5,778.3,267.1,223.7,0.997
268,1100,36637,636.0,179.0,181.5,244.1,0.995
269,1100,27777,143.2,775.0,178.6,206.1,0.988
270,1100,31885,55.9,97.8,415.9,491.7,0.972
271,1101,36637,666.0,181.8,185.5,246.6,0.995
272,1101,3483,562.7,812.6,265.5,216.7,0.993
273,1101,27777,177.4,812.2,174.5,198.8,0.986
274,1101,31885,70.1,120.5,435.7,495.2,0.974
275,1105,3483,608.2,791.8,272.2,204.2,0.995
276,1105,22347,111.5,212.5,208.4,196.0,0.992
277,1105,27733,125.1,770.7,313.1,273.9,0.99
278,1105,35206,602.7,126.6,254.1,388.8,0.977
279,1109,3483,592.0,845.1,280.7,168.1,0.997
280,1109,27653,96.0,853.7,222.7,205.4,0.985
281,1109,28763,139.5,226.4,212.6,199.1,0.982
282,1109,16262,622.7,181.9,242.4,230.6,0.965
283,1111,3483,561.6,810.5,283.7,175.5,0.99
284,1111,27653,61.4,810.6,223.3,210.0,0.979
285,1111,28763,116.0,188.5,208.0,198.6,0.975
286,1111,29667,604.2,177.1,216.6,212.1,0.963
287,1114,27653,671.5,254.5,220.0,200.2,0.993
288,1114,3483,132.9,293.0,275.4,169.6,0.991
289,1114,30308,557.7,697.1,401.7,422.7,0.982
290,1114,35206,106.1,686.8,203.1,420.0,0.98
291,1115,3483,562.9,810.3,283.1,175.7,0.991
292,1115,30308,40.2,123.6,381.7,405.1,0.989
293,1115,27653,62.1,810.7,223.8,210.2,0.986
294,1115,35206,649.9,144.2,199.7,399.0,0.985
295,1116,3483,591.5,844.9,279.8,169.2,0.997
296,1116,27653,95.5,853.0,222.4,206.0,0.989
297,1116,30308,54.5,141.7,392.5,414.9,0.988
298,1116,35206,680.4,155.0,203.1,406.6,0.981
299,1118,16548,101.1,880.8,241.9,239.8,0.994
300,1118,29871,199.4,241.2,169.2,232.2,0.99
301,1118,3544,677.4,860.5,213.6,211.9,0.98
302,1118,6563,586.3,236.2,213.5,340.1,0.973
303,1119,16548,644.9,146.4,235.4,226.5,0.993
304,1119,3544,108.7,207.5,207.5,201.8,0.988
305,1119,29871,634.0,826.6,169.0,237.8,0.981
306,1119,6563,192.5,707.0,217.1,359.8,0.975
307,112,10221,636.2,199.4,221.0,214.9,0.99
308,112,3544,128.0,235.6,205.5,200.1,0.975
309,112,16551,157.4,585.4,303.7,470.8,0.969
310,112,33009,560.4,811.1,369.8,207.9,0.962
311,1121,29667,140.7,871.8,226.9,226.2,0.992
312,1121,3483,125.1,275.9,270.1,183.8,0.991
313,1121,25469,573.6,185.1,324.2,286.3,0.983
314,1121,28763,617.7,861.1,223.8,212.0,0.982
315,1123,3483,126.3,307.9,266.7,201.0,0.995
316,1123,16262,152.2,803.0,250.5,242.6,0.982
317,1123,27733,566.6,262.0,299.3,264.1,0.981
318,1123,25367,491.7,665.0,448.6,439.7,0.971
319,1125,3483,607.6,792.2,272.3,204.4,0.997
320,1125,27733,124.3,770.5,313.6,273.4,0.991
321,1125,25367,65.6,159.4,441.5,424.5,0.988
322,1125,16262,590.0,227.3,242.9,229.4,0.988
323,1126,3483,141.9,289.2,213.3,259.3,0.995
324,1126,31885,511.2,731.8,456.8,474.4,0.989
325,1126,20877,544.8,294.0,328.6,235.1,0.983
326,1126,16262,110.0,836.7,248.3,240.5,0.971
327,1129,20238,112.9,854.4,231.8,227.2,0.995
328,1129,3483,126.8,307.3,266.4,201.2,0.994
329,1129,22347,682.4,826.8,213.5,207.4,0.993
330,1129,27733,567.0,261.3,298.9,262.9,0.986
331,113,10221,126.5,845.9,227.2,227.0,0.995
332,113,3544,657.8,833.6,214.0,211.0,0.99
333,113,33009,74.9,270.1,362.5,220.8,0.981
334,113,16551,531.5,228.6,307.0,456.2,0.97
335,1135,1900,151.7,254.7,193.8,161.1,0.997
336,1135,18110,79.1,792.4,306.0,291.1,0.99
337,1135,16551,607.1,55.8,286.9,479.6,0.981
338,1135,33009,548.1,836.4,373.4,199.3,0.975
339,1136,18110,611.3,221.4,298.7,283.2,0.993
340,1136,1900,643.9,855.7,204.0,172.7,0.99
341,1136,33009,86.0,258.0,366.4,207.0,0.985
342,1136,16551,89.2,700.3,296.6,499.1,0.939
343,1138,20238,594.2,174.9,220.2,211.7,0.994
344,1138,3483,564.2,809.9,284.3,175.4,0.99
345,1138,27653,64.3,810.9,223.6,210.6,0.987
346,1138,34597,32.2,86.3,372.3,478.1,0.979
347,114,10221,605.7,195.2,216.1,211.8,0.986
348,114,3544,110.2,225.2,201.9,199.0,0.983
349,114,33009,531.7,766.0,376.8,221.2,0.979
350,114,16551,124.0,535.3,309.7,475.9,0.973
351,1140,3483,592.0,844.5,281.9,169.3,0.997
352,1140,20238,623.6,177.3,224.2,214.8,0.992
353,1140,34597,46.4,114.4,378.5,476.7,0.99
354,1140,27653,97.6,853.8,222.9,206.3,0.988
355,1141,2483,67.7,648.3,303.9,454.0,0.99
356,1141,12081,66.9,119.6,225.6,424.4,0.989
357,1141,23223,573.0,569.1,297.6,503.8,0.977
358,1141,25438,557.8,196.3,245.9,251.7,0.953
359,1142,2483,577.4,114.3,297.2,455.5,0.995
360,1142,12081,647.2,700.2,240.5,454.3,0.988
361,1142,23223,68.1,134.0,298.1,496.2,0.987
362,1142,25438,122.2,822.2,255.1,253.7,0.972
363,1143,23223,70.1,169.0,296.5,494.2,0.99
364,1143,12081,654.0,707.4,251.6,463.6,0.987
365,1143,2483,568.6,157.1,301.8,430.5,0.984
366,1143,25438,125.0,833.5,257.7,266.9,0.971
367,1144,3483,603.3,844.3,276.4,186.8,0.998
368,1144,31885,56.6,172.1,439.5,484.9,0.988
369,1144,16262,573.7,196.0,243.2,229.0,0.974
370,1144,25469,50.3,858.1,372.6,215.3,0.969
371,1148,16232,146.1,731.9,194.1,193.1,0.985
372,1148,41768,556.8,632.8,269.4,308.1,0.974
373,1148,3351,384.2,161.3,182.4,187.1,0.969
374,1149,16232,189.4,820.1,190.1,190.4,0.992
375,1149,41768,599.9,721.2,261.1,308.6,0.988
376,1149,3351,427.8,221.9,184.1,181.7,0.978
377,115,3483,125.6,308.1,267.8,200.6,0.995
378,115,27733,561.8,256.4,298.6,263.5,0.982
379,115,25367,496.6,644.3,420.5,466.3,0.979
380,115,36637,101.1,881.7,268.2,179.0,0.943
381,1150,3483,562.3,814.0,264.9,216.6,0.995
382,1150,27777,176.7,811.9,174.9,199.7,0.988
383,1150,34597,82.0,52.9,404.6,465.2,0.984
384,1150,29667,630.0,166.1,222.4,211.7,0.981
385,1153,3483,600.5,867.7,257.4,230.5,0.996
386,1153,19861,127.5,865.1,219.5,167.3,0.994
387,1153,16232,646.8,175.6,189.9,185.1,0.992
388,1153,22347,145.4,210.8,206.3,196.5,0.978
389,1154,3483,573.4,834.2,262.7,236.3,0.997
390,1154,16232,616.7,171.4,186.5,181.6,0.994
391,1154,19861,92.3,826.5,226.8,175.9,0.991
392,1154,22347,127.9,201.0,202.2,196.1,0.975
393,1155,3483,147.2,218.6,250.7,225.3,0.998
394,1155,19861,636.9,277.1,221.5,169.4,0.994
395,1155,22347,640.2,858.4,215.4,211.7,0.993
396,1155,16232,144.6,899.6,195.8,190.6,0.99
397,1156,3351,392.8,858.7,188.8,189.3,0.994
398,1156,13900,183.2,284.7,203.4,227.9,0.989
399,1156,16262,573.4,309.8,239.5,233.5,0.979
400,1157,13900,555.1,714.8,210.7,241.6,0.994
401,1157,3351,355.1,182.5,183.8,188.2,0.99
402,1157,16262,110.8,676.2,247.6,245.2,0.972
403,1158,13900,593.7,805.6,207.3,236.2,0.993
404,1158,3351,397.7,243.0,183.2,181.9,0.988
405,1158,16262,154.3,768.0,243.5,236.9,0.979
406,1159,3351,402.8,808.9,187.9,190.3,0.996
407,1159,16232,646.1,295.2,189.0,192.2,0.994
408,1159,18357,153.6,299.7,239.9,355.0,0.972
409,1161,16232,132.3,816.6,188.2,188.4,0.997
410,1161,18357,585.3,615.7,239.7,370.0,0.987
411,1161,3351,388.9,281.1,181.4,180.3,0.987
412,1163,29451,494.5,802.8,409.1,240.1,0.989
413,1163,10221,657.1,199.4,225.3,211.9,0.977
414,1163,3544,119.0,186.2,205.9,199.3,0.973
415,1163,16551,41.7,604.7,305.3,471.7,0.971
416,1164,29451,464.7,764.1,416.0,248.2,0.993
417,1164,3544,103.3,180.2,202.3,199.4,0.99
418,1164,10221,626.9,195.5,221.2,211.9,0.982
419,1164,16551,12.1,556.0,303.2,479.6,0.968
420,1166,36637,129.5,828.9,181.4,264.6,0.995
421,1166,3483,124.3,276.2,271.2,184.5,0.991
422,1166,25469,572.7,183.8,324.5,289.1,0.987
423,1166,25367,565.6,681.6,398.5,490.7,0.968
424,1167,3483,602.9,846.6,276.7,185.3,0.997
425,1167,36637,673.5,172.1,175.5,253.4,0.997
426,1167,25469,88.6,829.6,334.0,301.0,0.982
427,1167,25367,46.2,91.1,393.7,475.6,0.978
428,1168,3483,574.2,811.5,279.0,190.8,0.994
429,1168,29667,591.0,168.2,217.9,215.2,0.993
430,1168,30308,43.8,14.6,347.7,428.1,0.976
431,1168,25469,47.9,788.7,342.3,299.8,0.969
432,1170,3483,603.2,845.9,275.6,185.2,0.998
433,1170,29667,621.6,173.1,222.4,217.2,0.988
434,1170,30308,53.1,23.6,363.7,440.4,0.985
435,1170,25469,87.1,830.0,335.5,299.4,0.983
436,1171,10221,92.8,790.3,225.3,217.5,0.998
437,1171,4543,639.6,151.5,202.5,197.8,0.996
438,1171,16548,579.1,745.9,240.4,232.8,0.992
439,1171,3544,123.5,182.5,201.4,198.0,0.981
440,1173,4543,102.6,906.6,216.5,211.1,0.995
441,1173,16548,160.6,285.8,232.1,226.0,0.994
442,1173,3544,646.2,877.5,214.1,211.1,0.992
443,1173,10221,645.4,262.6,217.5,213.3,0.99
444,1174,29667,127.2,865.3,227.3,226.5,0.994
445,1174,3483,134.4,292.4,275.1,169.8,0.993
446,1174,27653,672.5,254.6,219.7,200.7,0.993
447,1174,30308,575.8,758.5,394.6,426.9,0.978
448,1176,3483,589.6,845.4,281.5,168.4,0.998
449,1176,27653,94.6,852.7,222.1,205.4,0.99
450,1176,30308,41.2,75.0,390.5,417.9,0.987
451,1176,29667,633.1,181.8,222.6,212.4,0.985
452,1178,3483,537.9,779.7,265.9,223.9,0.997
453,1178,20238,575.6,191.4,220.0,213.0,0.996
454,1178,27777,144.3,776.3,178.5,206.8,0.991
455,1178,31885,104.0,46.9,403.0,501.0,0.981
456,118,16688,422.7,83.7,430.8,515.6,0.99
457,118,3351,457.3,847.0,189.0,190.6,0.986
458,118,13900,61.1,310.6,231.5,212.9,0.985
459,1180,19232,497.1,233.5,326.2,255.1,0.994
460,1180,3351,395.0,916.0,190.7,192.7,0.992
461,1180,21325,187.9,307.9,165.1,224.6,0.986
462,1184,16548,143.6,879.5,242.3,238.4,0.992
463,1184,1900,189.9,273.3,200.3,137.1,0.987
464,1184,21026,685.5,274.8,176.4,172.7,0.986
465,1184,24850,673.9,828.8,189.6,300.6,0.978
466,1185,21026,126.2,865.4,178.0,177.9,0.994
467,1185,16548,600.9,149.9,237.6,226.4,0.992
468,1185,24850,135.7,144.6,186.0,288.7,0.988
469,1185,1900,611.6,899.7,204.2,137.1,0.968
470,1186,2483,85.5,682.0,234.7,476.4,0.994
471,1186,5094,551.3,191.0,271.0,267.3,0.986
472,1186,4378,136.3,103.0,214.6,442.4,0.964
473,1186,19552,513.5,558.5,315.8,487.7,0.96
474,1187,2483,617.0,50.9,222.5,483.6,0.994
475,1187,4378,593.0,698.2,213.1,454.5,0.979
476,1187,5094,103.4,800.8,278.7,273.5,0.975
477,1187,19552,109.6,156.6,321.3,490.3,0.968
478,1189,2483,593.6,73.2,240.3,475.2,0.991
479,1189,12081,600.4,707.9,235.9,454.5,0.988
480,1189,3743,119.2,785.4,323.9,319.7,0.986
481,1189,22627,100.5,133.2,310.4,483.2,0.959
482,119,13900,650.4,706.1,227.5,222.2,0.995
483,119,3351,292.7,192.5,185.6,189.1,0.987
484,119,16688,74.1,579.8,459.7,568.1,0.975
485,1190,2483,587.6,109.1,236.6,462.2,0.997
486,1190,3743,122.6,797.5,328.4,328.6,0.991
487,1190,12081,610.4,714.8,243.5,467.2,0.989
488,1190,22627,102.7,160.9,306.0,487.8,0.956
489,1191,2483,89.9,670.2,258.4,467.9,0.987
490,1191,12081,109.8,110.7,224.8,425.8,0.987
491,1191,22627,530.0,588.3,308.4,485.1,0.984
492,1191,3743,496.1,167.0,311.8,298.5,0.978
493,1192,1900,644.5,854.7,203.7,174.0,0.988
494,1192,24850,646.6,205.6,179.3,277.3,0.986
495,1192,33009,86.8,257.2,365.7,206.9,0.983
496,1192,16551,84.4,692.8,294.4,498.4,0.96
497,1194,1900,152.3,253.2,191.6,163.4,0.997
498,1194,24850,166.0,818.0,181.9,291.3,0.984
499,1194,33009,548.4,836.4,372.8,199.2,0.973
500,1194,16551,613.3,61.2,288.9,483.1,0.97
501,1196,3483,170.5,280.9,259.7,214.3,0.998
502,1196,35206,138.3,706.4,240.3,411.1,0.99
503,1196,27777,637.4,294.0,175.4,196.1,0.989
504,1196,28763,614.2,886.5,222.7,214.6,0.979
505,1197,3483,566.0,811.8,265.4,216.6,0.989
506,1197,27777,179.1,814.5,174.3,199.7,0.988
507,1197,28763,163.7,179.1,211.7,201.3,0.98
508,1197,35206,617.0,141.2,221.5,401.7,0.968
509,1198,3483,565.5,815.7,264.4,215.8,0.993
510,1198,20238,604.7,196.2,224.1,213.7,0.991
511,1198,28763,131.3,216.4,210.8,200.8,0.984
512,1198,27777,178.9,816.7,173.8,198.3,0.981
513,1199,3483,171.1,277.8,259.8,215.1,0.998
514,1199,20238,151.8,850.4,231.6,225.1,0.995
515,1199,27777,638.8,293.7,174.7,194.6,0.99
516,1199,28763,647.4,850.4,223.0,213.9,0.965
517,120,13900,688.2,795.6,229.6,218.1,0.988
518,120,3351,334.2,254.4,183.7,183.2,0.983
519,120,16688,114.5,676.7,455.1,577.8,0.971
520,1201,16548,585.4,212.5,231.8,224.4,0.997
521,1201,21026,102.4,821.3,178.7,180.6,0.996
522,1201,12247,583.6,814.8,210.2,156.0,0.993
523,1201,3544,143.9,189.9,203.0,196.2,0.989
524,1204,22074,687.3,264.3,182.1,184.4,0.994
525,1204,3351,392.5,861.2,193.0,191.7,0.993
526,1204,32310,68.4,214.9,341.7,254.7,0.965
527,1206,22074,92.5,854.2,186.7,186.5,0.993
528,1206,32310,567.8,815.5,353.0,271.8,0.976
529,1206,3351,395.8,225.1,183.6,181.3,0.972
530,1207,3483,170.3,280.3,259.6,214.8,0.998
531,1207,16232,152.4,827.6,191.9,192.0,0.996
532,1207,22347,686.3,814.2,212.0,206.2,0.995
533,1207,27777,638.0,293.7,174.5,195.6,0.993
534,1209,3483,566.6,812.1,263.5,216.2,0.991
535,1209,22347,102.6,260.8,205.1,196.0,0.991
536,1209,16232,644.9,251.2,186.0,180.7,0.99
537,1209,27777,179.2,814.0,174.1,200.4,0.988
538,1210,3483,647.0,746.6,215.2,269.0,0.989
539,1210,34597,68.8,139.3,471.0,386.2,0.986
540,1210,20877,116.3,769.7,331.6,228.8,0.984
541,1210,35206,655.4,173.2,227.4,404.4,0.982
542,1212,3483,140.9,291.3,212.2,258.1,0.993
543,1212,34597,454.0,709.5,481.2,398.7,0.989
544,1212,20877,543.7,295.0,328.1,234.1,0.986
545,1212,35206,95.7,671.4,238.4,412.9,0.97
546,1213,2483,660.1,54.7,202.7,494.9,0.994
547,1213,5886,592.5,680.2,232.3,489.8,0.992
548,1213,22627,105.0,1.7,314.0,485.5,0.979
549,1213,25438,128.7,838.4,254.0,253.5,0.978
550,1214,2483,654.2,94.0,198.7,475.7,0.994
551,1214,5886,600.0,681.6,244.9,504.9,0.993
552,1214,25438,130.6,850.1,258.7,263.8,0.969
553,1214,22627,105.2,23.4,312.9,502.0,0.966
554,1216,10221,130.8,849.8,229.6,223.8,0.994
555,1216,3544,659.1,866.4,215.0,212.1,0.991
556,1216,27926,158.4,175.8,262.7,453.4,0.991
557,1216,16551,619.1,179.6,279.8,462.4,0.98
558,1219,3544,103.8,240.8,203.8,200.6,0.99
559,1219,10221,650.1,209.7,219.2,212.8,0.988
560,1219,29345,577.9,667.3,286.8,448.0,0.983
561,1219,16551,64.9,581.9,335.9,461.9,0.968
562,122,29667,591.1,168.8,218.3,216.9,0.993
563,122,3483,573.6,811.6,278.9,191.8,0.991
564,122,25367,55.5,90.3,367.9,474.5,0.981
565,122,25469,47.2,788.4,343.7,299.9,0.972
566,1220,29345,603.9,702.1,285.9,445.3,0.991
567,1220,3544,121.4,252.3,206.2,200.3,0.988
568,1220,10221,680.6,215.5,224.8,214.3,0.988
569,1220,16551,94.8,630.3,338.5,454.9,0.976
570,1222,36637,616.1,202.0,182.7,243.1,0.993
571,1222,3483,562.6,811.2,283.8,174.5,0.99
572,1222,25367,93.8,102.2,322.5,492.6,0.985
573,1222,27653,62.6,811.3,223.6,210.2,0.982
574,1224,3483,591.4,844.7,281.1,169.1,0.996
575,1224,36637,641.3,207.6,190.6,248.5,0.995
576,1224,27653,96.2,853.6,221.5,205.7,0.99
577,1224,25367,118.6,119.3,319.5,501.8,0.987
578,1226,3483,600.4,868.8,257.9,230.1,0.997
579,1226,19861,127.4,865.0,219.8,166.9,0.995
580,1226,31885,123.0,4.6,323.9,543.0,0.978
581,1226,35206,580.7,97.6,289.4,375.1,0.975
582,1227,3483,148.1,219.0,249.1,225.1,0.999
583,1227,19861,637.1,277.4,221.5,169.2,0.994
584,1227,35206,108.4,774.6,302.2,389.0,0.985
585,1227,31885,545.0,690.5,334.5,556.8,0.964
586,1232,3483,144.6,287.0,211.7,259.4,0.996
587,1232,31885,537.7,659.1,410.0,521.9,0.99
588,1232,29667,135.5,859.0,229.7,225.3,0.986
589,1232,20877,592.4,259.7,324.9,244.3,0.98
590,1235,1900,151.5,253.1,192.3,163.0,0.997
591,1235,21771,160.6,806.0,191.2,185.6,0.989
592,1235,16548,619.4,144.3,239.5,228.4,0.987
593,1235,33009,547.8,837.2,374.2,199.5,0.976
594,1237,16548,613.7,188.8,237.8,225.0,0.991
595,1237,1900,105.6,267.5,203.6,126.7,0.988
596,1237,44199,632.0,800.9,165.6,280.6,0.971
597,1237,31705,172.0,685.3,251.5,445.9,0.955
598,1238,44199,208.4,232.1,157.5,270.2,0.985
599,1238,16548,131.2,845.5,242.9,235.5,0.983
600,1238,1900,685.4,876.3,209.7,135.9,0.98
601,1238,31705,571.7,175.3,246.8,421.0,0.966
602,1239,16548,585.9,181.0,232.0,225.3,0.996
603,1239,44199,605.5,769.2,167.9,285.5,0.993
604,1239,1900,90.8,259.0,197.1,127.9,0.991
605,1239,31705,140.0,644.3,251.7,449.8,0.976
606,124,21771,686.3,884.3,199.2,192.4,0.992
607,124,1900,174.3,279.9,201.0,142.0,0.986
608,124,21026,673.3,272.4,176.4,173.0,0.983
609,124,16551,3.6,765.6,366.5,453.2,0.96
610,1242,44199,637.6,805.0,161.4,286.4,0.995
611,1242,1900,158.5,260.0,127.1,198.6,0.995
612,1242,29345,89.6,705.4,285.4,447.8,0.992
613,1242,16551,547.2,91.9,286.1,465.3,0.981
614,1243,3483,608.9,791.4,271.0,204.7,0.997
615,1243,27733,125.1,770.0,313.2,273.4,0.989
616,1243,30308,65.5,137.0,381.7,428.4,0.985
617,1243,35206,601.7,126.4,254.1,388.9,0.978
618,1244,3483,125.4,308.5,267.6,201.2,0.994
619,1244,35206,122.5,733.3,272.7,399.2,0.984
620,1244,27733,566.7,261.3,298.1,264.4,0.983
621,1244,30308,560.8,688.2,388.0,433.9,0.977
622,1245,3483,581.3,758.8,273.3,209.2,0.996
623,1245,30308,53.3,119.7,367.5,418.2,0.992
624,1245,27733,88.2,721.1,327.8,283.2,0.986
625,1245,35206,572.8,118.3,246.5,378.8,0.982
626,1246,3483,537.7,779.4,265.7,224.3,0.998
627,1246,27777,144.2,776.0,178.4,206.8,0.991
628,1246,34597,58.9,79.6,394.3,464.7,0.986
629,1246,16262,574.6,186.7,238.6,228.6,0.97
630,1248,3483,171.8,278.7,260.1,214.5,0.998
631,1248,34597,521.6,666.1,416.9,474.3,0.989
632,1248,27777,639.5,293.9,174.1,195.2,0.989
633,1248,16262,137.5,835.9,250.3,241.9,0.97
634,125,21026,138.2,867.9,178.0,178.3,0.995
635,125,21771,117.5,202.9,187.2,184.8,0.995
636,125,1900,623.2,888.6,205.2,140.1,0.986
637,125,16551,623.7,33.8,352.3,437.9,0.953
638,1250,2483,611.0,82.7,213.6,473.4,0.994
639,1250,5094,106.4,812.2,283.5,285.2,0.984
640,1250,4378,599.0,698.8,224.7,471.9,0.973
641,1250,12778,98.7,43.8,303.5,544.8,0.966
642,1251,2483,84.8,682.4,235.9,476.0,0.995
643,1251,5094,551.3,190.9,271.1,268.1,0.986
644,1251,12778,543.4,648.4,299.4,527.1,0.977
645,1251,4378,135.6,103.0,217.1,443.5,0.962
646,1252,3483,643.7,752.2,216.2,267.7,0.995
647,1252,29667,624.9,185.5,223.4,215.3,0.992
648,1252,20877,72.1,799.8,328.1,241.4,0.986
649,1252,30308,77.3,79.4,395.5,412.4,0.982
650,1254,3483,617.5,718.8,213.7,271.0,0.994
651,1254,30308,63.4,68.6,382.5,399.2,0.99
652,1254,29667,595.7,182.3,219.7,213.3,0.988
653,1254,20877,39.7,755.9,328.0,248.4,0.98
654,1256,19607,656.2,273.6,155.9,148.3,0.997
655,1256,1900,645.5,828.2,169.5,202.7,0.996
656,1256,31705,135.0,129.9,242.6,417.6,0.963
657,1256,16551,90.6,660.7,302.7,489.1,0.963
658,126,21026,103.8,833.6,180.0,180.5,0.993
659,126,1900,598.0,856.4,207.6,144.9,0.985
660,126,21771,100.4,197.3,186.4,181.6,0.984
661,126,16551,594.8,25.8,347.6,430.7,0.981
662,1261,3483,590.6,846.0,281.3,169.1,0.997
663,1261,22347,142.7,170.7,203.6,194.3,0.99
664,1261,16232,648.9,230.6,191.5,181.1,0.988
665,1261,27653,95.7,853.8,221.1,205.5,0.986
666,1262,3483,562.9,811.2,282.1,174.5,0.991
667,1262,16232,620.4,220.8,188.0,182.5,0.986
668,1262,27653,61.8,810.7,223.1,210.7,0.981
669,1262,22347,126.5,165.4,198.5,194.1,0.969
670,1263,22347,644.6,901.7,216.7,208.1,0.998
671,1263,3483,134.2,292.1,274.3,169.6,0.992
672,1263,27653,671.8,254.9,219.9,198.9,0.991
673,1263,16232,142.1,846.1,197.3,192.0,0.99
674,1264,31863,637.7,321.5,206.1,205.6,0.998
675,1264,36637,226.4,318.4,206.2,236.3,0.997
676,1264,3351,391.5,862.0,189.0,190.3,0.983
677,1265,31863,80.1,706.8,209.1,211.1,0.999
678,1265,36637,508.9,663.3,206.8,246.2,0.996
679,1265,3351,356.8,177.2,183.5,188.3,0.981
680,1269,36637,220.9,773.6,209.3,235.9,0.997
681,1269,13900,619.3,762.0,175.3,260.4,0.983
682,1269,3351,361.6,233.5,184.0,181.1,0.981
683,127,5094,137.8,858.5,285.9,285.4,0.994
684,127,6192,130.8,137.9,300.0,553.2,0.988
685,127,22362,620.5,782.8,256.7,421.2,0.985
686,127,2483,639.4,118.5,202.1,469.4,0.985
687,1270,18110,639.5,266.3,302.4,288.2,0.999
688,1270,27926,150.3,145.4,254.2,452.2,0.992
689,1270,16548,115.3,853.4,242.7,237.5,0.988
690,1270,1900,629.6,891.8,210.3,138.0,0.985
691,1272,18110,48.1,741.5,306.0,287.5,0.996
692,1272,16548,630.2,176.9,236.2,226.2,0.994
693,1272,27926,596.7,673.3,253.5,481.1,0.99
694,1272,1900,158.2,250.5,203.6,124.6,0.982
695,1273,2483,106.6,679.7,227.9,487.5,0.995
696,1273,13395,109.3,45.0,244.5,487.7,0.987
697,1273,6192,538.8,593.0,300.0,524.7,0.979
698,1273,25438,554.8,206.0,247.0,249.1,0.951
699,1274,2483,601.4,45.3,216.7,485.8,0.991
700,1274,13395,588.6,711.6,236.0,499.0,0.985
701,1274,6192,99.9,74.6,301.0,536.0,0.981
702,1274,25438,124.4,813.1,255.2,254.3,0.979
703,1278,38162,619.7,704.0,192.0,295.4,0.989
704,1278,3351,417.4,256.5,183.4,180.6,0.971
705,1278,3832,150.0,604.8,305.6,416.1,0.965
706,1279,1900,651.4,855.7,207.9,157.5,0.983
707,1279,31705,122.3,135.0,245.8,419.4,0.972
708,1279,21771,673.7,288.9,187.8,179.5,0.96
709,1279,16551,88.8,763.3,297.8,501.2,0.952
710,128,2483,650.7,75.4,196.9,493.1,0.994
711,128,5094,136.1,848.1,278.7,272.6,0.992
712,128,6192,130.0,122.3,296.3,535.4,0.987
713,128,22362,606.7,781.7,255.9,405.6,0.984
714,1280,1900,121.2,261.1,199.7,147.4,0.993
715,1280,21771,90.3,810.2,195.4,189.7,0.993
716,1280,16551,574.3,0.0,280.6,456.5,0.976
717,1280,31705,605.4,689.2,251.9,453.8,0.955
718,1282,2483,59.1,647.2,204.6,485.2,0.989
719,1282,13395,84.2,84.6,232.3,481.8,0.984
720,1282,3743,498.9,125.5,312.5,303.8,0.982
721,1282,19552,508.4,590.0,306.9,494.7,0.98
722,1284,13395,630.5,675.5,227.7,497.0,0.987
723,1284,2483,672.1,73.3,202.4,492.9,0.986
724,1284,3743,116.9,827.5,322.1,320.4,0.983
725,1284,19552,122.7,115.7,310.9,501.4,0.961
726,129,2483,80.8,642.4,206.8,490.9,0.996
727,129,5094,521.8,150.9,269.6,264.0,0.99
728,129,6192,519.0,545.2,288.1,527.4,0.986
729,129,22362,80.1,72.8,253.4,394.8,0.962
730,1290,1900,161.0,258.3,128.0,198.4,0.993
731,1290,16548,538.0,139.4,231.1,225.6,0.99
732,1290,18110,46.5,724.1,310.0,295.6,0.99
733,1290,29345,590.7,535.0,270.0,445.4,0.988
734,1293,3483,539.1,779.8,265.1,223.1,0.996
735,1293,20238,575.3,191.2,221.3,213.6,0.996
736,1293,27777,144.6,776.0,178.4,207.1,0.991
737,1293,30308,115.2,85.6,310.3,446.3,0.988
738,1294,3483,590.9,844.7,281.3,169.2,0.996
739,1294,27653,95.7,853.3,222.9,206.0,0.991
740,1294,35206,679.8,153.5,203.8,408.0,0.981
741,1294,34597,12.3,46.9,419.0,450.1,0.975
742,1295,34597,5.4,20.6,403.2,457.6,0.993
743,1295,3483,563.0,810.7,283.1,175.3,0.992
744,1295,35206,649.2,144.5,201.5,398.1,0.984
745,1295,27653,62.1,810.8,223.4,210.4,0.983
746,1296,34597,566.7,735.3,409.3,471.4,0.992
747,1296,27653,671.6,254.6,219.5,200.1,0.992
748,1296,3483,133.3,292.4,274.8,170.1,0.991
749,1296,35206,105.5,686.9,203.9,419.4,0.982
750,1297,4543,156.3,890.4,217.2,215.2,0.996
751,1297,12420,687.9,274.0,183.0,172.2,0.996
752,1297,16548,152.0,245.8,230.2,224.9,0.996
753,1297,3544,644.9,921.1,214.7,213.0,0.987
754,1298,16548,616.8,827.4,236.6,228.9,0.994
755,1298,12420,117.7,861.6,187.0,179.9,0.99
756,1298,3544,140.5,144.9,206.3,201.7,0.989
757,1298,4543,618.3,169.0,207.2,203.3,0.988
758,13,3351,429.6,853.3,190.3,192.2,0.992
759,13,33880,476.1,243.2,440.6,275.1,0.98
760,13,16232,143.5,330.2,194.0,191.2,0.975
761,130,3483,171.6,280.2,259.9,214.5,0.998
762,130,36637,128.2,828.6,193.4,254.6,0.997
763,130,30308,509.6,766.0,462.8,313.4,0.992
764,130,27777,638.7,294.3,174.2,195.6,0.99
765,1300,3483,589.8,845.3,281.4,167.7,0.998
766,1300,27653,94.4,853.3,221.6,204.3,0.991
767,1300,31885,76.3,126.3,460.8,464.8,0.983
768,1300,29667,632.2,181.6,222.5,212.8,0.982
769,1302,3483,561.6,810.4,283.2,175.8,0.992
770,1302,31885,59.8,101.6,449.1,463.1,0.982
771,1302,27653,61.1,810.0,223.6,210.5,0.981
772,1302,29667,604.0,176.0,215.5,214.5,0.958
773,1305,44199,138.0,293.7,282.2,145.7,0.99
774,1305,1900,632.5,892.3,208.3,138.7,0.99
775,1305,27926,600.8,157.3,254.2,453.0,0.986
776,1305,16551,80.3,671.8,336.3,466.0,0.974
777,1309,29667,86.4,863.0,232.7,225.5,0.995
778,1309,3483,126.3,307.9,266.8,199.5,0.994
779,1309,27733,562.6,256.0,297.4,262.9,0.985
780,1309,28763,581.5,869.3,225.5,212.6,0.982
781,1311,3483,580.6,758.5,273.7,209.6,0.995
782,1311,27733,92.6,728.7,327.0,281.3,0.981
783,1311,29667,640.2,177.8,218.0,213.8,0.977
784,1311,28763,175.9,187.6,208.5,199.1,0.971
785,1312,2483,617.1,47.9,254.8,475.9,0.995
786,1312,5886,596.9,685.2,233.5,488.3,0.993
787,1312,5094,108.6,805.0,279.0,276.1,0.984
788,1312,22627,69.8,51.7,325.1,487.0,0.974
789,1315,19232,544.2,209.0,299.5,285.3,0.994
790,1315,3351,422.1,878.9,189.8,191.2,0.989
791,1315,16688,149.0,82.4,272.0,614.1,0.984
792,1316,16688,516.7,472.8,286.5,665.6,0.988
793,1316,19232,81.9,694.1,309.3,304.7,0.984
794,1316,3351,324.8,163.0,185.7,186.4,0.966
795,132,36637,667.3,179.8,184.7,247.2,0.996
796,132,3483,564.7,812.1,264.2,217.2,0.994
797,132,27777,179.0,813.3,174.1,200.8,0.989
798,132,30308,28.4,179.2,459.5,308.5,0.984
799,1322,2483,84.7,680.5,235.4,478.8,0.993
800,1322,6192,479.8,594.0,342.4,502.5,0.992
801,1322,5094,551.1,191.2,271.3,266.9,0.985
802,1322,4378,136.1,104.5,215.5,441.3,0.956
803,1323,2483,616.1,51.0,222.5,483.4,0.994
804,1323,6192,121.0,99.0,342.5,512.7,0.989
805,1323,5094,103.4,800.1,279.3,274.2,0.98
806,1323,4378,592.2,696.9,213.7,456.3,0.97
807,1326,20238,600.8,839.8,225.3,222.2,0.995
808,1326,18357,162.1,671.3,265.4,347.4,0.986
809,1326,3351,369.5,245.6,183.2,181.3,0.979
810,1327,16548,166.9,814.9,241.5,236.6,0.994
811,1327,44199,175.1,232.3,198.0,263.1,0.99
812,1327,1900,647.5,845.1,184.7,188.4,0.988
813,1327,29451,513.0,243.1,405.1,219.0,0.986
814,1328,1900,169.5,246.0,180.2,181.8,0.995
815,1328,16548,581.2,216.6,236.5,227.1,0.994
816,1328,44199,626.1,810.1,208.4,270.2,0.992
817,1328,29451,71.3,842.0,416.1,218.7,0.992
818,1329,16548,553.4,207.8,232.0,225.7,0.993
819,1329,29451,35.4,798.7,421.9,228.2,0.991
820,1329,1900,147.9,239.2,181.5,182.5,0.99
821,1329,44199,597.8,778.2,213.6,275.9,0.987
822,1330,3483,603.6,844.6,275.8,186.4,0.997
823,1330,34597,91.0,162.4,445.6,422.7,0.984
824,1330,25469,90.1,829.3,333.6,301.0,0.981
825,1330,35206,608.7,120.0,233.7,399.6,0.979
826,1331,3483,575.1,810.9,279.2,191.6,0.993
827,1331,34597,74.9,131.6,433.9,429.0,0.984
828,1331,35206,581.0,111.9,225.6,391.3,0.98
829,1331,25469,50.5,787.7,341.7,301.9,0.97
830,1332,3483,125.0,276.8,269.9,184.5,0.993
831,1332,25469,572.1,183.9,324.7,288.4,0.989
832,1332,34597,459.0,651.0,453.8,435.6,0.988
833,1332,35206,134.1,727.8,248.6,411.2,0.978
834,1333,3351,400.0,923.4,190.8,190.5,0.993
835,1333,36637,158.8,284.0,195.6,245.5,0.982
836,1333,20014,579.7,282.9,337.8,317.6,0.973
837,1337,1900,169.4,244.3,180.6,181.9,0.997
838,1337,18110,79.5,792.4,304.9,286.7,0.996
839,1337,16548,577.1,187.3,238.2,226.6,0.995
840,1337,29451,494.6,819.1,403.3,268.7,0.98
841,134,3483,562.9,810.7,283.4,175.7,0.991
842,134,27653,62.7,811.2,222.4,209.9,0.984
843,134,35206,649.3,144.6,199.7,398.3,0.983
844,134,31885,41.9,3.5,353.0,523.4,0.979
845,1340,16548,186.9,824.1,240.5,238.6,0.995
846,1340,1900,644.3,859.7,211.5,159.6,0.991
847,1340,24850,580.5,287.4,288.9,167.5,0.986
848,1340,31705,135.6,127.7,243.8,418.2,0.968
849,1345,3483,602.3,845.4,276.2,186.3,0.998
850,1345,29667,617.3,174.0,226.6,216.8,0.983
851,1345,25469,87.2,830.0,335.0,299.1,0.98
852,1345,31885,166.3,129.4,423.7,495.5,0.979
853,1347,3483,125.3,275.9,270.6,184.7,0.992
854,1347,25469,573.4,185.2,325.0,286.3,0.989
855,1347,31885,417.4,616.0,418.6,508.0,0.988
856,1347,29667,141.7,870.9,226.5,226.0,0.987
857,1348,31863,187.7,265.2,202.7,206.3,0.999
858,1348,3351,361.2,879.5,190.8,191.9,0.996
859,1348,22074,674.9,309.6,184.3,187.2,0.996
860,135,3483,591.2,845.0,281.4,169.4,0.998
861,135,27653,95.7,853.4,221.6,205.5,0.989
862,135,35206,679.5,154.8,203.2,407.0,0.981
863,135,31885,53.4,23.5,370.3,526.7,0.978
864,1350,31863,588.9,857.0,205.7,206.7,0.999
865,1350,22074,106.7,815.1,184.1,186.7,0.993
866,1350,3351,426.6,220.8,184.1,181.8,0.986
867,1353,3483,169.7,280.8,261.0,213.8,0.998
868,1353,16232,153.0,827.7,191.5,192.0,0.995
869,1353,27777,637.5,294.1,175.0,195.8,0.993
870,1353,34597,513.6,681.6,441.2,453.2,0.982
871,1354,36637,164.8,798.8,190.7,257.0,0.996
872,1354,3483,140.0,291.0,212.9,259.1,0.991
873,1354,20877,542.9,295.2,329.2,234.3,0.988
874,1354,30308,576.6,736.7,343.9,464.9,0.977
875,1355,36637,603.8,204.5,180.3,246.7,0.992
876,1355,3483,621.7,713.9,210.8,272.7,0.992
877,1355,30308,80.7,46.3,322.2,441.8,0.991
878,1355,20877,86.8,725.6,331.6,239.2,0.98
879,1357,16548,577.5,168.5,231.6,225.5,0.994
880,1357,12420,626.6,814.3,190.8,186.2,0.993
881,1357,3544,94.7,229.1,202.8,199.9,0.993
882,1357,6563,164.8,673.3,219.1,364.3,0.978
883,1358,12420,654.3,848.7,188.6,180.5,0.996
884,1358,16548,606.0,176.7,237.7,225.4,0.993
885,1358,3544,112.3,239.8,206.7,201.1,0.988
886,1358,6563,196.5,714.6,217.3,358.2,0.971
887,1359,16548,139.7,853.9,242.4,237.8,0.995
888,1359,12420,162.6,278.0,184.8,177.8,0.991
889,1359,3544,673.9,828.5,213.4,209.7,0.988
890,1359,6563,583.0,232.3,213.3,336.8,0.983
891,136,1900,653.6,849.7,208.6,161.5,0.995
892,136,44199,134.8,243.6,242.1,232.7,0.984
893,136,33009,566.3,213.9,321.7,294.3,0.976
894,136,16551,77.6,651.9,318.0,484.4,0.95
895,1361,19232,168.7,647.3,243.6,359.8,0.988
896,1361,3351,357.3,149.9,184.2,187.3,0.983
897,1361,29667,626.5,692.7,229.1,228.5,0.982
898,1363,3351,433.0,887.3,189.2,192.5,0.995
899,1363,16262,119.2,290.8,242.4,236.5,0.977
900,1363,33880,450.9,241.7,438.3,291.5,0.974
901,1366,22347,662.6,838.0,214.9,206.0,0.996
902,1366,29667,126.5,864.9,228.3,226.9,0.996
903,1366,3483,133.7,292.1,275.7,170.2,0.992
904,1366,27653,672.4,254.7,219.8,200.7,0.991
905,1367,22347,107.0,225.5,202.7,195.6,0.995
906,1367,3483,561.4,810.6,283.2,175.4,0.99
907,1367,27653,61.4,810.9,223.0,209.7,0.979
908,1367,29667,604.1,177.0,216.5,213.0,0.964
909,1369,3483,600.9,867.6,257.8,230.9,0.996
910,1369,19861,127.3,865.3,219.9,167.2,0.994
911,1369,16262,639.5,178.1,242.4,229.5,0.968
912,1369,22347,119.5,213.7,206.3,198.5,0.966
913,1371,3483,573.2,833.7,263.1,236.0,0.997
914,1371,22347,103.5,206.1,201.4,194.4,0.995
915,1371,19861,91.9,826.4,227.2,176.1,0.991
916,1371,16262,610.1,172.5,237.6,229.1,0.99
917,1372,5886,613.9,695.7,234.6,510.3,0.994
918,1372,2483,595.9,113.8,290.1,445.6,0.988
919,1372,3743,75.5,813.2,331.7,328.7,0.984
920,1372,22627,81.4,89.2,321.8,491.1,0.954
921,1376,33009,584.6,243.2,356.6,235.3,0.993
922,1376,33208,151.9,297.0,206.9,195.7,0.991
923,1376,1900,644.2,859.9,204.8,166.0,0.989
924,1376,16551,89.9,699.2,294.9,499.6,0.952
925,1377,1900,150.8,255.6,197.6,156.8,0.997
926,1377,33208,642.1,805.8,209.4,198.7,0.987
927,1377,16551,608.2,55.7,286.3,481.5,0.98
928,1377,33009,48.7,826.1,358.7,228.3,0.979
929,1378,3483,148.4,219.1,249.3,224.4,0.998
930,1378,19861,637.3,277.1,221.5,169.1,0.993
931,1378,22347,623.2,869.3,215.9,207.8,0.99
932,1378,35206,107.8,774.6,302.2,389.5,0.988
933,1379,3483,600.7,867.1,257.9,231.5,0.996
934,1379,19861,127.6,864.8,219.8,167.3,0.993
935,1379,22347,160.8,201.1,207.6,197.5,0.984
936,1379,35206,584.7,97.5,286.0,375.2,0.976
937,1381,3351,406.2,844.3,190.7,191.3,0.999
938,1381,21325,631.3,276.2,239.5,139.9,0.99
939,1381,32310,34.5,234.9,366.4,235.1,0.977
940,1384,3483,564.9,814.5,264.6,217.0,0.995
941,1384,20238,603.9,196.1,224.7,214.4,0.993
942,1384,27777,177.9,815.8,174.3,199.0,0.987
943,1384,25367,52.5,92.8,420.0,456.1,0.976
944,1385,3483,537.8,779.1,265.9,224.5,0.997
945,1385,20238,575.3,191.1,220.7,213.4,0.997
946,1385,27777,144.6,776.2,178.4,206.7,0.99
947,1385,25367,39.3,80.0,403.9,447.9,0.982
948,1386,3483,171.7,278.2,259.5,215.2,0.998
949,1386,20238,152.0,850.4,232.1,226.3,0.993
950,1386,27777,639.0,293.5,174.9,195.3,0.989
951,1386,25367,535.2,700.9,420.8,470.8,0.988
952,1387,20238,601.8,181.5,225.5,215.7,0.991
953,1387,20877,138.8,831.1,278.6,313.7,0.99
954,1387,3483,642.7,754.7,203.6,274.7,0.989
955,1387,22347,113.5,242.7,205.5,196.2,0.983
956,139,3483,574.4,811.6,278.7,191.4,0.994
957,139,31885,10.5,47.7,394.9,501.9,0.986
958,139,35206,583.1,112.8,224.1,390.5,0.98
959,139,25469,49.2,788.6,341.5,300.7,0.964
960,1390,22627,109.6,159.6,365.4,455.5,0.987
961,1390,2483,599.7,120.7,205.2,464.0,0.984
962,1390,22362,604.6,746.7,267.6,419.5,0.979
963,1390,25438,158.6,872.3,258.4,267.2,0.971
964,1392,2483,603.5,75.7,218.7,485.9,0.996
965,1392,22362,597.2,743.6,258.4,407.5,0.995
966,1392,25438,155.8,862.2,255.2,252.3,0.983
967,1392,22627,106.9,131.1,368.8,453.1,0.983
968,1393,3483,172.3,278.5,259.5,214.8,0.998
969,1393,22347,684.4,871.5,213.2,207.3,0.997
970,1393,27777,639.8,293.6,173.9,195.3,0.99
971,1393,16262,137.2,836.3,249.3,241.2,0.965
972,1395,3483,537.2,779.4,266.4,223.9,0.996
973,1395,22347,89.4,193.2,200.6,196.9,0.994
974,1395,27777,144.0,776.1,178.2,206.4,0.988
975,1395,16262,575.4,186.8,238.4,228.0,0.966
976,1396,5094,523.5,161.7,269.1,265.8,0.995
977,1396,2483,80.0,660.8,218.0,486.5,0.992
978,1396,13395,81.8,85.4,231.1,482.2,0.99
979,1396,19552,511.0,595.9,321.6,483.6,0.966
980,140,3483,602.8,846.4,276.6,185.4,0.998
981,140,31885,22.4,69.3,413.8,505.9,0.983
982,140,35206,610.6,120.3,232.2,400.2,0.979
983,140,25469,89.2,829.5,333.1,300.8,0.978
984,1401,29667,140.3,871.2,227.7,226.5,0.993
985,1401,22347,651.6,853.1,213.9,206.8,0.99
986,1401,3483,125.5,276.0,269.7,184.1,0.989
987,1401,25469,573.4,185.2,325.4,286.5,0.984
988,1402,20238,84.8,334.5,227.1,221.4,0.996
989,1402,3351,424.6,885.0,190.0,192.0,0.986
990,1402,33880,461.7,199.1,384.3,360.4,0.981
991,1404,20238,669.5,761.7,226.3,222.7,0.996
992,1404,33880,118.6,742.9,390.2,370.7,0.979
993,1404,3351,365.1,215.7,184.4,181.7,0.962
994,1407,38162,602.4,791.8,246.3,254.5,0.989
995,1407,33880,104.6,681.2,312.5,432.0,0.988
996,1407,3351,380.9,230.9,182.1,181.6,0.95
997,1408,33208,656.9,899.7,219.5,209.3,0.995
998,1408,16548,74.7,808.2,240.4,236.3,0.994
999,1408,21026,686.2,274.4,175.1,173.0,0.986
1000,1408,1900,189.4,274.0,201.1,136.6,0.984
1001,1411,36637,642.5,208.2,189.7,247.6,0.996
1002,1411,3483,592.2,844.2,281.6,169.1,0.994
1003,1411,30308,69.0,127.2,388.6,420.1,0.991
1004,1411,27653,96.3,853.9,222.8,206.0,0.989
1005,1413,36637,149.0,802.8,195.5,255.2,0.994
1006,1413,27653,671.2,254.2,219.2,199.8,0.992
1007,1413,3483,132.2,293.2,274.7,169.6,0.99
1008,1413,30308,546.9,707.8,397.0,423.4,0.981
1009,1414,3544,109.6,195.0,202.4,199.0,0.997
1010,1414,27926,551.6,596.2,279.4,487.2,0.996
1011,1414,16548,55.5,776.0,240.4,233.7,0.992
1012,1414,10221,601.3,193.4,216.1,210.8,0.983
1013,1418,10224,561.3,92.8,242.5,392.7,0.987
1014,1418,1900,125.8,256.3,199.6,149.7,0.983
1015,1418,31705,592.2,696.4,254.2,454.0,0.971
1016,1418,16551,105.5,648.1,289.2,491.6,0.954
1017,142,21026,91.8,831.0,180.3,180.4,0.996
1018,142,16548,593.2,155.1,230.6,226.3,0.995
1019,142,1900,583.8,867.2,208.2,143.7,0.985
1020,142,44199,76.5,175.3,251.0,226.9,0.982
1021,1420,3351,410.4,875.1,189.5,191.0,0.994
1022,1420,16688,546.4,63.5,261.4,604.4,0.992
1023,1420,41768,97.3,238.6,294.3,265.4,0.988
1024,1421,41768,552.0,721.5,302.1,287.9,0.991
1025,1421,3351,338.2,167.3,184.5,187.0,0.989
1026,1421,16688,115.2,511.3,268.0,663.2,0.955
1027,1424,3483,537.9,778.0,266.1,222.9,0.997
1028,1424,27777,144.6,775.5,178.0,207.1,0.987
1029,1424,35206,584.2,132.9,218.2,392.3,0.983
1030,1424,31885,95.8,75.5,362.9,519.9,0.978
1031,1425,3483,565.1,812.1,263.8,216.4,0.993
1032,1425,27777,178.8,814.1,173.8,199.4,0.988
1033,1425,31885,110.0,96.1,377.1,526.4,0.98
1034,1425,35206,613.7,141.8,224.0,401.2,0.974
1035,1429,29345,605.1,703.4,286.2,444.3,0.99
1036,1429,3544,121.6,252.2,206.6,200.4,0.99
1037,1429,16548,125.2,829.9,237.2,229.1,0.989
1038,1429,10221,680.0,215.6,225.0,214.0,0.983
1039,143,16548,621.3,162.0,237.7,226.0,0.996
1040,143,21026,126.1,865.5,178.1,177.7,0.994
1041,143,44199,93.5,183.0,254.9,229.9,0.993
1042,143,1900,609.8,900.1,206.9,137.0,0.971
1043,1431,3544,103.6,241.3,203.8,200.3,0.993
1044,1431,16548,91.7,790.0,239.9,234.9,0.992
1045,1431,10221,649.7,209.6,219.5,212.6,0.987
1046,1431,29345,578.9,667.1,286.6,448.3,0.987
1047,1433,3351,367.5,173.6,181.4,183.9,0.992
1048,1433,38162,610.2,754.5,290.5,210.0,0.989
1049,1433,32310,0.0,663.8,304.9,329.0,0.957
1050,1435,20238,588.7,308.6,224.9,216.3,0.996
1051,1435,3351,398.6,853.7,188.5,191.1,0.995
1052,1435,13900,169.6,340.8,174.1,255.0,0.992
1053,1436,20238,111.0,698.9,229.2,230.0,0.998
1054,1436,3351,349.5,186.6,184.1,186.5,0.99
1055,1436,13900,600.2,626.0,177.0,266.2,0.988
1056,1438,12247,173.8,302.4,205.9,127.6,0.998
1057,1438,3544,699.1,859.0,212.0,210.3,0.99
1058,1438,16548,207.4,842.3,241.4,237.5,0.986
1059,1438,6563,582.1,233.1,212.9,336.0,0.982
1060,1439,12247,591.5,848.7,213.8,127.9,0.997
1061,1439,16548,513.5,179.8,232.4,225.7,0.992
1062,1439,3544,73.1,200.5,202.3,199.2,0.985
1063,1439,6563,166.6,673.4,218.9,363.7,0.979
1064,1441,22347,120.0,173.4,201.2,194.2,0.993
1065,1441,3483,580.4,759.4,273.7,209.0,0.993
1066,1441,27733,92.5,728.9,326.5,281.4,0.982
1067,1441,36637,593.8,203.4,253.8,170.3,0.97
1068,1442,3483,607.7,792.6,272.9,204.6,0.996
1069,1442,27733,129.3,778.1,313.3,275.3,0.994
1070,1442,22347,135.1,178.1,205.2,197.8,0.981
1071,1442,36637,623.5,209.8,259.5,169.7,0.937
1072,1444,2483,94.3,691.7,214.0,485.8,0.993
1073,1444,3743,485.0,150.8,313.5,301.7,0.981
1074,1444,23223,521.0,625.6,296.1,510.2,0.955
1075,1444,4378,132.9,103.6,221.9,440.5,0.955
1076,1446,2483,631.8,27.7,196.2,491.5,0.993
1077,1446,23223,121.8,66.9,298.1,507.9,0.989
1078,1446,3743,129.2,803.2,326.9,318.2,0.987
1079,1446,4378,588.8,700.3,223.7,451.4,0.974
1080,1447,3544,103.3,180.0,203.0,199.3,0.995
1081,1447,16548,44.3,791.0,242.3,234.9,0.995
1082,1447,29451,465.5,764.1,416.4,248.4,0.994
1083,1447,10221,627.1,195.4,221.3,212.1,0.98
1084,1449,16548,80.4,832.3,239.5,227.7,0.996
1085,1449,29451,494.9,803.7,408.6,239.2,0.99
1086,1449,10221,656.8,200.1,225.9,212.3,0.982
1087,1449,3544,118.9,186.0,206.3,199.6,0.978
1088,1450,2483,601.7,45.0,215.4,485.9,0.993
1089,1450,13395,587.7,711.7,237.0,499.4,0.985
1090,1450,12778,111.6,63.2,292.9,521.6,0.981
1091,1450,25438,124.2,812.9,255.6,254.2,0.98
1092,1452,2483,597.4,78.7,205.7,475.3,0.993
1093,1452,13395,601.2,708.6,234.9,522.1,0.99
1094,1452,25438,127.2,824.4,256.7,267.8,0.966
1095,1452,12778,111.9,85.8,294.2,536.6,0.952
1096,1453,3351,457.8,907.3,190.0,191.3,0.986
1097,1453,18357,49.9,310.6,277.2,330.1,0.978
1098,1453,16688,478.6,122.4,421.9,527.1,0.971
1099,1455,18357,652.6,650.4,278.7,340.4,0.987
1100,1455,16688,71.0,619.2,441.2,591.5,0.97
1101,1455,3351,333.3,193.0,184.1,182.1,0.96
1102,1458,2483,609.6,67.2,247.1,471.4,0.995
1103,1458,4378,640.8,703.4,224.4,455.3,0.984
1104,1458,25438,109.8,830.7,256.5,252.7,0.969
1105,1458,23223,72.9,168.5,302.7,499.1,0.966
1106,1459,2483,626.4,62.5,223.0,474.0,0.996
1107,1459,12081,650.0,692.5,243.6,468.2,0.993
1108,1459,5094,106.5,810.8,284.7,286.8,0.983
1109,1459,22627,75.8,183.3,317.9,475.8,0.97
1110,146,3483,169.5,280.6,261.0,215.2,0.998
1111,146,16232,152.7,827.6,191.6,192.2,0.993
1112,146,27777,637.1,294.2,175.5,195.4,0.99
1113,146,31885,550.5,671.6,408.8,526.7,0.983
1114,1460,2483,52.1,700.8,256.7,476.8,0.994
1115,1460,12081,71.1,127.5,225.4,430.4,0.991
1116,1460,5094,551.0,189.3,270.3,267.9,0.988
1117,1460,22627,548.1,574.4,317.2,480.3,0.978
1118,1461,2483,631.9,35.1,242.7,476.0,0.995
1119,1461,12081,642.5,688.4,234.8,450.8,0.991
1120,1461,5094,105.0,800.1,279.5,276.7,0.984
1121,1461,22627,71.3,153.0,322.3,476.2,0.979
1122,1462,27653,671.3,253.9,218.7,200.9,0.993
1123,1462,25367,525.5,674.0,422.9,465.5,0.991
1124,1462,20238,133.6,868.4,231.5,227.5,0.99
1125,1462,3483,131.7,292.4,275.9,171.1,0.989
1126,1463,3483,591.7,844.3,281.2,170.2,0.997
1127,1463,20238,623.8,177.9,224.9,214.5,0.992
1128,1463,27653,96.4,854.1,223.4,206.0,0.991
1129,1463,25367,59.9,121.4,422.5,453.9,0.979
1130,1464,20238,594.5,175.1,219.7,212.4,0.994
1131,1464,3483,563.3,810.5,284.2,175.3,0.991
1132,1464,27653,63.4,811.6,222.8,210.1,0.985
1133,1464,25367,46.0,103.0,408.5,450.2,0.969
1134,1466,22347,107.8,180.4,198.3,192.8,0.99
1135,1466,3483,562.7,811.4,283.4,174.4,0.989
1136,1466,27653,62.3,810.9,223.4,210.1,0.982
1137,1466,16262,594.8,176.6,236.2,228.6,0.963
1138,1473,21026,126.2,865.6,178.3,177.6,0.992
1139,1473,19607,152.5,217.9,158.1,153.9,0.983
1140,1473,1900,615.0,861.8,200.7,155.1,0.978
1141,1473,16551,573.5,92.2,287.2,478.5,0.973
1142,1474,3483,609.3,790.7,272.3,204.9,0.997
1143,1474,34597,67.1,101.3,440.4,426.2,0.992
1144,1474,27733,125.8,770.1,313.6,273.9,0.991
1145,1474,36637,621.8,208.3,259.9,169.7,0.95
1146,1476,3483,581.8,757.5,273.7,209.6,0.996
1147,1476,27733,89.0,721.9,327.1,282.6,0.986
1148,1476,34597,53.9,73.0,427.7,432.0,0.979
1149,1476,36637,593.2,202.9,254.8,170.3,0.951
1150,1477,36637,87.7,231.9,239.0,209.3,0.996
1151,1477,18357,359.4,679.5,249.0,369.9,0.984
1152,1477,3351,651.2,289.3,182.7,181.8,0.969
1153,148,19232,502.6,236.1,330.9,255.1,0.996
1154,148,20238,120.4,298.7,226.5,220.7,0.995
1155,148,3351,402.1,849.8,189.4,191.4,0.992
1156,1480,3544,642.4,877.0,214.2,211.6,0.993
1157,1480,16548,173.9,834.1,240.2,237.7,0.989
1158,1480,10221,159.7,262.8,218.4,210.3,0.988
1159,1480,6563,591.4,239.8,213.6,338.1,0.975
1160,1483,3483,147.3,218.9,250.1,224.6,0.998
1161,1483,19861,637.5,277.4,221.1,169.2,0.993
1162,1483,35206,107.3,774.9,302.0,390.0,0.989
1163,1483,28763,629.6,897.7,225.0,215.0,0.98
1164,1485,3483,600.8,868.4,257.7,230.5,0.996
1165,1485,19861,127.4,865.0,220.3,167.2,0.993
1166,1485,28763,147.1,167.8,212.3,201.5,0.985
1167,1485,35206,584.1,97.7,287.0,375.0,0.979
1168,1488,31863,626.0,831.4,206.2,204.0,0.997
1169,1488,3351,391.8,207.4,183.9,182.1,0.982
1170,1488,21325,212.6,827.8,200.0,197.7,0.977
1171,1489,20238,183.8,280.3,225.5,218.4,0.995
1172,1489,3351,402.3,850.6,189.0,191.0,0.992
1173,1489,20014,537.0,289.3,338.2,316.7,0.984
1174,149,20238,594.1,711.3,230.1,227.8,0.995
1175,149,19232,95.1,697.3,341.4,267.4,0.988
1176,149,3351,346.8,190.6,183.2,187.5,0.971
1177,1492,18147,527.3,297.2,342.4,352.1,0.988
1178,1492,3351,380.2,904.4,188.7,190.4,0.987
1179,1492,21325,183.0,277.3,159.7,231.5,0.978
1180,1493,3351,366.3,138.1,185.2,188.1,0.992
1181,1493,18147,60.1,545.6,348.1,372.5,0.989
1182,1493,21325,598.7,722.0,158.1,239.3,0.977
1183,1497,3483,565.2,837.7,260.4,238.9,0.998
1184,1497,19861,85.6,825.0,225.7,176.9,0.992
1185,1497,29667,611.5,198.5,216.9,212.5,0.986
1186,1497,34597,61.6,57.3,307.7,501.0,0.965
1187,15,33880,50.5,785.9,444.0,272.9,0.993
1188,15,16232,642.4,797.3,194.8,189.6,0.988
1189,15,3351,361.9,247.8,182.9,182.3,0.968
1190,150,20238,634.6,802.1,224.4,221.7,0.992
1191,150,19232,139.9,801.5,333.1,263.4,0.989
1192,150,3351,389.7,252.2,182.7,181.6,0.975
1193,1500,38162,197.6,734.3,185.5,297.9,0.993
1194,1500,41768,572.3,859.2,348.2,179.6,0.992
1195,1500,3351,351.4,238.1,184.3,180.5,0.979
1196,151,16548,98.2,820.0,241.2,235.3,0.995
1197,151,33208,182.4,266.6,207.2,197.2,0.991
1198,151,1900,647.3,844.9,184.8,187.7,0.99
1199,151,29451,511.7,242.9,406.0,219.1,0.985
1200,152,33208,581.7,811.0,214.4,203.7,0.993
1201,152,29451,36.4,799.3,421.4,227.7,0.992
1202,152,1900,147.4,239.1,180.4,182.8,0.992
1203,152,16548,619.9,205.1,232.5,224.3,0.991
1204,153,1900,169.6,245.9,178.9,181.8,0.997
1205,153,29451,71.9,842.0,416.3,219.1,0.995
1206,153,16548,648.9,212.1,238.4,227.1,0.993
1207,153,33208,609.7,844.0,211.1,199.4,0.987
1208,154,2483,616.6,47.9,255.3,477.5,0.994
1209,154,5886,596.9,685.1,233.0,487.2,0.994
1210,154,5094,108.8,804.9,278.4,275.4,0.982
1211,154,23223,89.4,135.1,318.8,492.2,0.978
1212,155,5886,112.1,82.3,235.3,477.3,0.993
1213,155,5094,546.2,186.6,272.2,267.4,0.988
1214,155,2483,68.1,689.0,256.1,474.5,0.985
1215,155,23223,534.5,575.1,318.1,496.1,0.969
1216,156,5886,604.4,685.4,245.9,504.4,0.995
1217,156,2483,606.9,86.3,259.6,460.0,0.991
1218,156,5094,110.7,816.3,285.3,285.8,0.981
1219,156,23223,94.4,169.4,316.4,487.9,0.976
1220,157,3483,537.3,779.6,266.8,224.2,0.998
1221,157,27777,143.9,775.9,178.9,206.9,0.991
1222,157,25367,105.2,81.5,393.7,460.4,0.973
1223,157,16262,574.6,186.8,238.5,228.6,0.968
1224,159,3483,564.4,815.1,264.9,216.7,0.996
1225,159,16262,603.5,194.0,243.5,229.1,0.985
1226,159,27777,177.7,815.5,174.5,198.7,0.983
1227,159,25367,122.0,96.0,403.8,466.4,0.978
1228,160,4543,144.7,914.4,215.6,213.3,0.993
1229,160,23203,211.2,315.1,134.7,138.4,0.991
1230,160,3544,626.2,889.7,213.7,209.9,0.981
1231,160,16551,575.2,264.0,289.1,467.3,0.973
1232,162,23203,652.5,852.1,139.6,138.3,0.989
1233,162,4543,626.8,144.0,209.1,204.0,0.989
1234,162,16551,129.7,537.3,287.3,475.2,0.977
1235,162,3544,158.4,178.6,206.5,200.3,0.95
1236,163,3483,566.2,812.0,264.0,216.5,0.991
1237,163,27777,179.4,814.9,173.9,199.2,0.988
1238,163,16232,645.0,250.6,186.3,181.3,0.987
1239,163,28763,128.0,174.2,209.5,200.8,0.985
1240,164,3483,170.8,280.8,259.2,214.5,0.998
1241,164,16232,152.3,827.5,191.7,192.0,0.994
1242,164,27777,637.5,293.8,175.4,195.7,0.992
1243,164,28763,649.8,891.3,224.3,213.8,0.978
1244,165,16232,616.4,239.3,183.2,181.2,0.998
1245,165,3483,538.9,777.6,266.2,223.3,0.995
1246,165,27777,145.3,776.1,179.3,206.3,0.987
1247,165,28763,111.1,169.2,206.0,196.2,0.984
1248,17,41768,562.5,644.5,273.7,302.7,0.987
1249,17,35206,116.6,584.5,304.0,387.5,0.985
1250,17,3351,296.7,167.3,184.6,187.3,0.978
1251,170,2483,621.1,67.0,232.9,470.0,0.996
1252,170,12081,649.7,691.7,244.9,468.4,0.994
1253,170,6192,112.9,145.8,313.1,537.7,0.993
1254,170,5094,107.1,810.2,283.3,287.0,0.985
1255,172,3483,589.4,844.3,282.0,170.0,0.997
1256,172,27653,94.6,853.1,221.5,205.4,0.989
1257,172,29667,632.9,181.5,222.9,213.1,0.983
1258,172,25367,112.4,63.1,342.2,500.7,0.982
1259,173,3483,561.5,810.7,284.2,175.5,0.991
1260,173,27653,61.1,810.0,223.5,210.6,0.98
1261,173,25367,98.6,47.1,330.2,495.2,0.979
1262,173,29667,603.8,177.1,216.7,213.1,0.962
1263,174,29667,127.4,865.3,226.9,226.1,0.995
1264,174,3483,133.5,292.2,276.9,170.3,0.991
1265,174,27653,672.6,254.8,219.4,200.4,0.99
1266,174,25367,548.9,683.9,344.0,518.8,0.982
1267,175,3483,594.0,872.2,257.2,231.5,0.998
1268,175,19861,120.7,864.2,220.4,167.6,0.995
1269,175,29667,639.9,203.9,223.7,215.5,0.992
1270,175,30308,120.2,96.4,281.6,473.5,0.966
1271,176,3483,153.9,216.1,251.0,224.1,0.998
1272,176,19861,643.2,277.6,221.9,169.8,0.992
1273,176,29667,118.9,840.6,231.3,225.8,0.989
1274,176,30308,594.8,677.6,285.3,483.5,0.947
1275,179,3483,172.0,278.2,258.6,215.2,0.998
1276,179,22347,645.0,835.2,215.0,205.7,0.996
1277,179,20238,151.6,850.7,231.8,225.4,0.996
1278,179,27777,639.5,293.6,174.2,194.4,0.99
1279,180,20238,575.8,191.1,220.8,212.6,0.998
1280,180,3483,538.6,780.0,265.5,223.7,0.996
1281,180,22347,125.1,230.1,201.7,193.4,0.991
1282,180,27777,144.2,776.3,178.4,206.6,0.989
1283,183,3544,642.0,877.3,214.3,211.8,0.994
1284,183,10221,160.6,261.5,216.2,212.4,0.983
1285,183,6563,591.8,240.0,213.4,338.2,0.976
1286,183,16551,23.9,697.6,400.1,411.9,0.976
1287,185,23203,627.2,821.7,140.5,140.2,0.992
1288,185,4543,596.1,142.8,205.1,201.2,0.988
1289,185,3544,142.7,172.9,200.6,198.9,0.988
1290,185,16548,133.7,738.7,238.5,233.9,0.983
1291,186,4543,626.5,143.4,209.6,204.9,0.99
1292,186,16548,167.0,782.0,234.8,227.4,0.987
1293,186,23203,655.1,853.4,138.0,136.8,0.983
1294,186,3544,158.1,179.3,206.8,201.0,0.974
1295,189,5094,137.5,858.4,286.5,285.5,0.996
1296,189,2483,640.2,119.5,203.2,470.8,0.99
1297,189,22362,620.1,782.1,257.9,421.9,0.988
1298,189,12778,86.1,127.9,296.5,531.0,0.973
1299,19,3483,610.9,788.6,270.9,205.6,0.998
1300,19,27733,126.8,770.3,313.0,274.4,0.99
1301,19,28763,102.2,169.9,210.6,201.3,0.977
1302,19,36637,623.0,206.2,259.0,170.3,0.94
1303,191,10221,93.4,790.3,224.7,218.3,0.997
1304,191,4543,639.4,151.6,202.3,198.9,0.996
1305,191,3544,123.4,182.6,201.3,198.6,0.981
1306,191,16551,579.8,568.1,288.8,488.6,0.966
1307,196,2483,90.2,660.4,210.6,492.5,0.99
1308,196,22362,80.8,116.2,259.9,392.9,0.988
1309,196,12778,535.3,518.3,282.1,517.2,0.987
1310,196,3743,494.7,128.9,307.6,298.9,0.984
1311,197,2483,635.5,56.8,199.7,492.6,0.992
1312,197,3743,123.4,828.6,319.8,318.4,0.988
1313,197,22362,602.7,735.0,260.8,404.6,0.984
1314,197,12778,117.2,172.8,291.6,517.8,0.951
1315,198,2483,627.9,98.1,197.2,471.6,0.99
1316,198,3743,125.0,837.7,328.4,333.6,0.985
1317,198,22362,609.2,737.2,272.1,416.0,0.983
1318,198,12778,117.7,197.1,295.7,523.6,0.96
1319,199,3483,561.8,813.6,265.3,217.5,0.993
1320,199,27777,176.8,811.3,175.1,200.7,0.989
1321,199,30308,38.5,116.9,408.2,401.4,0.985
1322,199,29667,630.4,166.7,221.7,211.3,0.982
1323,200,3483,174.1,279.2,259.7,215.5,0.999
1324,200,29667,128.0,881.4,230.6,227.4,0.993
1325,200,27777,640.4,295.6,175.3,195.1,0.992
1326,200,30308,558.5,735.9,413.0,405.9,0.967
1327,202,22347,688.9,868.9,215.9,205.4,0.996
1328,202,3483,141.9,289.0,213.0,259.2,0.993
1329,202,20877,544.6,294.2,328.6,234.6,0.986
1330,202,16262,108.4,836.6,249.7,240.4,0.967
1331,203,22347,83.5,198.8,200.2,193.1,0.994
1332,203,3483,619.6,716.7,214.3,271.6,0.992
1333,203,20877,84.9,726.1,332.7,239.8,0.981
1334,203,16262,601.8,186.1,236.8,229.6,0.978
1335,204,22347,97.9,205.2,206.8,196.6,0.995
1336,204,3483,645.9,749.0,216.2,268.7,0.993
1337,204,20877,114.9,770.7,332.1,228.8,0.985
1338,204,16262,629.6,193.7,243.2,229.3,0.97
1339,205,16548,592.5,121.2,230.0,224.9,0.995
1340,205,23203,622.4,848.3,141.7,141.0,0.994
1341,205,3544,112.6,164.7,202.3,198.3,0.987
1342,205,6563,166.7,674.6,217.0,363.6,0.98
1343,210,31863,595.2,873.8,208.0,207.5,0.998
1344,210,29667,161.5,749.7,228.1,222.4,0.995
1345,210,3351,418.9,245.0,184.4,180.8,0.982
1346,212,18110,61.5,122.6,304.3,290.8,0.998
1347,212,21026,138.3,867.5,177.9,178.4,0.994
1348,212,1900,623.2,887.9,205.7,140.4,0.986
1349,212,16551,478.7,138.1,444.9,351.7,0.977
1350,213,21026,103.8,833.5,180.2,181.1,0.994
1351,213,1900,597.5,856.1,208.5,145.5,0.986
1352,213,18110,44.7,114.0,301.1,286.1,0.985
1353,213,16551,453.0,124.2,430.4,347.3,0.981
1354,214,1900,141.9,239.2,198.6,130.5,0.997
1355,214,33208,587.0,801.1,214.3,203.7,0.996
1356,214,27926,88.7,612.6,272.0,486.8,0.993
1357,214,16551,567.1,54.3,278.7,467.1,0.976
1358,215,27926,128.6,664.0,262.0,473.6,0.995
1359,215,33208,615.2,834.6,211.4,200.1,0.992
1360,215,1900,158.9,250.2,202.8,124.9,0.986
1361,215,16551,594.4,61.2,290.1,481.4,0.977
1362,217,2483,593.6,73.8,240.4,475.1,0.991
1363,217,3743,118.5,785.6,323.2,319.6,0.987
1364,217,6192,126.6,119.2,279.1,540.4,0.985
1365,217,12081,599.9,708.3,235.4,453.5,0.984
1366,219,6192,534.8,542.0,275.1,533.5,0.991
1367,219,2483,89.5,669.6,259.7,467.5,0.988
1368,219,3743,497.0,167.6,311.1,297.7,0.984
1369,219,12081,109.5,109.4,226.9,430.5,0.982
1370,222,3351,406.0,204.0,184.2,183.0,0.989
1371,222,16262,172.4,768.0,243.3,236.9,0.982
1372,222,41768,607.3,741.0,271.3,302.0,0.96
1373,224,3483,602.9,845.0,275.9,186.5,0.998
1374,224,34597,103.8,81.0,364.8,485.0,0.992
1375,224,29667,620.6,173.7,223.3,217.0,0.987
1376,224,25469,86.3,829.4,335.7,298.1,0.98
1377,225,3483,125.5,276.2,270.3,184.6,0.991
1378,225,29667,141.0,871.9,227.3,226.0,0.991
1379,225,25469,574.1,184.8,326.4,287.7,0.99
1380,225,34597,528.1,663.6,374.7,505.5,0.987
1381,226,3483,601.1,868.2,257.1,230.4,0.997
1382,226,19861,127.5,865.4,219.7,166.7,0.995
1383,226,20238,644.8,188.6,225.8,216.5,0.995
1384,226,22347,109.8,229.9,207.4,198.3,0.977
1385,229,5886,97.7,67.8,244.9,477.8,0.991
1386,229,2483,50.7,679.4,287.7,457.5,0.99
1387,229,3743,536.4,153.2,316.1,301.5,0.982
1388,229,23223,494.7,657.7,407.7,446.7,0.98
1389,23,3483,562.2,810.8,284.4,175.0,0.989
1390,23,25367,21.9,89.3,417.3,436.6,0.982
1391,23,27653,62.3,810.4,222.8,210.2,0.981
1392,23,16262,593.5,177.2,238.0,228.3,0.972
1393,231,5886,614.0,694.9,234.5,510.2,0.993
1394,231,2483,598.2,113.3,285.9,445.6,0.988
1395,231,3743,75.3,813.2,332.5,327.8,0.987
1396,231,23223,59.6,133.2,387.5,442.8,0.973
1397,232,29667,677.3,189.2,225.1,212.7,0.997
1398,232,3483,599.0,800.3,273.1,199.0,0.996
1399,232,27733,116.6,777.3,321.0,264.2,0.991
1400,232,22347,128.5,233.4,206.9,196.7,0.969
1401,234,3483,572.0,766.6,275.4,204.8,0.993
1402,234,27733,80.9,727.0,332.9,271.6,0.988
1403,234,22347,111.8,225.2,202.9,192.7,0.977
1404,234,29667,649.9,184.9,216.9,212.0,0.973
1405,236,3483,133.1,292.5,275.2,170.0,0.991
1406,236,27653,671.5,254.6,219.4,199.0,0.991
1407,236,35206,106.1,687.4,201.0,419.2,0.984
1408,236,28763,613.4,835.2,225.4,212.9,0.983
1409,237,3483,563.0,811.0,283.3,174.7,0.988
1410,237,35206,650.2,143.9,200.2,398.7,0.986
1411,237,27653,62.8,811.2,222.0,210.1,0.98
1412,237,28763,143.6,223.5,209.7,197.9,0.977
1413,238,3351,402.9,834.0,187.7,189.1,0.992
1414,238,18357,68.1,260.3,300.6,295.1,0.986
1415,238,16262,624.1,240.6,243.8,232.5,0.977
1416,24,3483,590.5,844.7,282.1,169.3,0.998
1417,24,27653,95.5,853.1,222.4,205.5,0.991
1418,24,25367,32.8,101.5,429.7,446.7,0.969
1419,24,16262,622.2,182.5,242.2,230.5,0.965
1420,241,18147,518.5,256.6,307.7,381.7,0.993
1421,241,20238,129.2,326.6,227.1,218.9,0.991
1422,241,3351,410.5,913.3,190.6,190.7,0.99
1423,243,20238,622.7,769.7,227.2,223.2,0.994
1424,243,18147,143.7,648.7,315.9,400.8,0.993
1425,243,3351,379.5,185.2,183.6,183.6,0.989
1426,244,23203,649.6,878.8,138.9,136.8,0.993
1427,244,16551,579.9,4.4,286.8,480.2,0.981
1428,244,3544,128.8,169.9,206.0,200.4,0.979
1429,244,6563,197.1,714.8,217.4,358.7,0.972
1430,247,6192,57.6,122.0,337.3,517.0,0.991
1431,247,2483,626.2,99.8,198.2,470.5,0.99
1432,247,3743,125.5,837.6,327.5,332.8,0.986
1433,247,22362,608.9,736.5,271.3,416.9,0.981
1434,248,2483,633.6,56.5,202.5,492.4,0.992
1435,248,6192,54.2,100.2,335.0,509.8,0.989
1436,248,3743,122.6,828.0,319.6,319.5,0.989
1437,248,22362,602.4,734.7,260.4,405.5,0.984
1438,249,6192,552.3,593.3,345.8,504.4,0.996
1439,249,2483,89.2,662.1,212.5,490.2,0.99
1440,249,22362,80.6,116.1,259.6,393.3,0.989
1441,249,3743,494.8,127.8,308.6,300.3,0.983
1442,250,18357,541.3,229.0,244.5,353.3,0.995
1443,250,3351,378.7,848.8,188.0,191.1,0.991
1444,250,29667,129.3,205.5,226.2,222.0,0.986
1445,251,29667,586.2,795.3,231.7,232.4,0.99
1446,251,3351,369.0,179.4,183.0,186.2,0.986
1447,251,18357,140.8,595.4,248.4,370.8,0.983
1448,252,18357,183.9,691.7,243.3,370.5,0.983
1449,252,29667,623.6,886.4,229.0,221.9,0.982
1450,252,3351,411.8,238.7,183.9,181.9,0.98
1451,253,35206,62.2,258.8,416.1,215.6,0.986
1452,253,3351,446.0,849.2,189.4,191.0,0.982
1453,253,33880,452.5,252.1,435.1,291.0,0.979
1454,256,2483,63.5,667.9,209.1,484.3,0.993
1455,256,5886,109.6,85.8,235.8,475.3,0.991
1456,256,19552,494.3,656.3,319.2,498.6,0.965
1457,256,25438,544.7,180.9,244.9,251.3,0.965
1458,259,20238,605.2,277.9,224.0,220.7,0.991
1459,259,41768,111.8,284.8,268.7,285.3,0.99
1460,259,3351,384.8,895.6,188.9,191.2,0.985
1461,262,3483,561.8,810.1,282.8,176.2,0.99
1462,262,34597,77.7,31.8,331.2,497.3,0.985
1463,262,27653,61.0,810.5,223.9,210.1,0.979
1464,262,29667,604.0,175.4,216.1,214.5,0.957
1465,264,29667,127.4,865.9,227.1,225.6,0.994
1466,264,3483,134.1,292.2,275.4,170.7,0.993
1467,264,27653,672.0,255.1,219.8,200.3,0.993
1468,264,34597,565.3,679.3,351.6,515.2,0.986
1469,265,27653,672.6,254.5,219.0,200.1,0.991
1470,265,3483,133.9,292.7,274.8,169.6,0.991
1471,265,25367,596.4,666.0,379.1,492.1,0.989
1472,265,16232,142.8,846.4,197.0,192.8,0.988
1473,266,3483,590.6,844.6,281.7,169.7,0.997
1474,266,27653,95.1,852.8,222.2,206.2,0.99
1475,266,16232,648.7,230.6,191.8,181.7,0.987
1476,266,25367,20.4,103.7,391.9,479.5,0.976
1477,27,2483,601.4,77.4,201.0,475.7,0.99
1478,27,13395,599.1,708.5,233.4,521.1,0.989
1479,27,23223,74.1,98.9,295.9,513.2,0.977
1480,27,25438,126.3,823.3,256.4,266.8,0.964
1481,271,22347,105.6,187.8,199.6,193.7,0.997
1482,271,3483,620.8,714.2,213.9,272.9,0.99
1483,271,20877,86.3,726.0,331.9,239.3,0.982
1484,271,35206,631.9,164.2,215.0,392.4,0.975
1485,273,22347,665.1,874.7,215.3,211.2,0.995
1486,273,3483,140.5,290.6,212.7,258.0,0.992
1487,273,20877,542.6,294.8,329.6,234.8,0.986
1488,273,35206,95.2,670.8,236.1,413.5,0.974
1489,274,3351,420.1,890.3,189.9,191.7,0.987
1490,274,21325,207.0,326.3,149.2,232.7,0.983
1491,274,20014,578.1,256.7,339.1,316.1,0.978
1492,275,21325,582.5,666.3,152.4,241.2,0.986
1493,275,3351,328.5,151.1,184.0,187.4,0.978
1494,275,20014,3.4,646.1,350.7,341.3,0.973
1495,277,3483,600.5,868.1,257.9,230.6,0.998
1496,277,36637,617.4,198.9,266.5,151.8,0.993
1497,277,19861,127.2,865.0,219.9,167.1,0.992
1498,277,30308,79.2,96.0,400.9,404.9,0.977
1499,278,3483,147.3,219.4,251.0,223.9,0.998
1500,278,19861,637.6,277.6,221.0,169.3,0.994
1501,278,36637,94.3,906.0,275.2,166.5,0.992
1502,278,30308,519.3,748.5,411.3,413.3,0.986
1503,28,3483,564.5,812.9,264.6,216.1,0.995
1504,28,27777,178.0,814.4,174.7,199.6,0.987
1505,28,35206,615.4,142.6,223.5,401.3,0.974
1506,28,25367,19.8,62.3,418.3,457.8,0.972
1507,280,16232,134.8,291.7,187.0,190.9,0.995
1508,280,3351,409.3,867.4,189.5,190.7,0.988
1509,280,3832,433.8,274.2,386.4,349.2,0.98
1510,286,3483,537.9,780.2,265.7,223.4,0.997
1511,286,27777,143.9,776.1,178.5,206.7,0.99
1512,286,30308,29.6,116.1,374.9,406.6,0.99
1513,286,16262,574.9,186.9,238.1,228.0,0.967
1514,287,3483,171.3,278.3,260.0,215.1,0.998
1515,287,27777,639.3,294.1,174.8,195.3,0.987
1516,287,30308,572.4,703.0,396.1,424.6,0.981
1517,287,16262,137.2,836.4,249.9,241.4,0.966
1518,288,3483,564.3,815.2,264.5,216.2,0.994
1519,288,30308,43.9,131.3,390.0,418.1,0.993
1520,288,27777,178.0,815.3,174.2,198.7,0.989
1521,288,16262,604.6,194.1,241.6,228.5,0.983
1522,289,2483,600.7,85.1,250.2,474.2,0.99
1523,289,22362,587.3,745.2,253.9,405.7,0.987
1524,289,6192,92.4,40.9,278.5,545.0,0.984
1525,289,25438,143.6,846.0,254.7,252.7,0.972
1526,29,3483,537.9,778.2,265.4,222.5,0.997
1527,29,27777,144.2,775.6,178.7,206.6,0.991
1528,29,25367,9.0,45.8,401.2,454.0,0.986
1529,29,35206,584.2,133.7,219.9,391.3,0.981
1530,291,2483,74.9,657.1,263.9,470.5,0.993
1531,291,22362,102.2,108.1,251.7,392.5,0.979
1532,291,6192,570.6,613.5,274.2,541.7,0.975
1533,291,25438,536.3,174.7,246.0,253.0,0.968
1534,292,2483,69.1,660.5,204.4,486.2,0.993
1535,292,5886,114.5,83.6,229.0,476.9,0.992
1536,292,12778,540.2,592.0,326.5,506.6,0.964
1537,292,25438,548.5,176.4,245.0,252.6,0.957
1538,295,16232,642.4,297.0,193.4,190.8,0.99
1539,295,3351,413.3,864.6,190.2,189.7,0.99
1540,295,20014,125.8,194.2,336.9,312.2,0.989
1541,298,33208,156.6,234.8,204.9,195.3,0.992
1542,298,16548,159.6,777.0,239.8,234.5,0.989
1543,298,1900,685.0,877.1,210.4,134.4,0.983
1544,298,31705,570.9,176.2,247.1,420.4,0.971
1545,299,16548,559.8,244.7,233.3,227.7,0.995
1546,299,33208,611.0,846.5,213.3,206.6,0.99
1547,299,1900,90.2,259.4,197.6,127.8,0.987
1548,299,31705,141.3,643.6,249.7,452.3,0.969
1549,3,1900,141.1,242.1,200.6,128.5,0.996
1550,3,16551,528.0,62.3,386.1,395.5,0.988
1551,3,27926,569.8,628.1,259.6,489.3,0.988
1552,3,24850,139.8,701.7,186.1,297.1,0.986
1553,302,36637,568.5,710.6,234.1,227.9,0.995
1554,302,19232,95.1,632.7,282.7,327.3,0.99
1555,302,3351,309.3,161.4,184.6,187.8,0.966
1556,304,2483,621.2,57.7,196.0,483.7,0.997
1557,304,4378,596.0,702.4,233.6,467.0,0.978
1558,304,3743,131.2,813.7,334.2,329.2,0.978
1559,304,22627,106.8,138.5,308.1,492.2,0.961
1560,308,36637,118.0,710.7,189.6,262.3,0.996
1561,308,3351,289.4,207.5,184.4,185.4,0.988
1562,308,41768,562.5,603.9,278.1,300.6,0.986
1563,31,12420,654.5,849.4,188.0,180.5,0.995
1564,31,3544,112.4,239.8,206.4,200.9,0.986
1565,31,16551,591.6,51.2,287.0,477.5,0.978
1566,31,6563,196.4,713.9,217.6,358.6,0.964
1567,310,4543,138.6,866.7,215.0,213.7,0.993
1568,310,12247,618.6,321.1,173.5,184.5,0.992
1569,310,16551,106.0,146.1,314.1,448.4,0.983
1570,310,3544,653.4,892.4,214.5,211.7,0.979
1571,313,3483,617.4,719.1,214.0,270.9,0.992
1572,313,34597,14.3,21.1,448.3,411.5,0.989
1573,313,20877,39.6,755.8,327.0,247.4,0.985
1574,313,29667,595.3,182.5,219.7,212.6,0.984
1575,315,3483,143.4,286.8,212.5,259.5,0.995
1576,315,34597,504.7,784.1,470.7,422.5,0.99
1577,315,29667,135.5,859.4,230.7,224.9,0.989
1578,315,20877,591.7,259.3,325.1,245.4,0.984
1579,316,16548,167.4,790.9,235.6,228.7,0.994
1580,316,10221,636.4,198.8,221.2,215.7,0.991
1581,316,3544,127.7,234.8,206.0,201.3,0.986
1582,316,33009,561.7,812.8,368.9,207.2,0.958
1583,317,16548,591.0,282.0,232.1,223.8,0.998
1584,317,10221,126.2,845.2,228.1,227.5,0.996
1585,317,3544,658.0,832.9,214.2,211.3,0.992
1586,317,33009,75.0,269.1,361.6,219.7,0.976
1587,32,12420,162.5,278.5,184.5,177.6,0.991
1588,32,3544,673.7,828.6,213.6,210.3,0.989
1589,32,6563,582.9,231.7,212.8,337.4,0.983
1590,32,16551,107.9,706.8,292.9,495.5,0.962
1591,320,3483,621.7,713.9,212.7,273.1,0.99
1592,320,20877,86.4,726.1,332.4,239.1,0.983
1593,320,35206,630.9,164.9,215.2,392.1,0.977
1594,320,28763,136.7,196.2,207.3,198.0,0.976
1595,323,22347,654.6,875.5,216.3,209.8,0.994
1596,323,36637,149.2,802.5,194.7,253.1,0.994
1597,323,27653,672.2,254.1,218.6,198.7,0.991
1598,323,3483,132.6,292.3,275.1,169.5,0.991
1599,324,3483,592.0,845.7,280.9,167.7,0.996
1600,324,22347,132.7,195.6,203.4,195.9,0.996
1601,324,36637,643.7,207.8,188.9,248.3,0.995
1602,324,27653,96.4,854.2,220.9,205.6,0.986
1603,325,3483,171.8,278.8,260.5,215.0,0.998
1604,325,27777,639.9,293.6,174.0,196.0,0.985
1605,325,31885,509.8,702.5,402.1,527.0,0.982
1606,325,16262,137.7,836.3,249.6,241.2,0.972
1607,327,3483,564.4,814.7,264.4,217.0,0.995
1608,327,31885,92.5,26.1,407.0,507.6,0.988
1609,327,27777,177.7,815.2,174.4,198.7,0.986
1610,327,16262,603.1,193.8,243.1,228.9,0.98
1611,328,3483,125.2,308.2,267.9,200.5,0.995
1612,328,27733,562.6,256.7,297.1,263.0,0.981
1613,328,31885,516.4,643.4,385.5,532.3,0.968
1614,328,36637,103.4,881.9,266.2,179.1,0.944
1615,332,4543,589.2,166.6,200.9,199.2,0.997
1616,332,12420,81.7,823.3,191.2,183.3,0.992
1617,332,16551,563.3,536.1,285.9,490.7,0.982
1618,332,3544,125.9,143.2,201.5,196.6,0.974
1619,334,22347,145.3,223.5,203.8,195.6,0.992
1620,334,3483,622.0,714.7,212.1,272.1,0.991
1621,334,20877,86.8,726.4,331.2,238.8,0.984
1622,334,16232,626.7,220.3,188.4,183.2,0.982
1623,335,22347,621.2,839.1,215.2,208.7,0.995
1624,335,3483,141.2,290.7,211.9,259.1,0.992
1625,335,16232,134.2,847.1,196.9,191.7,0.988
1626,335,20877,543.3,294.5,328.9,234.6,0.987
1627,336,22347,165.0,232.5,204.2,196.5,0.998
1628,336,3483,647.8,748.0,215.4,267.8,0.994
1629,336,16232,655.1,231.3,193.0,178.9,0.989
1630,336,20877,116.1,770.2,332.2,229.5,0.986
1631,337,22347,641.5,836.6,212.0,206.1,0.998
1632,337,36637,133.2,828.4,178.9,262.2,0.996
1633,337,3483,124.9,276.2,270.8,184.1,0.989
1634,337,25469,573.6,184.2,323.7,287.4,0.982
1635,338,36637,647.4,170.9,167.6,249.2,0.994
1636,338,3483,574.5,811.5,278.8,191.2,0.992
1637,338,22347,128.4,225.0,201.1,197.4,0.983
1638,338,25469,48.4,788.9,341.7,299.9,0.962
1639,339,3483,602.6,846.6,276.7,185.2,0.998
1640,339,36637,674.6,172.4,174.9,253.0,0.996
1641,339,22347,144.8,235.1,206.2,198.2,0.992
1642,339,25469,88.1,830.5,334.1,300.2,0.982
1643,340,20238,575.7,191.2,220.4,213.3,0.997
1644,340,3483,538.4,779.9,266.0,223.8,0.996
1645,340,27777,144.6,776.2,178.3,206.9,0.99
1646,340,34597,37.7,85.7,392.9,466.7,0.986
1647,341,3483,565.0,815.0,264.0,216.5,0.995
1648,341,20238,603.6,195.8,225.2,214.9,0.994
1649,341,34597,54.9,114.9,396.9,463.9,0.985
1650,341,27777,178.6,815.7,173.8,198.7,0.98
1651,344,3483,564.6,815.2,265.1,216.6,0.992
1652,344,16262,605.0,194.4,241.4,228.0,0.985
1653,344,27777,177.6,815.6,174.7,198.5,0.984
1654,344,28763,155.2,194.3,211.2,200.0,0.977
1655,345,3483,538.1,779.4,264.4,223.1,0.996
1656,345,27777,144.0,776.3,178.3,206.5,0.991
1657,345,28763,138.5,187.0,206.9,198.7,0.987
1658,345,16262,575.3,186.4,238.5,228.9,0.969
1659,346,3483,565.3,812.3,265.1,216.2,0.993
1660,346,16232,643.8,250.5,186.6,181.8,0.993
1661,346,27777,179.5,813.4,174.1,201.2,0.991
1662,346,25367,138.7,52.1,342.4,502.4,0.976
1663,347,16232,615.8,239.4,182.8,181.5,0.998
1664,347,3483,538.9,778.1,265.6,222.4,0.995
1665,347,27777,145.5,775.6,179.0,206.3,0.989
1666,347,25367,123.3,39.4,332.9,493.5,0.983
1667,349,3483,566.4,812.1,263.9,216.2,0.992
1668,349,27777,178.8,814.0,174.5,200.2,0.987
1669,349,34597,6.2,129.5,439.7,427.8,0.983
1670,349,35206,614.9,140.6,223.2,402.4,0.974
1671,352,5094,138.2,858.6,286.2,286.1,0.989
1672,352,22362,621.3,782.5,257.7,420.9,0.987
1673,352,2483,639.3,118.9,205.9,471.1,0.985
1674,352,19552,107.8,170.1,331.8,493.4,0.965
1675,355,2483,54.2,699.2,253.0,478.9,0.995
1676,355,5094,550.0,189.3,271.8,268.3,0.989
1677,355,12081,71.2,129.5,225.4,429.2,0.985
1678,355,23223,541.5,589.7,302.9,504.3,0.975
1679,356,2483,632.2,28.5,239.2,484.7,0.997
1680,356,12081,643.1,688.5,233.5,450.3,0.992
1681,356,5094,105.9,800.0,278.3,276.8,0.988
1682,356,23223,94.0,110.7,302.9,500.4,0.97
1683,359,3483,561.6,813.8,265.5,216.9,0.994
1684,359,27777,176.6,811.2,175.2,200.6,0.99
1685,359,29667,630.4,166.3,220.9,211.4,0.982
1686,359,31885,80.0,41.8,368.8,531.5,0.964
1687,361,18147,211.2,165.4,210.8,416.7,0.997
1688,361,3351,428.2,880.9,191.2,191.2,0.995
1689,361,16262,644.9,288.3,240.7,233.7,0.978
1690,364,3351,406.4,855.4,191.2,192.9,0.994
1691,364,35206,101.8,253.4,347.4,325.0,0.986
1692,364,32310,586.2,166.5,246.6,343.5,0.977
1693,372,3483,603.3,845.4,276.3,185.5,0.998
1694,372,34597,14.1,142.1,448.0,413.3,0.981
1695,372,25469,50.9,858.2,371.9,215.6,0.979
1696,372,16262,573.7,195.9,243.6,229.2,0.974
1697,374,3483,643.0,751.8,217.2,268.9,0.992
1698,374,29667,625.2,185.6,223.0,214.6,0.988
1699,374,20877,71.6,800.3,328.5,241.1,0.985
1700,374,25367,97.3,30.9,412.0,467.9,0.982
1701,379,31863,135.4,313.5,208.2,211.1,0.994
1702,379,3351,465.1,859.2,189.5,191.1,0.993
1703,379,16688,448.0,155.3,496.9,470.3,0.986
1704,38,3483,621.8,714.1,211.1,272.3,0.989
1705,38,35206,625.6,163.2,214.6,393.5,0.98
1706,38,20877,87.6,726.6,330.4,237.9,0.974
1707,38,31885,114.6,30.3,398.4,500.9,0.973
1708,380,31863,596.4,714.6,210.2,216.9,0.999
1709,380,3351,285.2,181.2,186.0,188.3,0.992
1710,380,16688,0.0,550.1,499.7,512.5,0.977
1711,382,5886,614.4,694.8,234.1,510.3,0.994
1712,382,2483,598.8,113.3,285.0,444.9,0.987
1713,382,3743,75.6,813.1,332.1,328.9,0.984
1714,382,12778,97.5,128.2,375.4,455.7,0.98
1715,384,2483,608.4,75.4,279.6,462.4,0.992
1716,384,5886,599.9,696.5,238.7,494.9,0.989
1717,384,3743,74.8,801.7,326.0,318.9,0.985
1718,384,12778,93.0,88.2,383.4,460.7,0.972
1719,387,20238,134.0,868.0,230.7,227.5,0.993
1720,387,27653,671.1,254.6,218.8,199.8,0.993
1721,387,3483,132.8,292.5,274.6,170.3,0.992
1722,387,31885,497.2,655.3,417.4,510.2,0.974
1723,389,3483,620.3,715.2,214.3,271.9,0.994
1724,389,16262,600.8,184.4,238.9,230.9,0.983
1725,389,34597,29.8,125.7,436.8,423.9,0.982
1726,389,20877,87.0,726.2,331.5,239.0,0.978
1727,390,3483,646.7,748.2,215.4,268.3,0.993
1728,390,20877,116.0,770.1,331.7,229.2,0.985
1729,390,34597,44.4,156.8,448.6,417.3,0.979
1730,390,16262,629.2,192.7,244.2,229.9,0.971
1731,392,33208,656.2,899.9,220.0,209.4,0.996
1732,392,21026,685.8,274.2,176.1,173.4,0.989
1733,392,1900,189.3,273.3,200.9,137.4,0.989
1734,392,16551,112.4,701.4,293.5,496.5,0.944
1735,393,21026,91.8,830.8,180.8,180.9,0.995
1736,393,1900,584.1,866.8,207.9,143.4,0.99
1737,393,33208,109.9,161.2,204.6,194.6,0.987
1738,393,16551,557.0,49.1,277.9,466.6,0.979
1739,394,20238,138.8,850.3,231.9,225.4,0.989
1740,394,3483,124.9,276.2,270.1,184.1,0.989
1741,394,28763,606.1,855.9,221.5,213.5,0.972
1742,394,25469,572.2,231.5,371.3,217.5,0.97
1743,395,3483,603.7,845.7,275.6,185.8,0.997
1744,395,20238,618.1,195.8,225.2,215.2,0.99
1745,395,28763,171.7,209.6,213.5,200.3,0.982
1746,395,25469,51.0,858.7,371.3,215.7,0.971
1747,396,20238,589.9,190.5,220.8,212.6,0.996
1748,396,3483,574.6,810.9,279.3,192.1,0.993
1749,396,28763,153.9,200.2,209.6,199.5,0.976
1750,396,25469,13.2,813.1,381.5,221.1,0.969
1751,4,29345,116.5,154.0,271.6,414.5,0.98
1752,4,24850,600.7,253.3,289.5,165.2,0.972
1753,4,1900,682.9,808.5,132.4,205.8,0.964
1754,4,16551,131.3,647.4,293.1,495.4,0.962
1755,40,3483,155.5,215.9,249.9,223.6,0.998
1756,40,19861,644.6,277.7,221.6,169.8,0.992
1757,40,29667,123.0,838.9,226.2,226.5,0.983
1758,40,31885,617.2,609.8,329.3,557.2,0.98
1759,400,1900,132.3,247.1,195.1,154.1,0.993
1760,400,33208,613.6,771.0,212.3,204.0,0.992
1761,400,16548,603.1,124.5,231.4,225.1,0.989
1762,400,33009,16.3,776.2,363.5,238.5,0.973
1763,401,33009,585.9,242.8,355.0,235.4,0.994
1764,401,33208,151.9,296.1,206.8,195.9,0.993
1765,401,1900,643.7,859.8,205.6,164.7,0.991
1766,401,16548,111.8,899.0,242.5,239.1,0.989
1767,404,35206,434.3,699.7,420.6,232.6,0.981
1768,404,3351,356.7,145.4,185.8,188.6,0.979
1769,404,18147,18.1,589.0,287.0,418.7,0.973
1770,409,1900,133.4,244.1,188.9,164.8,0.994
1771,409,33009,516.9,791.4,383.9,212.0,0.988
1772,409,10224,540.2,129.3,377.0,280.5,0.984
1773,409,16551,5.9,727.5,465.5,320.6,0.982
1774,41,3483,592.1,873.4,257.6,231.0,0.998
1775,41,19861,119.8,864.2,220.4,167.8,0.995
1776,41,29667,639.4,205.6,223.5,215.4,0.988
1777,41,31885,55.5,90.1,322.1,541.1,0.98
1778,411,33009,85.5,257.6,365.9,207.1,0.993
1779,411,1900,644.1,851.9,203.7,179.1,0.991
1780,411,16551,496.5,198.2,449.9,311.2,0.985
1781,411,10224,31.8,828.8,391.2,299.6,0.981
1782,412,2483,625.3,66.0,223.8,470.0,0.996
1783,412,12081,649.9,692.3,244.3,468.5,0.994
1784,412,5094,107.0,810.2,284.3,287.0,0.987
1785,412,19552,114.9,187.7,309.7,499.1,0.961
1786,413,2483,631.3,36.6,242.8,474.2,0.996
1787,413,5094,105.8,800.3,278.6,276.0,0.987
1788,413,12081,642.6,688.5,235.0,449.0,0.986
1789,413,19552,112.4,159.8,311.1,496.1,0.962
1790,414,2483,51.3,702.4,257.9,475.4,0.995
1791,414,12081,71.2,128.2,225.0,430.4,0.989
1792,414,5094,550.8,190.0,270.2,267.4,0.989
1793,414,19552,519.7,549.7,304.8,494.2,0.972
1794,415,3483,600.8,868.1,258.2,230.1,0.997
1795,415,19861,127.1,864.7,219.7,166.6,0.993
1796,415,31885,96.1,90.4,325.2,542.1,0.984
1797,415,16262,639.3,178.2,241.9,229.1,0.969
1798,416,3483,573.0,833.5,262.6,236.6,0.997
1799,416,16262,609.7,172.9,237.3,229.3,0.991
1800,416,19861,92.3,826.2,226.4,176.2,0.99
1801,416,31885,79.6,70.1,316.7,534.9,0.966
1802,417,3483,147.1,219.3,251.1,224.6,0.998
1803,417,19861,637.5,277.7,220.9,168.8,0.996
1804,417,31885,572.4,609.9,328.7,553.6,0.985
1805,417,16262,100.9,851.9,248.4,240.6,0.975
1806,419,3483,126.2,307.4,266.8,201.9,0.996
1807,419,20238,113.7,855.0,231.6,226.4,0.989
1808,419,27733,566.1,261.9,299.5,263.5,0.983
1809,419,25367,540.8,735.3,434.0,443.1,0.971
1810,42,3483,564.8,838.9,259.9,237.5,0.997
1811,42,19861,85.1,824.9,225.6,177.0,0.989
1812,42,29667,610.2,200.0,217.6,212.3,0.984
1813,42,31885,37.0,70.2,314.8,534.9,0.979
1814,420,20238,613.8,186.3,221.0,213.4,0.997
1815,420,3483,580.9,758.7,272.9,209.8,0.996
1816,420,27733,88.1,722.4,327.4,282.4,0.987
1817,420,25367,7.2,74.7,428.1,419.0,0.98
1818,422,3483,149.3,218.3,250.6,224.5,0.999
1819,422,36637,94.3,904.7,275.7,167.0,0.996
1820,422,19861,638.8,278.1,221.3,169.1,0.994
1821,422,34597,558.6,698.4,353.8,515.1,0.991
1822,423,3483,571.6,834.5,262.3,237.3,0.997
1823,423,36637,591.6,196.0,258.0,153.3,0.993
1824,423,19861,90.9,825.8,226.2,176.0,0.99
1825,423,34597,81.5,17.7,334.0,492.1,0.983
1826,429,3483,609.7,790.9,271.0,203.5,0.998
1827,429,27733,130.8,775.9,313.8,277.0,0.993
1828,429,29667,668.2,180.8,225.6,213.5,0.989
1829,429,34597,72.6,155.9,486.6,350.7,0.983
1830,430,3544,182.3,199.8,203.1,198.6,0.996
1831,430,4543,611.0,155.0,204.6,201.7,0.994
1832,430,33878,615.3,791.3,174.2,220.7,0.99
1833,430,16551,70.5,611.4,404.2,405.5,0.981
1834,431,3544,200.6,206.8,206.2,201.6,0.992
1835,431,4543,639.9,154.5,208.6,200.9,0.992
1836,431,16551,105.1,664.0,399.3,397.6,0.977
1837,431,33878,647.5,831.0,159.7,212.2,0.977
1838,432,4543,132.9,904.5,215.2,211.3,0.994
1839,432,33878,192.6,258.7,160.1,212.0,0.991
1840,432,3544,583.7,859.9,213.3,211.0,0.988
1841,432,16551,494.0,225.9,391.7,385.6,0.975
1842,433,16232,619.7,177.8,186.4,182.5,0.992
1843,433,3483,580.4,758.6,273.1,209.4,0.992
1844,433,30308,94.6,106.7,350.7,422.6,0.989
1845,433,27733,87.3,721.7,326.6,282.3,0.984
1846,434,3483,126.1,307.9,267.1,200.4,0.996
1847,434,16232,141.4,892.6,197.2,192.4,0.989
1848,434,27733,567.3,261.2,298.2,263.4,0.987
1849,434,30308,536.3,694.8,366.7,445.5,0.976
1850,435,3483,608.0,792.3,271.7,204.3,0.998
1851,435,27733,124.4,770.9,313.2,272.6,0.99
1852,435,30308,109.6,119.5,362.8,436.7,0.987
1853,435,16232,648.3,184.8,192.3,179.1,0.987
1854,436,3483,603.1,845.0,276.3,186.1,0.997
1855,436,20238,618.2,195.5,224.1,217.2,0.989
1856,436,31885,42.8,135.5,446.8,479.3,0.987
1857,436,25469,50.6,858.6,371.6,215.1,0.966
1858,44,29667,94.2,723.3,230.7,231.9,0.992
1859,44,13900,579.0,673.0,179.4,263.9,0.99
1860,44,3351,370.9,154.2,182.9,188.3,0.979
1861,443,2483,82.0,672.9,250.0,467.9,0.983
1862,443,4378,76.2,102.1,222.3,436.0,0.976
1863,443,22627,530.7,683.7,346.8,477.5,0.965
1864,443,25438,567.6,187.3,247.8,253.2,0.953
1865,444,2483,597.0,110.0,258.8,452.1,0.99
1866,444,25438,111.8,842.0,258.6,266.1,0.974
1867,444,4378,654.1,701.5,218.2,478.7,0.968
1868,444,22627,72.7,57.6,340.3,494.4,0.964
1869,449,3483,591.4,844.5,281.3,168.8,0.998
1870,449,27653,96.3,853.5,221.7,204.6,0.987
1871,449,34597,46.9,131.3,379.0,477.4,0.985
1872,449,16262,621.9,182.2,242.8,230.5,0.966
1873,452,44199,175.4,232.4,197.6,262.6,0.991
1874,452,1900,647.9,844.8,184.3,188.2,0.988
1875,452,29451,512.3,243.0,406.1,219.2,0.988
1876,452,16551,137.6,636.4,310.7,484.2,0.969
1877,454,5886,124.4,78.9,234.6,483.3,0.993
1878,454,2483,103.0,702.7,229.3,485.6,0.992
1879,454,5094,561.2,196.6,272.4,267.2,0.99
1880,454,6192,495.5,588.9,299.4,524.6,0.986
1881,455,5886,585.9,682.8,230.2,488.4,0.997
1882,455,2483,605.7,19.7,216.3,489.0,0.995
1883,455,6192,139.7,80.6,302.5,532.2,0.988
1884,455,5094,93.0,795.1,280.4,274.1,0.988
1885,456,5886,591.2,683.4,243.7,501.7,0.994
1886,456,6192,141.8,111.0,299.5,531.9,0.994
1887,456,2483,596.7,53.0,209.9,484.2,0.993
1888,456,5094,94.7,806.4,286.1,284.8,0.992
1889,457,2483,637.9,60.2,218.1,490.0,0.992
1890,457,5094,134.1,834.0,279.4,274.0,0.992
1891,457,13395,633.6,674.5,229.6,497.2,0.986
1892,457,6192,109.4,150.4,281.1,537.5,0.975
1893,458,5094,135.5,844.3,287.0,285.1,0.997
1894,458,2483,624.1,103.8,230.7,465.9,0.993
1895,458,13395,638.4,673.3,245.5,515.7,0.98
1896,458,6192,109.6,172.1,282.9,548.9,0.98
1897,459,5094,523.4,161.4,268.9,265.3,0.995
1898,459,13395,81.2,84.0,232.5,483.8,0.99
1899,459,2483,79.9,660.1,218.7,486.7,0.99
1900,459,6192,547.4,511.0,277.1,535.7,0.975
1901,46,2483,593.2,71.9,241.9,476.6,0.992
1902,46,12081,600.5,707.7,235.8,454.5,0.986
1903,46,3743,119.5,786.3,323.6,319.2,0.985
1904,46,23223,99.7,112.9,310.7,498.5,0.973
1905,460,2483,93.8,660.1,203.9,491.0,0.991
1906,460,23223,509.0,582.5,294.2,507.5,0.991
1907,460,22362,80.9,116.3,259.5,392.3,0.987
1908,460,3743,495.1,128.5,308.2,299.4,0.984
1909,462,2483,629.2,98.5,198.7,470.4,0.99
1910,462,23223,133.3,151.7,295.5,500.9,0.988
1911,462,3743,125.4,838.2,327.7,332.1,0.987
1912,462,22362,608.8,737.2,272.0,415.4,0.983
1913,463,20238,133.1,868.7,231.5,227.5,0.992
1914,463,27653,670.2,253.9,219.3,199.7,0.991
1915,463,3483,131.9,292.7,274.6,169.5,0.99
1916,463,28763,622.6,873.5,222.2,211.6,0.988
1917,464,20238,595.2,174.3,219.1,211.9,0.993
1918,464,3483,564.7,810.8,283.3,174.7,0.991
1919,464,27653,64.3,812.4,222.8,209.8,0.98
1920,464,28763,137.4,185.9,208.8,198.6,0.98
1921,465,3483,592.6,844.3,281.5,168.9,0.997
1922,465,20238,624.3,177.1,223.7,214.5,0.993
1923,465,27653,97.7,854.8,221.9,205.2,0.985
1924,465,28763,154.9,193.7,213.1,199.0,0.975
1925,468,22362,605.0,745.3,265.3,421.1,0.985
1926,468,2483,599.5,121.7,204.2,462.5,0.979
1927,468,23223,108.7,112.7,310.5,507.2,0.973
1928,468,25438,156.1,872.5,259.7,267.8,0.964
1929,469,3483,608.6,791.1,271.3,205.0,0.997
1930,469,27733,125.5,770.0,313.2,274.2,0.99
1931,469,28763,148.8,222.1,213.4,198.9,0.987
1932,469,35206,602.7,126.5,254.0,389.6,0.976
1933,47,2483,89.4,670.1,259.9,467.9,0.989
1934,47,12081,110.0,110.9,225.2,426.1,0.987
1935,47,3743,496.9,167.1,311.4,298.2,0.981
1936,47,23223,527.6,587.6,311.3,503.1,0.977
1937,472,33878,628.4,850.2,226.2,136.6,0.999
1938,472,16548,628.2,148.1,234.6,226.7,0.994
1939,472,3544,149.9,190.7,207.4,200.4,0.987
1940,472,6563,189.4,709.0,216.4,359.6,0.976
1941,474,33878,145.8,305.3,227.2,148.0,0.996
1942,474,3544,636.4,876.6,213.5,211.4,0.995
1943,474,16548,117.6,881.1,241.6,238.5,0.991
1944,474,6563,589.2,236.4,213.5,339.1,0.975
1945,475,2483,595.9,79.0,208.0,476.5,0.993
1946,475,13395,601.5,711.1,234.3,520.0,0.988
1947,475,25438,127.6,823.7,256.1,267.9,0.967
1948,475,19552,91.4,131.9,313.1,501.4,0.966
1949,477,2483,603.0,44.8,214.4,485.9,0.989
1950,477,13395,588.4,712.6,236.6,498.4,0.989
1951,477,25438,124.2,812.4,254.8,254.7,0.982
1952,477,19552,89.7,104.8,313.5,493.5,0.972
1953,479,3483,537.3,778.2,266.4,223.0,0.997
1954,479,36637,636.6,178.3,181.6,244.0,0.992
1955,479,27777,145.4,775.6,177.7,206.3,0.984
1956,479,25367,66.0,82.1,373.5,470.9,0.98
1957,481,5094,135.5,844.5,285.5,284.8,0.997
1958,481,2483,622.9,103.9,231.2,465.3,0.994
1959,481,22627,77.0,105.4,305.8,496.8,0.976
1960,481,13395,638.2,673.9,245.6,516.8,0.975
1961,482,5094,523.4,161.7,269.3,265.7,0.996
1962,482,2483,79.9,660.4,217.3,487.4,0.993
1963,482,13395,81.0,85.1,233.3,482.8,0.991
1964,482,22627,556.6,634.4,308.4,489.8,0.981
1965,484,3351,420.5,894.7,190.6,191.6,0.981
1966,484,16688,481.2,121.8,419.2,530.3,0.98
1967,484,32310,23.2,327.9,291.3,322.5,0.956
1968,485,3351,326.9,147.0,185.8,188.2,0.974
1969,485,16688,35.0,520.2,443.6,587.1,0.97
1970,485,32310,624.1,533.4,289.3,341.9,0.969
1971,486,3351,369.8,205.5,184.6,182.2,0.987
1972,486,32310,663.8,630.5,291.4,345.7,0.976
1973,486,16688,74.4,616.9,435.9,595.3,0.964
1974,487,3483,608.0,792.4,272.3,203.7,0.999
1975,487,27733,124.3,769.9,313.3,274.0,0.99
1976,487,16232,648.2,184.7,191.4,178.9,0.987
1977,487,31885,95.2,47.4,415.4,508.3,0.981
1978,493,19607,682.8,901.9,165.2,159.2,0.997
1979,493,16548,124.5,885.5,243.0,238.9,0.995
1980,493,21026,686.2,274.6,175.3,172.9,0.986
1981,493,1900,186.8,290.8,196.8,156.5,0.972
1982,494,19607,134.9,213.0,155.3,150.5,0.997
1983,494,21026,91.8,831.2,180.1,180.2,0.996
1984,494,1900,590.1,826.6,201.3,163.8,0.986
1985,494,16548,592.0,138.4,231.6,224.1,0.986
1986,496,36637,162.6,292.3,190.8,250.8,0.993
1987,496,3351,393.9,872.0,189.8,190.7,0.988
1988,496,3832,495.0,179.9,373.9,363.8,0.983
1989,497,36637,587.7,667.9,193.3,257.2,0.992
1990,497,3832,51.4,653.5,384.5,376.8,0.986
1991,497,3351,354.2,160.0,181.4,184.2,0.979
1992,499,3483,124.3,276.8,270.6,184.6,0.993
1993,499,25367,525.4,727.1,437.2,459.4,0.989
1994,499,25469,571.0,231.9,373.0,217.9,0.978
1995,499,16262,167.0,834.3,250.9,242.8,0.968
1996,5,29345,612.2,713.9,288.4,444.2,0.991
1997,5,1900,181.9,265.0,126.9,199.2,0.991
1998,5,16551,569.0,113.5,289.1,478.4,0.969
1999,5,24850,95.5,894.5,298.5,164.0,0.965
2000,500,3483,574.0,810.9,280.3,192.7,0.992
2001,500,25367,35.4,62.1,413.1,438.0,0.985
2002,500,16262,546.4,187.4,237.8,229.8,0.984
2003,500,25469,12.4,812.6,383.1,222.0,0.974
2004,501,3483,602.7,845.0,277.1,186.2,0.997
2005,501,25469,50.5,858.3,372.3,215.4,0.981
2006,501,16262,573.1,195.6,244.7,229.5,0.97
2007,501,25367,49.3,77.5,427.6,443.2,0.969
2008,502,3483,124.6,276.6,270.9,184.5,0.992
2009,502,20238,140.0,850.0,230.9,225.6,0.99
2010,502,25469,571.3,232.1,372.2,217.4,0.98
2011,502,30308,548.1,731.4,414.7,408.9,0.973
2012,503,20238,589.1,191.2,221.2,212.4,0.996
2013,503,3483,574.8,811.1,279.1,192.2,0.994
2014,503,30308,39.6,103.9,386.2,393.0,0.98
2015,503,25469,13.0,812.8,381.9,220.5,0.97
2016,506,31863,82.6,697.4,208.2,213.7,0.996
2017,506,3351,352.0,141.7,182.9,185.9,0.988
2018,506,38162,533.8,631.7,196.2,304.8,0.984
2019,507,31863,125.8,787.2,205.8,202.8,0.998
2020,507,38162,574.4,728.2,192.7,293.6,0.993
2021,507,3351,393.7,197.7,184.8,182.9,0.977
2022,508,3351,418.0,872.0,191.7,190.9,0.991
2023,508,18147,541.1,238.8,337.6,351.4,0.988
2024,508,22074,167.5,261.1,185.7,188.6,0.965
2025,509,18147,48.5,607.7,349.0,374.1,0.996
2026,509,22074,589.5,779.9,188.3,193.2,0.992
2027,509,3351,327.2,167.6,186.9,188.6,0.982
2028,511,3483,149.5,218.2,250.5,225.1,0.999
2029,511,36637,94.2,905.1,275.4,166.8,0.996
2030,511,19861,639.1,278.1,221.0,169.0,0.993
2031,511,25367,575.5,744.2,392.1,496.1,0.969
2032,515,3483,566.2,812.1,264.0,215.8,0.992
2033,515,30308,94.0,183.7,425.5,367.5,0.99
2034,515,27777,178.7,813.5,174.7,200.8,0.99
2035,515,35206,614.2,142.9,224.9,400.1,0.978
2036,516,3483,170.0,281.0,260.5,213.9,0.998
2037,516,27777,636.9,294.2,176.3,196.6,0.993
2038,516,35206,138.3,706.4,243.1,410.8,0.988
2039,516,30308,478.9,702.1,436.2,372.2,0.979
2040,517,3483,591.9,845.8,280.7,168.0,0.997
2041,517,36637,642.5,206.8,190.2,249.1,0.994
2042,517,27653,95.9,853.9,222.2,205.6,0.991
2043,517,31885,28.8,16.7,379.9,521.3,0.98
2044,518,36637,615.6,203.0,183.3,242.8,0.994
2045,518,3483,562.7,811.2,284.4,174.4,0.992
2046,518,27653,62.5,811.6,222.7,209.5,0.984
2047,518,31885,19.2,2.4,364.0,515.3,0.976
2048,519,36637,148.7,802.6,195.5,252.9,0.995
2049,519,27653,672.6,254.4,218.5,199.3,0.992
2050,519,3483,132.7,292.4,275.4,169.6,0.99
2051,519,31885,596.1,699.2,376.3,537.9,0.981
2052,520,3483,174.0,279.9,259.7,214.2,0.998
2053,520,29667,127.8,883.1,229.4,226.1,0.994
2054,520,27777,640.1,295.3,175.2,195.2,0.99
2055,520,28763,614.0,906.5,223.6,212.5,0.979
2056,521,3483,535.7,778.3,267.1,223.7,0.997
2057,521,27777,142.4,775.3,179.7,205.5,0.988
2058,521,29667,601.2,161.1,216.3,214.5,0.988
2059,521,28763,147.2,155.7,208.1,197.6,0.981
2060,522,3483,562.3,813.3,266.1,217.4,0.994
2061,522,29667,630.2,165.6,222.0,211.8,0.986
2062,522,27777,177.1,812.4,174.8,199.4,0.985
2063,522,28763,163.9,160.9,211.7,200.2,0.984
2064,525,3483,126.5,307.4,266.8,200.2,0.995
2065,525,16232,141.0,892.4,197.5,192.9,0.992
2066,525,27733,567.5,261.3,298.3,262.4,0.986
2067,525,28763,633.6,864.5,223.3,213.2,0.983
2068,526,3483,146.7,218.8,250.8,224.7,0.998
2069,526,19861,637.4,277.6,221.1,169.2,0.992
2070,526,16262,100.3,851.5,249.3,241.8,0.981
2071,526,30308,550.5,711.5,313.7,471.5,0.981
2072,527,3483,601.0,867.7,257.5,231.2,0.997
2073,527,19861,127.3,865.1,219.7,166.8,0.993
2074,527,30308,139.1,73.7,313.1,464.6,0.99
2075,527,16262,639.3,178.2,242.9,229.4,0.974
2076,528,3483,573.5,833.8,262.6,236.8,0.997
2077,528,16262,609.8,172.8,236.7,228.9,0.992
2078,528,19861,92.1,826.1,226.1,176.3,0.991
2079,528,30308,127.0,62.6,298.6,449.7,0.981
2080,529,3483,603.3,845.1,276.8,185.8,0.996
2081,529,20238,618.0,196.4,225.3,214.6,0.991
2082,529,22347,109.3,241.5,204.3,196.3,0.976
2083,529,25469,50.7,859.1,372.4,216.2,0.969
2084,53,6192,96.9,105.9,360.8,484.4,0.996
2085,53,5886,606.5,682.0,240.9,507.7,0.996
2086,53,2483,651.3,100.0,210.7,470.0,0.992
2087,53,25438,134.3,854.2,257.8,265.6,0.971
2088,530,3483,124.5,276.7,270.3,183.9,0.992
2089,530,20238,138.5,850.3,232.0,225.2,0.992
2090,530,22347,680.6,833.2,213.0,206.4,0.991
2091,530,25469,572.0,231.4,371.4,217.6,0.969
2092,531,20238,590.0,190.9,220.7,212.4,0.996
2093,531,3483,575.1,811.3,278.5,191.7,0.994
2094,531,22347,90.8,229.9,200.3,195.8,0.978
2095,531,25469,12.9,813.4,381.7,220.2,0.968
2096,532,5886,614.3,696.0,234.1,509.9,0.995
2097,532,2483,597.9,119.0,286.1,439.4,0.989
2098,532,3743,76.3,813.1,330.9,326.9,0.985
2099,532,19552,118.1,107.4,378.9,434.0,0.98
2100,533,5886,599.5,696.7,239.0,496.0,0.992
2101,533,2483,607.8,77.0,280.1,460.4,0.988
2102,533,3743,75.0,801.0,324.7,319.3,0.983
2103,533,19552,115.4,73.0,383.0,431.6,0.974
2104,534,2483,48.2,679.0,291.4,460.5,0.991
2105,534,5886,98.5,64.5,242.3,481.3,0.99
2106,534,3743,536.7,153.2,316.1,301.6,0.979
2107,534,19552,444.1,695.6,396.0,434.7,0.964
2108,535,3483,603.3,845.9,276.0,185.1,0.998
2109,535,36637,673.3,172.6,175.4,252.9,0.997
2110,535,31885,83.2,142.6,411.8,505.9,0.985
2111,535,25469,88.3,830.0,333.8,299.8,0.978
2112,536,36637,645.7,170.9,168.3,250.3,0.994
2113,536,3483,573.8,811.5,279.5,191.6,0.994
2114,536,31885,68.6,115.3,395.0,504.4,0.981
2115,536,25469,49.1,788.6,342.0,299.9,0.963
2116,537,36637,130.0,829.2,180.5,264.3,0.994
2117,537,3483,125.0,276.0,269.9,184.3,0.994
2118,537,25469,573.5,184.4,324.1,287.1,0.986
2119,537,31885,514.6,596.2,404.1,518.0,0.981
2120,539,38162,592.5,708.6,198.9,305.7,0.992
2121,539,3351,320.5,133.4,185.4,188.7,0.989
2122,539,20014,10.7,669.0,350.2,342.6,0.987
2123,54,2483,68.2,663.2,207.0,483.9,0.993
2124,54,6192,467.7,639.6,368.2,485.4,0.992
2125,54,5886,114.6,83.0,229.5,477.6,0.985
2126,54,25438,547.7,177.6,245.9,252.6,0.962
2127,540,38162,633.0,806.4,193.1,295.3,0.993
2128,540,20014,54.6,752.3,344.9,340.0,0.99
2129,540,3351,362.9,189.5,185.0,183.4,0.985
2130,541,3483,147.2,219.0,250.7,224.5,0.998
2131,541,19861,637.8,277.7,221.0,168.9,0.995
2132,541,16232,145.4,899.7,194.8,191.2,0.986
2133,541,31885,584.4,646.9,331.4,552.7,0.952
2134,542,3483,573.5,833.5,262.4,236.7,0.995
2135,542,16232,616.7,172.5,185.6,181.2,0.994
2136,542,19861,92.1,826.1,225.9,176.3,0.993
2137,542,31885,71.1,34.2,313.5,533.4,0.968
2138,543,3483,600.9,868.2,257.2,230.0,0.997
2139,543,19861,127.5,865.0,219.5,166.6,0.992
2140,543,16232,646.7,176.2,189.0,184.8,0.988
2141,543,31885,85.0,50.4,323.9,542.0,0.967
2142,545,3483,173.7,279.4,260.4,215.2,0.998
2143,545,22347,661.4,863.5,217.3,207.9,0.995
2144,545,29667,128.1,882.3,229.2,226.9,0.994
2145,545,27777,640.8,295.2,175.1,195.1,0.988
2146,546,22347,107.7,201.2,200.0,194.6,0.997
2147,546,3483,535.1,778.5,266.8,223.5,0.996
2148,546,27777,142.0,774.9,179.8,206.3,0.989
2149,546,29667,600.6,161.3,217.6,215.0,0.987
2150,547,36637,633.3,210.3,183.6,249.6,0.994
2151,547,3483,646.7,749.3,215.4,267.6,0.991
2152,547,20877,115.4,770.5,331.5,228.9,0.986
2153,547,22347,121.6,243.1,208.0,196.7,0.982
2154,548,22347,665.1,829.3,213.4,208.9,0.996
2155,548,36637,163.4,795.9,191.7,256.5,0.996
2156,548,3483,140.7,289.2,213.3,260.1,0.991
2157,548,20877,545.0,294.0,327.9,234.0,0.986
2158,55,3351,423.0,847.8,189.0,190.8,0.988
2159,55,20014,49.7,284.4,340.4,318.0,0.984
2160,55,16688,431.0,163.7,507.7,456.9,0.984
2161,551,20238,133.5,869.0,231.5,227.3,0.994
2162,551,27653,670.1,253.9,219.6,200.5,0.992
2163,551,3483,132.0,293.0,274.5,169.9,0.99
2164,551,30308,545.1,687.2,389.1,430.2,0.97
2165,552,3483,592.6,843.6,281.2,169.9,0.996
2166,552,20238,623.6,177.4,224.9,215.0,0.993
2167,552,27653,97.2,854.0,222.7,205.7,0.99
2168,552,30308,78.1,143.2,381.5,424.6,0.984
2169,553,16232,601.6,213.3,184.7,181.4,0.997
2170,553,3483,575.3,810.7,279.0,192.2,0.995
2171,553,34597,11.9,72.5,418.1,447.9,0.98
2172,553,25469,13.4,812.8,382.4,221.2,0.969
2173,555,3483,603.2,844.7,276.6,185.8,0.997
2174,555,16232,630.2,219.6,189.5,186.8,0.992
2175,555,34597,23.4,100.9,430.5,442.9,0.985
2176,555,25469,50.6,858.3,371.6,215.1,0.977
2177,56,20014,549.8,617.9,345.2,343.4,0.99
2178,56,16688,0.0,552.7,518.8,502.6,0.983
2179,56,3351,323.8,193.0,186.6,188.1,0.982
2180,560,3483,600.7,867.2,258.0,230.3,0.997
2181,560,19861,127.4,865.0,220.2,167.0,0.993
2182,560,35206,582.5,98.0,288.6,375.1,0.979
2183,560,30308,113.9,76.6,283.2,473.5,0.96
2184,564,1900,152.0,254.2,193.2,162.8,0.997
2185,564,21771,160.8,805.7,190.6,185.7,0.99
2186,564,16551,590.7,107.6,298.4,474.3,0.985
2187,564,33009,547.7,836.7,374.7,199.1,0.975
2188,565,2483,624.6,64.7,225.0,471.7,0.996
2189,565,12081,649.3,693.1,244.8,468.0,0.993
2190,565,12778,28.7,159.6,404.5,433.7,0.982
2191,565,5094,106.7,809.2,284.7,287.8,0.982
2192,569,2483,90.6,669.3,258.1,469.2,0.989
2193,569,12778,538.0,575.9,293.3,518.8,0.987
2194,569,3743,497.3,167.2,312.1,298.4,0.981
2195,569,12081,110.7,110.8,225.5,425.9,0.979
2196,571,21026,90.9,830.1,180.5,180.6,0.996
2197,571,1900,583.9,866.8,207.5,143.7,0.984
2198,571,24850,119.6,137.5,180.6,282.9,0.982
2199,571,16551,540.1,54.7,303.6,454.0,0.975
2200,572,1900,190.1,273.5,201.1,137.9,0.992
2201,572,21026,686.5,275.2,175.8,173.7,0.986
2202,572,24850,673.6,830.1,189.9,300.4,0.979
2203,572,16551,99.0,708.5,329.2,482.4,0.959
2204,573,21026,125.1,864.9,178.7,177.1,0.994
2205,573,24850,136.2,143.6,185.2,289.0,0.987
2206,573,1900,610.2,899.2,205.0,137.3,0.974
2207,573,16551,566.5,62.3,315.5,468.1,0.963
2208,574,13395,630.6,675.9,227.9,496.9,0.987
2209,574,3743,116.6,827.0,322.4,321.1,0.987
2210,574,2483,672.8,73.5,202.5,493.5,0.986
2211,574,22627,95.4,177.1,308.0,481.2,0.969
2212,575,13395,83.6,84.8,232.7,481.9,0.987
2213,575,2483,59.1,647.0,205.5,485.6,0.986
2214,575,3743,499.3,126.5,309.5,302.5,0.985
2215,575,22627,536.2,547.4,306.2,484.9,0.978
2216,576,2483,659.3,115.1,213.3,472.3,0.989
2217,576,22627,97.4,199.6,309.2,487.6,0.979
2218,576,13395,635.9,675.3,241.9,516.0,0.977
2219,576,3743,119.1,839.0,328.2,331.6,0.975
2220,577,19607,139.1,786.7,161.0,157.8,0.996
2221,577,1900,133.0,247.5,194.5,154.5,0.994
2222,577,33009,518.5,791.5,382.1,211.3,0.985
2223,577,16551,540.2,70.1,352.5,422.6,0.974
2224,578,19607,662.6,333.5,154.3,150.6,0.997
2225,578,33009,86.3,257.3,366.3,207.1,0.988
2226,578,1900,643.7,860.0,205.1,165.7,0.982
2227,578,16551,50.3,724.8,380.1,447.5,0.976
2228,579,1900,151.9,257.0,196.4,155.0,0.997
2229,579,19607,172.4,823.4,158.5,152.5,0.988
2230,579,33009,548.1,836.7,373.3,199.2,0.975
2231,579,16551,566.8,80.5,363.7,431.9,0.966
2232,58,3483,572.9,833.9,262.7,235.6,0.998
2233,58,19861,91.1,826.2,227.8,175.9,0.992
2234,58,34597,41.5,46.7,388.6,469.8,0.99
2235,58,35206,554.6,90.7,279.2,368.1,0.968
2236,581,1900,644.9,853.9,202.9,173.2,0.991
2237,581,24850,646.7,205.1,179.5,276.4,0.985
2238,581,16548,103.4,905.1,244.6,239.3,0.984
2239,581,33009,86.1,256.1,366.4,206.4,0.983
2240,583,5886,111.8,82.6,235.7,477.3,0.994
2241,583,5094,546.1,186.7,272.1,267.0,0.986
2242,583,2483,67.4,688.3,257.2,473.4,0.984
2243,583,19552,468.9,634.3,331.0,486.5,0.971
2244,584,5886,603.7,685.7,246.6,504.4,0.996
2245,584,2483,605.2,88.3,260.1,456.8,0.991
2246,584,5094,110.3,817.4,285.2,284.4,0.983
2247,584,19552,144.0,106.7,328.8,492.5,0.971
2248,586,36637,646.9,171.2,168.0,248.5,0.993
2249,586,3483,574.3,811.8,278.8,191.6,0.993
2250,586,28763,145.9,198.9,208.3,197.1,0.972
2251,586,25469,49.3,788.9,340.3,300.8,0.963
2252,587,36637,133.4,828.5,179.0,262.6,0.996
2253,587,3483,125.4,275.9,269.6,183.8,0.99
2254,587,25469,574.0,184.3,322.7,287.8,0.982
2255,587,28763,614.7,858.8,221.4,212.3,0.972
2256,588,3483,602.9,846.7,275.8,184.8,0.998
2257,588,36637,675.3,172.6,173.7,252.8,0.996
2258,588,25469,89.0,830.2,333.2,300.5,0.982
2259,588,28763,163.8,207.9,212.3,200.6,0.977
2260,589,3483,600.3,868.0,258.7,229.9,0.996
2261,589,19861,127.7,864.8,219.6,166.9,0.992
2262,589,25367,25.9,110.7,351.9,497.2,0.981
2263,589,16262,639.2,178.0,242.9,229.9,0.967
2264,591,3483,146.4,218.6,251.6,225.0,0.998
2265,591,19861,637.1,277.9,221.5,169.0,0.994
2266,591,25367,627.5,645.0,348.5,504.8,0.991
2267,591,16262,99.9,851.4,249.9,241.7,0.976
2268,592,3483,148.9,218.2,251.2,224.0,0.998
2269,592,19861,638.7,277.9,221.2,168.9,0.993
2270,592,29667,119.9,843.6,230.7,226.9,0.99
2271,592,28763,647.3,902.2,225.1,212.9,0.974
2272,593,3483,571.5,834.6,262.4,237.4,0.996
2273,593,19861,90.3,825.9,226.2,176.0,0.987
2274,593,28763,113.2,160.7,207.7,195.5,0.98
2275,593,29667,610.6,195.3,217.2,212.1,0.974
2276,594,3483,598.8,869.1,258.0,230.1,0.997
2277,594,19861,125.5,865.2,219.3,166.7,0.993
2278,594,28763,129.9,164.2,211.4,200.9,0.981
2279,594,29667,640.7,200.4,221.6,212.5,0.979
2280,595,16232,649.8,290.9,190.7,187.5,0.992
2281,595,3351,397.6,867.1,191.5,191.3,0.987
2282,595,32310,109.7,215.5,250.7,344.1,0.961
2283,596,3351,351.7,163.3,179.9,182.9,0.986
2284,596,16232,80.3,734.3,197.1,196.1,0.976
2285,596,32310,580.1,618.2,263.5,370.8,0.914
2286,598,36637,173.5,331.8,183.1,254.3,0.998
2287,598,3351,402.5,874.3,190.3,191.6,0.994
2288,598,33880,549.2,190.5,306.1,421.0,0.981
2289,60,3483,147.7,219.1,249.7,224.1,0.999
2290,60,19861,637.4,277.6,221.3,169.2,0.994
2291,60,35206,107.8,773.7,304.3,390.2,0.988
2292,60,34597,546.6,693.0,413.9,483.8,0.987
2293,600,36637,624.4,721.3,182.4,257.8,0.997
2294,600,33880,116.7,685.1,307.6,431.8,0.987
2295,600,3351,388.1,226.8,182.2,181.9,0.952
2296,601,3483,126.9,307.9,266.1,201.2,0.995
2297,601,16262,153.3,803.2,248.4,241.5,0.987
2298,601,31885,500.9,636.2,451.0,479.8,0.987
2299,601,27733,567.2,261.8,298.9,262.1,0.985
2300,602,3483,579.9,758.6,273.4,209.6,0.995
2301,602,27733,87.4,721.5,327.6,281.7,0.986
2302,602,31885,39.0,108.7,440.2,472.5,0.98
2303,602,16262,561.3,217.7,239.1,228.9,0.975
2304,603,3483,607.6,791.6,272.1,204.9,0.997
2305,603,27733,124.2,770.2,312.7,273.1,0.988
2306,603,31885,51.5,137.4,458.4,471.1,0.987
2307,603,16262,590.3,227.5,241.9,229.3,0.984
2308,605,36637,643.5,207.5,188.6,248.3,0.996
2309,605,3483,592.5,844.8,281.2,168.8,0.996
2310,605,27653,96.6,855.3,221.7,204.9,0.986
2311,605,28763,146.2,249.1,211.9,200.8,0.984
2312,608,29667,588.2,723.9,230.1,230.0,0.992
2313,608,33880,48.3,607.2,318.1,444.0,0.987
2314,608,3351,339.9,192.0,184.7,188.5,0.975
2315,610,16232,620.3,220.9,187.7,183.4,0.99
2316,610,3483,562.4,810.6,283.4,175.6,0.989
2317,610,34597,0.0,103.4,395.4,449.8,0.985
2318,610,27653,61.9,810.4,223.6,210.8,0.985
2319,611,3483,134.1,292.4,274.1,170.0,0.993
2320,611,27653,671.6,254.9,219.9,200.1,0.992
2321,611,16232,143.1,846.8,196.6,192.2,0.987
2322,611,34597,579.2,656.8,396.8,456.1,0.985
2323,612,3483,590.6,844.9,281.7,169.2,0.997
2324,612,34597,0.0,136.3,417.6,441.6,0.992
2325,612,27653,95.3,853.4,221.9,205.4,0.989
2326,612,16232,648.7,230.2,191.7,182.1,0.988
2327,614,22074,634.7,727.5,186.6,192.8,0.995
2328,614,3351,347.1,154.2,183.9,187.5,0.991
2329,614,19232,165.3,652.2,243.4,358.7,0.989
2330,615,22074,673.7,819.8,184.5,186.4,0.992
2331,615,19232,208.9,753.2,237.7,356.5,0.988
2332,615,3351,390.2,213.3,183.9,181.4,0.979
2333,616,3483,147.3,217.8,250.4,225.5,0.997
2334,616,19861,637.5,277.5,220.9,168.5,0.994
2335,616,16232,144.4,899.6,195.9,190.8,0.988
2336,616,28763,629.5,886.9,223.0,214.4,0.984
2337,617,3483,600.7,868.3,257.8,230.2,0.997
2338,617,19861,127.2,865.3,220.2,167.0,0.994
2339,617,16232,646.6,175.7,190.1,185.2,0.99
2340,617,28763,147.6,178.0,212.0,201.5,0.98
2341,618,3483,573.2,834.1,262.3,236.3,0.997
2342,618,16232,616.6,171.5,186.9,181.1,0.995
2343,618,19861,91.8,826.4,227.1,175.7,0.992
2344,618,28763,131.5,171.1,207.2,197.7,0.981
2345,62,36637,543.0,648.4,203.7,254.7,0.997
2346,62,18147,92.2,547.2,286.0,419.4,0.988
2347,62,3351,324.6,156.5,186.3,187.5,0.975
2348,620,2483,80.7,641.8,207.5,488.8,0.997
2349,620,5094,520.3,151.1,269.9,264.3,0.986
2350,620,23223,546.1,635.9,297.9,511.6,0.976
2351,620,22362,79.6,74.1,252.8,393.9,0.957
2352,621,2483,651.6,78.8,196.0,492.6,0.997
2353,621,5094,137.4,848.0,278.1,273.1,0.993
2354,621,22362,607.0,780.7,256.8,406.4,0.987
2355,621,23223,91.1,53.1,301.5,508.4,0.977
2356,622,22074,611.7,290.7,185.6,187.6,0.997
2357,622,3351,395.9,890.7,191.5,190.5,0.99
2358,622,41768,129.9,294.1,262.1,294.7,0.989
2359,623,22074,127.2,745.7,188.6,196.3,0.997
2360,623,3351,351.4,149.9,184.1,187.4,0.988
2361,623,41768,556.9,632.4,268.6,308.3,0.98
2362,624,22074,169.8,839.7,185.0,184.0,0.99
2363,624,41768,600.4,721.5,260.5,308.9,0.989
2364,624,3351,394.1,208.8,184.1,181.6,0.969
2365,625,3483,126.5,308.2,266.6,201.2,0.995
2366,625,16262,153.0,803.6,249.5,241.9,0.988
2367,625,27733,566.4,261.6,299.0,263.9,0.984
2368,625,30308,502.1,697.2,419.2,401.1,0.979
2369,627,3483,581.0,758.7,272.1,209.6,0.995
2370,627,27733,88.3,722.7,325.8,281.2,0.987
2371,627,30308,73.5,148.0,396.9,376.9,0.984
2372,627,16262,561.1,217.6,239.8,228.3,0.977
2373,628,22347,678.0,850.8,212.7,208.6,0.997
2374,628,3483,126.0,307.2,267.5,201.2,0.996
2375,628,16232,141.1,892.2,197.5,192.7,0.991
2376,628,27733,567.0,261.0,298.3,263.5,0.987
2377,632,2483,63.9,664.7,210.7,485.0,0.995
2378,632,5886,115.8,83.8,235.7,478.4,0.994
2379,632,23223,501.8,602.4,300.6,509.9,0.983
2380,632,25438,550.6,181.4,246.9,252.3,0.963
2381,633,5886,599.8,681.1,246.2,502.7,0.994
2382,633,2483,653.5,88.5,199.4,481.5,0.991
2383,633,23223,137.6,133.9,295.8,496.6,0.983
2384,633,25438,131.4,848.5,258.4,265.6,0.97
2385,635,3544,182.4,198.5,203.0,199.2,0.995
2386,635,4543,611.9,155.2,203.7,198.8,0.994
2387,635,16548,70.0,752.5,239.4,233.4,0.994
2388,635,33878,615.1,790.7,175.2,222.1,0.987
2389,636,16548,652.6,279.2,231.9,224.2,0.995
2390,636,4543,132.7,904.4,215.4,210.7,0.994
2391,636,33878,193.7,257.3,159.4,211.5,0.989
2392,636,3544,583.3,860.0,213.8,210.9,0.986
2393,637,5886,614.2,695.4,234.6,508.6,0.995
2394,637,6192,55.0,190.1,483.1,348.9,0.991
2395,637,2483,599.7,114.1,284.4,444.6,0.987
2396,637,3743,76.1,813.4,332.2,327.6,0.985
2397,638,2483,608.6,75.8,280.2,462.3,0.993
2398,638,5886,599.9,697.3,239.3,493.9,0.992
2399,638,3743,74.6,800.5,325.0,319.8,0.986
2400,638,6192,52.3,157.3,485.2,343.7,0.985
2401,64,3351,396.5,887.9,191.2,191.4,0.99
2402,64,29667,154.3,278.2,226.2,223.8,0.985
2403,64,20014,591.2,267.3,338.3,318.2,0.966
2404,640,20238,95.2,300.0,227.8,220.1,0.996
2405,640,3351,405.1,917.9,191.1,192.1,0.995
2406,640,3832,485.4,283.9,399.3,340.5,0.983
2407,641,20238,617.6,708.4,232.4,229.7,0.992
2408,641,3351,340.8,125.0,185.9,187.4,0.988
2409,641,3832,41.1,578.3,402.9,346.8,0.976
2410,644,3743,487.8,121.0,311.6,302.1,0.992
2411,644,2483,55.9,651.0,215.3,484.6,0.99
2412,644,13395,72.4,88.4,237.4,481.5,0.989
2413,644,6192,504.0,604.2,275.7,542.0,0.972
2414,646,3483,171.9,280.2,259.8,214.8,0.998
2415,646,36637,133.2,826.6,189.4,254.8,0.995
2416,646,34597,399.8,633.4,458.2,427.9,0.994
2417,646,27777,638.1,294.7,175.0,194.8,0.99
2418,647,36637,665.0,180.1,186.2,247.1,0.995
2419,647,3483,564.0,812.6,264.9,216.8,0.995
2420,647,34597,143.9,190.6,449.4,413.9,0.988
2421,647,27777,178.9,813.9,173.9,199.9,0.984
2422,648,3483,537.4,778.1,265.9,222.7,0.997
2423,648,36637,636.2,178.6,180.6,244.0,0.994
2424,648,34597,124.8,153.8,442.4,424.3,0.988
2425,648,27777,144.8,775.7,178.5,205.9,0.984
2426,65,29667,558.8,728.2,232.9,233.2,0.996
2427,65,3351,350.0,154.0,184.6,187.5,0.991
2428,65,20014,1.9,632.7,338.9,344.1,0.968
2429,650,3351,369.0,176.8,179.8,183.9,0.99
2430,650,36637,560.9,822.6,272.5,169.9,0.98
2431,650,32310,0.0,706.0,309.7,315.1,0.951
2432,652,1900,122.5,258.6,200.8,149.3,0.991
2433,652,24850,116.8,843.5,302.2,169.4,0.989
2434,652,16551,562.2,66.5,288.6,462.4,0.972
2435,652,31705,597.2,693.3,253.7,454.2,0.962
2436,653,1900,647.6,856.5,210.1,159.1,0.984
2437,653,24850,546.5,267.4,290.1,163.4,0.983
2438,653,31705,129.3,130.0,245.4,418.3,0.968
2439,653,16551,92.9,691.2,306.9,488.0,0.955
2440,654,1900,142.5,267.0,202.4,149.2,0.998
2441,654,24850,150.2,880.4,298.6,163.2,0.983
2442,654,16551,588.6,75.5,300.9,472.8,0.974
2443,654,31705,624.7,733.6,251.5,445.0,0.964
2444,656,33878,626.8,850.4,228.0,136.0,0.998
2445,656,3544,150.0,190.7,207.2,201.1,0.987
2446,656,6563,190.0,708.6,216.3,359.7,0.978
2447,656,16551,539.6,181.9,411.6,382.9,0.977
2448,658,1900,168.7,244.1,181.3,182.2,0.998
2449,658,18110,80.0,792.6,303.8,286.1,0.997
2450,658,29451,496.1,819.1,402.8,269.3,0.981
2451,658,16551,632.5,9.9,288.0,484.5,0.96
2452,659,18110,45.2,748.1,311.6,298.5,0.997
2453,659,29451,466.4,782.2,404.9,273.2,0.983
2454,659,1900,148.1,238.6,181.8,182.0,0.981
2455,659,16551,603.3,7.7,278.8,469.1,0.973
2456,66,29667,597.3,819.8,231.0,223.7,0.989
2457,66,20014,35.8,717.3,342.7,338.1,0.975
2458,66,3351,393.5,211.5,184.0,182.9,0.947
2459,660,18110,610.1,226.0,302.3,287.4,0.997
2460,660,1900,645.4,846.8,186.0,187.1,0.989
2461,660,29451,113.5,215.2,391.4,261.5,0.987
2462,660,16551,62.7,741.5,297.7,504.9,0.972
2463,661,31863,179.9,303.1,205.6,207.4,0.998
2464,661,3351,377.4,879.1,188.9,190.1,0.994
2465,661,16232,686.0,294.0,191.4,188.2,0.968
2466,662,31863,557.5,726.6,206.2,212.2,0.995
2467,662,16232,43.9,745.9,195.3,191.1,0.994
2468,662,3351,369.8,161.8,183.6,187.1,0.961
2469,664,36637,164.5,799.5,190.7,255.7,0.997
2470,664,3483,139.1,290.6,213.9,259.0,0.991
2471,664,20877,543.2,294.7,328.7,233.4,0.987
2472,664,28763,628.5,874.2,223.9,211.1,0.98
2473,665,36637,604.6,205.0,180.3,245.2,0.993
2474,665,3483,622.1,712.9,212.0,274.0,0.987
2475,665,20877,86.8,726.7,332.1,238.2,0.979
2476,665,28763,130.8,184.1,207.7,199.9,0.972
2477,667,22627,24.0,140.8,472.2,281.4,0.994
2478,667,2483,572.6,114.5,302.2,453.8,0.994
2479,667,12081,647.3,700.2,240.2,454.2,0.991
2480,667,25438,121.8,821.4,255.8,253.8,0.982
2481,668,22627,431.4,772.1,487.5,300.9,0.99
2482,668,12081,66.3,120.1,226.4,423.8,0.989
2483,668,2483,66.6,649.6,303.4,452.6,0.988
2484,668,25438,557.4,196.1,245.6,251.4,0.954
2485,670,3483,124.5,277.2,270.4,183.3,0.993
2486,670,22347,682.2,848.0,213.5,207.9,0.992
2487,670,25469,572.9,184.3,323.3,288.5,0.985
2488,670,35206,134.6,728.0,244.9,411.2,0.974
2489,672,3483,603.8,845.5,276.2,185.7,0.997
2490,672,22347,106.1,224.3,206.6,197.9,0.995
2491,672,25469,89.5,829.8,333.3,300.7,0.981
2492,672,35206,613.0,119.7,230.3,400.3,0.98
2493,674,16548,152.3,889.8,241.6,239.9,0.992
2494,674,44199,136.5,294.0,282.9,145.5,0.99
2495,674,27926,600.7,157.6,252.4,452.5,0.986
2496,674,1900,632.9,891.9,208.7,138.6,0.978
2497,675,1900,140.5,238.9,197.1,130.8,0.998
2498,675,16548,565.8,134.5,229.2,225.7,0.992
2499,675,27926,94.7,613.4,269.6,487.3,0.992
2500,675,44199,551.0,833.6,292.4,146.9,0.978
2501,677,1900,141.5,240.2,199.7,129.9,0.997
2502,677,18110,17.9,694.4,308.7,295.7,0.993
2503,677,27926,568.2,627.0,261.3,489.8,0.989
2504,677,16551,614.9,9.0,303.7,457.8,0.972
2505,679,2483,610.1,82.4,214.0,474.1,0.994
2506,679,5094,106.3,811.9,283.3,285.6,0.986
2507,679,4378,599.2,699.3,223.8,471.7,0.972
2508,679,22627,132.0,155.5,339.1,474.3,0.957
2509,68,3483,170.1,280.8,260.0,213.7,0.998
2510,68,27777,637.9,294.4,175.0,195.6,0.992
2511,68,16232,153.2,828.0,191.4,191.8,0.992
2512,68,30308,510.5,768.9,444.2,370.8,0.986
2513,680,2483,85.4,679.7,236.7,479.7,0.993
2514,680,5094,551.1,190.6,271.6,268.3,0.986
2515,680,22627,470.9,606.5,343.4,470.2,0.968
2516,680,4378,135.3,102.3,216.8,443.2,0.956
2517,681,2483,615.2,51.5,224.2,483.4,0.993
2518,681,5094,104.0,800.8,278.8,273.5,0.981
2519,681,4378,592.4,697.5,214.1,455.9,0.973
2520,681,22627,131.2,127.2,339.4,470.6,0.962
2521,684,18110,78.7,765.0,304.9,289.2,0.993
2522,684,1900,181.6,264.9,127.2,200.0,0.989
2523,684,16551,527.6,89.5,365.8,429.3,0.981
2524,684,29345,576.8,716.2,326.0,425.3,0.98
2525,685,2483,573.1,116.9,303.1,453.4,0.994
2526,685,12081,645.7,701.5,238.0,455.5,0.988
2527,685,6192,88.2,6.3,306.0,530.2,0.985
2528,685,25438,118.2,819.9,256.3,254.6,0.979
2529,688,20238,612.9,186.2,221.0,213.5,0.997
2530,688,3483,580.2,758.5,273.9,210.8,0.993
2531,688,34597,98.9,180.9,456.3,404.2,0.991
2532,688,27733,87.5,722.1,326.6,281.5,0.988
2533,692,22347,658.0,837.6,215.6,206.6,0.997
2534,692,3483,133.9,292.5,274.0,169.7,0.991
2535,692,27653,672.0,254.4,219.0,199.6,0.99
2536,692,35206,105.4,687.7,201.6,418.6,0.984
2537,694,19232,503.8,237.0,328.0,254.5,0.997
2538,694,3351,402.5,850.6,189.0,189.8,0.992
2539,694,35206,155.5,277.7,259.4,386.6,0.965
2540,697,3351,402.0,855.3,191.4,192.0,0.993
2541,697,38162,138.4,257.5,226.0,267.5,0.991
2542,697,18357,602.5,204.2,238.8,341.1,0.986
2543,698,3351,347.4,174.7,180.0,183.2,0.99
2544,698,38162,574.5,679.7,237.0,280.8,0.988
2545,698,18357,79.3,632.0,249.0,371.0,0.983
2546,70,29451,45.3,232.1,404.7,227.8,0.989
2547,70,24850,642.1,258.8,197.6,267.4,0.986
2548,70,1900,632.2,898.0,210.1,158.1,0.981
2549,70,16551,46.7,707.0,305.7,499.4,0.967
2550,700,3483,573.2,833.6,262.8,236.3,0.997
2551,700,30308,73.8,129.0,384.6,396.8,0.994
2552,700,16232,617.0,172.9,185.3,180.6,0.993
2553,700,19861,92.1,826.1,227.3,176.1,0.99
2554,701,3483,600.5,867.6,258.5,231.0,0.998
2555,701,16232,646.6,175.7,189.4,185.6,0.993
2556,701,19861,127.7,864.9,219.4,166.6,0.992
2557,701,30308,88.8,145.6,397.2,406.6,0.98
2558,702,3483,147.7,219.3,250.0,223.6,0.999
2559,702,19861,637.2,277.9,221.2,168.4,0.994
2560,702,16232,144.9,899.7,195.7,191.2,0.99
2561,702,30308,515.1,696.8,403.2,413.0,0.988
2562,705,3483,592.4,872.8,257.8,232.4,0.997
2563,705,29667,639.7,204.3,224.3,216.5,0.993
2564,705,19861,119.6,864.4,221.1,167.8,0.993
2565,705,22347,123.1,199.9,204.7,197.0,0.967
2566,706,5886,603.7,685.2,246.7,506.8,0.994
2567,706,2483,606.1,87.1,259.5,457.9,0.991
2568,706,5094,111.1,817.4,284.3,283.9,0.98
2569,706,12778,75.6,121.1,343.0,485.7,0.963
2570,707,5886,112.5,81.7,235.0,477.9,0.994
2571,707,5094,546.7,186.7,271.3,267.2,0.987
2572,707,2483,67.6,687.9,255.5,474.2,0.986
2573,707,12778,533.0,628.8,360.9,494.3,0.951
2574,708,2483,617.3,47.6,253.6,476.7,0.995
2575,708,5886,596.9,684.6,233.6,488.7,0.993
2576,708,5094,108.2,804.9,279.3,275.9,0.982
2577,708,12778,70.7,82.1,345.4,490.2,0.974
2578,710,3483,580.7,758.5,273.2,209.7,0.996
2579,710,27733,88.6,723.2,326.0,280.9,0.987
2580,710,28763,158.9,233.9,207.5,199.3,0.97
2581,710,16262,562.3,217.3,238.9,228.2,0.96
2582,712,5094,135.6,844.4,285.8,284.8,0.996
2583,712,2483,623.0,103.8,231.6,465.1,0.993
2584,712,13395,638.9,674.7,244.9,515.3,0.982
2585,712,12778,101.8,103.8,298.5,540.2,0.971
2586,713,5094,523.3,161.7,269.3,265.9,0.995
2587,713,2483,80.3,660.4,217.9,485.7,0.995
2588,713,13395,80.6,84.0,233.2,483.7,0.991
2589,713,12778,545.6,595.7,286.6,523.7,0.973
2590,714,2483,637.0,60.2,218.8,490.1,0.993
2591,714,5094,134.3,834.0,278.7,273.8,0.991
2592,714,13395,633.6,674.3,229.5,498.0,0.987
2593,714,12778,102.5,81.4,295.6,526.6,0.97
2594,716,2483,587.2,108.7,235.3,462.0,0.996
2595,716,12081,609.4,714.1,243.6,468.0,0.991
2596,716,3743,121.4,797.1,328.9,328.5,0.989
2597,716,19552,100.1,126.1,318.3,502.7,0.957
2598,717,2483,89.9,669.3,258.7,468.4,0.99
2599,717,3743,497.2,167.4,311.7,298.3,0.98
2600,717,12081,110.8,110.4,226.0,426.5,0.98
2601,717,19552,524.6,607.2,321.3,490.7,0.967
2602,719,16548,553.1,181.9,231.3,226.2,0.996
2603,719,21771,91.2,809.6,194.7,191.0,0.993
2604,719,1900,121.3,260.3,199.5,147.8,0.989
2605,719,31705,603.4,690.2,254.2,450.8,0.957
2606,72,1900,155.2,224.4,205.9,151.3,0.988
2607,72,29451,549.2,840.0,414.1,227.0,0.984
2608,72,24850,149.8,775.7,200.7,279.1,0.98
2609,72,16551,642.6,48.3,294.3,480.4,0.975
2610,720,1900,650.9,856.2,207.8,157.3,0.983
2611,720,16548,165.2,842.2,241.6,236.8,0.979
2612,720,21771,674.8,288.1,186.6,180.5,0.973
2613,720,31705,123.0,135.2,245.1,418.8,0.969
2614,721,3483,581.1,758.2,273.2,209.2,0.994
2615,721,31885,68.3,162.0,442.5,464.9,0.987
2616,721,27733,88.4,721.7,326.8,281.3,0.986
2617,721,35206,572.7,118.2,245.4,379.6,0.982
2618,724,16548,107.5,735.7,236.3,233.8,0.994
2619,724,3544,133.2,177.5,202.2,200.2,0.994
2620,724,10221,578.3,166.8,218.9,212.5,0.99
2621,724,31705,574.8,676.6,251.0,449.9,0.977
2622,725,3544,636.9,885.6,212.7,211.2,0.992
2623,725,16548,619.1,301.6,230.6,224.4,0.986
2624,725,10221,152.9,875.1,229.6,228.4,0.984
2625,725,31705,147.8,147.6,252.4,420.3,0.976
2626,726,16548,139.7,775.3,235.6,226.6,0.986
2627,726,31705,602.0,715.3,250.9,441.0,0.983
2628,726,3544,149.7,183.4,206.3,200.9,0.979
2629,726,10221,608.2,173.7,222.5,211.8,0.974
2630,727,16232,601.9,213.4,184.3,181.5,0.997
2631,727,3483,574.6,811.5,279.6,191.6,0.991
2632,727,25367,36.5,154.2,410.7,447.3,0.982
2633,727,25469,13.0,812.4,382.7,221.9,0.967
2634,728,3483,603.4,844.6,276.3,186.5,0.998
2635,728,16232,630.1,219.6,189.9,187.4,0.991
2636,728,25367,51.9,174.9,423.7,451.2,0.988
2637,728,25469,49.5,857.6,374.8,216.4,0.978
2638,73,12247,591.9,849.2,213.1,127.3,0.997
2639,73,3544,73.1,200.6,202.4,198.9,0.98
2640,73,6563,166.2,673.0,219.3,364.2,0.977
2641,73,16551,523.9,72.1,352.7,421.9,0.969
2642,731,16548,119.1,769.5,238.2,231.5,0.995
2643,731,29871,602.9,770.4,205.8,223.4,0.986
2644,731,3544,102.3,160.3,202.9,199.6,0.985
2645,731,4543,611.0,140.6,204.1,202.9,0.985
2646,732,16548,606.5,265.6,231.0,222.1,0.994
2647,732,3544,668.3,899.4,215.2,212.6,0.993
2648,732,4543,131.9,917.0,216.5,212.1,0.992
2649,732,29871,168.5,277.1,203.6,213.8,0.992
2650,738,1900,90.9,259.5,196.9,127.8,0.993
2651,738,44199,605.8,768.6,166.4,286.1,0.993
2652,738,16551,585.1,87.5,292.8,464.7,0.976
2653,738,31705,139.9,643.1,252.0,450.9,0.974
2654,740,19607,656.4,273.4,156.0,148.4,0.997
2655,740,1900,645.4,829.0,169.8,202.1,0.995
2656,740,16548,119.6,804.4,242.0,235.6,0.991
2657,740,31705,134.8,131.0,242.3,417.6,0.963
2658,742,2483,82.4,678.8,250.9,465.7,0.984
2659,742,4378,78.5,101.9,218.0,437.7,0.973
2660,742,25438,567.5,187.1,247.5,253.0,0.962
2661,742,6192,562.6,538.1,283.1,532.3,0.959
2662,743,2483,609.1,67.8,247.9,471.3,0.996
2663,743,6192,92.3,125.7,285.5,537.5,0.979
2664,743,4378,642.7,701.8,220.9,458.7,0.979
2665,743,25438,109.5,831.4,256.2,252.7,0.969
2666,745,3351,351.8,893.0,190.8,192.8,0.988
2667,745,32310,114.9,176.8,225.0,365.2,0.979
2668,745,16262,661.5,271.3,239.2,230.1,0.97
2669,747,32310,637.4,736.1,232.2,392.9,0.98
2670,747,3351,437.8,193.1,183.2,182.6,0.979
2671,747,16262,61.7,798.0,243.9,237.3,0.976
2672,75,12247,618.2,879.9,211.2,124.5,0.995
2673,75,3544,88.3,209.9,206.6,201.6,0.974
2674,75,16551,552.3,80.6,362.2,435.1,0.974
2675,75,6563,198.3,714.3,217.9,358.4,0.966
2676,750,16548,147.1,788.9,241.7,237.2,0.993
2677,750,1900,687.5,808.4,130.4,204.8,0.986
2678,750,44199,174.7,199.9,165.3,270.1,0.984
2679,750,29345,585.4,132.3,275.1,410.5,0.969
2680,752,3544,92.1,198.0,202.9,198.6,0.996
2681,752,16548,559.0,137.0,229.2,224.9,0.993
2682,752,27993,551.8,777.7,304.5,241.0,0.983
2683,752,6563,165.7,672.9,219.4,364.3,0.977
2684,754,29667,626.8,761.5,227.4,219.4,0.991
2685,754,3351,373.3,197.7,183.8,181.9,0.981
2686,754,3832,87.8,654.9,367.0,375.3,0.974
2687,756,3351,416.7,889.8,189.2,191.2,0.989
2688,756,3832,517.2,254.7,361.0,376.4,0.985
2689,756,29667,127.4,318.6,224.0,223.1,0.981
2690,758,3483,149.1,218.6,250.8,225.2,0.999
2691,758,36637,95.4,905.0,274.1,166.3,0.996
2692,758,19861,639.2,278.1,220.7,169.3,0.994
2693,758,31885,561.0,654.9,341.5,550.5,0.972
2694,759,3483,571.7,834.1,262.1,237.4,0.997
2695,759,36637,591.9,196.1,258.0,153.2,0.994
2696,759,19861,90.2,825.6,226.8,176.0,0.987
2697,759,31885,76.2,28.9,325.9,531.3,0.967
2698,760,33208,655.6,804.1,213.7,203.5,0.998
2699,760,16548,581.4,202.7,231.7,226.1,0.993
2700,760,29345,87.9,706.5,288.0,445.8,0.992
2701,760,1900,159.3,260.8,126.5,197.3,0.992
2702,761,1900,178.3,266.8,127.5,200.4,0.994
2703,761,16548,608.5,211.7,239.1,225.7,0.994
2704,761,33208,683.1,836.4,211.5,199.6,0.993
2705,761,29345,125.5,749.0,282.2,440.3,0.973
2706,763,3483,127.2,308.2,265.7,200.7,0.995
2707,763,20238,113.5,854.9,231.4,226.3,0.989
2708,763,31885,496.6,640.2,457.1,480.2,0.987
2709,763,27733,567.1,261.9,299.1,262.4,0.983
2710,764,3483,607.9,791.5,272.0,205.0,0.998
2711,764,20238,643.1,191.4,225.2,214.4,0.991
2712,764,27733,124.2,770.4,313.4,272.7,0.989
2713,764,31885,50.9,133.9,462.6,470.2,0.986
2714,766,36637,163.6,797.0,192.4,256.4,0.996
2715,766,3483,141.1,289.6,212.9,258.8,0.994
2716,766,34597,567.1,733.5,408.9,472.9,0.992
2717,766,20877,544.5,294.6,328.2,233.4,0.984
2718,768,36637,603.7,205.7,181.1,246.5,0.994
2719,768,3483,620.0,715.5,213.8,272.0,0.992
2720,768,34597,8.4,20.8,400.9,458.2,0.992
2721,768,20877,86.2,726.0,331.5,239.7,0.981
2722,772,1900,105.2,267.0,203.7,127.5,0.991
2723,772,33208,638.9,878.5,210.5,200.7,0.987
2724,772,16551,554.3,80.2,289.3,478.3,0.978
2725,772,31705,172.6,684.9,251.3,446.1,0.95
2726,773,33208,611.3,846.6,213.0,206.4,0.992
2727,773,1900,90.6,259.3,197.5,127.5,0.985
2728,773,16551,529.0,73.6,279.5,463.2,0.985
2729,773,31705,140.3,644.5,250.8,449.1,0.969
2730,778,3483,603.2,844.1,276.1,186.8,0.997
2731,778,16232,630.3,220.1,189.3,186.2,0.99
2732,778,30308,85.5,170.1,402.2,400.0,0.984
2733,778,25469,49.8,858.4,372.9,215.5,0.978
2734,779,16232,163.6,856.0,194.2,190.1,0.993
2735,779,3483,125.0,276.4,269.8,184.6,0.992
2736,779,25469,571.2,231.7,372.6,218.1,0.977
2737,779,30308,513.0,686.1,410.7,405.1,0.976
2738,780,16232,602.3,213.4,184.0,181.3,0.997
2739,780,3483,575.0,810.9,278.5,191.7,0.994
2740,780,30308,70.7,149.7,389.8,392.7,0.99
2741,780,25469,13.7,812.7,381.4,220.7,0.967
2742,782,22074,586.6,727.8,187.3,194.8,0.994
2743,782,3351,338.3,184.0,185.7,187.6,0.993
2744,782,20014,8.2,625.3,347.6,340.4,0.981
2745,785,27653,671.8,254.3,219.5,200.5,0.992
2746,785,3483,133.6,292.6,274.5,170.0,0.991
2747,785,25367,541.0,691.4,393.6,495.4,0.987
2748,785,35206,105.9,686.6,203.9,420.3,0.983
2749,787,3483,147.2,219.3,250.5,224.5,0.998
2750,787,20238,113.1,856.4,230.1,226.7,0.997
2751,787,19861,637.5,277.5,220.9,169.6,0.995
2752,787,34597,536.8,654.3,354.0,510.1,0.986
2753,788,3483,572.8,833.3,263.4,237.0,0.997
2754,788,20238,614.7,185.5,220.7,213.5,0.993
2755,788,19861,91.9,826.2,227.1,176.3,0.992
2756,788,34597,94.8,60.9,344.7,491.8,0.988
2757,79,19232,503.4,236.9,328.8,253.8,0.994
2758,79,3351,387.6,846.6,189.1,189.6,0.988
2759,79,16262,127.5,297.9,242.8,234.7,0.978
2760,797,4543,601.6,188.4,203.4,201.0,0.994
2761,797,3544,146.7,191.9,202.2,197.6,0.994
2762,797,27993,496.3,853.7,334.4,163.3,0.981
2763,797,16551,43.7,529.3,306.6,472.8,0.971
2764,798,4543,628.3,191.3,210.5,204.1,0.993
2765,798,27993,523.3,891.7,332.5,157.8,0.985
2766,798,3544,163.8,199.1,206.4,199.8,0.98
2767,798,16551,70.6,578.3,311.3,466.0,0.972
2768,799,3483,600.6,869.0,258.3,230.1,0.997
2769,799,19861,127.3,865.3,220.0,167.2,0.992
2770,799,20238,645.1,188.8,225.5,216.0,0.991
2771,799,28763,170.1,179.8,211.5,201.7,0.977
2772,8,3483,592.4,845.7,280.2,168.9,0.994
2773,8,20238,624.7,178.0,224.1,213.9,0.994
2774,8,22347,130.4,219.1,206.0,198.1,0.993
2775,8,27653,96.5,854.7,222.8,205.3,0.989
2776,80,19232,95.3,696.7,340.6,267.8,0.989
2777,80,3351,359.6,194.2,184.7,188.9,0.984
2778,80,16262,570.4,696.1,245.5,242.4,0.967
2779,807,3483,154.1,216.1,251.1,223.4,0.998
2780,807,19861,644.0,277.6,221.5,170.3,0.991
2781,807,29667,120.2,840.4,230.2,225.9,0.988
2782,807,25367,610.4,708.6,318.4,522.9,0.983
2783,808,3544,109.2,207.3,206.5,201.5,0.988
2784,808,29871,633.1,826.5,169.9,237.7,0.982
2785,808,16551,614.5,51.3,334.8,451.8,0.975
2786,808,6563,191.7,705.9,216.5,360.6,0.969
2787,810,3544,93.0,199.3,202.7,198.2,0.993
2788,810,6563,160.1,666.3,220.3,364.1,0.982
2789,810,29871,606.1,788.7,170.9,245.8,0.981
2790,810,16551,586.4,44.0,325.4,441.4,0.969
2791,815,20238,99.1,711.6,230.1,228.2,0.994
2792,815,3351,362.8,169.6,181.5,184.2,0.977
2793,815,32310,524.0,613.5,276.3,359.9,0.94
2794,817,3483,590.7,845.2,281.3,168.4,0.998
2795,817,27653,95.3,853.4,222.7,205.2,0.992
2796,817,16232,648.6,230.8,192.1,181.3,0.99
2797,817,30308,96.4,155.6,385.7,420.7,0.987
2798,818,3483,133.5,292.5,275.0,170.3,0.992
2799,818,27653,672.1,254.7,219.3,200.5,0.991
2800,818,16232,143.6,846.7,196.4,192.3,0.985
2801,818,30308,526.0,678.0,387.3,426.5,0.978
2802,819,30308,81.7,138.3,372.2,410.5,0.991
2803,819,3483,562.2,810.2,283.5,175.2,0.99
2804,819,16232,620.9,221.2,187.0,182.8,0.985
2805,819,27653,62.0,810.6,222.9,210.4,0.98
2806,82,2483,629.9,100.1,196.7,469.8,0.985
2807,82,22362,609.6,737.0,271.6,416.6,0.985
2808,82,3743,125.4,837.8,327.8,332.5,0.983
2809,82,19552,115.9,140.5,323.2,500.5,0.956
2810,820,2483,94.2,691.4,213.6,486.0,0.994
2811,820,3743,484.5,150.6,314.3,302.2,0.979
2812,820,19552,486.5,644.4,332.1,483.5,0.973
2813,820,4378,132.9,106.4,221.5,437.3,0.948
2814,822,2483,621.9,57.3,194.3,483.8,0.996
2815,822,4378,596.0,703.5,233.1,466.0,0.982
2816,822,3743,131.3,814.0,334.9,329.4,0.978
2817,822,19552,126.9,95.1,329.2,495.2,0.959
2818,826,38162,176.7,205.2,250.4,257.0,0.995
2819,826,18147,541.6,321.4,300.7,382.8,0.989
2820,826,3351,407.8,862.5,189.0,190.5,0.986
2821,828,18147,128.4,574.9,309.9,405.6,0.997
2822,828,38162,552.3,863.9,248.5,251.3,0.994
2823,828,3351,382.3,237.2,184.0,182.3,0.987
2824,829,3483,538.0,778.7,265.4,222.0,0.996
2825,829,36637,637.7,178.5,181.3,243.3,0.994
2826,829,27777,144.9,775.5,178.6,206.8,0.99
2827,829,28763,98.0,168.9,206.1,198.6,0.975
2828,83,2483,93.7,659.7,204.7,492.1,0.99
2829,83,22362,80.4,116.1,260.0,392.7,0.987
2830,83,3743,494.5,128.2,309.7,300.1,0.984
2831,83,19552,505.4,599.6,319.0,484.2,0.976
2832,830,3483,171.4,279.6,260.5,215.1,0.998
2833,830,36637,128.6,827.9,192.0,254.9,0.994
2834,830,27777,638.4,294.1,174.9,195.0,0.988
2835,830,28763,666.2,891.7,222.3,212.7,0.977
2836,831,36637,668.1,180.0,184.3,247.2,0.994
2837,831,3483,564.7,812.7,264.1,216.6,0.993
2838,831,27777,179.2,814.1,173.6,199.8,0.987
2839,831,28763,112.7,176.2,212.9,199.3,0.98
2840,832,18110,60.9,123.3,304.8,289.6,0.996
2841,832,21026,138.1,867.8,178.2,178.3,0.995
2842,832,16548,606.7,163.2,237.1,225.0,0.991
2843,832,1900,622.8,887.9,206.0,140.1,0.988
2844,838,1900,141.4,240.3,198.4,129.7,0.996
2845,838,33208,587.0,801.9,214.8,203.7,0.996
2846,838,27926,88.6,616.2,272.4,483.5,0.994
2847,838,16548,593.4,162.7,230.0,225.5,0.993
2848,842,3483,126.2,308.0,266.8,200.9,0.995
2849,842,27733,566.7,261.8,299.0,263.7,0.986
2850,842,16262,152.5,803.0,250.3,242.2,0.985
2851,842,34597,469.3,670.2,465.1,426.6,0.978
2852,85,1900,160.9,258.2,127.6,198.0,0.995
2853,85,16548,570.9,250.1,231.5,227.2,0.995
2854,85,21771,149.0,850.9,194.0,192.4,0.982
2855,85,29345,587.1,675.8,287.2,449.3,0.982
2856,851,2483,629.6,99.2,197.7,470.3,0.989
2857,851,3743,125.9,838.1,327.3,332.2,0.985
2858,851,22362,609.4,737.2,271.3,416.0,0.982
2859,851,22627,108.5,152.6,308.8,490.9,0.967
2860,855,2483,620.4,59.2,196.6,481.7,0.996
2861,855,4378,596.1,703.1,232.5,466.3,0.977
2862,855,3743,131.6,813.9,335.2,329.3,0.976
2863,855,12778,90.1,129.5,306.0,528.7,0.962
2864,857,31863,575.7,745.9,205.9,213.8,0.998
2865,857,16262,94.9,679.2,245.4,244.7,0.982
2866,857,3351,338.4,134.6,183.0,186.4,0.978
2867,858,31863,614.8,837.1,204.6,203.0,0.993
2868,858,16262,136.8,770.1,242.4,236.3,0.983
2869,858,3351,381.3,190.4,182.9,182.3,0.97
2870,86,21771,619.9,251.4,185.6,179.8,0.993
2871,86,16548,151.3,769.3,239.7,236.7,0.992
2872,86,29345,115.7,154.0,272.4,415.2,0.981
2873,86,1900,682.5,809.1,133.1,205.0,0.959
2874,861,12081,653.9,706.9,252.0,464.5,0.99
2875,861,25438,124.9,833.3,257.7,266.6,0.978
2876,861,19552,71.1,87.6,344.5,474.6,0.975
2877,861,2483,568.5,157.5,301.7,428.1,0.975
2878,862,3483,602.7,846.8,276.3,184.5,0.998
2879,862,36637,672.8,172.5,175.7,253.3,0.997
2880,862,34597,76.4,135.0,448.3,415.1,0.987
2881,862,25469,88.9,829.2,333.0,300.8,0.984
2882,864,3483,574.2,811.2,278.0,191.9,0.994
2883,864,36637,645.7,170.7,168.8,249.8,0.993
2884,864,34597,63.0,103.5,438.1,423.9,0.982
2885,864,25469,49.2,788.5,341.7,300.7,0.969
2886,866,3832,480.8,559.2,386.4,371.9,0.985
2887,866,3351,304.7,174.0,186.7,187.5,0.985
2888,866,16688,29.7,524.3,446.4,578.9,0.983
2889,867,16688,70.6,621.2,439.9,587.6,0.983
2890,867,3351,347.9,233.9,183.9,182.2,0.974
2891,867,3832,523.9,657.9,379.7,362.6,0.968
2892,868,3483,590.2,845.2,282.0,168.7,0.997
2893,868,27653,95.0,853.6,222.3,205.1,0.99
2894,868,16232,648.6,231.1,190.7,181.1,0.99
2895,868,31885,31.6,58.2,415.3,506.2,0.962
2896,869,3483,562.2,810.9,284.4,175.7,0.992
2897,869,16232,620.4,221.7,187.0,182.4,0.984
2898,869,27653,62.0,810.7,223.3,209.8,0.982
2899,869,31885,21.9,37.0,395.5,505.3,0.979
2900,870,3483,133.9,292.5,274.5,169.7,0.992
2901,870,27653,672.2,254.8,219.5,199.8,0.991
2902,870,16232,143.2,846.3,196.8,192.9,0.986
2903,870,31885,566.5,676.1,402.7,518.0,0.977
2904,873,18147,617.6,672.1,284.8,419.5,0.987
2905,873,16688,70.1,619.7,441.3,590.0,0.983
2906,873,3351,343.8,225.3,184.9,181.9,0.98
2907,874,3483,621.2,714.2,212.7,272.5,0.993
2908,874,31885,146.0,152.2,434.1,477.5,0.987
2909,874,20877,87.5,726.5,330.4,238.0,0.974
2910,874,16232,626.8,220.7,187.0,184.2,0.964
2911,875,3483,647.0,748.3,214.7,266.7,0.995
2912,875,31885,164.9,178.4,448.1,478.6,0.986
2913,875,20877,116.6,770.0,331.0,227.9,0.983
2914,875,16232,655.3,231.4,191.7,179.0,0.98
2915,878,3483,592.4,844.7,280.8,167.9,0.997
2916,878,36637,641.8,206.9,191.3,248.9,0.994
2917,878,34597,74.7,124.9,336.1,493.7,0.99
2918,878,27653,96.2,853.7,223.0,206.0,0.988
2919,879,36637,615.5,201.5,182.3,243.5,0.993
2920,879,3483,563.7,810.6,283.8,174.6,0.991
2921,879,34597,61.3,93.9,327.0,497.3,0.989
2922,879,27653,63.0,811.6,223.4,209.7,0.983
2923,88,18110,77.2,799.3,307.2,290.5,0.994
2924,88,16551,608.7,51.4,287.4,479.3,0.984
2925,88,1900,128.1,231.5,206.6,137.1,0.983
2926,88,31705,621.4,732.6,250.5,446.3,0.956
2927,880,2483,75.5,670.3,224.2,483.5,0.993
2928,880,13395,66.7,92.0,236.7,480.7,0.984
2929,880,23223,508.8,603.2,303.9,505.8,0.982
2930,880,5094,509.5,160.0,269.1,264.4,0.973
2931,882,2483,637.1,55.8,225.8,486.4,0.991
2932,882,13395,644.7,670.1,233.7,494.8,0.989
2933,882,5094,147.4,837.6,279.8,273.0,0.989
2934,882,23223,123.4,94.7,306.6,501.0,0.98
2935,883,3483,603.1,845.2,276.9,185.4,0.997
2936,883,16232,630.6,219.4,189.4,186.6,0.991
2937,883,28763,142.8,231.0,211.8,201.9,0.987
2938,883,25469,50.7,858.8,372.1,215.5,0.971
2939,886,31863,161.9,285.1,207.8,207.4,0.997
2940,886,3351,410.0,892.1,188.7,191.3,0.991
2941,886,35206,541.6,264.0,269.1,384.2,0.971
2942,888,31863,613.0,838.0,203.4,202.4,0.992
2943,888,3351,381.8,206.4,182.8,182.6,0.985
2944,888,35206,163.3,645.6,263.5,395.2,0.953
2945,889,3483,139.3,290.6,214.1,259.0,0.993
2946,889,16232,134.8,847.2,196.0,191.5,0.988
2947,889,20877,543.6,294.3,328.7,233.3,0.987
2948,889,28763,708.7,888.3,222.9,212.4,0.976
2949,89,1900,114.7,225.3,201.0,139.1,0.991
2950,89,18110,44.2,758.2,309.2,296.1,0.984
2951,89,16551,582.6,43.8,276.4,468.1,0.976
2952,89,31705,592.8,693.5,254.5,453.9,0.973
2953,891,3483,622.0,714.1,211.9,273.1,0.989
2954,891,16232,626.5,220.1,188.4,183.6,0.982
2955,891,20877,86.6,726.8,331.5,238.3,0.98
2956,891,28763,56.0,172.0,208.0,198.6,0.97
2957,894,3483,620.7,715.7,213.8,272.0,0.994
2958,894,36637,603.2,207.0,181.6,244.9,0.993
2959,894,20877,85.8,725.6,331.8,240.0,0.982
2960,894,25367,28.1,25.4,411.6,442.4,0.978
2961,895,21026,100.5,819.5,180.0,181.1,0.994
2962,895,10221,584.7,775.1,227.3,222.3,0.985
2963,895,16551,535.0,38.7,292.8,458.6,0.978
2964,895,3544,92.4,222.5,203.4,198.8,0.976
2965,896,21026,133.7,854.1,179.2,177.6,0.995
2966,896,3544,109.4,232.9,206.6,199.7,0.988
2967,896,10221,613.0,812.2,222.1,214.3,0.979
2968,896,16551,562.0,46.6,303.9,468.6,0.978
2969,897,10221,167.9,276.5,220.7,211.4,0.995
2970,897,21026,677.8,285.0,176.2,172.6,0.989
2971,897,3544,676.2,835.6,213.7,211.8,0.986
2972,897,16551,115.4,721.0,319.8,487.2,0.962
2973,898,3544,120.3,173.5,201.7,197.1,0.993
2974,898,12247,616.3,205.8,176.5,185.7,0.992
2975,898,16548,74.0,778.5,238.0,232.7,0.989
2976,898,27926,568.2,583.8,255.9,488.7,0.985
2977,9,20238,595.2,175.3,219.8,210.9,0.994
2978,9,3483,563.6,810.7,283.5,175.3,0.992
2979,9,22347,113.8,212.0,200.5,194.4,0.988
2980,9,27653,63.3,812.0,223.4,209.1,0.982
2981,90,18110,610.0,217.0,300.4,285.6,0.999
2982,90,1900,654.9,899.9,211.6,152.1,0.993
2983,90,16551,87.5,706.0,294.0,498.9,0.965
2984,90,31705,134.7,129.9,243.9,418.3,0.963
2985,900,16548,107.8,821.7,235.7,227.4,0.996
2986,900,12247,646.1,205.1,178.6,190.1,0.995
2987,900,3544,136.2,177.2,206.1,201.5,0.992
2988,900,27926,596.9,626.8,251.6,479.1,0.969
2989,904,3483,608.0,792.0,272.2,204.7,0.998
2990,904,20238,643.0,191.1,225.8,214.8,0.992
2991,904,27733,124.4,770.5,313.4,273.4,0.987
2992,904,30308,160.8,53.8,292.9,471.4,0.986
2993,906,3483,126.9,307.7,266.5,201.5,0.995
2994,906,20238,113.4,854.9,231.3,226.1,0.991
2995,906,27733,567.2,261.7,298.5,263.6,0.984
2996,906,30308,547.4,722.8,295.8,481.6,0.983
2997,908,31863,576.0,746.2,206.1,212.4,0.999
2998,908,20238,117.0,715.3,227.0,228.1,0.994
2999,908,3351,305.4,193.4,183.2,188.3,0.983
3000,91,19607,689.0,299.4,157.8,148.8,0.995
3001,91,16548,123.6,865.6,241.6,237.8,0.994
3002,91,27926,149.3,145.0,255.0,452.5,0.993
3003,91,1900,629.3,891.1,210.5,138.4,0.982
3004,910,3483,173.8,279.4,260.4,214.4,0.998
3005,910,29667,127.9,880.1,230.0,227.5,0.993
3006,910,27777,640.6,295.6,174.9,195.5,0.991
3007,910,25367,508.8,698.9,455.5,440.7,0.982
3008,912,3483,534.3,778.7,267.1,223.6,0.997
3009,912,29667,600.9,162.4,217.0,214.1,0.987
3010,912,27777,142.3,774.9,179.6,205.9,0.986
3011,912,25367,30.4,105.4,430.6,423.2,0.971
3012,914,13900,555.9,708.7,204.0,247.6,0.992
3013,914,3351,368.7,124.3,183.1,188.6,0.989
3014,914,35206,44.7,614.4,343.2,355.7,0.966
3015,915,35206,88.4,709.9,336.2,347.5,0.989
3016,915,3351,412.5,180.0,184.2,182.3,0.988
3017,915,13900,595.2,798.4,199.0,243.0,0.988
3018,916,3483,125.9,307.9,267.4,201.3,0.996
3019,916,16232,141.6,892.4,197.2,192.6,0.991
3020,916,27733,567.1,261.8,299.0,263.6,0.984
3021,916,25367,504.6,679.8,458.1,428.6,0.981
3022,919,3483,125.7,309.2,266.5,201.2,0.995
3023,919,30308,492.3,679.2,375.0,440.2,0.983
3024,919,27733,566.2,261.0,297.3,264.9,0.982
3025,919,36637,102.8,882.5,266.3,179.8,0.964
3026,920,3483,582.7,757.5,272.8,209.6,0.997
3027,920,30308,126.2,121.9,360.9,425.3,0.989
3028,920,27733,89.1,721.6,327.8,282.6,0.984
3029,920,36637,593.2,203.5,254.3,169.9,0.833
3030,923,3483,141.2,288.4,213.9,260.9,0.994
3031,923,20877,544.4,294.2,329.6,235.8,0.984
3032,923,25367,538.3,708.2,435.3,450.7,0.976
3033,923,16262,109.0,836.6,249.8,241.4,0.969
3034,925,3483,146.8,219.3,251.2,224.1,0.998
3035,925,19861,637.5,277.9,221.3,168.9,0.994
3036,925,16232,145.1,899.6,195.6,191.4,0.99
3037,925,34597,485.2,627.6,441.6,452.8,0.986
3038,927,3483,572.8,833.9,263.7,236.1,0.995
3039,927,16232,617.0,172.4,185.4,181.2,0.994
3040,927,19861,92.2,826.5,226.8,175.7,0.994
3041,927,34597,63.2,138.5,421.6,444.4,0.979
3042,929,16232,602.1,213.4,184.3,181.4,0.997
3043,929,3483,575.3,811.3,278.9,191.8,0.995
3044,929,31885,26.6,38.5,415.6,490.7,0.99
3045,929,25469,13.2,813.0,381.7,221.0,0.968
3046,930,3483,125.0,276.8,269.6,183.5,0.993
3047,930,16232,164.0,855.4,194.0,190.4,0.991
3048,930,25469,572.0,231.6,371.2,217.9,0.973
3049,930,31885,536.5,686.3,428.2,512.6,0.973
3050,931,19607,166.1,918.0,158.9,154.6,0.996
3051,931,1900,177.8,267.3,127.6,199.9,0.993
3052,931,16551,479.4,243.6,483.9,263.0,0.978
3053,931,29345,576.1,716.7,324.7,423.6,0.976
3054,932,16551,453.4,221.2,479.3,266.7,0.996
3055,932,19607,130.8,886.3,162.1,158.1,0.995
3056,932,1900,158.8,260.0,126.5,199.1,0.99
3057,932,29345,549.5,681.1,330.2,426.8,0.972
3058,933,19607,666.5,252.6,155.5,152.4,0.995
3059,933,1900,686.7,808.1,131.2,206.1,0.988
3060,933,16551,20.2,733.6,497.3,280.1,0.984
3061,933,29345,115.5,167.1,309.0,399.5,0.969
3062,936,2483,598.8,112.1,256.0,448.7,0.992
3063,936,25438,111.7,843.0,258.8,265.7,0.98
3064,936,4378,655.5,702.6,216.0,477.5,0.971
3065,936,19552,115.3,193.7,314.9,493.2,0.958
3066,937,2483,620.5,59.4,197.3,482.1,0.996
3067,937,6192,121.0,82.3,301.8,548.9,0.993
3068,937,3743,131.1,813.9,335.7,329.4,0.977
3069,937,4378,596.4,702.4,232.8,466.7,0.977
3070,938,2483,632.5,28.4,194.8,491.1,0.993
3071,938,6192,118.8,58.2,299.7,541.0,0.993
3072,938,3743,129.1,802.6,327.1,318.8,0.99
3073,938,4378,589.0,699.8,223.5,452.2,0.98
3074,940,18147,205.9,225.1,216.8,417.2,0.995
3075,940,3351,421.8,899.1,190.3,190.7,0.992
3076,940,16232,643.0,322.2,191.3,189.3,0.979
3077,941,16232,91.4,711.6,191.7,194.7,0.995
3078,941,3351,325.3,143.3,184.9,186.2,0.991
3079,941,18147,518.0,549.2,212.0,450.9,0.988
3080,942,16232,133.3,800.9,190.7,188.3,0.994
3081,942,18147,558.3,642.0,210.0,449.8,0.993
3082,942,3351,368.3,200.4,184.5,182.4,0.974
3083,945,3483,146.9,218.5,250.6,225.2,0.998
3084,945,20238,112.8,856.2,230.4,226.2,0.996
3085,945,25367,631.4,641.6,314.5,518.1,0.994
3086,945,19861,637.0,278.0,221.5,168.8,0.994
3087,947,3483,133.8,292.1,274.4,169.9,0.992
3088,947,27653,672.1,254.7,219.1,198.7,0.99
3089,947,16232,142.6,846.5,196.8,191.8,0.989
3090,947,28763,591.9,886.9,224.8,213.5,0.986
3091,948,3483,590.9,845.1,280.9,168.8,0.997
3092,948,16232,648.7,230.9,191.3,180.8,0.988
3093,948,27653,95.4,854.0,221.9,205.4,0.987
3094,948,28763,184.1,178.8,211.9,201.1,0.983
3095,949,3483,140.5,290.1,214.1,258.1,0.994
3096,949,20877,543.1,294.5,329.0,233.5,0.986
3097,949,30308,501.9,724.1,420.2,402.0,0.981
3098,949,16262,109.5,837.4,248.9,240.7,0.972
3099,95,29667,63.0,743.1,227.9,232.0,0.989
3100,95,3351,337.2,184.0,183.1,184.3,0.989
3101,95,32310,497.2,718.6,384.9,239.3,0.966
3102,950,3483,621.0,716.1,213.0,271.2,0.993
3103,950,30308,72.8,118.5,397.3,384.7,0.987
3104,950,16262,601.5,185.2,237.9,229.8,0.986
3105,950,20877,86.0,725.5,332.5,240.4,0.983
3106,951,3483,646.7,748.8,216.6,268.1,0.994
3107,951,30308,88.5,137.5,410.8,389.9,0.989
3108,951,20877,116.2,769.8,331.8,229.7,0.987
3109,951,16262,629.3,192.9,243.5,229.3,0.974
3110,952,3483,124.2,276.8,270.6,184.1,0.994
3111,952,25469,571.4,231.8,372.1,217.8,0.977
3112,952,30308,561.4,651.3,388.1,426.2,0.972
3113,952,16262,167.5,834.6,249.2,242.1,0.969
3114,953,3483,575.3,810.8,278.1,192.5,0.993
3115,953,16262,546.4,187.8,238.6,229.6,0.985
3116,953,30308,46.5,160.9,369.9,415.8,0.979
3117,953,25469,12.6,812.9,381.8,220.4,0.969
3118,954,3483,603.1,845.1,277.4,185.7,0.997
3119,954,30308,60.5,181.5,385.1,424.4,0.992
3120,954,25469,49.4,857.9,374.1,216.2,0.977
3121,954,16262,574.4,196.1,242.6,228.9,0.974
3122,956,19607,142.3,862.1,159.8,154.6,0.996
3123,956,27926,597.8,672.6,251.8,482.9,0.99
3124,956,16551,599.3,0.0,306.7,445.5,0.985
3125,956,1900,160.0,249.2,202.7,126.8,0.981
3126,957,19607,689.1,299.7,157.7,148.9,0.998
3127,957,27926,149.0,144.8,256.0,452.8,0.992
3128,957,1900,628.7,891.7,210.4,137.7,0.992
3129,957,16551,80.7,786.8,313.6,490.8,0.983
3130,962,19607,142.9,847.4,161.4,157.5,0.997
3131,962,29451,475.9,777.2,403.0,274.3,0.988
3132,962,1900,146.8,240.5,180.9,181.4,0.987
3133,962,16551,624.7,109.1,282.4,471.3,0.981
3134,966,18110,610.1,217.2,300.1,285.3,0.999
3135,966,1900,655.2,900.6,211.3,151.1,0.995
3136,966,16548,125.8,852.6,243.9,237.9,0.994
3137,966,31705,134.2,130.0,244.6,419.1,0.967
3138,967,3351,407.0,888.1,188.5,189.7,0.993
3139,967,29667,589.6,306.4,222.0,222.3,0.986
3140,967,41768,128.3,301.1,261.3,296.4,0.985
3141,968,29667,111.1,696.7,234.0,235.0,0.996
3142,968,3351,340.7,156.1,184.8,186.5,0.994
3143,968,41768,559.5,621.7,267.9,309.0,0.972
3144,97,19607,667.8,252.4,154.5,152.0,0.995
3145,97,1900,687.1,808.2,131.0,204.9,0.99
3146,97,16548,98.6,820.4,243.8,238.4,0.988
3147,97,29345,116.7,167.2,307.4,399.8,0.961
3148,972,1900,141.5,241.6,200.5,129.1,0.998
3149,972,21771,126.8,773.6,193.7,190.7,0.991
3150,972,27926,570.2,628.0,258.9,489.9,0.99
3151,972,16551,572.9,14.1,329.7,436.3,0.969
3152,973,1900,181.8,264.9,127.4,199.4,0.991
3153,973,29345,612.6,713.1,287.5,445.1,0.989
3154,973,16551,568.6,80.8,312.0,470.6,0.982
3155,973,21771,184.0,884.4,188.8,186.5,0.97
3156,974,1900,160.8,258.2,127.8,198.3,0.995
3157,974,29345,587.3,675.3,287.8,450.1,0.983
3158,974,16551,542.2,72.5,298.6,457.3,0.982
3159,974,21771,149.2,850.8,192.9,192.5,0.98
3160,975,21771,619.6,252.2,186.0,179.5,0.99
3161,975,29345,116.5,154.0,271.5,414.5,0.978
3162,975,16551,106.2,686.9,317.4,485.4,0.975
3163,975,1900,682.7,808.7,132.7,205.6,0.964
3164,979,18357,70.2,550.4,288.4,334.1,0.989
3165,979,22074,584.7,709.3,186.8,194.8,0.988
3166,979,3351,392.8,158.6,182.1,185.9,0.967
3167,980,18357,575.2,306.2,282.8,319.5,0.99
3168,980,3351,353.2,873.5,190.0,190.0,0.984
3169,980,22074,170.8,310.6,185.1,191.0,0.98
3170,982,2483,658.5,116.0,212.4,470.7,0.99
3171,982,3743,118.5,839.5,328.6,330.6,0.981
3172,982,13395,635.6,674.6,242.8,515.7,0.978
3173,982,23223,102.6,112.3,297.1,509.5,0.975
3174,983,13395,630.2,675.2,228.1,497.7,0.988
3175,983,2483,672.1,72.6,203.5,492.9,0.985
3176,983,3743,116.9,827.1,322.3,321.2,0.982
3177,983,23223,97.6,83.5,302.8,504.5,0.981
3178,984,2483,59.5,647.0,204.7,487.3,0.989
3179,984,3743,499.2,125.2,312.1,304.3,0.985
3180,984,13395,83.9,84.6,232.3,482.9,0.984
3181,984,23223,535.3,612.4,301.7,508.9,0.971
3182,985,16548,576.2,186.7,231.7,224.7,0.991
3183,985,24850,116.7,738.9,205.7,283.5,0.981
3184,985,29451,522.8,801.6,420.7,234.0,0.98
3185,985,1900,139.3,215.9,199.7,154.0,0.973
3186,986,16548,143.3,837.0,241.4,236.8,0.989
3187,986,29451,43.8,231.5,406.8,228.5,0.988
3188,986,24850,642.4,258.8,197.8,267.8,0.987
3189,986,1900,633.0,897.5,210.3,158.4,0.974
3190,988,3483,598.6,869.3,257.9,230.0,0.998
3191,988,22347,159.4,183.0,207.1,197.4,0.996
3192,988,36637,619.4,199.0,264.4,152.4,0.993
3193,988,19861,126.0,865.3,218.7,166.6,0.992
3194,989,3483,571.7,834.5,262.8,237.1,0.995
3195,989,22347,143.1,178.6,201.2,194.4,0.995
3196,989,36637,591.9,195.4,257.9,153.9,0.995
3197,989,19861,90.9,826.1,225.6,175.9,0.991
3198,990,3483,149.4,218.6,250.3,223.6,0.998
3199,990,36637,94.4,904.6,274.5,167.4,0.997
3200,990,19861,638.8,277.9,221.2,168.6,0.993
3201,990,22347,625.3,887.0,216.9,208.5,0.979
3202,991,21026,100.6,819.5,179.8,180.9,0.995
3203,991,16548,572.8,221.4,230.5,225.3,0.994
3204,991,10221,584.6,775.0,227.6,222.1,0.985
3205,991,3544,92.7,222.7,202.8,198.5,0.979
3206,993,16548,600.2,233.1,236.5,225.6,0.994
3207,993,21026,134.2,854.4,178.2,177.4,0.994
3208,993,3544,109.1,232.7,206.9,200.0,0.992
3209,993,10221,612.4,811.7,222.7,215.0,0.987
3210,994,27653,671.2,254.5,220.3,199.7,0.993
3211,994,3483,133.9,292.5,274.4,169.9,0.989
3212,994,30308,508.8,755.3,393.0,429.6,0.976
3213,994,16262,116.7,846.9,250.6,242.1,0.97
3214,996,3483,591.5,845.0,280.6,169.4,0.998
3215,996,30308,111.1,75.0,385.6,421.4,0.989
3216,996,27653,95.7,853.6,222.3,205.4,0.989
3217,996,16262,622.1,182.7,242.2,230.3,0.969
3218,997,29451,456.4,806.3,426.1,226.8,0.988
3219,997,1900,148.0,240.4,181.2,180.5,0.986
3220,997,21771,123.4,806.3,194.3,188.4,0.981
3221,997,16551,590.0,62.7,279.2,467.9,0.976
3222,998,1900,168.3,245.5,181.6,182.8,0.996
3223,998,21771,157.8,840.7,191.2,184.1,0.979
3224,998,29451,485.8,845.0,418.3,221.0,0.973
3225,998,16551,616.2,68.9,292.2,482.5,0.968
3226,999,29451,101.7,234.8,411.0,220.8,0.992
3227,999,1900,646.1,847.2,186.3,186.1,0.983
3228,999,21771,644.4,290.8,188.4,182.5,0.976
3229,999,16551,78.0,687.0,297.4,497.9,0.967
