image_id,iou,A_category,B_category,A_score,B_score,A_x,A_y,A_w,A_h,B_x,B_y,B_w,B_h,score_diff
1,0.9820359527784086,27926,27926,0.988,0.988123,597.4,672.2,255.1,481.6,599.33,668.96,252.86,483.56,0.00012299999999998423
1,0.9705147050857801,1900,1900,0.98,0.996087,158.6,251.8,203.4,124.4,160.35,252.97,201.94,121.95,0.016086999999999962
1,0.9659917577639429,16551,16551,0.966,0.875269,553.0,70.5,403.3,403.3,549.55,72.38,403.7,407.09,-0.090731
3,0.9603801707717312,1900,1900,0.996,0.982975,141.1,242.1,200.6,128.5,142.94,242.91,196.21,126.17,-0.013024999999999953
3,0.9699643246563654,16551,16551,0.988,0.681064,528.0,62.3,386.1,395.5,527.82,63.03,390.74,401.44,-0.306936
3,0.9736544437463087,27926,27926,0.988,0.991473,569.8,628.1,259.6,489.3,570.22,627.21,264.38,488.48,0.0034730000000000594
4,0.9770170068450196,29345,29345,0.98,0.974034,116.5,154.0,271.6,414.5,117.54,157.3,267.8,410.72,-0.005966000000000027
4,0.9637549597860054,24850,24850,0.972,0.999376,600.7,253.3,289.5,165.2,600.34,251.93,293.45,164.06,0.027376000000000067
4,0.9676729015182072,1900,1900,0.964,0.990368,682.9,808.5,132.4,205.8,684.17,806.59,132.04,209.23,0.026368000000000058
4,0.970151979408294,16551,16551,0.962,0.775967,131.3,647.4,293.1,495.4,126.47,648.26,295.02,493.4,-0.186033
5,0.9734239638840193,29345,29345,0.991,0.970341,612.2,713.9,288.4,444.2,615.46,715.74,283.01,440.63,-0.020658999999999983
5,0.9390518723967858,1900,1900,0.991,0.999077,181.9,265.0,126.9,199.2,179.95,267.38,130.35,201.73,0.008077
5,0.9876852688480683,16551,16551,0.969,0.929582,569.0,113.5,289.1,478.4,570.98,114.58,287.92,477.08,-0.03941799999999995
5,0.9854182198442202,24850,24850,0.965,0.996439,95.5,894.5,298.5,164.0,94.87,894.16,300.99,165.05,0.031438999999999995
8,0.9720631498504768,3483,3483,0.994,0.977132,592.4,845.7,280.2,168.9,590.41,845.64,285.9,170.29,-0.016867999999999994
8,0.9749348003699411,20238,20238,0.994,0.98618,624.7,178.0,224.1,213.9,624.35,176.12,226.39,217.18,-0.00782000000000005
8,0.9775903673528801,22347,22347,0.993,0.985131,130.4,219.1,206.0,198.1,130.85,221.35,207.35,195.94,-0.007869000000000015
9,0.9751472587255835,20238,20238,0.994,0.968844,595.2,175.3,219.8,210.9,595.06,172.81,221.95,214.18,-0.025155999999999956
9,0.9835520165422269,3483,3483,0.992,0.992636,563.6,810.7,283.5,175.3,563.93,811.98,284.07,174.89,0.0006359999999999699
9,0.9777589467979478,22347,22347,0.988,0.990495,113.8,212.0,200.5,194.4,112.69,211.18,202.86,193.93,0.002495000000000025
10,0.966400747973953,29451,29451,0.992,0.694837,100.4,234.6,411.1,221.3,102.0,236.91,407.98,215.5,-0.29716299999999995
10,0.9462504907707229,1900,1900,0.991,0.989473,647.0,844.2,185.9,188.8,642.83,847.02,187.88,184.75,-0.001526999999999945
10,0.9822173405955072,16548,16548,0.988,0.852601,102.1,807.7,242.0,236.3,103.11,806.14,239.84,238.45,-0.13539899999999994
13,0.9698687843226883,3351,3351,0.992,0.984208,429.6,853.3,190.3,192.2,431.12,854.0,186.89,189.81,-0.007792000000000021
13,0.9848519748028397,33880,33880,0.98,0.991032,476.1,243.2,440.6,275.1,474.11,243.99,441.28,275.67,0.011032000000000042
13,0.9890067756648147,16232,16232,0.975,0.968429,143.5,330.2,194.0,191.2,142.92,329.62,194.68,192.65,-0.0065709999999999935
15,0.9783910621265478,33880,33880,0.993,0.989117,50.5,785.9,444.0,272.9,49.43,783.37,447.17,276.95,-0.00388299999999997
15,0.9803418828882582,16232,16232,0.988,0.961661,642.4,797.3,194.8,189.6,641.56,796.26,197.2,190.23,-0.026339
15,0.9829472452967248,3351,3351,0.968,0.957149,361.9,247.8,182.9,182.3,360.93,248.4,183.21,182.62,-0.010850999999999944
17,0.9783228873610345,41768,41768,0.987,0.978607,562.5,644.5,273.7,302.7,561.83,646.08,272.76,298.61,-0.008392999999999984
17,0.9947875949700956,35206,35206,0.985,0.993231,116.6,584.5,304.0,387.5,116.73,584.24,303.04,387.22,0.008230999999999988
17,0.9773882001963718,3351,3351,0.978,0.980011,296.7,167.3,184.6,187.3,298.26,165.63,182.77,188.2,0.002010999999999985
19,0.9569731449829126,3483,3483,0.998,0.98473,610.9,788.6,270.9,205.6,609.15,789.71,275.48,209.04,-0.013270000000000004
19,0.993470706746914,27733,27733,0.99,0.819735,126.8,770.3,313.0,274.4,126.39,769.42,313.33,274.79,-0.170265
19,0.9630615610118095,28763,28763,0.977,0.985889,102.2,169.9,210.6,201.3,100.55,168.59,215.34,204.42,0.008889000000000036
23,0.9801072827725283,3483,3483,0.989,0.99137,562.2,810.8,284.4,175.0,562.14,812.73,285.09,174.23,0.0023699999999999832
23,0.971258577614857,25367,25367,0.982,0.989972,21.9,89.3,417.3,436.6,25.28,90.22,420.21,437.44,0.007971999999999979
23,0.9730934636187318,16262,16262,0.972,0.938431,593.5,177.2,238.0,228.3,592.47,177.5,242.27,229.88,-0.03356899999999996
24,0.9756903895579285,3483,3483,0.998,0.984161,590.5,844.7,282.1,169.3,589.04,845.91,285.4,169.09,-0.013839000000000046
24,0.9680496680962342,25367,25367,0.969,0.985292,32.8,101.5,429.7,446.7,35.8,106.86,431.86,442.06,0.016291999999999973
24,0.9792253279012075,16262,16262,0.965,0.934365,622.2,182.5,242.2,230.5,621.33,182.92,245.17,231.7,-0.030634999999999968
27,0.957951122160072,2483,2483,0.99,0.966039,601.4,77.4,201.0,475.7,597.22,78.91,208.56,472.73,-0.02396100000000001
27,0.9718840317044556,25438,25438,0.964,0.890259,126.3,823.3,256.4,266.8,126.05,825.02,254.23,262.02,-0.07374099999999995
28,0.9713017887176848,3483,3483,0.995,0.979502,564.5,812.9,264.6,216.1,564.01,813.7,268.43,217.71,-0.015498000000000012
28,0.9876897990005096,35206,35206,0.974,0.962395,615.4,142.6,223.5,401.3,615.18,142.85,225.52,399.93,-0.011604999999999976
28,0.9735030916108017,25367,25367,0.972,0.992412,19.8,62.3,418.3,457.8,21.38,70.05,418.73,449.47,0.020411999999999986
29,0.978148774880676,3483,3483,0.997,0.985941,537.9,778.2,265.4,222.5,535.31,779.11,269.17,222.47,-0.011059000000000041
29,0.9577285735876226,25367,25367,0.986,0.992219,9.0,45.8,401.2,454.0,11.86,57.1,399.5,446.38,0.0062189999999999745
29,0.9863187529512097,35206,35206,0.981,0.980445,584.2,133.7,219.9,391.3,585.5,131.07,218.76,393.75,-0.0005549999999999722
31,0.9884887861879045,3544,3544,0.986,0.90284,112.4,239.8,206.4,200.9,112.01,238.86,207.44,201.46,-0.08316000000000001
31,0.9647917371118726,16551,16551,0.978,0.461072,591.6,51.2,287.0,477.5,590.97,51.78,294.16,472.05,-0.516928
32,0.991246020085729,3544,3544,0.989,0.953712,673.7,828.6,213.6,210.3,673.12,828.39,214.13,209.49,-0.035287999999999986
32,0.9506312430461121,16551,16551,0.962,0.830713,107.9,706.8,292.9,495.5,99.13,705.8,297.43,498.8,-0.13128699999999993
38,0.949049401634764,3483,3483,0.989,0.982008,621.8,714.1,211.1,272.3,625.62,718.62,210.71,268.18,-0.006991999999999998
38,0.977147230484989,35206,35206,0.98,0.994892,625.6,163.2,214.6,393.5,627.21,160.01,212.18,395.2,0.014892000000000016
38,0.975862421819948,20877,20877,0.974,0.985711,87.6,726.6,330.4,237.9,84.0,725.2,333.63,240.89,0.011711000000000027
38,0.9781867538032293,31885,31885,0.973,0.999007,114.6,30.3,398.4,500.9,111.11,28.78,399.09,500.77,0.026007000000000002
40,0.9656152390479158,3483,3483,0.998,0.980239,155.5,215.9,249.9,223.6,158.08,215.75,246.37,219.3,-0.017761000000000027
40,0.9594754969018892,19861,19861,0.992,0.992369,644.6,277.7,221.6,169.8,647.52,280.03,219.8,169.08,0.0003689999999999527
40,0.9712185616017027,29667,29667,0.983,0.944818,123.0,838.9,226.2,226.5,118.49,837.36,230.85,227.56,-0.03818199999999994
40,0.9523469235385036,31885,31885,0.98,0.665237,617.2,609.8,329.3,557.2,608.38,607.69,332.87,560.79,-0.314763
41,0.9831454192405826,3483,3483,0.998,0.987887,592.1,873.4,257.6,231.0,592.5,875.52,257.98,228.14,-0.010113000000000039
41,0.9870641410464862,19861,19861,0.995,0.975937,119.8,864.2,220.4,167.8,119.88,864.61,221.2,168.44,-0.01906299999999994
41,0.9771228422672905,29667,29667,0.988,0.970143,639.4,205.6,223.5,215.4,637.08,206.58,226.49,213.26,-0.017857000000000012
41,0.956354261871341,31885,31885,0.98,0.793587,55.5,90.1,322.1,541.1,60.6,90.59,325.34,539.38,-0.18641299999999994
42,0.9757008602766283,3483,3483,0.997,0.973867,564.8,838.9,259.9,237.5,565.12,841.53,260.58,232.89,-0.02313299999999996
42,0.9752026096914037,19861,19861,0.989,0.993437,85.1,824.9,225.6,177.0,84.48,827.01,228.17,174.55,0.004437000000000024
42,0.9614737860525773,29667,29667,0.984,0.989501,610.2,200.0,217.6,212.3,607.99,198.77,221.98,216.45,0.005500999999999978
42,0.972072719142952,31885,31885,0.979,0.936298,37.0,70.2,314.8,534.9,40.54,72.53,314.41,531.1,-0.04270200000000002
44,0.9753033281411004,29667,29667,0.992,0.968001,94.2,723.3,230.7,231.9,93.69,724.26,230.14,227.72,-0.023998999999999993
44,0.9846427318317209,13900,13900,0.99,0.992398,579.0,673.0,179.4,263.9,580.19,671.29,178.06,266.03,0.0023980000000000112
44,0.9880972251217843,3351,3351,0.979,0.986847,370.9,154.2,182.9,188.3,371.3,154.45,181.32,187.68,0.007847000000000048
46,0.9844829935339408,2483,2483,0.992,0.986279,593.2,71.9,241.9,476.6,590.11,72.58,244.72,476.12,-0.005720999999999976
46,0.9704093575600133,12081,12081,0.986,0.980195,600.5,707.7,235.8,454.5,601.29,710.4,231.61,449.03,-0.005804999999999949
46,0.9683220291858718,3743,3743,0.985,0.962939,119.5,786.3,323.6,319.2,116.62,784.61,322.56,322.82,-0.022060999999999997
47,0.953805939811905,2483,2483,0.989,0.991481,89.4,670.1,259.9,467.9,87.07,668.32,253.89,468.7,0.0024809999999999555
47,0.9740070391301172,12081,12081,0.987,0.993286,110.0,110.9,225.2,426.1,108.03,110.44,225.79,431.05,0.006286000000000014
47,0.9688101426050365,3743,3743,0.981,0.975902,496.9,167.1,311.4,298.2,492.73,166.86,313.4,301.64,-0.005097999999999936
53,0.9656176402177885,2483,2483,0.992,0.981243,651.3,100.0,210.7,470.0,647.84,98.54,211.6,473.09,-0.010757000000000017
53,0.9870949815526767,25438,25438,0.971,0.913292,134.3,854.2,257.8,265.6,132.82,854.2,258.77,267.01,-0.05770799999999998
54,0.9549182705744305,2483,2483,0.993,0.966981,68.2,663.2,207.0,483.9,69.05,664.31,213.17,485.93,-0.026019000000000014
54,0.9843183158145732,25438,25438,0.962,0.975326,547.7,177.6,245.9,252.6,547.37,179.19,246.07,249.13,0.01332600000000006
55,0.9850507590633037,3351,3351,0.988,0.983388,423.0,847.8,189.0,190.8,424.04,847.57,187.31,190.1,-0.0046119999999999495
55,0.9895043370567895,20014,20014,0.984,0.997468,49.7,284.4,340.4,318.0,49.63,283.32,340.27,321.12,0.013468000000000035
55,0.9885763787684836,16688,16688,0.984,0.996974,431.0,163.7,507.7,456.9,430.44,161.93,510.25,459.87,0.012974000000000041
56,0.9771014181735069,20014,20014,0.99,0.991688,549.8,617.9,345.2,343.4,546.21,618.15,350.83,345.31,0.0016880000000000228
56,0.9791122719649881,16688,16688,0.983,0.985184,0.0,552.7,518.8,502.6,0.0,549.53,515.21,509.82,0.0021839999999999637
56,0.9764194073827621,3351,3351,0.982,0.971132,323.8,193.0,186.6,188.1,324.69,190.98,185.17,191.19,-0.010867999999999989
58,0.9768051732595365,3483,3483,0.998,0.986575,572.9,833.9,262.7,235.6,573.32,837.86,261.66,231.05,-0.011425000000000018
58,0.9871375094730969,19861,19861,0.992,0.99077,91.1,826.2,227.8,175.9,92.38,826.46,227.19,175.13,-0.0012299999999999534
58,0.9557041795327841,34597,34597,0.99,0.974313,41.5,46.7,388.6,469.8,39.82,58.67,386.35,460.27,-0.015687000000000006
60,0.9631203959700326,3483,3483,0.999,0.96732,147.7,219.1,249.7,224.1,148.5,220.45,247.88,217.42,-0.03168000000000004
60,0.9586408086094454,19861,19861,0.994,0.985094,637.4,277.6,221.3,169.2,641.74,279.35,218.04,168.7,-0.00890599999999997
60,0.9770942061663453,35206,35206,0.988,0.949377,107.8,773.7,304.3,390.2,104.16,772.35,306.09,392.24,-0.03862299999999996
60,0.9639716133206461,34597,34597,0.987,0.996648,546.6,693.0,413.9,483.8,543.46,691.72,408.5,487.91,0.00964799999999999
62,0.9819637132476448,36637,36637,0.997,0.98022,543.0,648.4,203.7,254.7,541.52,650.92,205.03,252.27,-0.016780000000000017
62,0.986697216440985,18147,18147,0.988,0.951702,92.2,547.2,286.0,419.4,91.75,549.3,284.88,417.85,-0.03629799999999994
62,0.9851013014474227,3351,3351,0.975,0.987742,324.6,156.5,186.3,187.5,325.05,155.54,185.09,189.11,0.012742000000000031
64,0.972681760263376,3351,3351,0.99,0.976047,396.5,887.9,191.2,191.4,396.79,886.87,188.41,190.96,-0.013952999999999993
64,0.9843534877496446,29667,29667,0.985,0.980619,154.3,278.2,226.2,223.8,153.22,278.54,229.4,223.51,-0.004380999999999968
64,0.9869713170731965,20014,20014,0.966,0.987483,591.2,267.3,338.3,318.2,589.45,265.86,339.73,320.44,0.02148300000000003
65,0.9758063514315934,29667,29667,0.996,0.997253,558.8,728.2,232.9,233.2,556.73,728.11,233.39,231.31,0.0012529999999999486
65,0.987765296616418,3351,3351,0.991,0.987523,350.0,154.0,184.6,187.5,350.54,154.29,184.81,186.5,-0.0034769999999999524
65,0.9833681542063455,20014,20014,0.968,0.993155,1.9,632.7,338.9,344.1,0.0,635.03,339.52,341.55,0.02515500000000004
66,0.9764061831373457,29667,29667,0.989,0.989548,597.3,819.8,231.0,223.7,595.49,819.09,230.46,223.8,0.0005479999999999929
66,0.9838366377384233,20014,20014,0.975,0.997516,35.8,717.3,342.7,338.1,33.5,718.5,345.0,338.96,0.02251599999999998
66,0.9904565559377914,3351,3351,0.947,0.987354,393.5,211.5,184.0,182.9,393.65,211.53,182.63,183.23,0.040354
68,0.9728596433024712,3483,3483,0.998,0.940857,170.1,280.8,260.0,213.7,168.33,279.1,262.7,213.41,-0.057142999999999944
68,0.972677094079585,27777,27777,0.992,0.87738,637.9,294.4,175.0,195.6,637.12,291.65,176.62,199.25,-0.11461999999999994
68,0.9895012427848326,16232,16232,0.992,0.985904,153.2,828.0,191.4,191.8,152.77,828.08,191.81,193.22,-0.00609599999999999
68,0.9732912779564392,30308,30308,0.986,0.992038,510.5,768.9,444.2,370.8,507.72,767.04,442.62,374.93,0.006037999999999988
70,0.9716272125614462,29451,29451,0.989,0.968651,45.3,232.1,404.7,227.8,45.57,234.78,403.8,221.83,-0.02034899999999995
70,0.9599015412318032,1900,1900,0.981,0.993223,632.2,898.0,210.1,158.1,631.61,901.1,208.44,156.22,0.012222999999999984
70,0.9556193791538464,16551,16551,0.967,0.539717,46.7,707.0,305.7,499.4,52.66,704.77,293.65,502.1,-0.42728299999999997
72,0.9671168479036628,1900,1900,0.988,0.988051,155.2,224.4,205.9,151.3,159.18,225.19,201.9,151.84,5.100000000002325e-05
72,0.9626068508386975,29451,29451,0.984,0.993504,549.2,840.0,414.1,227.0,549.09,843.23,412.02,219.73,0.009504000000000068
72,0.9649623232763045,16551,16551,0.975,0.698027,642.6,48.3,294.3,480.4,644.9,50.23,287.35,474.78,-0.276973
73,0.9811752011637611,3544,3544,0.98,0.749203,73.1,200.6,202.4,198.9,71.74,198.71,203.26,200.71,-0.23079700000000003
73,0.9355602798477086,16551,16551,0.969,0.727711,523.9,72.1,352.7,421.9,528.9,75.87,358.42,424.02,-0.24128899999999998
75,0.9827818488402831,3544,3544,0.974,0.962518,88.3,209.9,206.6,201.6,88.42,207.67,206.07,203.06,-0.011481999999999992
75,0.9820275753880084,16551,16551,0.974,0.776791,552.3,80.6,362.2,435.1,551.57,81.55,366.39,432.19,-0.19720899999999997
79,0.9743055734034161,19232,19232,0.994,0.980384,503.4,236.9,328.8,253.8,500.7,236.7,328.38,255.94,-0.013615999999999961
79,0.985615127126241,3351,3351,0.988,0.987798,387.6,846.6,189.1,189.6,388.11,845.46,187.72,190.51,-0.00020200000000003548
79,0.98857047114257,16262,16262,0.978,0.984439,127.5,297.9,242.8,234.7,127.7,297.87,244.59,235.29,0.0064389999999999725
80,0.9836305706541648,19232,19232,0.989,0.980505,95.3,696.7,340.6,267.8,95.43,697.59,337.91,268.33,-0.00849500000000003
80,0.9835237831284837,3351,3351,0.984,0.984891,359.6,194.2,184.7,188.9,361.06,193.9,182.15,189.42,0.0008909999999999751
80,0.9607354772887102,16262,16262,0.967,0.989831,570.4,696.1,245.5,242.4,566.26,695.0,251.62,246.17,0.022831000000000046
82,0.9333848528691144,2483,2483,0.985,0.97076,629.9,100.1,196.7,469.8,625.39,89.15,205.16,478.9,-0.01424000000000003
82,0.9427134034691436,22362,22362,0.985,0.994245,609.6,737.0,271.6,416.6,606.99,723.29,270.98,428.02,0.009245000000000059
82,0.9721902080201412,3743,3743,0.983,0.951048,125.4,837.8,327.8,332.5,120.58,835.45,330.48,334.87,-0.03195199999999998
82,0.9589322997267822,19552,19552,0.956,0.588114,115.9,140.5,323.2,500.5,118.01,129.08,324.63,512.99,-0.36788599999999994
83,0.940453556938266,2483,2483,0.99,0.985532,93.7,659.7,204.7,492.1,85.83,664.55,215.53,487.03,-0.0044680000000000275
83,0.9500772105106403,22362,22362,0.987,0.99851,80.4,116.1,260.0,392.7,88.44,113.86,248.82,395.69,0.01151000000000002
83,0.9604740224626969,3743,3743,0.984,0.912544,494.5,128.2,309.7,300.1,489.61,128.82,310.61,302.44,-0.07145599999999996
83,0.9687360764796095,19552,19552,0.976,0.873063,505.4,599.6,319.0,484.2,505.62,596.33,326.0,488.43,-0.10293699999999995
85,0.9683762265626614,1900,1900,0.995,0.984714,160.9,258.2,127.6,198.0,162.9,256.0,125.93,199.63,-0.010286000000000017
85,0.9845537439204644,16548,16548,0.995,0.954634,570.9,250.1,231.5,227.2,569.6,252.05,232.89,225.48,-0.04036600000000001
85,0.9599918658317507,21771,21771,0.982,0.44854,149.0,850.9,194.0,192.4,147.96,849.14,196.26,190.28,-0.53346
85,0.9893070475796907,29345,29345,0.982,0.988014,587.1,675.8,287.2,449.3,585.95,676.48,288.15,450.67,0.006013999999999964
86,0.9845166213690355,21771,21771,0.993,0.899566,619.9,251.4,185.6,179.8,617.81,251.24,188.31,179.92,-0.09343400000000002
86,0.9922155027645947,16548,16548,0.992,0.925051,151.3,769.3,239.7,236.7,152.26,769.08,239.39,236.88,-0.06694900000000004
86,0.9863257397316084,29345,29345,0.981,0.980411,115.7,154.0,272.4,415.2,115.85,156.9,271.17,411.38,-0.0005889999999999507
86,0.9679304299684707,1900,1900,0.959,0.985063,682.5,809.1,133.1,205.0,683.21,806.94,133.22,209.38,0.02606300000000006
88,0.9632939611540514,1900,1900,0.983,0.996306,128.1,231.5,206.6,137.1,133.16,230.62,202.74,138.06,0.01330600000000004
89,0.9693241388262441,1900,1900,0.991,0.996589,114.7,225.3,201.0,139.1,113.31,223.52,202.29,139.34,0.005588999999999955
90,0.9589350937767126,1900,1900,0.993,0.998051,654.9,899.9,211.6,152.1,657.89,902.41,210.3,150.09,0.005051000000000028
90,0.9672141984273119,16551,16551,0.965,0.821228,87.5,706.0,294.0,498.9,86.09,711.05,291.61,491.17,-0.143772
91,0.9659334517895652,19607,19607,0.995,0.880467,689.0,299.4,157.8,148.8,687.98,300.84,156.71,148.13,-0.114533
91,0.9884759749462444,16548,16548,0.994,0.97733,123.6,865.6,241.6,237.8,123.13,865.63,240.31,238.3,-0.016669999999999963
91,0.973206632697283,27926,27926,0.993,0.993107,149.3,145.0,255.0,452.5,145.57,141.22,258.97,457.83,0.00010699999999996823
91,0.9558601722409141,1900,1900,0.982,0.997358,629.3,891.1,210.5,138.4,632.25,895.01,208.0,134.45,0.015357999999999983
95,0.9831567650822188,29667,29667,0.989,0.943627,63.0,743.1,227.9,232.0,59.81,742.7,231.07,232.1,-0.045373
95,0.9662655798705556,3351,3351,0.989,0.972955,337.2,184.0,183.1,184.3,337.83,183.12,184.32,188.19,-0.016044999999999976
95,0.9914999663745083,32310,32310,0.966,0.976402,497.2,718.6,384.9,239.3,496.74,718.79,386.81,239.78,0.010402000000000022
97,0.9842552631578941,19607,19607,0.995,0.982205,667.8,252.4,154.5,152.0,669.02,252.63,152.66,151.41,-0.012795
97,0.9748225414266816,1900,1900,0.99,0.971098,687.1,808.2,131.0,204.9,687.57,805.68,130.62,209.31,-0.018901999999999974
97,0.9785927477963562,16548,16548,0.988,0.874734,98.6,820.4,243.8,238.4,100.46,821.55,239.97,237.02,-0.11326599999999998
97,0.9759087266847043,29345,29345,0.961,0.977116,116.7,167.2,307.4,399.8,116.98,168.46,303.14,401.5,0.01611600000000002
100,0.9802595495598129,1900,1900,0.995,0.993777,134.0,244.2,190.5,161.2,135.34,244.76,190.29,161.21,-0.001222999999999974
100,0.9840328613204853,16548,16548,0.99,0.96704,586.2,130.8,232.6,225.9,584.84,130.93,231.97,225.52,-0.02295999999999998
100,0.9706681998540128,33009,33009,0.986,0.998361,517.7,791.5,383.8,211.6,520.26,793.54,380.95,206.93,0.012361000000000066
102,0.9704738159200162,1900,1900,0.996,0.98684,151.8,253.9,193.1,162.2,148.58,253.62,197.78,163.18,-0.009159999999999946
102,0.9739285967708377,16548,16548,0.988,0.938393,613.9,135.8,239.3,227.6,615.55,134.12,235.52,228.54,-0.04960699999999996
102,0.9652402207432773,33009,33009,0.976,0.998308,547.5,836.4,374.7,200.7,550.98,838.59,369.5,196.45,0.022307999999999995
104,0.968118877827182,3351,3351,0.993,0.967147,325.0,205.4,181.7,185.8,325.05,201.13,183.05,190.4,-0.025853000000000015
104,0.9716125050588114,18357,18357,0.985,0.98451,108.3,610.4,248.2,367.3,106.0,608.37,251.96,372.39,-0.0004899999999999904
104,0.982095123402859,21325,21325,0.978,0.933275,617.1,761.1,174.4,230.7,616.77,759.6,175.97,231.59,-0.044725000000000015
108,0.9634017141691418,22362,22362,0.986,0.983532,587.0,745.0,255.0,406.0,590.3,735.26,251.9,415.77,-0.0024680000000000257
108,0.9581412286844231,2483,2483,0.986,0.991998,603.5,83.5,247.1,475.2,600.22,81.57,244.25,476.89,0.005998000000000059
108,0.9539251107827363,12778,12778,0.977,0.996652,103.9,46.0,297.0,522.5,106.48,30.3,292.0,538.79,0.019652000000000003
108,0.9912395849362046,25438,25438,0.975,0.946562,143.8,846.0,254.2,252.6,143.4,846.24,253.53,251.84,-0.028437999999999963
109,0.9640065473986663,3483,3483,0.998,0.977207,146.6,218.7,251.0,224.9,147.12,220.27,249.67,217.96,-0.02079299999999995
109,0.9533321668799514,19861,19861,0.994,0.988703,637.9,277.4,220.7,169.0,642.54,279.27,216.88,169.17,-0.005296999999999996
109,0.9776961614192332,35206,35206,0.987,0.949449,107.9,774.4,304.1,389.4,105.1,772.92,305.03,392.24,-0.037551
109,0.9840538043102735,25367,25367,0.985,0.994676,581.1,719.5,386.2,493.9,579.37,720.41,384.89,493.92,0.009676000000000018
110,0.9871215644040207,3483,3483,0.997,0.983058,600.5,868.2,258.3,230.6,600.78,869.6,257.34,229.93,-0.01394200000000001
110,0.976541700044038,19861,19861,0.993,0.957235,127.5,864.8,220.1,167.2,129.32,864.48,219.55,168.84,-0.03576500000000005
110,0.953164801452596,25367,25367,0.986,0.989441,40.4,47.7,388.1,481.8,47.72,56.05,377.38,472.28,0.0034410000000000274
110,0.9856287830141307,35206,35206,0.975,0.72325,583.5,97.6,288.1,375.6,584.88,96.38,288.01,377.57,-0.25175000000000003
112,0.9826859585623217,3544,3544,0.975,0.948541,128.0,235.6,205.5,200.1,126.9,233.7,206.53,201.53,-0.02645900000000001
112,0.9530115209947551,16551,16551,0.969,0.723012,157.4,585.4,303.7,470.8,157.94,590.99,312.06,467.98,-0.24598799999999998
112,0.9766749058865378,33009,33009,0.962,0.998486,560.4,811.1,369.8,207.9,557.43,808.22,372.24,210.69,0.03648600000000002
113,0.9881064781556111,3544,3544,0.99,0.974028,657.8,833.6,214.0,211.0,657.75,833.22,214.18,209.42,-0.015971999999999986
113,0.9819059159023095,33009,33009,0.981,0.995898,74.9,270.1,362.5,220.8,76.9,270.87,361.98,218.89,0.014897999999999967
113,0.9685718593347996,16551,16551,0.97,0.863594,531.5,228.6,307.0,456.2,530.21,224.02,304.85,457.77,-0.106406
114,0.9819778557011171,3544,3544,0.983,0.947324,110.2,225.2,201.9,199.0,110.26,223.24,202.44,199.94,-0.03567599999999993
114,0.9660729568794131,33009,33009,0.979,0.988917,531.7,766.0,376.8,221.2,527.25,767.25,384.76,221.74,0.009917000000000065
114,0.9612198274149597,16551,16551,0.973,0.776252,124.0,535.3,309.7,475.9,127.67,533.41,312.37,479.46,-0.19674799999999992
115,0.9800064931023348,3483,3483,0.995,0.978035,125.6,308.1,267.8,200.6,126.01,305.29,267.03,202.72,-0.016965000000000008
115,0.9678815018855933,27733,27733,0.982,0.759337,561.8,256.4,298.6,263.5,560.53,257.53,298.94,267.98,-0.22266299999999994
115,0.9813301689545868,25367,25367,0.979,0.993203,496.6,644.3,420.5,466.3,495.42,648.55,420.23,460.45,0.014202999999999966
118,0.9661089579451514,16688,16688,0.99,0.985488,422.7,83.7,430.8,515.6,422.18,81.17,440.42,522.03,-0.0045119999999999605
118,0.9846664667965832,3351,3351,0.986,0.993016,457.3,847.0,189.0,190.6,458.29,847.37,187.38,189.3,0.007016000000000022
118,0.9823301812398672,13900,13900,0.985,0.997395,61.1,310.6,231.5,212.9,61.0,309.01,231.55,216.59,0.012395000000000045
119,0.9845713464252509,13900,13900,0.995,0.992655,650.4,706.1,227.5,222.2,650.74,705.48,227.13,225.32,-0.0023450000000000415
119,0.987051825998619,3351,3351,0.987,0.992463,292.7,192.5,185.6,189.1,293.99,192.52,183.84,189.73,0.005462999999999996
119,0.9872092199154902,16688,16688,0.975,0.990152,74.1,579.8,459.7,568.1,72.63,578.84,459.89,572.04,0.015152000000000054
120,0.965948883275159,13900,13900,0.988,0.968315,688.2,795.6,229.6,218.1,686.02,797.56,230.25,218.25,-0.019684999999999953
120,0.9832824783145103,3351,3351,0.983,0.986007,334.2,254.4,183.7,183.2,335.01,255.06,181.78,182.04,0.003006999999999982
120,0.9717139555279228,16688,16688,0.971,0.988534,114.5,676.7,455.1,577.8,117.45,676.83,457.68,583.45,0.01753400000000005
122,0.9768896535972322,29667,29667,0.993,0.906529,591.1,168.8,218.3,216.9,589.14,167.13,220.41,217.24,-0.08647099999999996
122,0.98983608011674,3483,3483,0.991,0.985453,573.6,811.6,278.9,191.8,573.74,811.31,280.59,192.41,-0.005546999999999969
122,0.9749144526803832,25367,25367,0.981,0.987381,55.5,90.3,367.9,474.5,59.61,96.27,363.4,468.74,0.00638099999999997
122,0.972510893630219,25469,25469,0.972,0.99349,47.2,788.4,343.7,299.9,48.25,788.89,350.32,299.06,0.02149000000000001
124,0.9742409355948621,1900,1900,0.986,0.986952,174.3,279.9,201.0,142.0,175.18,279.91,198.01,143.59,0.0009520000000000639
124,0.9570088535265592,16551,16551,0.96,0.99196,3.6,765.6,366.5,453.2,0.95,771.6,373.05,453.19,0.03195999999999999
125,0.9644048355039816,21771,21771,0.995,0.945104,117.5,202.9,187.2,184.8,116.02,202.65,192.89,184.11,-0.04989599999999994
125,0.9742615623421859,1900,1900,0.986,0.988253,623.2,888.6,205.2,140.1,623.83,889.32,208.24,139.35,0.0022530000000000605
125,0.9608914673869059,16551,16551,0.953,0.60987,623.7,33.8,352.3,437.9,619.75,33.55,350.07,442.85,-0.34312999999999994
126,0.9377394457310775,1900,1900,0.985,0.988796,598.0,856.4,207.6,144.9,589.69,859.41,215.22,142.11,0.0037960000000000216
126,0.9754057468778936,21771,21771,0.984,0.860525,100.4,197.3,186.4,181.6,100.62,195.61,187.25,181.7,-0.123475
126,0.9616396101827335,16551,16551,0.981,0.730398,594.8,25.8,347.6,430.7,598.94,22.28,340.09,438.37,-0.250602
127,0.9422780971554802,22362,22362,0.985,0.976005,620.5,782.8,256.7,421.2,621.98,768.09,252.4,432.22,-0.008994999999999975
127,0.951882462399358,2483,2483,0.985,0.989255,639.4,118.5,202.1,469.4,640.46,110.47,206.25,476.6,0.004255000000000009
128,0.9659334916538568,2483,2483,0.994,0.952006,650.7,75.4,196.9,493.1,646.0,77.48,202.74,490.35,-0.041993999999999976
128,0.955106779232614,22362,22362,0.984,0.993505,606.7,781.7,255.9,405.6,606.41,769.29,253.4,416.38,0.009504999999999986
129,0.9545837930015793,2483,2483,0.996,0.986689,80.8,642.4,206.8,490.9,78.3,644.64,214.76,486.48,-0.009310999999999958
129,0.9432480083629713,22362,22362,0.962,0.996489,80.1,72.8,253.4,394.8,87.47,70.29,241.1,396.27,0.03448899999999999
130,0.9812974951599828,3483,3483,0.998,0.930557,171.6,280.2,259.9,214.5,171.21,278.62,260.52,214.12,-0.06744300000000003
130,0.9765931089909399,36637,36637,0.997,0.98174,128.2,828.6,193.4,254.6,128.81,828.68,195.13,256.62,-0.015260000000000051
130,0.9898719449189386,30308,30308,0.992,0.992174,509.6,766.0,462.8,313.4,506.64,765.17,465.65,314.52,0.00017400000000000748
130,0.9797773453515529,27777,27777,0.99,0.881131,638.7,294.3,174.2,195.6,638.63,292.24,174.96,198.77,-0.108869
132,0.9746884763400938,36637,36637,0.996,0.985157,667.3,179.8,184.7,247.2,664.8,181.49,187.04,246.64,-0.010843000000000047
132,0.9720841151638753,3483,3483,0.994,0.981755,564.7,812.1,264.2,217.2,564.13,813.16,267.02,218.95,-0.01224499999999995
132,0.981142944504111,30308,30308,0.984,0.996105,28.4,179.2,459.5,308.5,29.72,177.84,461.7,311.15,0.012105000000000032
134,0.9871966850068792,3483,3483,0.991,0.992655,562.9,810.7,283.4,175.7,562.23,811.69,285.29,174.82,0.001654999999999962
134,0.9671811398167306,35206,35206,0.983,0.996082,649.3,144.6,199.7,398.3,647.56,141.53,204.49,400.56,0.013082000000000038
134,0.9789915277520557,31885,31885,0.979,0.998904,41.9,3.5,353.0,523.4,42.44,6.45,355.39,517.4,0.019904000000000033
135,0.9690373275766009,3483,3483,0.998,0.979632,591.2,845.0,281.4,169.4,589.26,846.08,287.0,169.25,-0.01836800000000005
135,0.9774457552222919,35206,35206,0.981,0.958682,679.5,154.8,203.2,407.0,680.09,154.51,204.76,403.74,-0.02231799999999995
135,0.9791683127217752,31885,31885,0.978,0.998333,53.4,23.5,370.3,526.7,55.81,25.76,366.75,520.72,0.020333000000000045
136,0.9494433434273002,1900,1900,0.995,0.996441,653.6,849.7,208.6,161.5,655.17,852.39,204.85,161.62,0.0014410000000000256
136,0.9681178118885557,16551,16551,0.95,0.983706,77.6,651.9,318.0,484.4,80.98,651.29,312.16,491.29,0.033706000000000014
139,0.989326230133297,3483,3483,0.994,0.983923,574.4,811.6,278.7,191.4,573.78,811.68,280.71,191.92,-0.010077000000000003
139,0.9753083336480046,31885,31885,0.986,0.999114,10.5,47.7,394.9,501.9,15.61,43.06,389.57,505.37,0.013113999999999959
139,0.9931222881404067,35206,35206,0.98,0.996308,583.1,112.8,224.1,390.5,583.28,111.0,224.04,392.68,0.01630799999999999
139,0.9681905668795155,25469,25469,0.964,0.993316,49.2,788.6,341.5,300.7,50.16,790.21,348.86,299.15,0.02931600000000001
140,0.9668731074635987,3483,3483,0.998,0.988005,602.8,846.4,276.6,185.4,600.77,847.44,280.26,187.16,-0.009994999999999976
140,0.9939909898398476,31885,31885,0.983,0.992944,22.4,69.3,413.8,505.9,21.48,70.06,414.46,505.99,0.009944000000000064
140,0.9774817963728153,35206,35206,0.979,0.992709,610.6,120.3,232.2,400.2,612.47,119.51,232.11,398.94,0.013708999999999971
140,0.9722641766954248,25469,25469,0.978,0.98937,89.2,829.5,333.1,300.8,89.88,831.39,337.3,300.52,0.011369999999999991
142,0.9846773487422164,16548,16548,0.995,0.954251,593.2,155.1,230.6,226.3,591.69,155.86,233.06,225.88,-0.040749000000000035
142,0.9390964471519195,1900,1900,0.985,0.934256,583.8,867.2,208.2,143.7,587.11,869.41,208.55,143.57,-0.05074400000000001
143,0.9906391749984045,16548,16548,0.996,0.968505,621.3,162.0,237.7,226.0,620.32,162.28,239.63,225.74,-0.027495000000000047
143,0.9325202069853138,1900,1900,0.971,0.981167,609.8,900.1,206.9,137.0,613.96,903.15,204.24,136.77,0.010167000000000037
146,0.9748925798798126,3483,3483,0.998,0.941062,169.5,280.6,261.0,215.2,168.84,278.71,262.0,214.33,-0.056938000000000044
146,0.9889836923933454,16232,16232,0.993,0.9842,152.7,827.6,191.6,192.2,152.68,827.55,191.46,194.16,-0.00880000000000003
146,0.9802841503617208,31885,31885,0.983,0.598366,550.5,671.6,408.8,526.7,550.13,669.88,412.72,532.19,-0.38463400000000003
148,0.9710714425484275,19232,19232,0.996,0.973825,502.6,236.1,330.9,255.1,501.27,235.95,326.71,257.32,-0.022174999999999945
148,0.9837329561710216,20238,20238,0.995,0.981845,120.4,298.7,226.5,220.7,120.45,297.98,228.9,221.9,-0.013155000000000028
148,0.9836434199622835,3351,3351,0.992,0.987649,402.1,849.8,189.4,191.4,402.78,851.08,188.17,189.5,-0.004350999999999994
149,0.9884343064723038,20238,20238,0.995,0.990365,594.1,711.3,230.1,227.8,593.83,710.12,231.32,229.25,-0.004634999999999945
149,0.9824528796306972,19232,19232,0.988,0.981794,95.1,697.3,341.4,267.4,94.98,697.77,337.48,267.93,-0.006206000000000045
149,0.9818157651488546,3351,3351,0.971,0.965707,346.8,190.6,183.2,187.5,346.81,188.96,184.75,189.35,-0.005292999999999992
150,0.974537244135167,20238,20238,0.992,0.992798,634.6,802.1,224.4,221.7,632.3,801.29,228.47,223.44,0.0007979999999999654
150,0.980596609123819,19232,19232,0.989,0.985356,139.9,801.5,333.1,263.4,138.52,800.57,332.04,265.56,-0.0036439999999999806
150,0.9837305149230753,3351,3351,0.975,0.965436,389.7,252.2,182.7,181.6,389.53,250.93,183.12,184.18,-0.009564000000000017
151,0.9762129499412255,16548,16548,0.995,0.960352,98.2,820.0,241.2,235.3,98.01,818.21,238.67,238.16,-0.03464800000000001
151,0.985292672042731,33208,33208,0.991,0.988287,182.4,266.6,207.2,197.2,183.63,266.75,205.5,198.21,-0.0027129999999999654
151,0.9568478248395539,1900,1900,0.99,0.977325,647.3,844.9,184.8,187.7,642.78,848.35,189.5,184.08,-0.012674999999999992
151,0.9778754528343618,29451,29451,0.985,0.963979,511.7,242.9,406.0,219.1,505.13,242.44,412.94,218.82,-0.021020999999999956
152,0.9822461382003628,33208,33208,0.993,0.990309,581.7,811.0,214.4,203.7,582.68,810.36,214.57,205.34,-0.002690999999999999
152,0.9745910173643186,29451,29451,0.992,0.959236,36.4,799.3,421.4,227.7,35.58,802.53,423.64,223.07,-0.032764000000000015
152,0.9774156022874706,1900,1900,0.992,0.995595,147.4,239.1,180.4,182.8,146.55,241.3,182.3,180.53,0.003595000000000015
152,0.9711502960060547,16548,16548,0.991,0.961213,619.9,205.1,232.5,224.3,618.57,203.45,230.17,225.84,-0.029787000000000008
153,0.9517467956564443,1900,1900,0.997,0.993474,169.6,245.9,178.9,181.8,166.31,248.39,185.06,178.89,-0.003526000000000029
153,0.9784124566955831,29451,29451,0.995,0.983007,71.9,842.0,416.3,219.1,70.63,843.05,420.33,216.42,-0.011993000000000031
153,0.9869663019997319,16548,16548,0.993,0.988456,648.9,212.1,238.4,227.1,648.5,212.16,236.16,227.05,-0.0045439999999999925
153,0.9747293649904192,33208,33208,0.987,0.991005,609.7,844.0,211.1,199.4,609.8,842.21,213.67,201.92,0.004005000000000036
154,0.938397262121692,2483,2483,0.994,0.973994,616.6,47.9,255.3,477.5,612.67,55.25,251.33,469.39,-0.020005999999999968
155,0.9788866250924173,2483,2483,0.985,0.982438,68.1,689.0,256.1,474.5,70.96,692.81,253.08,471.37,-0.002561999999999953
156,0.9247710425446939,2483,2483,0.991,0.982486,606.9,86.3,259.6,460.0,603.19,94.28,252.59,449.92,-0.008514000000000022
157,0.9792057075436279,3483,3483,0.998,0.986013,537.3,779.6,266.8,224.2,535.05,781.09,270.62,222.76,-0.01198699999999997
157,0.9708504501456358,25367,25367,0.973,0.990303,105.2,81.5,393.7,460.4,109.77,84.38,393.54,457.26,0.01730300000000007
157,0.9719038216901078,16262,16262,0.968,0.912709,574.6,186.8,238.5,228.6,573.22,187.02,243.29,230.14,-0.05529099999999998
159,0.977160313513919,3483,3483,0.996,0.981072,564.4,815.1,264.9,216.7,564.25,815.45,267.01,219.31,-0.014927999999999941
159,0.9746704800309447,16262,16262,0.985,0.953236,603.5,194.0,243.5,229.1,602.08,194.01,248.3,230.49,-0.031764000000000014
159,0.972825005069021,25367,25367,0.978,0.978575,122.0,96.0,403.8,466.4,125.35,99.69,404.89,462.51,0.0005749999999999922
160,0.9627566451686229,4543,4543,0.993,0.99193,144.7,914.4,215.6,213.3,142.38,915.79,214.03,212.47,-0.0010700000000000154
160,0.9855704377987126,3544,3544,0.981,0.976668,626.2,889.7,213.7,209.9,626.43,887.6,213.63,211.42,-0.0043320000000000025
162,0.9853842172956078,4543,4543,0.989,0.998218,626.8,144.0,209.1,204.0,626.44,144.41,209.88,201.76,0.00921800000000006
162,0.9642270303828289,16551,16551,0.977,0.832272,129.7,537.3,287.3,475.2,129.6,536.3,297.04,476.67,-0.14472799999999997
162,0.9877396798035616,3544,3544,0.95,0.950873,158.4,178.6,206.5,200.3,158.38,177.06,205.61,201.88,0.0008730000000000127
163,0.9715536194690956,3483,3483,0.991,0.979262,566.2,812.0,264.0,216.5,565.82,812.94,267.55,218.0,-0.011738000000000026
163,0.9918391334602312,16232,16232,0.987,0.959113,645.0,250.6,186.3,181.3,644.26,250.38,186.98,181.03,-0.027886999999999995
163,0.9731501928503548,28763,28763,0.985,0.989189,128.0,174.2,209.5,200.8,127.7,174.34,214.61,201.15,0.004188999999999998
164,0.9681802926458067,3483,3483,0.998,0.957067,170.8,280.8,259.2,214.5,169.07,278.99,262.05,213.51,-0.040933
164,0.9903906539659751,16232,16232,0.994,0.979471,152.3,827.5,191.7,192.0,152.3,827.79,191.71,193.27,-0.014529000000000014
164,0.9777116322031595,27777,27777,0.992,0.893974,637.5,293.8,175.4,195.7,636.79,291.54,176.53,198.88,-0.09802599999999995
164,0.9732820960812011,28763,28763,0.978,0.995353,649.8,891.3,224.3,213.8,653.85,889.59,220.03,215.52,0.017353000000000063
165,0.9903760898875106,16232,16232,0.998,0.972554,616.4,239.3,183.2,181.2,615.42,238.87,184.35,181.44,-0.02544599999999997
165,0.9853575587809907,3483,3483,0.995,0.984999,538.9,777.6,266.2,223.3,536.47,777.66,269.69,222.91,-0.010001000000000038
165,0.9810176678424648,28763,28763,0.984,0.984897,111.1,169.2,206.0,196.2,109.9,168.84,208.9,197.22,0.0008970000000000367
170,0.9559603615466233,2483,2483,0.996,0.989673,621.1,67.0,232.9,470.0,617.84,74.41,233.83,460.06,-0.0063269999999999715
170,0.9761498009435177,12081,12081,0.994,0.993146,649.7,691.7,244.9,468.4,650.77,694.41,243.7,459.48,-0.0008540000000000214
172,0.9710613934312471,3483,3483,0.997,0.984424,589.4,844.3,282.0,170.0,588.29,846.06,283.91,170.34,-0.012576000000000032
172,0.9820320673504583,29667,29667,0.983,0.963616,632.9,181.5,222.9,213.1,631.68,182.26,226.17,212.33,-0.019383999999999957
173,0.989197928271382,3483,3483,0.991,0.992284,561.5,810.7,284.2,175.5,561.62,811.11,285.24,175.8,0.0012840000000000629
173,0.9469995805890389,25367,25367,0.979,0.674881,98.6,47.1,330.2,495.2,105.22,60.56,321.71,481.33,-0.30411900000000003
173,0.9700717132746238,29667,29667,0.962,0.976116,603.8,177.1,216.7,213.1,603.12,176.31,222.0,214.43,0.014116000000000017
174,0.969922725999824,29667,29667,0.995,0.912383,127.4,865.3,226.9,226.1,123.94,863.02,230.17,227.34,-0.08261699999999994
174,0.9532235007808301,3483,3483,0.991,0.971125,133.5,292.2,276.9,170.3,134.08,287.74,275.18,172.06,-0.019874999999999976
174,0.9588190872048195,25367,25367,0.982,0.320062,548.9,683.9,344.0,518.8,550.86,684.11,335.94,509.37,-0.6619379999999999
175,0.9892517525503096,3483,3483,0.998,0.987244,594.0,872.2,257.2,231.5,594.0,874.23,257.0,229.19,-0.010755999999999988
175,0.9829830514096244,19861,19861,0.995,0.96141,120.7,864.2,220.4,167.6,120.51,863.72,221.48,169.67,-0.03359000000000001
175,0.9811505586672207,29667,29667,0.992,0.963573,639.9,203.9,223.7,215.5,638.2,204.7,226.24,213.82,-0.02842699999999998
175,0.9662178613418839,30308,30308,0.966,0.97068,120.2,96.4,281.6,473.5,125.38,96.49,279.8,471.65,0.0046800000000000175
176,0.9634080484155839,3483,3483,0.998,0.979284,153.9,216.1,251.0,224.1,156.47,215.99,247.51,219.16,-0.018715999999999955
176,0.9557134598974745,19861,19861,0.992,0.986818,643.2,277.6,221.9,169.8,647.05,279.47,219.61,169.63,-0.00518200000000002
176,0.9753470435703566,29667,29667,0.989,0.974325,118.9,840.6,231.3,225.8,116.51,839.67,231.51,226.47,-0.014674999999999994
176,0.9820926432616515,30308,30308,0.947,0.987888,594.8,677.6,285.3,483.5,592.95,677.34,284.63,482.69,0.040888000000000035
179,0.9714846586554418,3483,3483,0.998,0.956602,172.0,278.2,258.6,215.2,170.9,276.18,260.7,214.74,-0.041398000000000046
179,0.971890029110497,22347,22347,0.996,0.982517,645.0,835.2,215.0,205.7,645.09,833.31,210.99,207.74,-0.013483000000000023
179,0.9940231481341265,20238,20238,0.996,0.995061,151.6,850.7,231.8,225.4,151.89,851.6,231.41,224.57,-0.0009390000000000231
179,0.9761181439006159,27777,27777,0.99,0.892948,639.5,293.6,174.2,194.4,639.67,291.07,174.65,198.26,-0.09705200000000003
180,0.9659469864138001,20238,20238,0.998,0.975949,575.8,191.1,220.8,212.6,576.84,189.08,224.2,214.75,-0.022051000000000043
180,0.9769944810720752,3483,3483,0.996,0.985069,538.6,780.0,265.5,223.7,535.76,781.53,269.62,222.42,-0.010931000000000024
180,0.9734228541716637,22347,22347,0.991,0.988233,125.1,230.1,201.7,193.4,124.71,227.01,202.9,195.49,-0.002766999999999964
180,0.9703591502045058,27777,27777,0.989,0.254071,144.2,776.3,178.4,206.6,145.14,776.22,180.11,208.7,-0.7349289999999999
183,0.9788555183010936,3544,3544,0.994,0.984912,642.0,877.3,214.3,211.8,640.46,875.81,216.74,212.64,-0.009087999999999985
183,0.9676601509588146,16551,16551,0.976,0.642634,23.9,697.6,400.1,411.9,21.25,698.39,401.01,419.47,-0.33336599999999994
185,0.9609034360390556,4543,4543,0.988,0.998772,596.1,142.8,205.1,201.2,599.99,143.86,199.15,199.11,0.010772000000000004
185,0.9703071111821652,3544,3544,0.988,0.747875,142.7,172.9,200.6,198.9,140.9,171.67,203.42,198.12,-0.24012500000000003
185,0.9873349832436888,16548,16548,0.983,0.9756,133.7,738.7,238.5,233.9,133.37,737.77,237.86,234.05,-0.007399999999999962
186,0.9847664537063447,4543,4543,0.99,0.998624,626.5,143.4,209.6,204.9,626.39,144.09,210.18,202.33,0.008623999999999965
186,0.988817125418273,16548,16548,0.987,0.9547,167.0,782.0,234.8,227.4,167.49,781.1,233.21,228.18,-0.032299999999999995
186,0.9913230330948036,3544,3544,0.974,0.972321,158.1,179.3,206.8,201.0,158.12,178.02,206.37,202.22,-0.001678999999999986
189,0.9645255470028008,2483,2483,0.99,0.991502,640.2,119.5,203.2,470.8,640.26,113.8,207.27,474.74,0.0015020000000000033
189,0.9361165925708825,22362,22362,0.988,0.993702,620.1,782.1,257.9,421.9,621.34,765.44,252.6,435.49,0.005701999999999985
189,0.9805560181331673,12778,12778,0.973,0.995206,86.1,127.9,296.5,531.0,85.66,122.64,297.18,532.29,0.02220600000000006
191,0.9768522465148837,4543,4543,0.996,0.997021,639.4,151.6,202.3,198.9,638.64,153.46,202.41,198.46,0.0010210000000000496
191,0.9807490676845256,3544,3544,0.981,0.950437,123.4,182.6,201.3,198.6,122.82,180.9,202.47,199.28,-0.030563000000000007
191,0.9511223355873304,16551,16551,0.966,0.72278,579.8,568.1,288.8,488.6,584.05,570.51,287.67,476.63,-0.24322
196,0.9459281584530248,2483,2483,0.99,0.985597,90.2,660.4,210.6,492.5,80.8,664.86,219.63,487.3,-0.004403000000000046
196,0.9500793941329496,22362,22362,0.988,0.999241,80.8,116.2,259.9,392.9,88.44,114.25,248.5,395.52,0.011241000000000057
196,0.9338761316055659,12778,12778,0.987,0.997524,535.3,518.3,282.1,517.2,529.17,514.85,298.52,517.82,0.010523999999999978
196,0.9619282702270535,3743,3743,0.984,0.946068,494.7,128.9,307.6,298.9,489.43,127.64,311.42,304.08,-0.037931999999999966
197,0.9542920634681152,2483,2483,0.992,0.987913,635.5,56.8,199.7,492.6,629.94,57.32,207.49,488.26,-0.004086999999999952
197,0.9713893631008571,3743,3743,0.988,0.918163,123.4,828.6,319.8,318.4,120.08,827.49,321.75,323.04,-0.06983700000000004
197,0.9578715701461012,22362,22362,0.984,0.994361,602.7,735.0,260.8,404.6,601.32,720.93,262.26,417.34,0.010361000000000065
197,0.9667347702262756,12778,12778,0.951,0.998145,117.2,172.8,291.6,517.8,115.88,157.93,292.81,532.34,0.04714499999999999
198,0.9370258260939991,2483,2483,0.99,0.987569,627.9,98.1,197.2,471.6,622.53,91.33,206.44,475.91,-0.002430999999999961
198,0.9599620122860465,3743,3743,0.985,0.941836,125.0,837.7,328.4,333.6,119.97,832.48,330.83,338.04,-0.04316399999999998
198,0.9419847764490674,22362,22362,0.983,0.985493,609.2,737.2,272.1,416.0,607.57,722.18,270.09,428.8,0.0024929999999999675
198,0.9693856324611998,12778,12778,0.96,0.994412,117.7,197.1,295.7,523.6,116.95,194.98,290.54,523.41,0.034412
199,0.9764101339452338,3483,3483,0.993,0.983983,561.8,813.6,265.3,217.5,561.28,814.69,267.42,218.8,-0.009016999999999942
199,0.9889075942159188,30308,30308,0.985,0.992791,38.5,116.9,408.2,401.4,40.49,115.34,405.42,403.15,0.007790999999999992
199,0.9718717187612151,29667,29667,0.982,0.8513,630.4,166.7,221.7,211.3,629.14,164.74,225.27,213.97,-0.13070000000000004
200,0.9751437194090695,3483,3483,0.999,0.939348,174.1,279.2,259.7,215.5,173.56,277.27,260.71,214.77,-0.05965200000000004
200,0.972636628204315,29667,29667,0.993,0.809491,128.0,881.4,230.6,227.4,126.83,879.65,229.89,227.58,-0.18350900000000003
200,0.9827325857528239,27777,27777,0.992,0.872392,640.4,295.6,175.3,195.1,640.65,293.6,174.8,197.97,-0.11960800000000005
200,0.9709574589807219,30308,30308,0.967,0.983367,558.5,735.9,413.0,405.9,557.67,733.3,409.13,412.53,0.01636700000000002
202,0.9753349631419541,22347,22347,0.996,0.9846,688.9,868.9,215.9,205.4,689.43,867.71,212.9,207.7,-0.011399999999999966
202,0.9785144540842614,3483,3483,0.993,0.986971,141.9,289.0,213.0,259.2,141.37,291.85,213.82,254.59,-0.006028999999999951
202,0.9884734311750465,20877,20877,0.986,0.987669,544.6,294.2,328.6,234.6,547.21,293.65,326.29,235.06,0.0016690000000000316
202,0.9848881661235362,16262,16262,0.967,0.980219,108.4,836.6,249.7,240.4,109.34,835.65,248.03,242.47,0.01321899999999998
203,0.9719094368906666,22347,22347,0.994,0.99378,83.5,198.8,200.2,193.1,82.17,197.46,203.52,195.44,-0.00021999999999999797
203,0.9592043781975376,3483,3483,0.992,0.981593,619.6,716.7,214.3,271.6,623.47,720.16,212.23,268.79,-0.010406999999999944
203,0.9863820249292568,20877,20877,0.981,0.992657,84.9,726.1,332.7,239.8,82.72,725.96,333.68,240.66,0.011657000000000028
203,0.9882392017031829,16262,16262,0.978,0.920642,601.8,186.1,236.8,229.6,601.58,186.63,238.82,229.31,-0.05735800000000002
204,0.9852395923776921,22347,22347,0.995,0.996704,97.9,205.2,206.8,196.6,98.32,205.29,207.5,197.89,0.0017040000000000388
204,0.961003103451021,3483,3483,0.993,0.970049,645.9,749.0,216.2,268.7,650.31,751.39,210.21,267.07,-0.022950999999999944
204,0.9689553092353305,20877,20877,0.985,0.985876,114.9,770.7,332.1,228.8,116.35,769.1,327.18,232.69,0.0008759999999999879
204,0.9735484738420507,16262,16262,0.97,0.981574,629.6,193.7,243.2,229.3,630.09,192.65,245.94,231.98,0.011573999999999973
205,0.9903714482601044,16548,16548,0.995,0.978633,592.5,121.2,230.0,224.9,591.61,121.59,231.27,225.06,-0.01636700000000002
205,0.9656157820103104,3544,3544,0.987,0.904984,112.6,164.7,202.3,198.3,113.25,162.3,204.18,199.23,-0.08201599999999998
210,0.9798011722462229,31863,31863,0.998,0.99361,595.2,873.8,208.0,207.5,594.65,874.81,207.39,208.02,-0.004390000000000005
210,0.9873032188503004,29667,29667,0.995,0.965742,161.5,749.7,228.1,222.4,162.68,749.99,227.5,222.95,-0.029258000000000006
210,0.9714136330469665,3351,3351,0.982,0.978947,418.9,245.0,184.4,180.8,418.33,246.72,185.64,181.41,-0.0030529999999999724
212,0.9544557869130678,1900,1900,0.986,0.984802,623.2,887.9,205.7,140.4,624.02,890.01,208.05,140.05,-0.0011980000000000324
213,0.953191345768444,1900,1900,0.986,0.98744,597.5,856.1,208.5,145.5,592.57,856.8,216.49,145.63,0.0014399999999999968
214,0.9861861755570871,1900,1900,0.997,0.960272,141.9,239.2,198.6,130.5,142.02,239.99,199.27,130.14,-0.03672799999999998
214,0.982738349355311,33208,33208,0.996,0.993949,587.0,801.1,214.3,203.7,587.26,800.1,214.85,206.25,-0.002051000000000025
214,0.9544881780320768,16551,16551,0.976,0.348924,567.1,54.3,278.7,467.1,569.76,46.21,281.35,475.72,-0.627076
215,0.9701323499934573,27926,27926,0.995,0.800269,128.6,664.0,262.0,473.6,125.47,664.43,268.41,475.67,-0.194731
215,0.9819614789020247,33208,33208,0.992,0.988545,615.2,834.6,211.4,200.1,614.6,834.85,213.29,201.47,-0.003454999999999986
215,0.9693108698018279,1900,1900,0.986,0.990897,158.9,250.2,202.8,124.9,159.43,251.06,204.39,122.63,0.00489700000000004
217,0.9737603391796442,2483,2483,0.991,0.986625,593.6,73.8,240.4,475.1,589.27,75.22,245.82,474.33,-0.004375000000000018
217,0.9686971130297728,3743,3743,0.987,0.969646,118.5,785.6,323.2,319.6,115.59,783.36,323.27,324.15,-0.01735399999999998
217,0.9622567203633777,12081,12081,0.984,0.987112,599.9,708.3,235.4,453.5,603.14,709.56,228.13,450.29,0.0031120000000000037
219,0.942463560802794,2483,2483,0.988,0.991062,89.5,669.6,259.7,467.5,84.73,667.88,255.15,468.76,0.003062000000000009
219,0.9687561328898072,3743,3743,0.984,0.982869,497.0,167.6,311.1,297.7,492.8,167.64,313.65,301.54,-0.0011309999999999931
219,0.9781251357872309,12081,12081,0.982,0.994542,109.5,109.4,226.9,430.5,109.47,111.92,224.22,429.77,0.012542000000000053
222,0.980729451212276,3351,3351,0.989,0.988385,406.0,204.0,184.2,183.0,406.34,205.07,182.49,182.72,-0.0006150000000000322
222,0.971677969207261,16262,16262,0.982,0.981385,172.4,768.0,243.3,236.9,168.69,767.0,247.87,239.31,-0.0006150000000000322
222,0.9720225338505669,41768,41768,0.96,0.978543,607.3,741.0,271.3,302.0,603.66,740.15,273.39,300.86,0.018543000000000087
224,0.9662853378248898,3483,3483,0.998,0.988865,602.9,845.0,275.9,186.5,601.08,846.22,280.62,187.32,-0.009135000000000004
224,0.9681085531339944,34597,34597,0.992,0.833449,103.8,81.0,364.8,485.0,107.18,82.5,367.81,484.82,-0.158551
224,0.9710535608206472,29667,29667,0.987,0.946118,620.6,173.7,223.3,217.0,618.76,172.16,225.67,215.98,-0.040881999999999974
224,0.9710705535068639,25469,25469,0.98,0.985417,86.3,829.4,335.7,298.1,86.33,829.92,342.27,300.0,0.005417000000000005
225,0.9747922325568761,3483,3483,0.991,0.987315,125.5,276.2,270.3,184.6,126.78,274.39,270.72,185.52,-0.0036849999999999383
225,0.9764942212787834,29667,29667,0.991,0.895566,141.0,871.9,227.3,226.0,137.03,870.75,231.43,227.31,-0.09543400000000002
225,0.9465280612808482,25469,25469,0.99,0.990812,574.1,184.8,326.4,287.7,577.34,190.64,327.67,285.08,0.0008120000000000349
225,0.9659354844947623,34597,34597,0.987,0.941124,528.1,663.6,374.7,505.5,526.32,659.82,368.74,510.19,-0.04587600000000003
226,0.9890492369424425,3483,3483,0.997,0.987336,601.1,868.2,257.1,230.4,600.56,869.2,257.96,230.17,-0.009664000000000006
226,0.9725437113771164,19861,19861,0.995,0.959669,127.5,865.4,219.7,166.7,128.81,864.52,220.09,169.09,-0.035331
226,0.9917541232440754,20238,20238,0.995,0.993253,644.8,188.6,225.8,216.5,645.38,188.53,225.99,216.14,-0.001746999999999943
226,0.980250229181216,22347,22347,0.977,0.992222,109.8,229.9,207.4,198.3,108.57,230.04,210.21,197.0,0.015222000000000069
229,0.9824227760116055,2483,2483,0.99,0.977183,50.7,679.4,287.7,457.5,52.34,677.56,286.78,461.9,-0.012816999999999967
229,0.9670509273595767,3743,3743,0.982,0.908714,536.4,153.2,316.1,301.5,537.44,148.97,312.87,308.66,-0.07328599999999996
231,0.9561082884171157,2483,2483,0.988,0.987594,598.2,113.3,285.9,445.6,596.14,118.47,281.44,439.08,-0.00040600000000001746
231,0.9718529237861052,3743,3743,0.987,0.919474,75.3,813.2,332.5,327.8,74.58,812.76,326.38,329.68,-0.06752599999999997
232,0.9831737455530728,29667,29667,0.997,0.980569,677.3,189.2,225.1,212.7,677.65,190.16,225.49,213.37,-0.016430999999999973
232,0.9404299150553692,3483,3483,0.996,0.980251,599.0,800.3,273.1,199.0,596.88,799.8,279.73,206.59,-0.015749000000000013
232,0.9893217888158954,27733,27733,0.991,0.915081,116.6,777.3,321.0,264.2,117.17,775.79,321.01,266.1,-0.07591899999999996
232,0.9858398649234373,22347,22347,0.969,0.993639,128.5,233.4,206.9,196.7,129.02,233.93,206.57,197.78,0.024639000000000078
234,0.9882706413390568,3483,3483,0.993,0.997787,572.0,766.6,275.4,204.8,570.85,765.8,276.79,206.19,0.004786999999999986
234,0.9483838687661373,27733,27733,0.988,0.890161,80.9,727.0,332.9,271.6,81.65,732.85,326.1,268.7,-0.09783900000000001
234,0.9799145210345567,22347,22347,0.977,0.996536,111.8,225.2,202.9,192.7,111.07,223.6,203.19,193.09,0.019535999999999998
234,0.9633395085822954,29667,29667,0.973,0.979991,649.9,184.9,216.9,212.0,646.84,184.7,221.93,215.08,0.0069909999999999695
236,0.9536333708155204,3483,3483,0.991,0.974793,133.1,292.5,275.2,170.0,133.57,287.45,274.63,172.32,-0.01620699999999997
236,0.9653392407631887,35206,35206,0.984,0.972774,106.1,687.4,201.0,419.2,102.49,686.2,203.04,417.51,-0.011225999999999958
236,0.9724708307457024,28763,28763,0.983,0.99409,613.4,835.2,225.4,212.9,615.82,834.66,221.71,211.55,0.011090000000000044
237,0.9780328225332949,3483,3483,0.988,0.993275,563.0,811.0,283.3,174.7,562.91,812.08,285.5,175.08,0.00527500000000003
237,0.9841455212330825,35206,35206,0.986,0.994764,650.2,143.9,200.2,398.7,649.78,141.04,201.73,401.07,0.008763999999999994
237,0.9753618004653078,28763,28763,0.977,0.984254,143.6,223.5,209.7,197.9,141.68,223.15,213.97,198.85,0.007253999999999983
238,0.9864810563682193,3351,3351,0.992,0.952514,402.9,834.0,187.7,189.1,403.44,833.6,188.16,190.13,-0.03948600000000002
238,0.9759874113642699,18357,18357,0.986,0.985369,68.1,260.3,300.6,295.1,66.32,259.13,300.94,299.16,-0.0006309999999999372
238,0.9849632957415003,16262,16262,0.977,0.994457,624.1,240.6,243.8,232.5,625.29,241.57,242.45,232.8,0.017457000000000056
241,0.9754899760059694,18147,18147,0.993,0.968016,518.5,256.6,307.7,381.7,517.7,257.91,303.2,380.94,-0.024984000000000006
241,0.9758211706341948,20238,20238,0.991,0.997088,129.2,326.6,227.1,218.9,128.66,325.83,229.56,221.92,0.006087999999999982
241,0.9831785817204199,3351,3351,0.99,0.978109,410.5,913.3,190.6,190.7,411.01,912.52,190.93,192.6,-0.011890999999999985
243,0.9804241823116819,20238,20238,0.994,0.984118,622.7,769.7,227.2,223.2,620.68,768.41,229.76,225.12,-0.009881999999999946
243,0.9653083745404527,18147,18147,0.993,0.965038,143.7,648.7,315.9,400.8,141.92,647.33,311.72,405.17,-0.027962000000000042
243,0.9923702899841678,3351,3351,0.989,0.942178,379.5,185.2,183.6,183.6,379.26,184.44,183.74,184.67,-0.04682200000000003
244,0.9733844813499786,3544,3544,0.979,0.979119,128.8,169.9,206.0,200.4,127.72,167.41,206.7,201.37,0.00011899999999998023
247,0.9402564339837703,2483,2483,0.99,0.98752,626.2,99.8,198.2,470.5,619.83,90.17,205.57,477.78,-0.0024800000000000377
247,0.9693047894630663,3743,3743,0.986,0.935445,125.5,837.6,327.5,332.8,120.14,836.09,329.76,333.99,-0.05055500000000002
247,0.9511373569709539,22362,22362,0.981,0.991826,608.9,736.5,271.3,416.9,607.69,724.19,269.22,427.25,0.010826000000000002
248,0.9528450668373434,2483,2483,0.992,0.984487,633.6,56.5,202.5,492.4,626.91,60.31,209.58,485.35,-0.007512999999999992
248,0.9750387070475008,3743,3743,0.989,0.937399,122.6,828.0,319.6,319.5,119.12,828.61,321.5,321.34,-0.05160100000000001
248,0.9568487457382998,22362,22362,0.984,0.998377,602.4,734.7,260.4,405.5,600.86,720.59,262.87,419.42,0.014376999999999973
249,0.9328875416004361,2483,2483,0.99,0.98999,89.2,662.1,212.5,490.2,78.61,664.24,226.29,486.77,-9.99999999995449e-06
249,0.9515719643185064,22362,22362,0.989,0.998689,80.6,116.1,259.6,393.3,88.44,114.16,248.35,395.5,0.009689000000000059
249,0.9652463320288659,3743,3743,0.983,0.907025,494.8,127.8,308.6,300.3,489.87,127.77,311.6,304.33,-0.07597500000000001
250,0.9788961192880463,18357,18357,0.995,0.984589,541.3,229.0,244.5,353.3,542.54,231.07,241.89,352.92,-0.010410999999999948
250,0.9913990943302173,3351,3351,0.991,0.984245,378.7,848.8,188.0,191.1,379.59,848.52,186.85,191.18,-0.0067549999999999555
250,0.9731050964994407,29667,29667,0.986,0.994567,129.3,205.5,226.2,222.0,129.14,207.8,227.27,222.42,0.008566999999999991
251,0.985347196131145,29667,29667,0.99,0.985887,586.2,795.3,231.7,232.4,586.51,794.48,232.08,231.61,-0.004113000000000033
251,0.986514179559374,3351,3351,0.986,0.972509,369.0,179.4,183.0,186.2,369.93,178.11,182.21,187.65,-0.01349100000000003
251,0.9903783110509957,18357,18357,0.983,0.963545,140.8,595.4,248.4,370.8,139.46,595.46,248.79,370.85,-0.019455
252,0.9896924495106864,18357,18357,0.983,0.993225,183.9,691.7,243.3,370.5,182.99,692.77,244.99,369.64,0.01022500000000004
252,0.989363994785412,29667,29667,0.982,0.992267,623.6,886.4,229.0,221.9,623.67,886.9,228.29,222.59,0.010267000000000026
252,0.9751219512195122,3351,3351,0.98,0.977632,411.8,238.7,183.9,181.9,412.89,240.69,181.9,180.51,-0.0023680000000000367
253,0.9772791611131671,35206,35206,0.986,0.996728,62.2,258.8,416.1,215.6,63.98,256.69,411.42,218.16,0.01072799999999996
253,0.9884766635584389,3351,3351,0.982,0.985145,446.0,849.2,189.4,191.0,445.86,849.43,188.62,189.86,0.0031450000000000644
253,0.989656531495845,33880,33880,0.979,0.987941,452.5,252.1,435.1,291.0,454.18,250.52,433.42,292.25,0.008940999999999977
256,0.9495551175063347,2483,2483,0.993,0.992639,63.5,667.9,209.1,484.3,54.81,665.72,219.2,486.43,-0.0003609999999999447
256,0.9536982106002512,19552,19552,0.965,0.648995,494.3,656.3,319.2,498.6,486.19,652.13,330.96,504.23,-0.316005
256,0.984814570449855,25438,25438,0.965,0.98446,544.7,180.9,244.9,251.3,543.17,181.5,246.86,249.45,0.019460000000000033
259,0.9787216302370247,20238,20238,0.991,0.99184,605.2,277.9,224.0,220.7,603.34,277.55,227.54,221.99,0.0008400000000000629
259,0.9848731825234041,41768,41768,0.99,0.982855,111.8,284.8,268.7,285.3,109.24,284.94,271.54,283.94,-0.007144999999999957
259,0.9871249078105614,3351,3351,0.985,0.982163,384.8,895.6,188.9,191.2,385.48,896.22,187.57,191.09,-0.0028369999999999784
262,0.9778663149759822,3483,3483,0.99,0.992472,561.8,810.1,282.8,176.2,561.21,811.12,285.21,176.62,0.0024720000000000297
262,0.9633902977640724,34597,34597,0.985,0.670914,77.7,31.8,331.2,497.3,76.57,35.61,339.55,495.93,-0.314086
262,0.9662864466160607,29667,29667,0.957,0.956902,604.0,175.4,216.1,214.5,602.97,175.72,222.31,215.15,-9.799999999993148e-05
264,0.9637998583343816,29667,29667,0.994,0.884889,127.4,865.9,227.1,225.6,124.01,863.15,229.94,226.63,-0.10911099999999996
264,0.9560889221539679,3483,3483,0.993,0.971429,134.1,292.2,275.4,170.7,133.92,287.36,275.83,172.93,-0.021571000000000007
264,0.9615729403228112,34597,34597,0.986,0.899753,565.3,679.3,351.6,515.2,560.69,676.34,352.33,513.28,-0.08624699999999996
265,0.9601072180899075,3483,3483,0.991,0.978255,133.9,292.7,274.8,169.6,133.95,288.33,274.53,171.56,-0.012745000000000006
265,0.9786343514347317,25367,25367,0.989,0.998102,596.4,666.0,379.1,492.1,600.74,667.22,375.26,487.8,0.009102000000000054
265,0.9708135195429266,16232,16232,0.988,0.908083,142.8,846.4,197.0,192.8,140.29,846.46,197.47,193.96,-0.07991700000000002
266,0.9761989410359603,3483,3483,0.997,0.98132,590.6,844.6,281.7,169.7,588.81,845.37,285.56,169.95,-0.015680000000000027
266,0.9857968854352243,16232,16232,0.987,0.975684,648.7,230.6,191.8,181.7,648.76,230.44,193.37,181.01,-0.011315999999999993
266,0.9571451187910778,25367,25367,0.976,0.974153,20.4,103.7,391.9,479.5,24.57,109.62,382.85,469.8,-0.001846999999999932
271,0.9719097857204414,22347,22347,0.997,0.993541,105.6,187.8,199.6,193.7,103.63,188.2,204.29,193.93,-0.00345899999999999
271,0.9584820063608661,3483,3483,0.99,0.982949,620.8,714.2,213.9,272.9,625.32,719.06,209.53,267.4,-0.0070510000000000295
271,0.9865139257986816,20877,20877,0.982,0.989501,86.3,726.0,331.9,239.3,83.63,725.6,334.05,240.26,0.00750099999999998
271,0.9759678305243843,35206,35206,0.975,0.997134,631.9,164.2,215.0,392.4,634.19,160.89,211.7,395.48,0.022133999999999987
273,0.9789500380019419,22347,22347,0.995,0.986576,665.1,874.7,215.3,211.2,665.24,878.14,214.64,207.39,-0.008423999999999987
273,0.9803226523712646,3483,3483,0.992,0.987123,140.5,290.6,212.7,258.0,140.73,292.08,213.48,258.68,-0.00487700000000002
273,0.9813569082170984,20877,20877,0.986,0.98534,542.6,294.8,329.6,234.8,545.4,292.93,326.91,236.18,-0.0006599999999999939
273,0.9912433962895648,35206,35206,0.974,0.992985,95.2,670.8,236.1,413.5,94.8,669.92,236.59,412.48,0.01898500000000003
274,0.9856109072679161,3351,3351,0.987,0.979718,420.1,890.3,189.9,191.7,419.8,888.56,190.86,193.36,-0.007282000000000011
274,0.9693608447369118,21325,21325,0.983,0.998281,207.0,326.3,149.2,232.7,205.42,324.47,149.49,233.56,0.015280999999999989
274,0.9785491425243579,20014,20014,0.978,0.992317,578.1,256.7,339.1,316.1,575.11,256.42,341.42,319.58,0.014317000000000024
275,0.9803106192141496,21325,21325,0.986,0.985321,582.5,666.3,152.4,241.2,580.81,664.44,153.96,243.14,-0.0006789999999999852
275,0.9851776479828319,3351,3351,0.978,0.99631,328.5,151.1,184.0,187.4,328.9,150.47,182.52,187.37,0.01831000000000005
275,0.9731721879592834,20014,20014,0.973,0.984374,3.4,646.1,350.7,341.3,6.31,643.54,349.38,346.27,0.011373999999999995
277,0.9867275559036705,3483,3483,0.998,0.980448,600.5,868.1,257.9,230.6,600.35,869.74,256.93,229.26,-0.017552000000000012
277,0.9736737669994153,19861,19861,0.992,0.957254,127.2,865.0,219.9,167.1,128.68,863.63,219.82,169.4,-0.034745999999999944
277,0.9932541830947806,30308,30308,0.977,0.922698,79.2,96.0,400.9,404.9,78.86,96.6,402.53,404.8,-0.05430199999999996
278,0.9630578765776548,3483,3483,0.998,0.966503,147.3,219.4,251.0,223.9,148.59,219.48,248.19,218.07,-0.031497
278,0.9561685811389935,19861,19861,0.994,0.986682,637.6,277.6,221.0,169.3,641.51,279.85,218.39,168.4,-0.007318000000000047
280,0.9764575837059704,16232,16232,0.995,0.995946,134.8,291.7,187.0,190.9,133.62,290.19,189.1,191.49,0.0009460000000000024
280,0.9890586683057587,3351,3351,0.988,0.99562,409.3,867.4,189.5,190.7,410.04,867.74,189.58,190.17,0.00761999999999996
280,0.9642520830231509,3832,3832,0.98,0.990598,433.8,274.2,386.4,349.2,434.04,270.62,389.81,358.54,0.010597999999999996
286,0.9757393392333255,3483,3483,0.997,0.984205,537.9,780.2,265.7,223.4,534.79,781.3,270.25,222.91,-0.012795
286,0.9854939461569867,30308,30308,0.99,0.986479,29.6,116.1,374.9,406.6,32.59,115.43,373.76,407.25,-0.0035209999999999964
286,0.9729908250806321,16262,16262,0.967,0.933423,574.9,186.9,238.1,228.0,575.83,187.28,240.86,229.1,-0.03357699999999997
287,0.9740114271158359,3483,3483,0.998,0.942032,171.3,278.3,260.0,215.1,171.15,276.43,260.76,213.81,-0.05596800000000002
287,0.9783411516242322,27777,27777,0.987,0.915412,639.3,294.1,174.8,195.3,639.54,291.31,174.81,199.07,-0.07158799999999998
287,0.9766334127422601,30308,30308,0.981,0.972575,572.4,703.0,396.1,424.6,570.32,703.84,392.8,424.95,-0.008425000000000016
287,0.9834905170305387,16262,16262,0.966,0.986984,137.2,836.4,249.9,241.4,136.51,836.11,249.03,243.26,0.020984000000000003
288,0.9824145851925019,3483,3483,0.994,0.980985,564.3,815.2,264.5,216.2,563.84,815.61,266.46,217.63,-0.013014999999999999
288,0.9822354905028061,30308,30308,0.993,0.990091,43.9,131.3,390.0,418.1,45.72,131.61,390.66,420.39,-0.0029089999999999394
288,0.9807454794376947,16262,16262,0.983,0.983232,604.6,194.1,241.6,228.5,604.85,193.76,244.32,229.92,0.00023200000000000998
289,0.9581039367691895,2483,2483,0.99,0.990733,600.7,85.1,250.2,474.2,597.21,83.52,247.81,474.86,0.0007329999999999837
289,0.9741355075349247,22362,22362,0.987,0.989785,587.3,745.2,253.9,405.7,589.79,739.66,251.05,410.63,0.0027850000000000374
289,0.991715094423077,25438,25438,0.972,0.944728,143.6,846.0,254.7,252.7,143.38,845.72,254.07,252.22,-0.027271999999999963
291,0.9713736619445471,2483,2483,0.993,0.99154,74.9,657.1,263.9,470.5,75.5,662.66,259.59,465.27,-0.0014600000000000168
291,0.9078107104113797,22362,22362,0.979,0.998832,102.2,108.1,251.7,392.5,111.28,94.92,237.17,403.29,0.019832000000000072
291,0.9817971590241802,25438,25438,0.968,0.982872,536.3,174.7,246.0,253.0,534.79,175.84,246.41,251.03,0.014871999999999996
292,0.9654518622055356,2483,2483,0.993,0.971531,69.1,660.5,204.4,486.2,68.87,661.72,210.51,486.57,-0.02146899999999996
292,0.9779079293487161,12778,12778,0.964,0.997187,540.2,592.0,326.5,506.6,534.37,592.51,332.09,504.59,0.03318700000000008
292,0.9811651875605262,25438,25438,0.957,0.935765,548.5,176.4,245.0,252.6,547.61,178.98,245.83,248.79,-0.021235000000000004
295,0.9803646723891357,16232,16232,0.99,0.974745,642.4,297.0,193.4,190.8,641.61,296.42,195.44,192.59,-0.015255000000000019
295,0.9895809407316497,3351,3351,0.99,0.99364,413.3,864.6,190.2,189.7,414.0,864.08,189.03,189.92,0.0036399999999999766
295,0.9778982042345274,20014,20014,0.989,0.979063,125.8,194.2,336.9,312.2,124.31,192.11,340.21,316.15,-0.009936999999999974
298,0.9841573540961721,33208,33208,0.992,0.985935,156.6,234.8,204.9,195.3,157.53,234.49,204.98,196.58,-0.006064999999999987
298,0.9918774445014685,16548,16548,0.989,0.961601,159.6,777.0,239.8,234.5,159.22,776.11,239.91,235.0,-0.02739899999999995
298,0.9861118217955603,1900,1900,0.983,0.998562,685.0,877.1,210.4,134.4,686.07,877.76,209.59,134.11,0.015561999999999965
299,0.9928021428797497,16548,16548,0.995,0.940629,559.8,244.7,233.3,227.7,559.63,244.49,232.56,227.53,-0.05437099999999995
299,0.9885535881891264,33208,33208,0.99,0.982879,611.0,846.5,213.3,206.6,610.38,846.32,215.52,206.72,-0.007121000000000044
299,0.971670713751807,1900,1900,0.987,0.993341,90.2,259.4,197.6,127.8,85.93,259.37,200.65,127.95,0.006341000000000041
302,0.9816715838894541,36637,36637,0.995,0.991229,568.5,710.6,234.1,227.9,569.06,712.19,235.32,225.95,-0.003770999999999969
302,0.9710342308902689,19232,19232,0.99,0.984057,95.1,632.7,282.7,327.3,95.86,634.17,278.9,329.62,-0.005943000000000032
302,0.9795724284576203,3351,3351,0.966,0.990483,309.3,161.4,184.6,187.8,310.07,159.69,183.71,188.24,0.024483000000000033
304,0.9478999508481178,2483,2483,0.997,0.993336,621.2,57.7,196.0,483.7,617.79,70.68,199.19,466.72,-0.0036640000000000006
304,0.9690207168753083,3743,3743,0.978,0.98524,131.2,813.7,334.2,329.2,129.66,812.57,329.4,331.8,0.007240000000000024
308,0.9930332787730508,36637,36637,0.996,0.994756,118.0,710.7,189.6,262.3,118.06,710.41,188.93,263.21,-0.0012440000000000229
308,0.9689888051826498,3351,3351,0.988,0.962751,289.4,207.5,184.4,185.4,289.48,203.35,185.78,189.75,-0.025248999999999966
308,0.9799121737347553,41768,41768,0.986,0.978344,562.5,603.9,278.1,300.6,563.45,604.89,274.67,298.24,-0.007655999999999996
310,0.9557199361877649,4543,4543,0.993,0.981994,138.6,866.7,215.0,213.7,136.93,866.22,211.46,211.86,-0.01100599999999996
310,0.9380855138175823,12247,12247,0.992,0.954175,618.6,321.1,173.5,184.5,615.13,324.71,179.72,179.1,-0.037825
310,0.9643418372152177,16551,16551,0.983,0.973439,106.0,146.1,314.1,448.4,107.43,140.75,307.98,456.07,-0.00956099999999993
310,0.9802044286506559,3544,3544,0.979,0.98152,653.4,892.4,214.5,211.7,653.31,889.23,214.1,214.35,0.0025199999999999667
313,0.9612692012453112,3483,3483,0.992,0.978768,617.4,719.1,214.0,270.9,620.57,722.46,212.34,268.96,-0.013232000000000022
313,0.9839534435004545,34597,34597,0.989,0.994852,14.3,21.1,448.3,411.5,15.59,22.14,451.72,410.6,0.005851999999999968
313,0.9816834413869323,20877,20877,0.985,0.989875,39.6,755.8,327.0,247.4,38.77,755.25,326.49,250.36,0.004874999999999963
313,0.987006518083596,29667,29667,0.984,0.977699,595.3,182.5,219.7,212.6,594.68,181.38,220.6,214.52,-0.006301000000000001
315,0.9740546737309838,3483,3483,0.995,0.986165,143.4,286.8,212.5,259.5,142.95,288.91,215.7,256.53,-0.008835000000000037
315,0.9817988984067334,34597,34597,0.99,0.995182,504.7,784.1,470.7,422.5,503.0,779.4,473.0,428.24,0.00518200000000002
315,0.9629404936686209,29667,29667,0.989,0.837321,135.5,859.4,230.7,224.9,131.52,859.01,231.26,226.21,-0.151679
315,0.9765444380900105,20877,20877,0.984,0.989587,591.7,259.3,325.1,245.4,590.08,257.98,326.9,243.57,0.005587000000000009
316,0.9866339506473594,16548,16548,0.994,0.954851,167.4,790.9,235.6,228.7,167.13,791.64,234.32,228.53,-0.03914899999999999
316,0.9800925999520299,3544,3544,0.986,0.93379,127.7,234.8,206.0,201.3,127.15,233.1,205.8,201.91,-0.05220999999999998
316,0.9648399683135799,33009,33009,0.958,0.998744,561.7,812.8,368.9,207.2,556.0,809.57,373.3,210.75,0.040744
317,0.9870862101022675,16548,16548,0.998,0.926825,591.0,282.0,232.1,223.8,591.44,282.64,232.99,223.73,-0.07117499999999999
317,0.985104582275474,3544,3544,0.992,0.990158,658.0,832.9,214.2,211.3,657.38,832.44,214.93,209.77,-0.0018420000000000103
317,0.983406460941314,33009,33009,0.976,0.998125,75.0,269.1,361.6,219.7,77.28,269.61,362.03,219.05,0.02212500000000006
320,0.9553177899998455,3483,3483,0.99,0.979913,621.7,713.9,212.7,273.1,625.82,718.69,209.99,267.78,-0.010086999999999957
320,0.9867191883040698,20877,20877,0.983,0.990082,86.4,726.1,332.4,239.1,84.27,725.76,333.29,239.88,0.007082000000000033
320,0.9683277789791562,35206,35206,0.977,0.996142,630.9,164.9,215.2,392.1,634.57,161.07,210.58,395.55,0.019141999999999992
320,0.9787334232740327,28763,28763,0.976,0.974461,136.7,196.2,207.3,198.0,135.87,194.95,209.32,200.35,-0.001538999999999957
323,0.9733556940693695,22347,22347,0.994,0.968244,654.6,875.5,216.3,209.8,654.21,877.6,214.34,206.82,-0.025756
323,0.9613808904172468,36637,36637,0.994,0.979609,149.2,802.5,194.7,253.1,148.23,802.98,199.99,255.35,-0.014391000000000043
323,0.9556759018161388,3483,3483,0.991,0.980164,132.6,292.3,275.1,169.5,132.82,287.25,274.58,172.17,-0.010835999999999957
324,0.9717398661281795,3483,3483,0.996,0.981463,592.0,845.7,280.9,167.7,589.92,845.64,286.05,169.47,-0.014537000000000022
324,0.9648181712020416,22347,22347,0.996,0.992516,132.7,195.6,203.4,195.9,130.85,193.4,208.36,198.21,-0.0034840000000000426
324,0.9907613423591958,36637,36637,0.995,0.97897,643.7,207.8,188.9,248.3,643.38,209.29,188.99,246.9,-0.01602999999999999
325,0.9746445398355121,3483,3483,0.998,0.945365,171.8,278.8,260.5,215.0,171.26,276.83,260.67,214.17,-0.05263499999999999
325,0.9839237445446107,27777,27777,0.985,0.902071,639.9,293.6,174.0,196.0,639.97,291.83,174.45,198.53,-0.08292900000000003
325,0.989373756563282,31885,31885,0.982,0.871401,509.8,702.5,402.1,527.0,507.69,700.36,404.63,528.95,-0.110599
325,0.9849063180963185,16262,16262,0.972,0.97319,137.7,836.3,249.6,241.2,137.0,835.69,248.47,242.43,0.0011900000000000244
327,0.9706402889864391,3483,3483,0.995,0.984183,564.4,814.7,264.4,217.0,563.06,815.2,268.17,219.42,-0.010816999999999966
327,0.9937755252732583,31885,31885,0.988,0.998321,92.5,26.1,407.0,507.6,92.65,26.83,406.96,508.99,0.010321000000000025
327,0.973112006797194,16262,16262,0.98,0.966951,603.1,193.8,243.1,228.9,602.12,193.8,248.32,230.28,-0.013048999999999977
328,0.9751587814491726,3483,3483,0.995,0.975875,125.2,308.2,267.9,200.5,126.02,304.71,267.13,203.05,-0.019124999999999948
328,0.9741374441083812,27733,27733,0.981,0.812345,562.6,256.7,297.1,263.0,560.65,257.77,299.03,266.05,-0.168655
328,0.9826975327270456,31885,31885,0.968,0.946966,516.4,643.4,385.5,532.3,515.22,641.32,388.76,537.13,-0.021033999999999997
332,0.9712779355554371,4543,4543,0.997,0.988219,589.2,166.6,200.9,199.2,585.52,166.44,205.89,200.12,-0.008781000000000039
332,0.9735021072252223,3544,3544,0.974,0.979746,125.9,143.2,201.5,196.6,125.75,139.72,202.23,198.96,0.005746000000000029
334,0.9720669233099146,22347,22347,0.992,0.991256,145.3,223.5,203.8,195.6,142.86,223.29,204.1,194.86,-0.0007439999999999669
334,0.9560749270229617,3483,3483,0.991,0.983347,622.0,714.7,212.1,272.1,626.1,718.92,210.06,267.95,-0.007653000000000021
334,0.9828162253099884,20877,20877,0.984,0.99175,86.8,726.4,331.2,238.8,83.78,725.75,333.28,240.1,0.007750000000000035
334,0.9848403843772144,16232,16232,0.982,0.927584,626.7,220.3,188.4,183.2,626.69,220.83,187.65,184.2,-0.05441600000000002
335,0.9691695626849157,22347,22347,0.995,0.998574,621.2,839.1,215.2,208.7,622.14,840.98,211.71,205.6,0.003573999999999966
335,0.99328167831267,3483,3483,0.992,0.986509,141.2,290.7,211.9,259.1,141.39,291.65,212.09,258.25,-0.005491000000000024
335,0.9777963247596888,16232,16232,0.988,0.873729,134.2,847.1,196.9,191.7,134.64,847.44,194.1,192.6,-0.11427100000000001
335,0.9869940233959995,20877,20877,0.987,0.98638,543.3,294.5,328.9,234.6,545.01,292.91,326.85,236.22,-0.0006199999999999539
336,0.9728205781689491,22347,22347,0.998,0.994418,165.0,232.5,204.2,196.5,162.52,232.27,209.16,197.2,-0.003581999999999974
336,0.9713377581991108,3483,3483,0.994,0.96483,647.8,748.0,215.4,267.8,651.19,750.27,211.51,266.17,-0.02917000000000003
336,0.9866236982149038,16232,16232,0.989,0.947651,655.1,231.3,193.0,178.9,656.64,231.45,192.3,178.8,-0.04134899999999997
336,0.9757510269154317,20877,20877,0.986,0.985383,116.1,770.2,332.2,229.5,118.02,769.36,327.81,232.13,-0.0006169999999999787
337,0.9899390043122236,22347,22347,0.998,0.994267,641.5,836.6,212.0,206.1,641.87,837.5,210.93,205.34,-0.0037329999999999863
337,0.9533556758446199,36637,36637,0.996,0.926966,133.2,828.4,178.9,262.2,129.38,829.8,185.3,262.76,-0.06903400000000004
337,0.9670296388733888,3483,3483,0.989,0.991997,124.9,276.2,270.8,184.1,126.32,273.77,270.98,184.81,0.0029970000000000274
337,0.9436614774354564,25469,25469,0.982,0.990353,573.6,184.2,323.7,287.4,575.83,189.01,328.62,286.29,0.008353000000000055
338,0.9635375464584462,36637,36637,0.994,0.933755,647.4,170.9,167.6,249.2,644.02,168.58,171.52,250.31,-0.06024499999999999
338,0.9885454388089614,3483,3483,0.992,0.983576,574.5,811.5,278.8,191.2,573.85,812.04,280.3,191.3,-0.008423999999999987
338,0.9723018793290695,22347,22347,0.983,0.987365,128.4,225.0,201.1,197.4,127.01,224.45,203.35,195.14,0.004365000000000063
338,0.9668599391005099,25469,25469,0.962,0.9929,48.4,788.9,341.7,299.9,50.05,790.43,348.14,298.51,0.03090000000000004
339,0.9686376300077161,3483,3483,0.998,0.988662,602.6,846.6,276.7,185.2,600.52,847.12,280.73,187.41,-0.009337999999999957
339,0.984921802243277,36637,36637,0.996,0.965549,674.6,172.4,174.9,253.0,674.51,171.66,175.84,255.5,-0.030451000000000006
339,0.978260497119992,22347,22347,0.992,0.91305,144.8,235.1,206.2,198.2,143.73,234.8,209.67,197.74,-0.07894999999999996
339,0.9662012199317443,25469,25469,0.982,0.983698,88.1,830.5,334.1,300.2,89.45,831.71,339.44,300.97,0.0016979999999999773
340,0.9644644465617207,20238,20238,0.997,0.975759,575.7,191.2,220.4,213.3,576.4,189.15,224.36,215.9,-0.021240999999999954
340,0.9739730330227685,3483,3483,0.996,0.982571,538.4,779.9,266.0,223.8,535.9,781.75,270.1,222.6,-0.013429000000000024
340,0.9932686170111907,34597,34597,0.986,0.987205,37.7,85.7,392.9,466.7,38.45,86.6,392.46,464.81,0.0012050000000000116
341,0.9795083837605015,3483,3483,0.995,0.976106,565.0,815.0,264.0,216.5,565.07,815.62,265.95,218.05,-0.018893999999999966
341,0.9645046196149575,20238,20238,0.994,0.97102,603.6,195.8,225.2,214.9,604.76,194.28,228.92,216.97,-0.02298
341,0.966641924365614,34597,34597,0.985,0.988964,54.9,114.9,396.9,463.9,49.83,114.66,407.81,467.07,0.0039639999999999675
344,0.9738351447589466,3483,3483,0.992,0.982909,564.6,815.2,265.1,216.6,563.87,814.88,267.76,220.21,-0.00909099999999996
344,0.9731569013832165,16262,16262,0.985,0.974965,605.0,194.4,241.4,228.0,604.39,193.18,244.71,231.12,-0.010035000000000016
344,0.9803706061302113,28763,28763,0.977,0.991012,155.2,194.3,211.2,200.0,154.69,192.73,212.99,202.29,0.014012000000000024
345,0.9663183993395166,3483,3483,0.996,0.985161,538.1,779.4,264.4,223.1,535.06,781.49,269.87,222.03,-0.010839000000000043
345,0.9725861342543992,27777,27777,0.991,0.326459,144.0,776.3,178.3,206.5,144.62,776.89,180.61,206.99,-0.664541
345,0.9632978694887476,28763,28763,0.987,0.991681,138.5,187.0,206.9,198.7,136.77,184.72,210.94,202.32,0.004681000000000046
345,0.9778009218090005,16262,16262,0.969,0.927933,575.3,186.4,238.5,228.9,576.08,187.21,240.31,229.21,-0.041066999999999965
346,0.9693872734188121,3483,3483,0.993,0.980739,565.3,812.3,265.1,216.2,565.82,813.86,267.03,217.42,-0.012260999999999966
346,0.9885224749668934,16232,16232,0.993,0.971508,643.8,250.5,186.6,181.8,643.14,250.2,187.91,181.57,-0.021491999999999956
346,0.9331825142354083,25367,25367,0.976,0.870458,138.7,52.1,342.4,502.4,147.38,62.37,328.15,489.19,-0.10554200000000002
347,0.9898451019269199,16232,16232,0.998,0.982007,615.8,239.4,182.8,181.5,614.93,239.52,184.14,180.97,-0.015993000000000035
347,0.981883128327143,3483,3483,0.995,0.987264,538.9,778.1,265.6,222.4,535.94,778.11,270.07,222.04,-0.007735999999999965
347,0.9308560307731356,25367,25367,0.983,0.44448,123.3,39.4,332.9,493.5,132.44,47.24,316.35,483.41,-0.53852
349,0.9763860100863547,3483,3483,0.992,0.976081,566.4,812.1,263.9,216.2,565.94,813.3,266.59,216.79,-0.015919000000000016
349,0.988038447254484,34597,34597,0.983,0.995446,6.2,129.5,439.7,427.8,5.84,127.46,438.78,428.32,0.012446000000000068
349,0.9795811033833791,35206,35206,0.974,0.970779,614.9,140.6,223.2,402.4,614.1,141.58,227.09,401.03,-0.0032210000000000294
352,0.940016090016195,22362,22362,0.987,0.986849,621.3,782.5,257.7,420.9,621.93,767.41,252.66,432.82,-0.00015100000000001224
352,0.9856312812809587,2483,2483,0.985,0.992015,639.3,118.9,205.9,471.1,640.38,118.42,205.47,469.2,0.0070149999999999935
355,0.9584867078374147,2483,2483,0.995,0.992744,54.2,699.2,253.0,478.9,52.49,705.01,250.27,470.32,-0.0022560000000000358
355,0.9852711446439664,12081,12081,0.985,0.996083,71.2,129.5,225.4,429.2,72.88,128.91,224.87,429.4,0.011083000000000065
356,0.9686640567727514,2483,2483,0.997,0.963546,632.2,28.5,239.2,484.7,630.32,29.92,236.11,483.33,-0.033453999999999984
356,0.9915223681475946,12081,12081,0.992,0.993809,643.1,688.5,233.5,450.3,643.32,690.39,233.73,447.76,0.0018090000000000606
359,0.9794139514478576,3483,3483,0.994,0.982049,561.6,813.8,265.5,216.9,561.44,815.08,267.47,217.26,-0.011951000000000045
359,0.9671771783709635,29667,29667,0.982,0.864577,630.4,166.3,220.9,211.4,628.97,164.45,225.39,214.22,-0.11742299999999994
359,0.9687774532741487,31885,31885,0.964,0.995539,80.0,41.8,368.8,531.5,86.1,41.17,367.52,531.65,0.031538999999999984
361,0.9752360031311346,18147,18147,0.997,0.982577,211.2,165.4,210.8,416.7,212.38,169.44,208.98,409.92,-0.014422999999999964
361,0.9804929256534366,3351,3351,0.995,0.973437,428.2,880.9,191.2,191.2,429.92,880.97,188.09,190.57,-0.021563
361,0.9823874535912365,16262,16262,0.978,0.943303,644.9,288.3,240.7,233.7,643.04,288.36,244.42,234.15,-0.03469699999999998
364,0.9883615626134322,3351,3351,0.994,0.970552,406.4,855.4,191.2,192.9,406.54,855.66,191.49,191.22,-0.023448000000000024
364,0.9838950496722298,35206,35206,0.986,0.982671,101.8,253.4,347.4,325.0,101.3,256.95,348.87,321.8,-0.0033290000000000264
364,0.9772496774162366,32310,32310,0.977,0.990458,586.2,166.5,246.6,343.5,583.53,165.41,247.24,344.3,0.01345799999999997
372,0.9697805869633932,3483,3483,0.998,0.985435,603.3,845.4,276.3,185.5,600.96,846.31,280.93,186.31,-0.012565000000000048
372,0.9731727446374331,34597,34597,0.981,0.996532,14.1,142.1,448.0,413.3,12.51,138.58,456.32,416.95,0.01553199999999999
372,0.9653660010037953,25469,25469,0.979,0.995292,50.9,858.2,371.9,215.6,47.07,855.81,378.76,219.29,0.016291999999999973
372,0.9865719909641988,16262,16262,0.974,0.964856,573.7,195.9,243.6,229.2,573.91,194.93,243.97,231.57,-0.00914399999999993
374,0.9567738053376564,3483,3483,0.992,0.981872,643.0,751.8,217.2,268.9,647.23,754.5,212.03,268.97,-0.010128000000000026
374,0.9763773110308014,29667,29667,0.988,0.985192,625.2,185.6,223.0,214.6,622.72,184.83,226.65,214.48,-0.0028080000000000327
374,0.9761270986568289,20877,20877,0.985,0.982302,71.6,800.3,328.5,241.1,71.06,799.6,325.95,239.35,-0.002697999999999978
374,0.9595007470762864,25367,25367,0.982,0.98659,97.3,30.9,412.0,467.9,105.57,35.94,407.1,463.9,0.004589999999999983
379,0.9822850664216658,31863,31863,0.994,0.99401,135.4,313.5,208.2,211.1,136.58,314.08,206.31,209.26,9.99999999995449e-06
379,0.985522051988102,3351,3351,0.993,0.99039,465.1,859.2,189.5,191.1,465.22,859.82,188.28,191.42,-0.002610000000000001
379,0.9952697985992319,16688,16688,0.986,0.996367,448.0,155.3,496.9,470.3,447.41,156.07,496.78,469.76,0.010367000000000015
380,0.9739165360527353,31863,31863,0.999,0.986216,596.4,714.6,210.2,216.9,597.01,714.84,208.74,212.72,-0.012784000000000018
380,0.9849158228634415,3351,3351,0.992,0.970681,285.2,181.2,186.0,188.3,285.11,180.0,187.09,190.07,-0.021318999999999977
380,0.9802944803328718,16688,16688,0.977,0.987168,0.0,550.1,499.7,512.5,0.0,543.15,496.61,519.29,0.010168000000000066
382,0.9591829099892398,2483,2483,0.987,0.988805,598.8,113.3,285.0,444.9,596.28,117.91,281.38,439.95,0.0018050000000000566
382,0.9756434504464615,3743,3743,0.984,0.951896,75.6,813.1,332.1,328.9,74.81,812.81,326.23,329.58,-0.03210400000000002
384,0.9616199940958432,2483,2483,0.992,0.925098,608.4,75.4,279.6,462.4,607.5,79.16,273.74,457.12,-0.06690200000000002
384,0.9701781879753216,3743,3743,0.985,0.847319,74.8,801.7,326.0,318.9,73.92,799.99,321.01,321.97,-0.13768099999999994
387,0.9892711726357349,20238,20238,0.993,0.941052,134.0,868.0,230.7,227.5,132.78,868.62,231.71,226.45,-0.051947999999999994
387,0.9514749159350098,3483,3483,0.992,0.970966,132.8,292.5,274.6,170.3,133.36,287.24,273.74,172.81,-0.021033999999999997
387,0.975787603275494,31885,31885,0.974,0.864726,497.2,655.3,417.4,510.2,496.87,649.84,420.65,518.82,-0.10927399999999998
389,0.9511363454287313,3483,3483,0.994,0.983272,620.3,715.2,214.3,271.9,624.9,719.59,211.81,268.2,-0.01072799999999996
389,0.9849168775648587,16262,16262,0.983,0.928143,600.8,184.4,238.9,230.9,601.44,185.3,240.0,230.32,-0.054856999999999934
389,0.9839109165880163,34597,34597,0.982,0.997888,29.8,125.7,436.8,423.9,28.74,128.24,441.08,421.14,0.015888000000000013
389,0.9785522903775686,20877,20877,0.978,0.993728,87.0,726.2,331.5,239.0,83.38,725.21,333.67,240.55,0.015727999999999964
390,0.954434895586707,3483,3483,0.993,0.969062,646.7,748.2,215.4,268.3,651.64,751.03,209.1,267.23,-0.023938000000000015
390,0.977927634253312,20877,20877,0.985,0.987025,116.0,770.1,331.7,229.2,117.36,769.61,327.41,231.37,0.0020250000000000545
390,0.9749784931812152,34597,34597,0.979,0.998307,44.4,156.8,448.6,417.3,41.49,153.62,454.31,422.63,0.019307000000000074
390,0.9881092133980524,16262,16262,0.971,0.977547,629.2,192.7,244.2,229.9,629.53,192.68,245.62,230.7,0.0065470000000000805
392,0.9884589415294648,33208,33208,0.996,0.9875,656.2,899.9,220.0,209.4,656.14,898.11,220.63,211.24,-0.008499999999999952
392,0.9877999914420814,1900,1900,0.989,0.989421,189.3,273.3,200.9,137.4,190.83,273.43,198.78,137.37,0.0004210000000000047
393,0.9413965812257339,1900,1900,0.99,0.925796,584.1,866.8,207.9,143.4,586.24,869.63,209.84,142.18,-0.06420400000000004
393,0.9771399355901585,33208,33208,0.987,0.819908,109.9,161.2,204.6,194.6,108.87,161.06,208.54,195.39,-0.16709200000000002
393,0.9620011212503442,16551,16551,0.979,0.712765,557.0,49.1,277.9,466.6,557.35,45.81,284.15,473.19,-0.266235
394,0.9877296186444852,20238,20238,0.989,0.997869,138.8,850.3,231.9,225.4,138.23,850.32,230.43,225.6,0.008869000000000016
394,0.9770154779039656,3483,3483,0.989,0.989698,124.9,276.2,270.1,184.1,125.53,273.75,271.26,186.76,0.0006979999999999764
394,0.988583200086339,28763,28763,0.972,0.98759,606.1,855.9,221.5,213.5,605.63,856.43,221.19,213.69,0.015589999999999993
394,0.9874531027529002,25469,25469,0.97,0.995875,572.2,231.5,371.3,217.5,572.58,231.31,369.51,219.21,0.02587499999999998
395,0.9692584119062351,3483,3483,0.997,0.985327,603.7,845.7,275.6,185.8,601.15,845.53,280.09,188.62,-0.011673000000000044
395,0.9727685054834508,20238,20238,0.99,0.998662,618.1,195.8,225.2,215.2,618.34,194.76,228.48,217.59,0.008662000000000059
395,0.9800831276369125,28763,28763,0.982,0.991741,171.7,209.6,213.5,200.3,172.19,209.7,214.09,202.68,0.009741
395,0.9579873255943657,25469,25469,0.971,0.996215,51.0,858.7,371.3,215.7,47.6,855.27,378.94,220.62,0.025214999999999987
396,0.9847592001436155,20238,20238,0.996,0.996027,589.9,190.5,220.8,212.6,589.15,189.46,222.74,214.01,2.6999999999999247e-05
396,0.9899369340772475,3483,3483,0.993,0.984076,574.6,810.9,279.3,192.1,574.81,809.66,279.78,193.43,-0.008924000000000043
396,0.983740650745981,28763,28763,0.976,0.988225,153.9,200.2,209.6,199.5,153.62,199.99,211.71,198.64,0.012225000000000041
396,0.9804049773183955,25469,25469,0.969,0.99366,13.2,813.1,381.5,221.1,11.19,814.51,384.28,221.06,0.024660000000000015
400,0.9803418635956017,1900,1900,0.993,0.997517,132.3,247.1,195.1,154.1,132.51,245.38,194.62,156.81,0.004516999999999993
400,0.9866645900574845,33208,33208,0.992,0.986153,613.6,771.0,212.3,204.0,614.44,771.1,212.54,204.7,-0.005847000000000047
400,0.9920711902754975,16548,16548,0.989,0.982288,603.1,124.5,231.4,225.1,604.13,124.94,230.32,224.96,-0.00671199999999994
400,0.9758370432504805,33009,33009,0.973,0.989654,16.3,776.2,363.5,238.5,12.04,774.31,367.54,241.43,0.016654000000000058
401,0.9745051030753223,33009,33009,0.994,0.994251,585.9,242.8,355.0,235.4,585.11,240.24,359.96,238.23,0.0002510000000000012
401,0.9873713081862118,33208,33208,0.993,0.979935,151.9,296.1,206.8,195.9,153.04,296.06,205.15,196.83,-0.013064999999999993
401,0.9531028221760043,1900,1900,0.991,0.995411,643.7,859.8,205.6,164.7,642.95,858.41,204.61,170.77,0.004411000000000054
401,0.9865358539926712,16548,16548,0.989,0.975594,111.8,899.0,242.5,239.1,111.94,898.25,241.08,238.76,-0.013406000000000029
404,0.9853900099957981,35206,35206,0.981,0.993887,434.3,699.7,420.6,232.6,434.48,700.05,421.52,234.63,0.012886999999999982
404,0.9890009891062681,3351,3351,0.979,0.974429,356.7,145.4,185.8,188.6,356.54,143.72,185.75,190.32,-0.004570999999999992
404,0.9825046279576848,18147,18147,0.973,0.986387,18.1,589.0,287.0,418.7,17.26,587.85,284.9,419.13,0.013387000000000038
409,0.9775081681228095,1900,1900,0.994,0.984838,133.4,244.1,188.9,164.8,133.71,244.29,191.35,163.7,-0.009162000000000003
409,0.9796835973401097,33009,33009,0.988,0.999551,516.9,791.4,383.9,212.0,517.27,792.0,381.7,208.89,0.011550999999999978
411,0.971985551542815,33009,33009,0.993,0.998502,85.5,257.6,365.9,207.1,88.47,259.4,365.46,204.33,0.005502000000000007
411,0.9682484853161504,1900,1900,0.991,0.965417,644.1,851.9,203.7,179.1,647.87,852.49,197.97,178.59,-0.025583000000000022
412,0.9580417518882606,2483,2483,0.996,0.991972,625.3,66.0,223.8,470.0,620.14,73.02,229.44,461.42,-0.0040280000000000316
412,0.9858615687129326,12081,12081,0.994,0.994123,649.9,692.3,244.3,468.5,649.31,693.7,245.28,463.71,0.00012299999999998423
413,0.9533507312522386,2483,2483,0.996,0.976242,631.3,36.6,242.8,474.2,629.26,31.41,239.19,481.96,-0.019757999999999942
413,0.9849967383235244,12081,12081,0.986,0.993744,642.6,688.5,235.0,449.0,641.96,690.52,236.76,448.41,0.007743999999999973
414,0.9797697974340523,2483,2483,0.995,0.996164,51.3,702.4,257.9,475.4,50.27,706.24,259.08,467.88,0.0011640000000000539
414,0.98170377907456,12081,12081,0.989,0.99575,71.2,128.2,225.0,430.4,72.95,128.92,225.1,429.33,0.006750000000000034
415,0.9832830619852251,3483,3483,0.997,0.981682,600.8,868.1,258.2,230.1,600.58,870.28,257.27,228.39,-0.015317999999999943
415,0.9674329794877147,19861,19861,0.993,0.96455,127.1,864.7,219.7,166.6,128.84,864.0,219.94,169.34,-0.028449999999999975
415,0.9580111069006194,31885,31885,0.984,0.978205,96.1,90.4,325.2,542.1,102.08,89.01,324.36,540.12,-0.005794999999999995
415,0.9812016241609717,16262,16262,0.969,0.982218,639.3,178.2,241.9,229.1,640.02,178.53,243.55,229.88,0.013218000000000063
416,0.9784714271537033,3483,3483,0.997,0.98717,573.0,833.5,262.6,236.6,572.98,836.57,261.81,232.24,-0.009830000000000005
416,0.9843863249389339,16262,16262,0.991,0.977631,609.7,172.9,237.3,229.3,610.99,172.8,238.1,229.65,-0.013368999999999964
416,0.9862582859331476,19861,19861,0.99,0.991173,92.3,826.2,226.4,176.2,92.32,826.77,227.02,174.28,0.0011729999999999796
416,0.9628361356132978,31885,31885,0.966,0.932053,79.6,70.1,316.7,534.9,85.71,72.16,315.22,532.8,-0.03394699999999995
417,0.9576587449771322,3483,3483,0.998,0.976138,147.1,219.3,251.1,224.6,148.09,220.53,248.01,217.77,-0.021862000000000048
417,0.9549685598999015,19861,19861,0.996,0.989679,637.5,277.7,220.9,168.8,641.89,279.75,217.63,168.27,-0.006321000000000021
417,0.9564152378038251,31885,31885,0.985,0.850547,572.4,609.9,328.7,553.6,566.13,609.42,327.79,555.63,-0.13445299999999993
417,0.9826378660489206,16262,16262,0.975,0.983926,100.9,851.9,248.4,240.6,99.52,851.54,249.39,243.12,0.00892599999999999
419,0.982580185909202,3483,3483,0.996,0.97598,126.2,307.4,266.8,201.9,126.75,305.07,266.5,203.6,-0.020020000000000038
419,0.989294410927388,20238,20238,0.989,0.994949,113.7,855.0,231.6,226.4,112.47,855.12,231.77,226.2,0.005948999999999982
419,0.9860940966094011,27733,27733,0.983,0.965963,566.1,261.9,299.5,263.5,565.36,260.78,300.05,266.39,-0.01703699999999997
419,0.9840478167019511,25367,25367,0.971,0.994596,540.8,735.3,434.0,443.1,543.24,737.24,432.76,439.7,0.02359600000000006
420,0.9815249208319954,20238,20238,0.997,0.997145,613.8,186.3,221.0,213.4,613.55,185.62,223.31,212.99,0.00014499999999995072
420,0.9881303197777814,3483,3483,0.996,0.994709,580.9,758.7,272.9,209.8,579.85,757.85,273.49,210.15,-0.0012910000000000421
420,0.9535593084815439,27733,27733,0.987,0.792564,88.1,722.4,327.4,282.4,87.94,726.8,320.35,280.64,-0.19443599999999994
420,0.978254973049404,25367,25367,0.98,0.987407,7.2,74.7,428.1,419.0,5.54,75.92,434.08,419.98,0.007407000000000052
422,0.9581596080320369,3483,3483,0.999,0.959691,149.3,218.3,250.6,224.5,150.69,219.36,246.81,218.41,-0.03930900000000004
422,0.960388016551305,19861,19861,0.994,0.979072,638.8,278.1,221.3,169.1,642.85,279.57,218.59,168.88,-0.014927999999999941
422,0.9859532884291999,34597,34597,0.991,0.624314,558.6,698.4,353.8,515.1,558.03,699.19,351.34,515.56,-0.36668599999999996
423,0.9652905303567899,3483,3483,0.997,0.98033,571.6,834.5,262.3,237.3,571.51,839.03,260.91,230.44,-0.016669999999999963
423,0.9718393813625524,36637,36637,0.993,0.263534,591.6,196.0,258.0,153.3,588.49,194.69,261.89,153.82,-0.729466
423,0.9900760160082633,19861,19861,0.99,0.98957,90.9,825.8,226.2,176.0,90.95,825.99,226.84,174.82,-0.00043000000000004146
423,0.9789267803003909,34597,34597,0.983,0.866692,81.5,17.7,334.0,492.1,84.59,20.75,331.39,491.22,-0.11630799999999997
429,0.9588907276208521,3483,3483,0.998,0.990701,609.7,790.9,271.0,203.5,608.08,791.43,275.61,207.61,-0.007298999999999944
429,0.9890377945018798,27733,27733,0.993,0.906333,130.8,775.9,313.8,277.0,132.45,775.13,312.34,277.11,-0.08666699999999994
429,0.9782955466474503,29667,29667,0.989,0.94023,668.2,180.8,225.6,213.5,668.81,182.8,226.85,211.14,-0.04876999999999998
429,0.954245167850875,34597,34597,0.983,0.997477,72.6,155.9,486.6,350.7,71.26,151.6,494.67,361.52,0.014476999999999962
430,0.9705213577242081,3544,3544,0.996,0.925519,182.3,199.8,203.1,198.6,181.4,196.65,203.45,200.34,-0.07048100000000002
430,0.9663216536895766,4543,4543,0.994,0.996872,611.0,155.0,204.6,201.7,610.87,153.43,206.04,199.35,0.0028719999999999857
431,0.9738026401221418,3544,3544,0.992,0.794707,200.6,206.8,206.2,201.6,199.75,205.68,209.9,202.06,-0.19729299999999994
431,0.9841906053631141,4543,4543,0.992,0.993966,639.9,154.5,208.6,200.9,640.7,154.76,206.02,200.2,0.0019660000000000233
432,0.9386671714905453,4543,4543,0.994,0.976069,132.9,904.5,215.2,211.3,130.21,908.21,213.52,210.38,-0.01793100000000003
432,0.9798854875499483,3544,3544,0.988,0.919262,583.7,859.9,213.3,211.0,583.0,857.85,214.66,212.14,-0.06873799999999997
433,0.97931695427749,16232,16232,0.992,0.978631,619.7,177.8,186.4,182.5,618.38,179.12,188.21,181.92,-0.013368999999999964
433,0.9873051482395022,3483,3483,0.992,0.994899,580.4,758.6,273.1,209.4,580.39,757.5,273.46,209.2,0.002898999999999985
433,0.9685171529676636,30308,30308,0.989,0.986747,94.6,106.7,350.7,422.6,95.88,104.16,356.31,423.89,-0.0022529999999999495
433,0.9495676943866744,27733,27733,0.984,0.895384,87.3,721.7,326.6,282.3,88.18,726.48,319.25,280.98,-0.08861600000000003
434,0.9818182770542527,3483,3483,0.996,0.980086,126.1,307.9,267.1,200.4,126.55,305.17,267.04,202.79,-0.015913999999999984
434,0.9793909683747889,16232,16232,0.989,0.928262,141.4,892.6,197.2,192.4,139.97,893.12,197.65,193.03,-0.06073799999999996
434,0.9836063293903236,27733,27733,0.987,0.957456,567.3,261.2,298.2,263.4,565.33,260.93,300.02,265.9,-0.029544000000000015
434,0.9806265264321921,30308,30308,0.976,0.960759,536.3,694.8,366.7,445.5,535.2,697.14,364.69,444.42,-0.015240999999999949
435,0.964020829831261,3483,3483,0.998,0.989977,608.0,792.3,271.7,204.3,606.54,793.0,275.6,207.52,-0.008023000000000002
435,0.9963464244953407,27733,27733,0.99,0.93489,124.4,770.9,313.2,272.6,124.16,770.65,313.75,273.12,-0.05510999999999999
435,0.975679797140845,30308,30308,0.987,0.984388,109.6,119.5,362.8,436.7,108.63,121.17,369.44,436.22,-0.0026119999999999477
435,0.993324566163654,16232,16232,0.987,0.980884,648.3,184.8,192.3,179.1,648.2,184.52,192.71,179.92,-0.00611600000000001
436,0.9713401754903067,3483,3483,0.997,0.988713,603.1,845.0,276.3,186.1,601.02,846.14,280.55,186.41,-0.008287000000000044
436,0.9768816373224118,20238,20238,0.989,0.998041,618.2,195.5,224.1,217.2,617.8,194.94,228.4,217.36,0.009040999999999966
436,0.9784277532729466,31885,31885,0.987,0.989098,42.8,135.5,446.8,479.3,39.22,133.71,447.58,479.24,0.0020980000000000443
436,0.9662205237661237,25469,25469,0.966,0.997102,50.6,858.6,371.6,215.1,47.77,856.05,377.57,219.1,0.031102000000000074
443,0.9733214030970885,2483,2483,0.983,0.978231,82.0,672.9,250.0,467.9,85.64,673.49,245.86,471.65,-0.004769000000000023
443,0.9859050959661446,25438,25438,0.953,0.953973,567.6,187.3,247.8,253.2,568.29,188.48,245.9,251.56,0.0009730000000000016
444,0.9550370543357308,2483,2483,0.99,0.975621,597.0,110.0,258.8,452.1,597.09,108.38,248.73,452.42,-0.01437900000000003
444,0.9796636326672135,25438,25438,0.974,0.690554,111.8,842.0,258.6,266.1,112.1,842.88,256.22,263.11,-0.283446
449,0.9605777731732319,3483,3483,0.998,0.977069,591.4,844.5,281.3,168.8,589.78,846.52,285.72,168.95,-0.020931000000000033
449,0.9899027928569046,34597,34597,0.985,0.976017,46.9,131.3,379.0,477.4,45.67,132.53,378.74,475.98,-0.008982999999999963
449,0.9855145789262177,16262,16262,0.966,0.960656,621.9,182.2,242.8,230.5,621.7,182.47,244.47,231.75,-0.005344000000000015
452,0.9563989570257773,1900,1900,0.988,0.976054,647.9,844.8,184.3,188.2,643.16,847.35,188.48,185.11,-0.011946000000000012
452,0.9772563316770523,29451,29451,0.988,0.968993,512.3,243.0,406.1,219.2,506.35,242.08,412.42,219.37,-0.019006999999999996
452,0.9576269407085595,16551,16551,0.969,0.770502,137.6,636.4,310.7,484.2,133.28,635.07,309.53,489.98,-0.19849799999999995
454,0.9418571814647474,2483,2483,0.992,0.995646,103.0,702.7,229.3,485.6,96.2,709.58,233.26,476.58,0.003646000000000038
455,0.9477857475195315,2483,2483,0.995,0.988279,605.7,19.7,216.3,489.0,599.83,22.36,217.96,485.4,-0.006720999999999977
456,0.9337754983547936,2483,2483,0.993,0.954302,596.7,53.0,209.9,484.2,592.94,65.15,210.79,466.31,-0.03869800000000001
457,0.9794697589537612,2483,2483,0.992,0.982884,637.9,60.2,218.1,490.0,639.86,63.03,214.98,487.44,-0.009116000000000013
457,0.9892451392754583,13395,13395,0.986,0.949666,633.6,674.5,229.6,497.2,633.32,677.78,229.32,494.19,-0.03633399999999998
458,0.9802939471179257,2483,2483,0.993,0.965786,624.1,103.8,230.7,465.9,625.35,103.08,226.57,466.47,-0.02721399999999996
459,0.9637959486117491,2483,2483,0.99,0.980166,79.9,660.1,218.7,486.7,81.63,658.22,221.99,489.77,-0.00983400000000001
460,0.9130023271860628,2483,2483,0.991,0.981707,93.8,660.1,203.9,491.0,81.18,661.41,222.77,489.72,-0.009292999999999996
460,0.958672035900323,22362,22362,0.987,0.998664,80.9,116.3,259.5,392.3,88.33,114.38,250.2,394.63,0.011664000000000008
460,0.9668490211564357,3743,3743,0.984,0.918548,495.1,128.5,308.2,299.4,489.56,128.6,311.86,302.16,-0.06545199999999995
462,0.9419298018088172,2483,2483,0.99,0.959517,629.2,98.5,198.7,470.4,626.82,92.68,207.54,474.26,-0.030483000000000038
462,0.966057848725965,3743,3743,0.987,0.954242,125.4,838.2,327.7,332.1,120.16,834.47,330.66,335.63,-0.032757999999999954
462,0.9532683705745442,22362,22362,0.983,0.988962,608.8,737.2,272.0,415.4,607.62,722.22,271.78,429.08,0.005962000000000023
463,0.9921592309663412,20238,20238,0.992,0.872496,133.1,868.7,231.5,227.5,132.91,869.17,230.62,226.95,-0.11950399999999994
463,0.958254241974431,3483,3483,0.99,0.984252,131.9,292.7,274.6,169.5,131.5,288.2,276.27,172.24,-0.005747999999999975
463,0.9840836281501222,28763,28763,0.988,0.989699,622.6,873.5,222.2,211.6,624.18,873.32,220.53,213.42,0.001699000000000006
464,0.9705015317482711,20238,20238,0.993,0.954059,595.2,174.3,219.1,211.9,594.97,171.19,222.09,214.62,-0.038941
464,0.9794821251256525,3483,3483,0.991,0.991334,564.7,810.8,283.3,174.7,564.17,811.76,285.5,175.06,0.0003340000000000565
464,0.9640398145843374,28763,28763,0.98,0.993468,137.4,185.9,208.8,198.6,136.38,182.69,212.26,202.65,0.013468000000000035
465,0.9663756486733893,3483,3483,0.997,0.974612,592.6,844.3,281.5,168.9,590.85,845.68,285.6,169.5,-0.022387999999999963
465,0.9800417708420196,20238,20238,0.993,0.973249,624.3,177.1,223.7,214.5,624.53,175.69,225.26,216.91,-0.019750999999999963
465,0.9805758328915873,28763,28763,0.975,0.979293,154.9,193.7,213.1,199.0,154.77,190.93,212.57,202.2,0.004292999999999991
468,0.9725726287241531,22362,22362,0.985,0.998132,605.0,745.3,265.3,421.1,604.12,739.6,264.75,424.39,0.013132000000000033
468,0.9386389106177232,2483,2483,0.979,0.990394,599.5,121.7,204.2,462.5,594.01,106.57,210.2,478.67,0.011394000000000015
468,0.9797312893057789,25438,25438,0.964,0.883224,156.1,872.5,259.7,267.8,157.14,872.59,256.37,265.78,-0.08077599999999996
469,0.9680600263562869,3483,3483,0.997,0.98474,608.6,791.1,271.3,205.0,607.34,791.82,274.63,207.75,-0.012260000000000049
469,0.9951729639123236,27733,27733,0.99,0.870392,125.5,770.0,313.2,274.2,125.06,770.35,313.01,273.81,-0.11960799999999994
469,0.9728903055101646,28763,28763,0.987,0.98804,148.8,222.1,213.4,198.9,147.62,219.99,216.13,201.86,0.001040000000000041
469,0.9793301206231024,35206,35206,0.976,0.777724,602.7,126.5,254.0,389.6,603.08,124.57,256.54,390.34,-0.198276
472,0.9885139532356894,16548,16548,0.994,0.880131,628.2,148.1,234.6,226.7,627.91,147.2,235.64,226.88,-0.113869
472,0.9789240513084208,3544,3544,0.987,0.96417,149.9,190.7,207.4,200.4,148.89,188.29,207.47,202.81,-0.022830000000000017
474,0.9696486429783988,3544,3544,0.995,0.924961,636.4,876.6,213.5,211.4,633.3,873.9,216.19,214.49,-0.07003899999999996
474,0.9949910835033055,16548,16548,0.991,0.971745,117.6,881.1,241.6,238.5,117.61,881.1,240.44,238.55,-0.019255000000000022
475,0.9587967562190274,2483,2483,0.993,0.962947,595.9,79.0,208.0,476.5,592.85,81.47,207.84,470.75,-0.030052999999999996
475,0.9684341141180803,25438,25438,0.967,0.891821,127.6,823.7,256.1,267.9,127.32,825.94,254.54,261.6,-0.075179
477,0.9618464264378961,2483,2483,0.989,0.991044,603.0,44.8,214.4,485.9,597.48,42.23,218.52,487.63,0.0020440000000000458
477,0.9820971331985983,13395,13395,0.989,0.906191,588.4,712.6,236.6,498.4,587.37,713.8,236.12,494.75,-0.08280900000000002
477,0.9737141735374942,25438,25438,0.982,0.96547,124.2,812.4,254.8,254.7,124.87,814.28,250.9,251.86,-0.016529999999999934
479,0.9758974084077277,3483,3483,0.997,0.98601,537.3,778.2,266.4,223.0,534.45,779.03,271.9,222.1,-0.010989999999999944
479,0.9793553786795952,36637,36637,0.992,0.975226,636.6,178.3,181.6,244.0,635.66,177.83,181.43,242.6,-0.016773999999999956
479,0.9595211743839518,25367,25367,0.98,0.984816,66.0,82.1,373.5,470.9,71.56,86.33,363.64,464.09,0.0048160000000000425
481,0.9649592852054548,2483,2483,0.994,0.973124,622.9,103.9,231.2,465.3,626.49,101.17,224.85,467.04,-0.020876000000000006
481,0.96175000433367,13395,13395,0.975,0.979512,638.2,673.9,245.6,516.8,636.62,675.34,242.3,510.33,0.0045120000000000715
482,0.9509385787717581,2483,2483,0.993,0.977732,79.9,660.4,217.3,487.4,81.06,658.41,224.67,490.57,-0.015267999999999948
484,0.9851897189568652,3351,3351,0.981,0.971268,420.5,894.7,190.6,191.6,421.55,894.69,188.3,192.14,-0.009731999999999963
484,0.9852099819412011,16688,16688,0.98,0.995885,481.2,121.8,419.2,530.3,480.88,124.41,417.9,524.88,0.015885000000000038
484,0.9757147080131343,32310,32310,0.956,0.98966,23.2,327.9,291.3,322.5,25.23,325.1,288.68,327.6,0.03366000000000002
485,0.9804596488859961,3351,3351,0.974,0.985814,326.9,147.0,185.8,188.2,328.45,147.23,182.83,187.52,0.011813999999999991
485,0.9779982271850536,16688,16688,0.97,0.990346,35.0,520.2,443.6,587.1,36.35,518.83,437.92,584.34,0.020345999999999975
485,0.9771812354293873,32310,32310,0.969,0.992847,624.1,533.4,289.3,341.9,621.73,533.35,292.37,346.21,0.023847000000000063
486,0.9788004475512379,3351,3351,0.987,0.944129,369.8,205.5,184.6,182.2,369.65,206.64,183.69,182.64,-0.04287099999999999
486,0.9689668690186085,32310,32310,0.976,0.991429,663.8,630.5,291.4,345.7,660.97,634.67,293.19,343.71,0.015429000000000026
486,0.9788314968934477,16688,16688,0.964,0.984122,74.4,616.9,435.9,595.3,76.37,617.49,440.53,594.19,0.020122000000000084
487,0.965343551571504,3483,3483,0.999,0.988557,608.0,792.4,272.3,203.7,606.68,792.86,274.53,208.37,-0.01044299999999998
487,0.9952113887717517,27733,27733,0.99,0.908151,124.3,769.9,313.3,274.0,124.32,770.34,312.77,273.15,-0.08184899999999995
487,0.9878540379786819,16232,16232,0.987,0.989194,648.2,184.7,191.4,178.9,647.86,184.77,192.73,179.71,0.0021940000000000293
487,0.9658993358215534,31885,31885,0.981,0.998869,95.2,47.4,415.4,508.3,95.02,49.72,406.26,502.45,0.017869000000000024
493,0.9746328392509619,19607,19607,0.997,0.940287,682.8,901.9,165.2,159.2,684.01,902.53,162.83,159.75,-0.05671300000000001
493,0.9777630020630229,16548,16548,0.995,0.958383,124.5,885.5,243.0,238.9,122.14,885.61,243.12,239.54,-0.03661700000000001
493,0.9658173903895326,1900,1900,0.972,0.957586,186.8,290.8,196.8,156.5,186.06,292.38,197.75,158.06,-0.014413999999999927
494,0.9619877597701081,19607,19607,0.997,0.671591,134.9,213.0,155.3,150.5,136.84,211.28,151.72,151.57,-0.32540899999999995
494,0.9312750970720901,1900,1900,0.986,0.956937,590.1,826.6,201.3,163.8,588.89,828.81,205.48,167.82,-0.02906299999999995
494,0.9800777941528067,16548,16548,0.986,0.965073,592.0,138.4,231.6,224.1,590.29,136.58,232.61,226.3,-0.02092700000000003
496,0.9629079649524039,36637,36637,0.993,0.991843,162.6,292.3,190.8,250.8,164.91,294.73,186.18,247.49,-0.0011569999999999636
496,0.9920824203863592,3351,3351,0.988,0.977771,393.9,872.0,189.8,190.7,393.93,871.87,188.98,190.27,-0.010229000000000044
496,0.9818853892165483,3832,3832,0.983,0.974127,495.0,179.9,373.9,363.8,494.11,178.48,377.56,366.92,-0.00887300000000002
497,0.9809036077792306,36637,36637,0.992,0.991824,587.7,667.9,193.3,257.2,586.22,669.58,194.1,255.94,-0.00017599999999995397
497,0.9703970462250078,3832,3832,0.986,0.978841,51.4,653.5,384.5,376.8,53.41,649.89,388.08,380.75,-0.0071590000000000265
497,0.9806369441362539,3351,3351,0.979,0.980651,354.2,160.0,181.4,184.2,355.16,159.31,181.26,183.78,0.001651000000000069
499,0.9712467679490536,3483,3483,0.993,0.991104,124.3,276.8,270.6,184.6,125.82,274.57,270.63,185.74,-0.0018960000000000088
499,0.9894660809613542,25367,25367,0.989,0.995466,525.4,727.1,437.2,459.4,524.93,728.79,435.83,456.97,0.006465999999999972
499,0.9848545006810131,25469,25469,0.978,0.994848,571.0,231.9,373.0,217.9,572.37,231.83,369.69,219.3,0.016847999999999974
499,0.9922481494250067,16262,16262,0.968,0.971903,167.0,834.3,250.9,242.8,167.97,834.16,249.19,242.85,0.00390299999999999
500,0.9935068169594675,3483,3483,0.992,0.984121,574.0,810.9,280.3,192.7,575.16,810.83,279.63,192.72,-0.00787899999999997
500,0.9554708886102132,25367,25367,0.985,0.983075,35.4,62.1,413.1,438.0,37.26,68.9,418.98,434.34,-0.0019249999999999545
500,0.9780926042266246,16262,16262,0.984,0.884207,546.4,187.4,237.8,229.8,544.75,187.28,241.79,231.07,-0.09979300000000002
500,0.9893032126602108,25469,25469,0.974,0.993245,12.4,812.6,383.1,222.0,11.69,813.78,383.35,221.35,0.019245000000000068
501,0.972627492683518,3483,3483,0.997,0.985612,602.7,845.0,277.1,186.2,601.3,845.91,280.36,187.39,-0.011387999999999954
501,0.9632802282138053,25469,25469,0.981,0.995308,50.5,858.3,372.3,215.4,47.27,855.26,378.6,219.89,0.014307999999999987
501,0.98310488908396,16262,16262,0.97,0.976203,573.1,195.6,244.7,229.5,572.51,194.82,246.51,231.73,0.00620300000000007
501,0.9739444544851721,25367,25367,0.969,0.982706,49.3,77.5,427.6,443.2,48.34,78.49,437.37,442.93,0.013705999999999996
502,0.9785484054450315,3483,3483,0.992,0.992108,124.6,276.6,270.9,184.5,125.8,274.43,270.56,186.22,0.00010799999999999699
502,0.9831433219181046,20238,20238,0.99,0.995985,140.0,850.0,230.9,225.6,138.57,850.68,230.53,224.92,0.005985000000000018
502,0.9835255246273915,25469,25469,0.98,0.995015,571.3,232.1,372.2,217.4,572.64,231.99,369.04,219.18,0.015015
502,0.9630476030256663,30308,30308,0.973,0.988733,548.1,731.4,414.7,408.9,546.74,730.01,407.75,414.84,0.015732999999999997
503,0.9789805057714217,20238,20238,0.996,0.997102,589.1,191.2,221.2,212.4,588.12,190.22,224.26,214.0,0.0011020000000000474
503,0.989412530712303,3483,3483,0.994,0.983968,574.8,811.1,279.1,192.2,575.13,809.98,279.72,193.27,-0.010032000000000041
503,0.964575921540814,30308,30308,0.98,0.99059,39.6,103.9,386.2,393.0,39.02,101.27,396.0,397.35,0.010589999999999988
503,0.9797014758074593,25469,25469,0.97,0.988871,13.0,812.8,381.9,220.5,11.34,814.14,383.8,221.26,0.018871000000000082
506,0.990245662053134,31863,31863,0.996,0.988546,82.6,697.4,208.2,213.7,82.63,697.91,209.29,213.6,-0.007453999999999961
506,0.9765722339890867,3351,3351,0.988,0.977219,352.0,141.7,182.9,185.9,351.53,139.33,184.06,189.16,-0.01078100000000004
506,0.9660107459361963,38162,38162,0.984,0.973964,533.8,631.7,196.2,304.8,530.25,630.7,201.99,306.48,-0.010035999999999934
507,0.9792962154518057,31863,31863,0.998,0.976513,125.8,787.2,205.8,202.8,124.08,786.44,206.66,204.52,-0.021487000000000034
507,0.9824486811240576,38162,38162,0.993,0.966202,574.4,728.2,192.7,293.6,572.65,727.16,195.02,295.29,-0.02679799999999999
507,0.9846701275058455,3351,3351,0.977,0.985114,393.7,197.7,184.8,182.9,393.62,197.16,183.32,184.11,0.008114000000000066
508,0.982849461998813,3351,3351,0.991,0.984758,418.0,872.0,191.7,190.9,418.51,870.2,190.79,192.09,-0.00624199999999997
508,0.972580429233903,18147,18147,0.988,0.955979,541.1,238.8,337.6,351.4,539.42,237.75,333.94,353.87,-0.032020999999999966
508,0.9773233213751127,22074,22074,0.965,0.978034,167.5,261.1,185.7,188.6,166.12,260.62,187.19,191.44,0.01303399999999999
509,0.9682341300321184,18147,18147,0.996,0.989431,48.5,607.7,349.0,374.1,47.57,606.12,345.94,381.02,-0.006569000000000047
509,0.9874342522789935,22074,22074,0.992,0.972741,589.5,779.9,188.3,193.2,588.91,779.63,187.81,193.01,-0.019259000000000026
509,0.9762130102117372,3351,3351,0.982,0.984968,327.2,167.6,186.9,188.6,328.83,166.12,184.91,189.02,0.0029679999999999707
511,0.9558724753957214,3483,3483,0.999,0.970325,149.5,218.2,250.5,225.1,150.61,218.96,246.95,218.26,-0.028675000000000006
511,0.9549092946808548,19861,19861,0.993,0.982466,639.1,278.1,221.0,169.0,643.26,279.35,218.1,170.19,-0.010534000000000043
511,0.9699339146617929,25367,25367,0.969,0.990346,575.5,744.2,392.1,496.1,573.66,745.13,390.28,487.96,0.021345999999999976
515,0.9725831942007851,3483,3483,0.992,0.979911,566.2,812.1,264.0,215.8,565.92,813.02,266.7,217.79,-0.012089000000000016
515,0.9869332894507276,30308,30308,0.99,0.991303,94.0,183.7,425.5,367.5,92.6,184.13,427.56,369.71,0.0013030000000000541
515,0.9843518468919809,35206,35206,0.978,0.978116,614.2,142.9,224.9,400.1,613.78,141.42,227.16,400.74,0.00011600000000000499
516,0.9801093886889458,3483,3483,0.998,0.920602,170.0,281.0,260.5,213.9,169.14,279.63,262.07,213.62,-0.07739799999999997
516,0.9839756387449256,27777,27777,0.993,0.835834,636.9,294.2,176.3,196.6,637.58,291.97,175.46,198.8,-0.15716600000000003
516,0.9637992527548053,35206,35206,0.988,0.995048,138.3,706.4,243.1,410.8,140.08,706.83,234.9,409.75,0.007048000000000054
516,0.9728505563491882,30308,30308,0.979,0.993634,478.9,702.1,436.2,372.2,474.37,700.79,438.73,376.94,0.014634000000000036
517,0.9683683625150463,3483,3483,0.997,0.97806,591.9,845.8,280.7,168.0,589.44,845.76,286.83,169.78,-0.018939999999999957
517,0.9836221655379537,36637,36637,0.994,0.986868,642.5,206.8,190.2,249.1,642.09,209.49,190.29,246.87,-0.007132000000000027
517,0.9879591041911353,31885,31885,0.98,0.996994,28.8,16.7,379.9,521.3,30.02,19.0,377.19,519.28,0.016994000000000065
518,0.9741944543178334,36637,36637,0.994,0.989101,615.6,203.0,183.3,242.8,612.45,204.76,186.61,240.77,-0.004898999999999987
518,0.985990413247926,3483,3483,0.992,0.99322,562.7,811.2,284.4,174.4,562.67,812.53,284.84,173.93,0.0012199999999999989
518,0.9820455469234823,31885,31885,0.976,0.99888,19.2,2.4,364.0,515.3,21.39,4.28,360.96,510.31,0.02288000000000001
519,0.9698097328553192,36637,36637,0.995,0.983398,148.7,802.6,195.5,252.9,148.35,802.52,199.73,255.25,-0.011602000000000001
519,0.9510144696151144,3483,3483,0.99,0.973506,132.7,292.4,275.4,169.6,133.85,287.49,273.79,171.82,-0.01649400000000001
519,0.9694495495886574,31885,31885,0.981,0.896877,596.1,699.2,376.3,537.9,597.75,702.79,378.25,540.0,-0.08412299999999995
520,0.9663721570743634,3483,3483,0.998,0.95544,174.0,279.9,259.7,214.2,173.23,276.74,260.2,214.04,-0.04256000000000004
520,0.9691895785974035,29667,29667,0.994,0.837483,127.8,883.1,229.4,226.1,125.87,879.98,231.99,227.77,-0.15651700000000002
520,0.9889038278188,28763,28763,0.979,0.996875,614.0,906.5,223.6,212.5,613.05,906.77,224.23,213.13,0.017874999999999974
521,0.9755592414629316,3483,3483,0.997,0.983002,535.7,778.3,267.1,223.7,532.89,779.31,272.52,222.64,-0.013997999999999955
521,0.967795930359335,27777,27777,0.988,0.403233,142.4,775.3,179.7,205.5,143.79,774.68,181.66,206.85,-0.584767
521,0.9653340215485743,29667,29667,0.988,0.868559,601.2,161.1,216.3,214.5,600.52,160.14,222.46,216.05,-0.11944100000000002
521,0.958956363718706,28763,28763,0.981,0.962575,147.2,155.7,208.1,197.6,144.79,155.34,213.9,200.47,-0.018425000000000025
522,0.9776862856509375,3483,3483,0.994,0.98429,562.3,813.3,266.1,217.4,561.9,813.95,267.5,219.89,-0.009709999999999996
522,0.9738880779575743,29667,29667,0.986,0.93947,630.2,165.6,222.0,211.8,629.71,164.01,225.02,214.56,-0.04652999999999996
522,0.9597886715477085,28763,28763,0.984,0.986758,163.9,160.9,211.7,200.2,162.37,159.31,216.09,204.35,0.002758000000000038
525,0.9836731553435409,3483,3483,0.995,0.978086,126.5,307.4,266.8,200.2,126.6,304.7,266.35,202.62,-0.016913999999999985
525,0.9767953947739035,16232,16232,0.992,0.768195,141.0,892.4,197.5,192.9,139.32,892.61,197.56,193.8,-0.22380500000000003
525,0.9744693597209124,27733,27733,0.986,0.960382,567.5,261.3,298.3,262.4,565.4,260.56,300.56,267.25,-0.02561800000000003
525,0.9789568602153346,28763,28763,0.983,0.993889,633.6,864.5,223.3,213.2,636.44,864.75,221.1,213.91,0.010889000000000038
526,0.967632546035153,3483,3483,0.998,0.973235,146.7,218.8,250.8,224.7,147.62,219.55,249.01,218.99,-0.024765000000000037
526,0.9584427925754556,19861,19861,0.992,0.981416,637.4,277.6,221.1,169.2,641.61,279.02,218.21,169.32,-0.010584000000000038
526,0.9872605528679376,16262,16262,0.981,0.975061,100.3,851.5,249.3,241.8,100.15,852.08,248.55,242.73,-0.005939000000000028
526,0.9828908333364537,30308,30308,0.981,0.99789,550.5,711.5,313.7,471.5,551.06,710.43,309.41,473.17,0.01689000000000007
527,0.9873238724222612,3483,3483,0.997,0.983472,601.0,867.7,257.5,231.2,600.78,868.86,258.81,230.66,-0.013527999999999984
527,0.972901517599762,19861,19861,0.993,0.96014,127.3,865.1,219.7,166.8,128.85,864.31,220.09,168.76,-0.03286
527,0.9700134871820709,30308,30308,0.99,0.996095,139.1,73.7,313.1,464.6,144.83,76.84,306.28,462.24,0.0060949999999999616
527,0.9825977799216717,16262,16262,0.974,0.974705,639.3,178.2,242.9,229.4,640.16,178.89,243.52,229.85,0.0007050000000000667
528,0.971816391374715,3483,3483,0.997,0.989874,573.5,833.8,262.6,236.8,573.85,837.47,260.85,231.67,-0.007125999999999966
528,0.9818349002673645,16262,16262,0.992,0.977557,609.8,172.8,236.7,228.9,611.71,172.73,236.82,228.65,-0.014442999999999984
528,0.9833409553513885,19861,19861,0.991,0.99002,92.1,826.1,226.1,176.3,92.13,826.89,227.59,174.54,-0.0009799999999999809
528,0.9686102473066215,30308,30308,0.981,0.995715,127.0,62.6,298.6,449.7,130.47,66.08,292.76,448.23,0.014715000000000034
529,0.9652985018033022,3483,3483,0.996,0.9874,603.3,845.1,276.8,185.8,601.08,846.13,281.16,187.43,-0.008599999999999941
529,0.9713069175983737,20238,20238,0.991,0.998706,618.0,196.4,225.3,214.6,618.11,194.72,228.38,217.75,0.007705999999999991
529,0.9761226083963607,22347,22347,0.976,0.961526,109.3,241.5,204.3,196.3,107.15,240.9,207.49,198.01,-0.014473999999999987
529,0.9643155408329122,25469,25469,0.969,0.996998,50.7,859.1,372.4,216.2,47.83,855.72,379.2,220.18,0.02799800000000008
530,0.9709032487063971,3483,3483,0.992,0.989528,124.5,276.7,270.3,183.9,125.56,273.82,271.4,186.38,-0.0024720000000000297
530,0.9892816524730053,20238,20238,0.992,0.996517,138.5,850.3,232.0,225.2,138.41,850.47,230.22,225.38,0.004516999999999993
530,0.988821457318355,22347,22347,0.991,0.995388,680.6,833.2,213.0,206.4,680.33,832.49,212.34,206.66,0.0043880000000000585
530,0.9882911837534529,25469,25469,0.969,0.994502,572.0,231.4,371.4,217.6,572.03,230.72,370.45,219.62,0.025502000000000025
531,0.9812599566841851,20238,20238,0.996,0.996624,590.0,190.9,220.7,212.4,589.39,189.54,222.9,214.32,0.0006239999999999579
531,0.98832085169481,3483,3483,0.994,0.98701,575.1,811.3,278.5,191.7,574.67,810.54,280.62,192.5,-0.006989999999999941
531,0.9793749672841946,22347,22347,0.978,0.990843,90.8,229.9,200.3,195.8,88.9,229.75,204.29,195.88,0.012843000000000049
531,0.9813091832105768,25469,25469,0.968,0.994001,12.9,813.4,381.7,220.2,11.15,814.43,384.44,220.73,0.026001000000000052
532,0.9672931517337248,2483,2483,0.989,0.983954,597.9,119.0,286.1,439.4,596.33,118.48,280.81,438.88,-0.005045999999999995
532,0.9706204902486856,3743,3743,0.985,0.942014,76.3,813.1,330.9,326.9,75.26,813.18,325.53,329.12,-0.04298599999999997
532,0.9594080949826869,19552,19552,0.98,0.983633,118.1,107.4,378.9,434.0,120.85,118.36,375.36,420.31,0.0036329999999999973
533,0.9720715617198308,2483,2483,0.988,0.957546,607.8,77.0,280.1,460.4,607.52,78.75,274.31,457.91,-0.03045399999999998
533,0.9711168353946772,3743,3743,0.983,0.86541,75.0,801.0,324.7,319.3,73.88,800.37,320.65,322.5,-0.11758999999999997
533,0.9840350719259069,19552,19552,0.974,0.983478,115.4,73.0,383.0,431.6,115.65,71.37,385.45,435.25,0.009477999999999986
534,0.958928889475124,2483,2483,0.991,0.975883,48.2,679.0,291.4,460.5,51.85,679.56,280.04,459.5,-0.015117000000000047
534,0.9689557563726414,3743,3743,0.979,0.894766,536.7,153.2,316.1,301.6,537.56,149.87,311.98,307.28,-0.08423400000000003
534,0.9704628851198895,19552,19552,0.964,0.976822,444.1,695.6,396.0,434.7,446.71,701.36,390.52,427.78,0.012822
535,0.9589185042455711,3483,3483,0.998,0.987405,603.3,845.9,276.0,185.1,600.66,847.22,280.98,186.96,-0.010595000000000021
535,0.9859539043152433,36637,36637,0.997,0.984311,673.3,172.6,175.4,252.9,674.28,172.89,174.81,253.93,-0.01268899999999995
535,0.9931371685192355,31885,31885,0.985,0.996838,83.2,142.6,411.8,505.9,83.64,141.84,411.86,505.09,0.011838000000000015
535,0.9708426902094622,25469,25469,0.978,0.989884,88.3,830.0,333.8,299.8,88.38,831.88,339.97,299.31,0.011884000000000006
536,0.974136169660505,36637,36637,0.994,0.97876,645.7,170.9,168.3,250.3,644.18,169.3,170.37,249.98,-0.015240000000000031
536,0.9911351591281453,3483,3483,0.994,0.980611,573.8,811.5,279.5,191.6,574.25,811.71,279.97,191.95,-0.013388999999999984
536,0.9799220875632532,31885,31885,0.981,0.998805,68.6,115.3,395.0,504.4,70.65,112.87,394.58,503.71,0.01780500000000007
536,0.9727990403066816,25469,25469,0.963,0.993399,49.1,788.6,342.0,299.9,49.31,790.46,348.64,298.35,0.030399000000000065
537,0.9579700535787,36637,36637,0.994,0.896212,130.0,829.2,180.5,264.3,128.8,830.59,186.06,260.89,-0.09778799999999999
537,0.9662118292625668,3483,3483,0.994,0.990803,125.0,276.0,269.9,184.3,126.94,273.69,270.79,185.8,-0.0031970000000000054
537,0.9536356499433684,25469,25469,0.986,0.995378,573.5,184.4,324.1,287.1,574.32,189.86,329.74,283.48,0.009377999999999997
537,0.9765591258713825,31885,31885,0.981,0.964451,514.6,596.2,404.1,518.0,514.86,591.25,405.9,527.41,-0.016549000000000036
539,0.9637869810434851,38162,38162,0.992,0.992434,592.5,708.6,198.9,305.7,589.0,706.86,204.56,308.41,0.00043400000000004546
539,0.9795207588446214,3351,3351,0.989,0.968979,320.5,133.4,185.4,188.7,321.77,132.53,185.38,189.09,-0.020020999999999955
539,0.9893431794227996,20014,20014,0.987,0.998468,10.7,669.0,350.2,342.6,11.07,668.33,350.71,345.06,0.011468000000000034
540,0.9697370613380587,38162,38162,0.993,0.978556,633.0,806.4,193.1,295.3,630.09,802.91,196.57,299.14,-0.014444000000000012
540,0.9777034218575906,20014,20014,0.99,0.994551,54.6,752.3,344.9,340.0,55.62,755.81,344.86,338.68,0.004550999999999972
540,0.9933853901174761,3351,3351,0.985,0.960055,362.9,189.5,185.0,183.4,362.93,189.48,184.45,182.77,-0.024944999999999995
541,0.9556285323144197,3483,3483,0.998,0.971419,147.2,219.0,250.7,224.5,148.62,220.67,247.48,217.33,-0.026580999999999966
541,0.954385113579182,19861,19861,0.995,0.988128,637.8,277.7,221.0,168.9,642.13,279.62,217.91,168.7,-0.006871999999999989
541,0.981472769032949,16232,16232,0.986,0.949459,145.4,899.7,194.8,191.2,143.4,898.8,196.1,192.06,-0.036540999999999935
541,0.9543489353995288,31885,31885,0.952,0.581603,584.4,646.9,331.4,552.7,578.26,646.5,330.6,556.78,-0.370397
542,0.9702715839361346,3483,3483,0.995,0.989774,573.5,833.5,262.4,236.7,573.84,837.15,259.97,231.81,-0.005225999999999953
542,0.9670708876567259,16232,16232,0.994,0.983241,616.7,172.5,185.6,181.2,617.51,171.45,187.55,183.83,-0.010758999999999963
542,0.9840356072396451,19861,19861,0.993,0.989092,92.1,826.1,225.9,176.3,92.34,826.94,226.79,174.53,-0.003908000000000023
542,0.962432922889383,31885,31885,0.968,0.969375,71.1,34.2,313.5,533.4,77.01,33.05,312.34,533.41,0.001375000000000015
543,0.9896449009456125,3483,3483,0.997,0.984396,600.9,868.2,257.2,230.0,600.82,870.3,257.22,228.06,-0.012603999999999949
543,0.9745320289056357,19861,19861,0.992,0.944725,127.5,865.0,219.5,166.6,129.15,865.16,219.48,168.11,-0.047274999999999956
543,0.9770198482234497,16232,16232,0.988,0.993294,646.7,176.2,189.0,184.8,646.28,175.42,191.96,186.23,0.005294000000000021
543,0.9600663026513481,31885,31885,0.967,0.865988,85.0,50.4,323.9,542.0,91.74,52.05,322.17,541.11,-0.10101199999999999
545,0.9690008699075481,3483,3483,0.998,0.954109,173.7,279.4,260.4,215.2,173.72,276.41,260.79,214.76,-0.04389100000000001
545,0.976293489537852,22347,22347,0.995,0.96604,661.4,863.5,217.3,207.9,663.14,863.97,213.68,206.41,-0.028959999999999986
545,0.96942873742987,29667,29667,0.994,0.742962,128.1,882.3,229.2,226.9,126.19,879.44,231.58,227.89,-0.251038
545,0.9805196333485647,27777,27777,0.988,0.901202,640.8,295.2,175.1,195.1,640.66,292.72,175.52,198.5,-0.08679800000000004
546,0.9776795364559919,22347,22347,0.997,0.993455,107.7,201.2,200.0,194.6,107.05,201.38,202.93,195.81,-0.0035450000000000204
546,0.9788880486387844,3483,3483,0.996,0.978856,535.1,778.5,266.8,223.5,532.95,780.07,270.35,222.19,-0.017144000000000048
546,0.9759450704348945,27777,27777,0.989,0.405606,142.0,774.9,179.8,206.3,142.97,774.47,181.59,207.07,-0.583394
546,0.975680361222688,29667,29667,0.987,0.926431,600.6,161.3,217.6,215.0,600.64,160.25,221.23,215.43,-0.060568999999999984
547,0.9763854510650019,36637,36637,0.994,0.971339,633.3,210.3,183.6,249.6,631.31,212.64,186.19,247.41,-0.022661000000000042
547,0.9707863676910328,3483,3483,0.991,0.978634,646.7,749.3,215.4,267.6,650.25,751.39,211.62,266.63,-0.012365999999999988
547,0.9774702117269715,20877,20877,0.986,0.981942,115.4,770.5,331.5,228.9,115.88,769.68,328.35,231.98,-0.004058000000000006
547,0.9891443740302467,22347,22347,0.982,0.996077,121.6,243.1,208.0,196.7,122.47,242.81,208.11,197.1,0.014077000000000006
548,0.9797936952166495,22347,22347,0.996,0.997433,665.1,829.3,213.4,208.9,664.91,831.08,211.71,206.68,0.0014330000000000176
548,0.9557935316220182,36637,36637,0.996,0.966077,163.4,795.9,191.7,256.5,163.82,798.36,194.58,258.31,-0.029923000000000033
548,0.9828302083648968,3483,3483,0.991,0.988845,140.7,289.2,213.3,260.1,140.88,292.46,213.45,256.24,-0.002155000000000018
548,0.9823678226792818,20877,20877,0.986,0.987971,545.0,294.0,327.9,234.0,546.32,292.56,326.13,236.93,0.001971000000000056
551,0.9876316658684188,20238,20238,0.994,0.95588,133.5,869.0,231.5,227.3,132.4,868.85,232.26,226.18,-0.03812000000000004
551,0.956616240779239,3483,3483,0.99,0.982983,132.0,293.0,274.5,169.9,132.12,288.29,274.97,172.17,-0.00701699999999994
551,0.9728986365043208,30308,30308,0.97,0.989989,545.1,687.2,389.1,430.2,542.69,683.92,387.72,435.23,0.019989000000000035
552,0.9659881518201675,3483,3483,0.996,0.983363,592.6,843.6,281.2,169.9,591.06,845.79,285.37,168.92,-0.01263700000000001
552,0.9891857784136581,20238,20238,0.993,0.98438,623.6,177.4,224.9,215.0,623.37,176.42,226.17,216.13,-0.008619999999999961
552,0.9887535749862847,30308,30308,0.984,0.967489,78.1,143.2,381.5,424.6,80.21,143.56,380.76,424.81,-0.016510999999999942
553,0.9803965108786546,16232,16232,0.997,0.977085,601.6,213.3,184.7,181.4,602.29,213.34,184.99,183.29,-0.019915000000000016
553,0.9962538008188259,3483,3483,0.995,0.981901,575.3,810.7,279.0,192.2,575.41,810.41,279.32,192.43,-0.013098999999999972
553,0.9898999780613206,34597,34597,0.98,0.997555,11.9,72.5,418.1,447.9,11.74,74.27,417.44,447.86,0.017554999999999987
553,0.9837494060686531,25469,25469,0.969,0.992823,13.4,812.8,382.4,221.2,11.51,813.88,384.15,221.5,0.02382300000000004
555,0.9618784155037502,3483,3483,0.997,0.988005,603.2,844.7,276.6,185.8,601.37,845.83,281.42,187.59,-0.008994999999999975
555,0.9843353290920378,16232,16232,0.992,0.985134,630.2,219.6,189.5,186.8,630.54,218.71,190.07,188.53,-0.006866000000000039
555,0.9845396338213942,34597,34597,0.985,0.997559,23.4,100.9,430.5,442.9,22.44,97.58,430.09,447.44,0.012558999999999987
555,0.9625863819022045,25469,25469,0.977,0.995254,50.6,858.3,371.6,215.1,47.21,855.61,378.46,219.41,0.018253999999999992
560,0.9854398206585948,3483,3483,0.997,0.981897,600.7,867.2,258.0,230.3,600.78,869.95,257.35,227.52,-0.015102999999999978
560,0.9780265797335426,19861,19861,0.993,0.964438,127.4,865.0,220.2,167.0,128.96,864.32,219.43,168.95,-0.028561999999999976
560,0.9876618666473144,35206,35206,0.979,0.550028,582.5,98.0,288.6,375.1,584.11,97.5,286.23,376.68,-0.428972
560,0.9692161926424604,30308,30308,0.96,0.959207,113.9,76.6,283.2,473.5,119.28,78.59,275.89,471.95,-0.0007929999999999326
564,0.9566661691554527,1900,1900,0.997,0.977124,152.0,254.2,193.2,162.8,149.01,254.0,199.13,160.86,-0.019876000000000005
564,0.9854164017944071,21771,21771,0.99,0.63256,160.8,805.7,190.6,185.7,161.62,806.55,189.7,183.86,-0.35744
564,0.9827710598206243,16551,16551,0.985,0.874028,590.7,107.6,298.4,474.3,594.55,108.41,294.32,472.59,-0.11097199999999996
564,0.9687338580055415,33009,33009,0.975,0.997824,547.7,836.7,374.7,199.1,550.79,838.43,369.14,195.78,0.022824000000000066
565,0.9515464950750714,2483,2483,0.996,0.990026,624.6,64.7,225.0,471.7,619.03,74.1,230.49,459.84,-0.005974000000000035
565,0.9786492402995102,12081,12081,0.993,0.99411,649.3,693.1,244.8,468.0,650.88,694.17,244.34,463.07,0.0011100000000000554
569,0.951651802207151,2483,2483,0.989,0.991299,90.6,669.3,258.1,469.2,87.47,667.64,253.57,468.99,0.002299000000000051
569,0.9596258540196001,12778,12778,0.987,0.998481,538.0,575.9,293.3,518.8,531.64,573.87,303.49,519.14,0.011480999999999963
569,0.964429264207755,3743,3743,0.981,0.982328,497.3,167.2,312.1,298.4,492.89,166.8,313.82,302.5,0.0013279999999999959
569,0.9748202573956204,12081,12081,0.979,0.993132,110.7,110.8,225.5,425.9,110.63,112.74,223.51,428.91,0.014132000000000033
571,0.9444768209817871,1900,1900,0.984,0.964224,583.9,866.8,207.5,143.7,586.36,869.83,208.02,142.12,-0.019776000000000016
571,0.9730037445187566,16551,16551,0.975,0.740328,540.1,54.7,303.6,454.0,544.82,52.39,299.36,458.69,-0.234672
572,0.9903796654091037,1900,1900,0.992,0.992051,190.1,273.5,201.1,137.9,191.04,273.31,200.51,138.35,5.100000000002325e-05
572,0.9726601774750318,16551,16551,0.959,0.98579,99.0,708.5,329.2,482.4,101.21,707.49,323.25,487.08,0.02679000000000009
573,0.9341496469009125,1900,1900,0.974,0.983426,610.2,899.2,205.0,137.3,612.23,902.57,206.27,136.41,0.009426000000000045
573,0.9637268095206233,16551,16551,0.963,0.740359,566.5,62.3,315.5,468.1,569.64,56.02,315.12,476.8,-0.22264099999999998
574,0.9709888255338535,3743,3743,0.987,0.95375,116.6,827.0,322.4,321.1,112.66,827.12,323.06,323.16,-0.03325
574,0.9516417624301057,2483,2483,0.986,0.985157,672.8,73.5,202.5,493.5,664.99,73.63,212.63,493.11,-0.0008430000000000382
575,0.9623344945633437,2483,2483,0.986,0.992265,59.1,647.0,205.5,485.6,59.75,645.41,211.22,486.47,0.006264999999999965
575,0.9654897143100997,3743,3743,0.985,0.953295,499.3,126.5,309.5,302.5,492.78,126.63,314.92,305.51,-0.03170499999999998
576,0.9654724915879188,2483,2483,0.989,0.981438,659.3,115.1,213.3,472.3,656.47,107.89,216.48,477.03,-0.007561999999999958
576,0.9786564351369846,13395,13395,0.977,0.976276,635.9,675.3,241.9,516.0,634.38,674.3,242.61,511.82,-0.0007239999999999469
576,0.9591438320402136,3743,3743,0.975,0.974873,119.1,839.0,328.2,331.6,114.19,834.98,328.92,336.34,-0.00012699999999998823
577,0.9655528422643646,19607,19607,0.996,0.992926,139.1,786.7,161.0,157.8,141.29,787.95,157.49,155.76,-0.003074000000000021
577,0.9751399848044273,1900,1900,0.994,0.995562,133.0,247.5,194.5,154.5,132.54,245.89,195.56,157.58,0.0015619999999999523
577,0.9781536005532971,33009,33009,0.985,0.999127,518.5,791.5,382.1,211.3,519.82,792.21,379.19,208.27,0.014127
577,0.9688123301383409,16551,16551,0.974,0.946849,540.2,70.1,352.5,422.6,544.78,68.13,348.82,429.53,-0.027150999999999925
578,0.9887566100772389,19607,19607,0.997,0.993197,662.6,333.5,154.3,150.6,662.89,333.19,154.09,151.95,-0.003803000000000001
578,0.9777937860603244,33009,33009,0.988,0.99783,86.3,257.3,366.3,207.1,89.52,259.25,362.56,204.59,0.009830000000000005
578,0.9662880416440952,1900,1900,0.982,0.979659,643.7,860.0,205.1,165.7,644.22,860.07,202.33,169.07,-0.0023410000000000375
578,0.9547433062779582,16551,16551,0.976,0.930638,50.3,724.8,380.1,447.5,45.88,728.9,383.27,453.55,-0.04536200000000001
579,0.9746453232417215,1900,1900,0.997,0.982685,151.9,257.0,196.4,155.0,149.09,256.14,200.08,155.61,-0.014314999999999967
579,0.9736747991124622,19607,19607,0.988,0.997872,172.4,823.4,158.5,152.5,173.49,823.06,155.81,151.72,0.009871999999999992
579,0.9718763615942465,33009,33009,0.975,0.998492,548.1,836.7,373.3,199.2,551.26,838.37,368.8,195.96,0.02349200000000007
579,0.9728570023837617,16551,16551,0.966,0.894461,566.8,80.5,363.7,431.9,570.83,78.92,356.3,434.98,-0.07153900000000002
581,0.9706493023985718,1900,1900,0.991,0.979624,644.9,853.9,202.9,173.2,646.56,853.47,201.58,176.71,-0.011375999999999942
581,0.9869351379131489,16548,16548,0.984,0.902471,103.4,905.1,244.6,239.3,102.58,904.52,244.03,240.29,-0.08152899999999996
581,0.9770936526776353,33009,33009,0.983,0.998631,86.1,256.1,366.4,206.4,90.08,258.53,362.29,203.96,0.01563100000000006
583,0.9691653363796361,2483,2483,0.984,0.982553,67.4,688.3,257.2,473.4,70.5,693.56,253.73,471.3,-0.001446999999999976
583,0.9648517798463158,19552,19552,0.971,0.977509,468.9,634.3,331.0,486.5,471.29,638.51,334.49,483.46,0.006508999999999987
584,0.9478572664269247,2483,2483,0.991,0.982883,605.2,88.3,260.1,456.8,603.43,92.88,252.78,451.68,-0.00811700000000004
584,0.9638475403559471,19552,19552,0.971,0.91171,144.0,106.7,328.8,492.5,150.06,109.61,319.96,487.81,-0.059289999999999954
586,0.9648388478782328,36637,36637,0.993,0.862227,646.9,171.2,168.0,248.5,644.09,168.41,171.66,250.51,-0.13077300000000003
586,0.9909267696467549,3483,3483,0.993,0.984193,574.3,811.8,278.8,191.6,574.57,811.69,279.89,192.23,-0.00880700000000001
586,0.9800121323920312,28763,28763,0.972,0.985603,145.9,198.9,208.3,197.1,144.37,198.91,211.7,197.87,0.013603000000000032
586,0.9683962202966672,25469,25469,0.963,0.989698,49.3,788.9,340.3,300.8,50.97,789.61,346.42,299.4,0.026698
587,0.9533205268188077,36637,36637,0.996,0.82106,133.4,828.5,179.0,262.6,128.89,829.76,185.92,262.72,-0.17493999999999998
587,0.9694394436969398,3483,3483,0.99,0.991475,125.4,275.9,269.6,183.8,126.79,273.77,270.78,185.02,0.001475000000000004
587,0.9546512850656547,25469,25469,0.982,0.992744,574.0,184.3,322.7,287.8,574.49,188.45,328.38,287.04,0.010743999999999976
587,0.9859122110821216,28763,28763,0.972,0.984201,614.7,858.8,221.4,212.3,613.3,859.34,222.54,212.65,0.012201000000000017
588,0.9638512854260016,3483,3483,0.998,0.989208,602.9,846.7,275.8,184.8,600.73,847.27,280.3,187.51,-0.008792000000000022
588,0.9762650482449868,36637,36637,0.996,0.96143,675.3,172.6,173.7,252.8,674.41,172.07,176.16,255.33,-0.03456999999999999
588,0.972146171245879,25469,25469,0.982,0.99001,89.0,830.2,333.2,300.5,89.95,831.18,338.43,300.67,0.008009999999999962
588,0.9712437779103237,28763,28763,0.977,0.992476,163.8,207.9,212.3,200.6,163.34,206.39,214.48,204.44,0.015476000000000045
589,0.9829368592946711,3483,3483,0.996,0.981545,600.3,868.0,258.7,229.9,600.66,869.82,257.48,229.13,-0.014454999999999996
589,0.9819683257235684,19861,19861,0.992,0.968582,127.7,864.8,219.6,166.9,128.98,864.74,219.08,168.4,-0.02341799999999994
589,0.9850628768701727,16262,16262,0.967,0.970259,639.2,178.0,242.9,229.9,639.8,178.89,243.23,230.14,0.003259000000000012
591,0.9558800900900903,3483,3483,0.998,0.977297,146.4,218.6,251.6,225.0,148.13,220.46,248.37,217.87,-0.020703000000000027
591,0.9534194248729997,19861,19861,0.994,0.988726,637.1,277.9,221.5,169.0,642.22,280.03,217.57,167.97,-0.005274000000000001
591,0.9810580171982638,16262,16262,0.976,0.968882,99.9,851.4,249.9,241.7,100.28,852.45,247.68,242.08,-0.007117999999999958
592,0.9613187059258419,3483,3483,0.998,0.968552,148.9,218.2,251.2,224.0,149.34,219.1,248.7,217.5,-0.02944800000000003
592,0.949217102560391,19861,19861,0.993,0.984215,638.7,277.9,221.2,168.9,644.04,279.34,217.03,169.88,-0.008785000000000043
592,0.9713950417128591,29667,29667,0.99,0.967115,119.9,843.6,230.7,226.9,116.26,844.05,232.31,227.04,-0.022885000000000044
592,0.9804338396786823,28763,28763,0.974,0.983522,647.3,902.2,225.1,212.9,648.76,901.85,221.73,212.6,0.00952200000000003
593,0.9668662520281006,3483,3483,0.996,0.985737,571.5,834.6,262.4,237.4,571.15,838.61,261.57,230.87,-0.010263000000000022
593,0.9873143306668468,19861,19861,0.987,0.98991,90.3,825.9,226.2,176.0,90.59,826.05,227.1,174.9,0.002909999999999968
593,0.966984953009342,28763,28763,0.98,0.980298,113.2,160.7,207.7,195.5,114.68,159.59,209.35,197.77,0.00029800000000002047
593,0.9580066287198203,29667,29667,0.974,0.977012,610.6,195.3,217.2,212.1,609.24,193.89,222.72,215.91,0.0030120000000000147
594,0.9881783702095515,3483,3483,0.997,0.983933,598.8,869.1,258.0,230.1,598.81,869.96,258.43,230.72,-0.01306700000000005
594,0.9720759664789089,19861,19861,0.993,0.975811,125.5,865.2,219.3,166.7,126.89,864.31,219.93,168.86,-0.01718900000000001
594,0.9690939021806446,28763,28763,0.981,0.9924,129.9,164.2,211.4,200.9,131.11,164.31,212.77,203.43,0.011399999999999966
594,0.9663878406188269,29667,29667,0.979,0.94299,640.7,200.4,221.6,212.5,637.8,199.57,226.42,215.21,-0.036009999999999986
595,0.9764132781367899,16232,16232,0.992,0.979931,649.8,290.9,190.7,187.5,651.09,289.12,190.14,190.02,-0.012068999999999996
595,0.9887084771290698,3351,3351,0.987,0.987785,397.6,867.1,191.5,191.3,397.39,866.63,192.76,192.22,0.0007850000000000357
595,0.9772481193870525,32310,32310,0.961,0.978049,109.7,215.5,250.7,344.1,107.63,218.41,251.28,341.05,0.01704899999999998
596,0.9796801517386209,3351,3351,0.986,0.977164,351.7,163.3,179.9,182.9,351.34,161.93,180.96,185.6,-0.008835999999999955
596,0.9895990531045399,16232,16232,0.976,0.939248,80.3,734.3,197.1,196.1,79.68,734.59,198.01,196.67,-0.03675200000000001
596,0.9700926967472995,32310,32310,0.914,0.991587,580.1,618.2,263.5,370.8,575.99,619.91,266.16,370.89,0.07758699999999996
598,0.9737061986652642,36637,36637,0.998,0.990366,173.5,331.8,183.1,254.3,172.25,333.84,182.53,251.79,-0.00763400000000003
598,0.9841654390623413,3351,3351,0.994,0.981979,402.5,874.3,190.3,191.6,402.21,872.92,189.82,192.36,-0.012020999999999948
598,0.9752482086944043,33880,33880,0.981,0.995006,549.2,190.5,306.1,421.0,544.2,192.56,310.42,418.17,0.014005999999999963
600,0.9929812622222103,36637,36637,0.997,0.995522,624.4,721.3,182.4,257.8,624.46,722.21,182.88,256.95,-0.0014779999999999793
600,0.9831461376619591,33880,33880,0.987,0.992742,116.7,685.1,307.6,431.8,114.97,685.8,307.96,433.41,0.005742000000000025
600,0.9939307249651251,3351,3351,0.952,0.918467,388.1,226.8,182.2,181.9,388.22,226.7,182.57,182.4,-0.033532999999999924
601,0.9749368941734607,3483,3483,0.995,0.980033,126.9,307.9,266.1,201.2,127.24,305.25,267.29,202.78,-0.014966999999999953
601,0.9899491634113702,16262,16262,0.987,0.972108,153.3,803.2,248.4,241.5,154.18,803.91,247.68,241.51,-0.014892000000000016
601,0.9596934396686648,31885,31885,0.987,0.802127,500.9,636.2,451.0,479.8,494.22,634.29,463.07,486.92,-0.18487299999999995
601,0.975970402857241,27733,27733,0.985,0.978258,567.2,261.8,298.9,262.1,565.62,260.86,300.56,267.07,-0.006742000000000026
602,0.9882917032136184,3483,3483,0.995,0.995832,579.9,758.6,273.4,209.6,579.65,757.66,273.3,209.47,0.0008320000000000549
602,0.9459266386049311,27733,27733,0.986,0.875171,87.4,721.5,327.6,281.7,87.78,726.25,319.5,280.89,-0.11082899999999996
602,0.9722285946684496,31885,31885,0.98,0.98355,39.0,108.7,440.2,472.5,36.97,102.77,438.04,477.65,0.003550000000000053
602,0.9770510029267928,16262,16262,0.975,0.910293,561.3,217.7,239.1,228.9,560.97,216.5,241.79,231.67,-0.06470699999999996
603,0.9646840395951239,3483,3483,0.997,0.987514,607.6,791.6,272.1,204.9,606.23,793.17,275.01,206.99,-0.009485999999999994
603,0.9910015222157587,27733,27733,0.988,0.926615,124.2,770.2,312.7,273.1,124.27,770.94,314.18,272.68,-0.06138500000000002
603,0.9790202466861676,31885,31885,0.987,0.988615,51.5,137.4,458.4,471.1,45.72,136.96,467.27,471.01,0.001615000000000033
603,0.9805676977673955,16262,16262,0.984,0.983226,590.3,227.5,241.9,229.3,588.76,227.33,246.05,229.9,-0.0007739999999999414
605,0.9914715343444348,36637,36637,0.996,0.976406,643.5,207.5,188.6,248.3,643.75,208.75,188.62,246.86,-0.019594
605,0.9704013367600475,3483,3483,0.996,0.982932,592.5,844.8,281.2,168.8,591.08,845.55,285.33,169.93,-0.013067999999999969
605,0.9652987627702189,28763,28763,0.984,0.99364,146.2,249.1,211.9,200.8,144.97,247.05,216.0,204.07,0.009639999999999982
608,0.9831806279541957,29667,29667,0.992,0.985846,588.2,723.9,230.1,230.0,588.06,722.62,232.54,231.48,-0.006153999999999993
608,0.9811232496261566,33880,33880,0.987,0.994709,48.3,607.2,318.1,444.0,50.5,605.81,314.64,447.66,0.007708999999999966
608,0.9889911298791565,3351,3351,0.975,0.971644,339.9,192.0,184.7,188.5,339.92,190.5,184.78,189.53,-0.0033560000000000256
610,0.9872279737549985,16232,16232,0.99,0.954724,620.3,220.9,187.7,183.4,619.5,221.23,188.16,183.99,-0.035275999999999974
610,0.977817829253256,3483,3483,0.989,0.992705,562.4,810.6,283.4,175.6,561.61,812.23,285.06,175.26,0.0037049999999999583
610,0.9810268403432844,34597,34597,0.985,0.994015,0.0,103.4,395.4,449.8,0.0,108.42,397.61,445.87,0.009014999999999995
611,0.9608436901884004,3483,3483,0.993,0.978891,134.1,292.4,274.1,170.0,134.1,288.22,274.25,171.63,-0.014109000000000038
611,0.9701219205438153,16232,16232,0.987,0.916941,143.1,846.8,196.6,192.2,140.98,846.45,196.18,193.49,-0.07005899999999998
611,0.9702470719742934,34597,34597,0.985,0.99714,579.2,656.8,396.8,456.1,582.39,651.88,393.61,466.39,0.01214000000000004
612,0.973767163417522,3483,3483,0.997,0.97972,590.6,844.9,281.7,169.2,588.99,845.61,285.09,170.27,-0.017279999999999962
612,0.9853288238868319,34597,34597,0.992,0.997068,0.0,136.3,417.6,441.6,0.0,135.85,420.07,445.54,0.005067999999999961
612,0.9862481977311665,16232,16232,0.988,0.983142,648.7,230.2,191.7,182.1,648.41,230.4,193.08,180.88,-0.004858000000000029
614,0.9857070337234467,22074,22074,0.995,0.959305,634.7,727.5,186.6,192.8,635.89,727.61,185.73,191.59,-0.03569500000000003
614,0.9902107178568501,3351,3351,0.991,0.984583,347.1,154.2,183.9,187.5,347.13,154.43,184.82,187.89,-0.006417000000000006
614,0.9825729244470665,19232,19232,0.989,0.969595,165.3,652.2,243.4,358.7,165.34,651.05,240.83,358.49,-0.019405000000000006
615,0.9840609457120367,22074,22074,0.992,0.980515,673.7,819.8,184.5,186.4,672.73,820.24,184.46,186.52,-0.011484999999999967
615,0.9912781347230297,19232,19232,0.988,0.993568,208.9,753.2,237.7,356.5,207.76,752.52,238.68,357.68,0.005568000000000017
615,0.9801733109515297,3351,3351,0.979,0.95265,390.2,213.3,183.9,181.4,389.97,214.21,182.55,181.43,-0.026349999999999985
616,0.960302468018058,3483,3483,0.997,0.971034,147.3,217.8,250.4,225.5,147.27,219.44,248.7,218.08,-0.025966000000000045
616,0.9533860909957023,19861,19861,0.994,0.981238,637.5,277.5,220.9,168.5,641.53,279.02,218.76,169.02,-0.01276199999999994
616,0.9783349787871356,16232,16232,0.988,0.967359,144.4,899.6,195.9,190.8,142.29,898.71,196.88,191.84,-0.02064100000000002
616,0.9943644935227796,28763,28763,0.984,0.98224,629.5,886.9,223.0,214.4,630.18,886.58,222.37,214.53,-0.0017599999999999838
617,0.9846191570505818,3483,3483,0.997,0.983451,600.7,868.3,257.8,230.2,601.18,870.0,256.83,229.5,-0.013549000000000033
617,0.9718180157878465,19861,19861,0.994,0.945298,127.2,865.3,220.2,167.0,128.58,864.33,220.55,169.45,-0.04870200000000002
617,0.9846798634926256,16232,16232,0.99,0.989356,646.6,175.7,190.1,185.2,646.64,174.33,191.56,186.57,-0.0006439999999999779
617,0.9771263254591772,28763,28763,0.98,0.991728,147.6,178.0,212.0,201.5,146.82,177.51,216.03,202.37,0.011728000000000072
618,0.9760424671807113,3483,3483,0.997,0.989843,573.2,834.1,262.3,236.3,573.0,837.39,261.37,231.81,-0.007156999999999969
618,0.9780506343247225,16232,16232,0.995,0.96309,616.6,171.5,186.9,181.1,616.2,170.2,188.4,183.69,-0.031909999999999994
618,0.9924429287090064,19861,19861,0.992,0.991921,91.8,826.4,227.1,175.7,91.71,826.67,227.66,174.8,-7.899999999994023e-05
618,0.9697660119158944,28763,28763,0.981,0.991871,131.5,171.1,207.2,197.7,133.11,171.91,208.89,197.5,0.010870999999999964
620,0.9796478434676954,2483,2483,0.997,0.993146,80.7,641.8,207.5,488.8,77.29,642.58,211.33,487.67,-0.003854000000000024
620,0.9438667249080641,22362,22362,0.957,0.996075,79.6,74.1,252.8,393.9,87.01,71.86,241.32,393.83,0.03907500000000008
621,0.958526807694606,2483,2483,0.997,0.963597,651.6,78.8,196.0,492.6,646.97,81.15,203.36,489.8,-0.03340299999999996
621,0.9505984291242765,22362,22362,0.987,0.978769,607.0,780.7,256.8,406.4,607.38,769.31,251.75,416.29,-0.008230999999999988
622,0.9766444583342004,22074,22074,0.997,0.973941,611.7,290.7,185.6,187.6,610.56,289.27,186.91,190.74,-0.02305900000000005
622,0.984019012823972,3351,3351,0.99,0.984513,395.9,890.7,191.5,190.5,395.66,889.3,190.51,192.12,-0.00548700000000002
622,0.9727422747872173,41768,41768,0.989,0.986374,129.9,294.1,262.1,294.7,126.77,292.66,262.78,295.68,-0.002626000000000017
623,0.9830104278030094,22074,22074,0.997,0.964598,127.2,745.7,188.6,196.3,128.44,746.18,187.15,194.46,-0.03240200000000004
623,0.97428523345879,3351,3351,0.988,0.984447,351.4,149.9,184.1,187.4,350.86,146.8,185.51,190.12,-0.0035530000000000284
623,0.9888803087839043,41768,41768,0.98,0.969494,556.9,632.4,268.6,308.3,558.11,632.62,268.96,308.12,-0.010506000000000015
624,0.97652855104696,22074,22074,0.99,0.980415,169.8,839.7,185.0,184.0,169.2,838.55,185.94,187.47,-0.009584999999999955
624,0.9902191069874664,41768,41768,0.989,0.987737,600.4,721.5,260.5,308.9,601.31,722.53,258.94,308.02,-0.0012630000000000141
624,0.983384700734034,3351,3351,0.969,0.986112,394.1,208.8,184.1,181.6,393.36,208.33,185.01,183.76,0.017112000000000016
625,0.9795541880203618,3483,3483,0.995,0.977584,126.5,308.2,266.6,201.2,127.05,305.21,266.26,203.57,-0.017415999999999987
625,0.9922242223294346,16262,16262,0.988,0.983271,153.0,803.6,249.5,241.9,153.65,804.06,248.44,241.84,-0.004728999999999983
625,0.9878844036741742,27733,27733,0.984,0.961748,566.4,261.6,299.0,263.9,565.68,260.51,299.59,266.38,-0.02225199999999994
625,0.9780204156369599,30308,30308,0.979,0.977514,502.1,697.2,419.2,401.1,499.57,699.28,418.77,400.62,-0.0014859999999999873
627,0.9873205660992106,3483,3483,0.995,0.99583,581.0,758.7,272.1,209.6,579.7,757.8,274.0,210.18,0.0008299999999999974
627,0.9514195304447057,27733,27733,0.987,0.772031,88.3,722.7,325.8,281.2,87.88,727.82,320.26,279.45,-0.21496899999999997
627,0.9736836685709407,30308,30308,0.984,0.984251,73.5,148.0,396.9,376.9,72.89,147.22,404.6,379.72,0.0002510000000000012
627,0.981579860886151,16262,16262,0.977,0.949065,561.1,217.6,239.8,228.3,560.58,216.63,241.79,230.67,-0.027934999999999932
628,0.9696972527032531,22347,22347,0.997,0.994826,678.0,850.8,212.7,208.6,676.24,852.91,215.4,208.19,-0.0021740000000000093
628,0.9823629396428949,3483,3483,0.996,0.980301,126.0,307.2,267.5,201.2,126.92,305.31,266.62,202.11,-0.01569900000000002
628,0.9795525690765716,16232,16232,0.991,0.832773,141.1,892.2,197.5,192.7,139.43,892.2,197.45,193.38,-0.158227
628,0.984038002846955,27733,27733,0.987,0.959411,567.0,261.0,298.3,263.5,566.12,260.78,299.76,266.47,-0.027588999999999975
632,0.9637957359790177,2483,2483,0.995,0.969903,63.9,664.7,210.7,485.0,56.9,666.44,217.73,483.54,-0.025097000000000036
632,0.9884623631630948,25438,25438,0.963,0.975545,550.6,181.4,246.9,252.3,550.27,182.78,247.62,250.11,0.012545000000000028
633,0.9637039320372489,2483,2483,0.991,0.946992,653.5,88.5,199.4,481.5,648.28,93.09,204.75,476.34,-0.04400800000000005
633,0.981528741389088,25438,25438,0.97,0.830285,131.4,848.5,258.4,265.6,130.49,849.32,256.93,265.53,-0.13971499999999992
635,0.9784611033114371,3544,3544,0.995,0.934231,182.4,198.5,203.0,199.2,181.55,196.26,203.81,200.2,-0.06076899999999996
635,0.9690733793913584,4543,4543,0.994,0.997748,611.9,155.2,203.7,198.8,610.4,153.41,206.62,198.94,0.0037479999999999736
635,0.9912030184410964,16548,16548,0.994,0.789212,70.0,752.5,239.4,233.4,70.56,752.48,237.64,233.1,-0.20478799999999997
636,0.990339743216166,16548,16548,0.995,0.947599,652.6,279.2,231.9,224.2,651.97,279.22,231.63,224.86,-0.047401000000000026
636,0.9393959286376086,4543,4543,0.994,0.976749,132.7,904.4,215.4,210.7,129.9,907.96,214.02,209.99,-0.017251000000000016
636,0.9797159587672751,3544,3544,0.986,0.955821,583.3,860.0,213.8,210.9,582.98,857.43,215.03,212.91,-0.030178999999999956
637,0.9501160891073205,2483,2483,0.987,0.985562,599.7,114.1,284.4,444.6,595.92,119.46,281.7,437.93,-0.0014379999999999393
637,0.9700923165599673,3743,3743,0.985,0.94296,76.1,813.4,332.2,327.6,74.73,813.83,326.52,328.34,-0.042039999999999966
638,0.9576045631874173,2483,2483,0.993,0.947907,608.6,75.8,280.2,462.3,606.99,79.86,274.62,456.94,-0.04509299999999994
638,0.9795333065572078,3743,3743,0.986,0.936713,74.6,800.5,325.0,319.8,74.52,800.59,320.61,321.76,-0.04928699999999997
640,0.975054906028207,20238,20238,0.996,0.990468,95.2,300.0,227.8,220.1,93.37,297.23,230.6,222.99,-0.005531999999999981
640,0.9866819322863035,3351,3351,0.995,0.946316,405.1,917.9,191.1,192.1,404.86,918.21,191.86,193.3,-0.04868399999999995
640,0.9657541657289752,3832,3832,0.983,0.993419,485.4,283.9,399.3,340.5,488.42,281.3,399.74,346.95,0.010419000000000067
641,0.9914309873742793,20238,20238,0.992,0.989374,617.6,708.4,232.4,229.7,617.11,707.89,232.69,231.0,-0.002626000000000017
641,0.9790815192395946,3351,3351,0.988,0.948537,340.8,125.0,185.9,187.4,342.03,123.96,184.69,186.78,-0.039463000000000026
641,0.9757193748051425,3832,3832,0.976,0.9725,41.1,578.3,402.9,346.8,41.95,578.13,408.11,349.43,-0.0034999999999999476
644,0.9733546395033986,3743,3743,0.992,0.963015,487.8,121.0,311.6,302.1,486.72,120.02,309.76,306.44,-0.02898500000000004
644,0.9408898149930176,2483,2483,0.99,0.991662,55.9,651.0,215.3,484.6,61.34,649.97,215.77,482.56,0.0016620000000000523
646,0.9768914661406698,3483,3483,0.998,0.937275,171.9,280.2,259.8,214.8,170.89,278.97,261.0,213.23,-0.06072500000000003
646,0.9481754901041062,36637,36637,0.995,0.957917,133.2,826.6,189.4,254.8,128.74,828.94,195.19,256.09,-0.03708299999999998
646,0.9832763788908792,34597,34597,0.994,0.993444,399.8,633.4,458.2,427.9,400.47,634.07,460.1,430.78,-0.0005560000000000009
646,0.9729143066906976,27777,27777,0.99,0.86182,638.1,294.7,175.0,194.8,638.84,292.43,175.4,198.1,-0.12817999999999996
647,0.9817970572780407,36637,36637,0.995,0.987017,665.0,180.1,186.2,247.1,664.78,181.94,187.02,246.88,-0.007982999999999962
647,0.9738368438478013,3483,3483,0.995,0.980189,564.0,812.6,264.9,216.8,563.83,814.03,267.39,217.68,-0.014811000000000019
647,0.9772892314537452,34597,34597,0.988,0.998279,143.9,190.6,449.4,413.9,141.0,189.48,455.66,417.7,0.010279000000000038
648,0.9782939991788931,3483,3483,0.997,0.988707,537.4,778.1,265.9,222.7,534.89,779.48,269.91,221.51,-0.008292999999999995
648,0.9710679344129434,36637,36637,0.994,0.985593,636.2,178.6,180.6,244.0,634.96,177.74,184.42,243.64,-0.008406999999999942
648,0.9807064129400137,34597,34597,0.988,0.998492,124.8,153.8,442.4,424.3,126.55,155.49,440.62,427.52,0.010492000000000057
650,0.9842343318802691,3351,3351,0.99,0.980399,369.0,176.8,179.8,183.9,368.89,174.37,179.95,186.69,-0.00960099999999997
650,0.9702448461556353,36637,36637,0.98,0.951839,560.9,822.6,272.5,169.9,561.05,824.19,273.24,165.46,-0.02816099999999999
650,0.9931322966020433,32310,32310,0.951,0.99356,0.0,706.0,309.7,315.1,0.0,706.84,308.6,314.47,0.04256000000000004
652,0.9666893121458203,1900,1900,0.991,0.993683,122.5,258.6,200.8,149.3,125.77,260.36,196.62,147.69,0.002682999999999991
652,0.980595749148657,24850,24850,0.989,0.998526,116.8,843.5,302.2,169.4,115.61,842.02,302.99,171.85,0.009526000000000034
652,0.9531328404263876,16551,16551,0.972,0.656978,562.2,66.5,288.6,462.4,566.51,60.13,288.61,470.97,-0.315022
653,0.9661572865883294,1900,1900,0.984,0.996389,647.6,856.5,210.1,159.1,644.89,856.38,209.22,159.81,0.012388999999999983
653,0.9702726333965058,24850,24850,0.983,0.973728,546.5,267.4,290.1,163.4,544.67,265.59,295.23,165.48,-0.009271999999999947
653,0.9716931267653186,16551,16551,0.955,0.950038,92.9,691.2,306.9,488.0,90.63,693.4,311.59,490.26,-0.004961999999999911
654,0.9593588986559594,1900,1900,0.998,0.993122,142.5,267.0,202.4,149.2,141.39,269.51,200.32,146.21,-0.004878000000000049
654,0.9893992264655497,24850,24850,0.983,0.999841,150.2,880.4,298.6,163.2,150.21,879.43,298.47,163.47,0.016840999999999995
654,0.9840140239180936,16551,16551,0.974,0.799991,588.6,75.5,300.9,472.8,591.85,76.52,297.07,471.24,-0.17400899999999997
656,0.9771406666121017,3544,3544,0.987,0.954453,150.0,190.7,207.2,201.1,149.16,188.4,207.02,202.83,-0.03254699999999999
658,0.9436316815272069,1900,1900,0.998,0.992023,168.7,244.1,181.3,182.2,164.56,248.17,187.64,178.46,-0.00597700000000001
658,0.9603889523477488,29451,29451,0.981,0.990568,496.1,819.1,402.8,269.3,495.2,823.13,399.16,262.15,0.009568000000000021
659,0.9927297677695075,29451,29451,0.983,0.992669,466.4,782.2,404.9,273.2,466.49,783.05,404.39,273.15,0.009669000000000039
659,0.9795309654350114,1900,1900,0.981,0.994835,148.1,238.6,181.8,182.0,147.09,241.09,182.8,179.26,0.013835000000000042
660,0.9609542999050924,1900,1900,0.989,0.996124,645.4,846.8,186.0,187.1,641.99,849.15,188.13,184.31,0.007124000000000019
660,0.9742829677866293,29451,29451,0.987,0.9943,113.5,215.2,391.4,261.5,112.05,218.48,390.84,259.44,0.007299999999999973
660,0.975801116568695,16551,16551,0.972,0.29766,62.7,741.5,297.7,504.9,60.66,741.47,295.79,507.11,-0.6743399999999999
661,0.9775207083906788,31863,31863,0.998,0.973831,179.9,303.1,205.6,207.4,177.95,302.37,205.98,208.58,-0.024168999999999996
661,0.9888487262037978,3351,3351,0.994,0.932931,377.4,879.1,188.9,190.1,377.53,878.79,189.74,189.69,-0.06106900000000004
661,0.9866985611301942,16232,16232,0.968,0.979775,686.0,294.0,191.4,188.2,687.01,293.21,190.66,189.47,0.01177499999999998
662,0.9761325183757313,31863,31863,0.995,0.980403,557.5,726.6,206.2,212.2,555.1,725.35,209.42,212.85,-0.014596999999999971
662,0.9717416131071457,16232,16232,0.994,0.984579,43.9,745.9,195.3,191.1,41.46,743.83,197.59,192.26,-0.009421000000000013
662,0.9807563114365012,3351,3351,0.961,0.992795,369.8,161.8,183.6,187.1,369.25,159.86,184.08,190.13,0.03179500000000002
664,0.9691691107706024,36637,36637,0.997,0.961376,164.5,799.5,190.7,255.7,163.13,799.47,194.59,258.56,-0.03562399999999999
664,0.9813853279458066,3483,3483,0.991,0.986938,139.1,290.6,213.9,259.0,139.9,293.39,213.33,257.03,-0.00406200000000001
664,0.97914268636658,20877,20877,0.987,0.987698,543.2,294.7,328.7,233.4,545.38,292.52,326.58,236.77,0.0006979999999999764
664,0.9753619590133215,28763,28763,0.98,0.99138,628.5,874.2,223.9,211.1,631.7,874.32,221.28,212.57,0.011380000000000057
665,0.9739908672715418,36637,36637,0.993,0.956832,604.6,205.0,180.3,245.2,603.8,202.66,180.22,245.68,-0.03616799999999998
665,0.9500315898619898,3483,3483,0.987,0.982095,622.1,712.9,212.0,274.0,626.29,718.78,209.82,268.02,-0.004904999999999937
665,0.9824930929208162,20877,20877,0.979,0.992699,86.8,726.7,332.1,238.2,84.06,725.8,333.7,239.64,0.013699000000000017
665,0.9728167545263329,28763,28763,0.972,0.990862,130.8,184.1,207.7,199.9,131.27,183.91,211.21,199.0,0.018862000000000045
667,0.9508358119236521,2483,2483,0.994,0.984084,572.6,114.5,302.2,453.8,576.71,119.69,290.71,448.68,-0.009916000000000036
667,0.9712400388491759,12081,12081,0.991,0.993687,647.3,700.2,240.2,454.2,649.82,704.58,236.88,447.32,0.002686999999999995
667,0.9771484075361773,25438,25438,0.982,0.983898,121.8,821.4,255.8,253.8,121.92,823.05,252.04,251.7,0.0018980000000000663
668,0.984823798670463,12081,12081,0.989,0.995024,66.3,120.1,226.4,423.8,65.91,119.26,225.52,427.2,0.006024000000000029
668,0.9724700630483906,2483,2483,0.988,0.976754,66.6,649.6,303.4,452.6,70.71,652.42,297.18,450.22,-0.011245999999999978
668,0.9912869370735029,25438,25438,0.954,0.90248,557.4,196.1,245.6,251.4,555.97,195.77,247.11,252.06,-0.05152000000000001
670,0.9682286648202956,3483,3483,0.993,0.989508,124.5,277.2,270.4,183.3,125.46,273.88,271.47,186.0,-0.0034919999999999396
670,0.9812360898892961,22347,22347,0.992,0.998493,682.2,848.0,213.5,207.9,681.43,849.83,212.89,206.08,0.006492999999999971
670,0.9524447995960661,25469,25469,0.985,0.99004,572.9,184.3,323.3,288.5,574.22,189.11,327.96,286.54,0.0050400000000000444
670,0.9895907207628752,35206,35206,0.974,0.987933,134.6,728.0,244.9,411.2,134.1,728.4,243.94,411.41,0.013932999999999973
672,0.9688738390586286,3483,3483,0.997,0.988608,603.8,845.5,276.2,185.7,601.49,846.03,280.75,187.5,-0.008391999999999955
672,0.9849778661789709,22347,22347,0.995,0.993184,106.1,224.3,206.6,197.9,105.19,224.57,208.67,196.87,-0.0018160000000000398
672,0.9704654422998384,25469,25469,0.981,0.991112,89.5,829.8,333.3,300.7,90.65,831.34,337.15,301.15,0.01011200000000001
672,0.9796866073717633,35206,35206,0.98,0.996112,613.0,119.7,230.3,400.3,614.34,118.34,230.43,399.67,0.016112000000000015
674,0.9923260726737679,16548,16548,0.992,0.965005,152.3,889.8,241.6,239.9,152.39,890.7,240.81,238.84,-0.02699499999999999
674,0.9528462526329744,27926,27926,0.986,0.982796,600.7,157.6,252.4,452.5,596.24,155.37,263.01,453.69,-0.0032039999999999846
674,0.948240969486776,1900,1900,0.978,0.997827,632.9,891.9,208.7,138.6,635.38,895.02,205.72,133.33,0.01982700000000004
675,0.9809807742318634,1900,1900,0.998,0.930422,140.5,238.9,197.1,130.8,141.04,240.52,197.22,129.09,-0.06757800000000003
675,0.9810564204091882,16548,16548,0.992,0.940105,565.8,134.5,229.2,225.7,565.07,133.7,232.21,225.92,-0.051895000000000024
677,0.982424630690566,1900,1900,0.997,0.979602,141.5,240.2,199.7,129.9,142.19,240.41,197.27,130.2,-0.017398000000000025
677,0.9767529065562917,27926,27926,0.989,0.992049,568.2,627.0,261.3,489.8,569.02,627.13,265.03,488.25,0.0030489999999999684
677,0.9642254494657846,16551,16551,0.972,0.929958,614.9,9.0,303.7,457.8,620.57,8.4,294.56,460.58,-0.042042000000000024
679,0.9540197504894016,2483,2483,0.994,0.974795,610.1,82.4,214.0,474.1,603.67,86.57,218.76,469.42,-0.019205000000000028
680,0.9430727022163645,2483,2483,0.993,0.991465,85.4,679.7,236.7,479.7,77.51,679.91,238.95,480.12,-0.001534999999999953
681,0.9340204828197698,2483,2483,0.993,0.995638,615.2,51.5,224.2,483.4,603.86,55.58,233.39,479.91,0.002638000000000029
684,0.9391019501289153,1900,1900,0.989,0.999428,181.6,264.9,127.2,200.0,180.05,267.91,130.64,201.31,0.010427999999999993
684,0.9938450938136024,16551,16551,0.981,0.898883,527.6,89.5,365.8,429.3,526.83,89.14,365.88,430.24,-0.082117
684,0.9689308796381918,29345,29345,0.98,0.970635,576.8,716.2,326.0,425.3,579.37,718.85,319.5,424.9,-0.009364999999999957
685,0.9516874403404195,2483,2483,0.994,0.984907,573.1,116.9,303.1,453.4,576.93,120.46,291.16,449.19,-0.009093000000000018
685,0.975411192797645,12081,12081,0.988,0.995381,645.7,701.5,238.0,455.5,647.13,705.63,235.95,448.16,0.007380999999999971
685,0.9787100035890522,25438,25438,0.979,0.952528,118.2,819.9,256.3,254.6,118.61,821.56,253.1,252.33,-0.02647199999999994
688,0.9829362879644674,20238,20238,0.997,0.996029,612.9,186.2,221.0,213.5,612.57,185.33,223.53,213.99,-0.0009709999999999441
688,0.9882033272494155,3483,3483,0.993,0.995743,580.2,758.5,273.9,210.8,579.84,758.17,274.47,209.4,0.002743000000000051
688,0.9640258358946955,34597,34597,0.991,0.998188,98.9,180.9,456.3,404.2,98.82,186.71,459.34,404.75,0.007187999999999972
688,0.9514971017516315,27733,27733,0.988,0.90022,87.5,722.1,326.6,281.5,88.16,726.61,319.84,280.65,-0.08777999999999997
692,0.9725415904537913,22347,22347,0.997,0.989967,658.0,837.6,215.6,206.6,657.56,835.85,212.4,208.25,-0.007032999999999956
692,0.9580982789199675,3483,3483,0.991,0.977475,133.9,292.5,274.0,169.7,133.73,287.61,274.03,172.35,-0.01352500000000001
692,0.9612401766962826,35206,35206,0.984,0.985897,105.4,687.7,201.6,418.6,102.72,683.71,201.55,421.18,0.0018970000000000375
694,0.9789095196938356,19232,19232,0.997,0.98567,503.8,237.0,328.0,254.5,503.09,237.76,324.35,254.46,-0.011329999999999951
694,0.9888868161290449,3351,3351,0.992,0.984982,402.5,850.6,189.0,189.8,402.64,851.15,187.58,189.39,-0.007017999999999969
694,0.9861167238344144,35206,35206,0.965,0.989682,155.5,277.7,259.4,386.6,155.28,278.47,258.93,389.13,0.02468199999999998
697,0.9835070923549449,3351,3351,0.993,0.981543,402.0,855.3,191.4,192.0,401.69,855.79,192.91,190.31,-0.01145699999999994
697,0.9662270419798461,38162,38162,0.991,0.983267,138.4,257.5,226.0,267.5,137.06,261.7,226.12,265.27,-0.00773299999999999
697,0.9898167739302864,18357,18357,0.986,0.979742,602.5,204.2,238.8,341.1,601.72,206.13,239.82,339.06,-0.006257999999999986
698,0.972060060467718,3351,3351,0.99,0.978852,347.4,174.7,180.0,183.2,347.87,171.82,178.61,187.04,-0.011147999999999936
698,0.9660270061202098,38162,38162,0.988,0.98929,574.5,679.7,237.0,280.8,572.56,677.24,237.66,286.79,0.0012900000000000134
698,0.9775471138008265,18357,18357,0.983,0.991845,79.3,632.0,249.0,371.0,77.14,632.16,251.7,375.13,0.008844999999999992
700,0.9695473500329473,3483,3483,0.997,0.986947,573.2,833.6,262.8,236.3,573.66,837.24,260.17,231.42,-0.010052999999999979
700,0.9731406256498802,30308,30308,0.994,0.718813,73.8,129.0,384.6,396.8,71.35,133.78,388.8,393.76,-0.27518699999999996
700,0.9752177876014653,16232,16232,0.993,0.976898,617.0,172.9,185.3,180.6,617.17,171.64,186.83,183.34,-0.01610199999999995
700,0.9898948483111258,19861,19861,0.99,0.988343,92.1,826.1,227.3,176.1,91.89,826.39,228.27,175.06,-0.0016570000000000196
701,0.9843135639344545,3483,3483,0.998,0.983527,600.5,867.6,258.5,231.0,600.55,869.93,257.68,228.1,-0.014472999999999958
701,0.9891450399241287,16232,16232,0.993,0.991321,646.6,175.7,189.4,185.6,646.47,175.34,190.8,186.26,-0.001678999999999986
701,0.9696803469364043,19861,19861,0.992,0.966333,127.7,864.9,219.4,166.6,129.16,864.18,219.5,169.48,-0.025666999999999995
701,0.9657428836490157,30308,30308,0.98,0.711045,88.8,145.6,397.2,406.6,86.36,149.7,404.51,405.22,-0.26895499999999994
702,0.9708338741962649,3483,3483,0.999,0.975417,147.7,219.3,250.0,223.6,147.69,220.44,249.02,217.95,-0.02358300000000002
702,0.952665122464984,19861,19861,0.994,0.985704,637.2,277.9,221.2,168.4,641.46,279.79,218.3,168.53,-0.00829599999999997
702,0.9802580078406693,16232,16232,0.99,0.958899,144.9,899.7,195.7,191.2,143.04,898.85,196.7,191.73,-0.031101000000000045
705,0.9793504701505787,3483,3483,0.997,0.989317,592.4,872.8,257.8,232.4,593.14,874.93,256.55,228.71,-0.007682999999999995
705,0.9753673920860314,29667,29667,0.993,0.976222,639.7,204.3,224.3,216.5,637.92,205.81,226.93,213.61,-0.01677799999999996
705,0.9890078860613988,19861,19861,0.993,0.976888,119.6,864.4,221.1,167.8,120.07,864.55,221.03,168.7,-0.016112000000000015
705,0.9648010073391736,22347,22347,0.967,0.995365,123.1,199.9,204.7,197.0,121.96,200.8,209.17,198.03,0.028365000000000085
706,0.940118356828254,2483,2483,0.991,0.984613,606.1,87.1,259.5,457.9,604.52,94.02,251.32,449.98,-0.0063870000000000315
706,0.9862830258157221,12778,12778,0.963,0.878242,75.6,121.1,343.0,485.7,74.49,117.65,343.61,488.15,-0.084758
707,0.9702555368042638,2483,2483,0.986,0.979562,67.6,687.9,255.5,474.2,70.63,693.12,253.73,470.1,-0.006437999999999944
707,0.9540554591671743,12778,12778,0.951,0.715191,533.0,628.8,360.9,494.3,536.64,634.15,351.45,484.27,-0.23580899999999994
708,0.9452944981130846,2483,2483,0.995,0.972822,617.3,47.6,253.6,476.7,613.41,53.64,250.52,470.37,-0.02217800000000003
708,0.9825035371347748,12778,12778,0.974,0.954025,70.7,82.1,345.4,490.2,68.85,83.01,350.05,490.49,-0.019974999999999965
710,0.9902979647887187,3483,3483,0.996,0.99585,580.7,758.5,273.2,209.7,579.71,757.67,274.45,210.79,-0.00014999999999998348
710,0.9528513825930109,27733,27733,0.987,0.873014,88.6,723.2,326.0,280.9,88.06,727.74,320.5,279.72,-0.11398600000000003
710,0.968224833719285,28763,28763,0.97,0.993753,158.9,233.9,207.5,199.3,157.2,234.14,212.83,200.21,0.023753000000000024
710,0.975573203465011,16262,16262,0.96,0.970821,562.3,217.3,238.9,228.2,562.02,216.44,242.27,230.66,0.01082100000000008
712,0.9604356883904667,2483,2483,0.993,0.973187,623.0,103.8,231.6,465.1,626.27,100.4,224.34,467.82,-0.01981299999999997
712,0.9651802457553402,13395,13395,0.982,0.972909,638.9,674.7,244.9,515.3,637.5,676.08,241.81,509.51,-0.00909099999999996
712,0.9759282417269617,12778,12778,0.971,0.992606,101.8,103.8,298.5,540.2,102.18,109.56,294.73,533.94,0.021606000000000014
713,0.946540807969578,2483,2483,0.995,0.986383,80.3,660.4,217.9,485.7,83.68,657.66,221.5,489.55,-0.008616999999999986
713,0.9268254620348932,13395,13395,0.991,0.39047,80.6,84.0,233.2,483.7,88.7,91.92,221.94,471.05,-0.60053
713,0.9321359152049099,12778,12778,0.973,0.994937,545.6,595.7,286.6,523.7,540.83,591.73,304.67,526.79,0.021936999999999984
714,0.9794053287122502,2483,2483,0.993,0.985579,637.0,60.2,218.8,490.1,639.78,60.81,214.75,489.93,-0.007421000000000011
714,0.986322901562275,13395,13395,0.987,0.946004,633.6,674.3,229.5,498.0,631.69,676.22,231.1,496.23,-0.04099600000000003
714,0.9604419351704288,12778,12778,0.97,0.996181,102.5,81.4,295.6,526.6,99.92,72.1,302.09,536.51,0.02618100000000001
716,0.9619326693808032,2483,2483,0.996,0.992737,587.2,108.7,235.3,462.0,584.53,106.28,233.11,465.15,-0.003263000000000016
716,0.9677824724658322,12081,12081,0.991,0.998322,609.4,714.1,243.6,468.0,611.41,713.79,237.38,465.4,0.007322000000000051
716,0.9651804074654674,3743,3743,0.989,0.964755,121.4,797.1,328.9,328.5,116.43,794.77,330.02,330.27,-0.02424499999999996
716,0.9443372265044475,19552,19552,0.957,0.570415,100.1,126.1,318.3,502.7,92.33,116.23,329.78,513.8,-0.38658499999999996
717,0.956794262354437,2483,2483,0.99,0.99601,89.9,669.3,258.7,468.4,87.34,667.96,253.49,470.25,0.00600999999999996
717,0.9711900885625583,3743,3743,0.98,0.976716,497.2,167.4,311.7,298.3,493.25,167.45,313.6,301.23,-0.0032839999999999536
717,0.9669065792231692,12081,12081,0.98,0.992894,110.8,110.4,226.0,426.5,109.28,111.52,224.67,430.44,0.012894000000000072
717,0.9529798648303185,19552,19552,0.967,0.909052,524.6,607.2,321.3,490.7,517.21,605.74,335.93,491.82,-0.057948
719,0.9842282509602032,16548,16548,0.996,0.966345,553.1,181.9,231.3,226.2,552.4,182.63,230.19,225.88,-0.029654999999999987
719,0.9828045834971659,21771,21771,0.993,0.923483,91.2,809.6,194.7,191.0,90.71,809.55,193.32,190.11,-0.06951699999999994
719,0.9728555270682291,1900,1900,0.989,0.995663,121.3,260.3,199.5,147.8,122.64,261.6,199.53,147.27,0.0066629999999999745
720,0.9643108082222551,1900,1900,0.983,0.99744,650.9,856.2,207.8,157.3,649.21,855.78,206.99,159.89,0.014440000000000008
720,0.9876861151489675,16548,16548,0.979,0.967012,165.2,842.2,241.6,236.8,166.44,840.75,240.49,238.1,-0.011987999999999999
720,0.9835306227574023,21771,21771,0.973,0.573417,674.8,288.1,186.6,180.5,674.21,287.51,187.91,179.94,-0.399583
721,0.9911283300473817,3483,3483,0.994,0.995564,581.1,758.2,273.2,209.2,580.2,757.51,273.71,209.7,0.0015640000000000098
721,0.9675011026797569,31885,31885,0.987,0.991444,68.3,162.0,442.5,464.9,65.34,159.89,454.84,466.53,0.0044440000000000035
721,0.9414159031466095,27733,27733,0.986,0.900863,88.4,721.7,326.8,281.3,88.52,726.59,318.61,281.49,-0.08513700000000002
721,0.9780541476856215,35206,35206,0.982,0.606834,572.7,118.2,245.4,379.6,572.57,118.53,248.42,382.74,-0.375166
724,0.9816926317202009,16548,16548,0.994,0.97324,107.5,735.7,236.3,233.8,105.52,736.92,237.98,231.72,-0.02076
724,0.9789859241194873,3544,3544,0.994,0.951387,133.2,177.5,202.2,200.2,132.06,176.26,201.91,200.96,-0.04261300000000001
725,0.9834822254132607,3544,3544,0.992,0.987396,636.9,885.6,212.7,211.2,635.01,884.45,214.96,212.21,-0.0046039999999999415
725,0.9794663806702099,16548,16548,0.986,0.934595,619.1,301.6,230.6,224.4,617.92,300.13,230.81,226.99,-0.051405000000000034
726,0.9805477706537234,16548,16548,0.986,0.942554,139.7,775.3,235.6,226.6,138.7,773.65,236.0,229.54,-0.043445999999999985
726,0.9801106890241802,3544,3544,0.979,0.982054,149.7,183.4,206.3,200.9,147.92,181.46,207.8,202.73,0.003054000000000001
727,0.9865600983576718,16232,16232,0.997,0.981685,601.9,213.4,184.3,181.5,602.0,213.26,185.1,182.98,-0.015314999999999968
727,0.9875711442505576,3483,3483,0.991,0.985821,574.6,811.5,279.6,191.6,575.25,810.06,279.27,192.74,-0.005179000000000045
727,0.9876321019126278,25367,25367,0.982,0.988315,36.5,154.2,410.7,447.3,39.32,155.93,408.11,445.07,0.0063150000000000706
727,0.9873717987222561,25469,25469,0.967,0.990739,13.0,812.4,382.7,221.9,10.98,812.95,384.14,222.12,0.023739000000000066
728,0.971558473218813,3483,3483,0.998,0.987465,603.4,844.6,276.3,186.5,601.47,845.54,281.02,186.86,-0.010534999999999961
728,0.98854233178474,16232,16232,0.991,0.977112,630.1,219.6,189.9,187.4,630.78,218.62,189.6,188.52,-0.013888000000000011
728,0.9779795853345759,25367,25367,0.988,0.980074,51.9,174.9,423.7,451.2,55.59,180.61,420.12,445.73,-0.007925999999999989
728,0.974984476071127,25469,25469,0.978,0.997442,49.5,857.6,374.8,216.4,47.31,855.1,379.16,219.4,0.01944200000000007
731,0.9922592647446887,16548,16548,0.995,0.942103,119.1,769.5,238.2,231.5,118.57,769.76,238.17,230.76,-0.05289699999999997
731,0.9705366482865859,3544,3544,0.985,0.949048,102.3,160.3,202.9,199.6,101.84,158.37,201.58,199.68,-0.035951999999999984
731,0.9718270869838789,4543,4543,0.985,0.998188,611.0,140.6,204.1,202.9,610.78,141.13,206.58,199.54,0.013187999999999978
732,0.9889070752568129,16548,16548,0.994,0.927106,606.5,265.6,231.0,222.1,607.8,264.93,229.49,223.13,-0.06689400000000001
732,0.9814072483891618,3544,3544,0.993,0.963026,668.3,899.4,215.2,212.6,667.99,897.56,215.38,212.72,-0.029973999999999945
732,0.953620297194887,4543,4543,0.992,0.990112,131.9,917.0,216.5,212.1,129.82,916.09,213.81,215.52,-0.0018880000000000008
738,0.975785878597855,1900,1900,0.993,0.99164,90.9,259.5,196.9,127.8,87.19,259.1,200.24,128.09,-0.0013600000000000279
738,0.9820050565784533,16551,16551,0.976,0.744169,585.1,87.5,292.8,464.7,587.9,87.06,291.34,463.72,-0.231831
740,0.9860963174627477,19607,19607,0.997,0.993292,656.4,273.4,156.0,148.4,656.93,272.85,155.83,149.64,-0.0037080000000000446
740,0.9573487928136473,1900,1900,0.995,0.975946,645.4,829.0,169.8,202.1,641.95,825.46,173.51,206.59,-0.019054000000000015
740,0.9900721509398017,16548,16548,0.991,0.990756,119.6,804.4,242.0,235.6,120.09,803.79,240.7,236.69,-0.00024400000000002198
742,0.9808027485840722,2483,2483,0.984,0.964103,82.4,678.8,250.9,465.7,82.98,675.46,248.75,470.79,-0.019896999999999943
742,0.9821185291651697,25438,25438,0.962,0.861622,567.5,187.1,247.5,253.0,568.67,188.23,245.06,250.95,-0.10037799999999997
743,0.9531125097249887,2483,2483,0.996,0.95154,609.1,67.8,247.9,471.3,606.14,72.81,245.12,465.27,-0.044459999999999944
743,0.9793718708264276,25438,25438,0.969,0.899943,109.5,831.4,256.2,252.7,110.92,831.3,251.61,252.2,-0.06905699999999992
745,0.9761897436410979,3351,3351,0.988,0.951074,351.8,893.0,190.8,192.8,351.0,891.42,193.07,193.58,-0.036926000000000014
745,0.9580443169210169,32310,32310,0.979,0.973369,114.9,176.8,225.0,365.2,113.93,182.66,229.84,357.24,-0.005630999999999942
745,0.9893389020111549,16262,16262,0.97,0.978848,661.5,271.3,239.2,230.1,661.49,271.84,238.47,230.77,0.008848000000000078
747,0.9754413947471318,32310,32310,0.98,0.986303,637.4,736.1,232.2,392.9,636.09,737.87,235.38,388.44,0.0063030000000000586
747,0.9835132404969955,3351,3351,0.979,0.975853,437.8,193.1,183.2,182.6,437.63,194.28,182.2,180.91,-0.003147000000000011
747,0.9881784412601768,16262,16262,0.976,0.968271,61.7,798.0,243.9,237.3,61.2,798.52,243.72,237.94,-0.007728999999999986
750,0.9881768862175232,16548,16548,0.993,0.971952,147.1,788.9,241.7,237.2,146.36,789.57,241.64,235.89,-0.021047999999999956
750,0.980155693030044,1900,1900,0.986,0.970376,687.5,808.4,130.4,204.8,687.89,806.59,130.03,208.3,-0.015623999999999971
750,0.9822590491739549,29345,29345,0.969,0.989457,585.4,132.3,275.1,410.5,584.49,132.35,272.65,411.36,0.02045700000000006
752,0.9755620724970929,3544,3544,0.996,0.944895,92.1,198.0,202.9,198.6,92.47,195.88,201.47,199.31,-0.051104999999999956
752,0.980545955856104,16548,16548,0.993,0.908909,559.0,137.0,229.2,224.9,557.17,135.46,229.97,226.38,-0.08409100000000003
754,0.9800113970159875,29667,29667,0.991,0.952481,626.8,761.5,227.4,219.4,624.93,761.16,229.24,222.02,-0.03851899999999997
754,0.9941474370066293,3351,3351,0.981,0.964912,373.3,197.7,183.8,181.9,373.42,197.31,183.76,181.81,-0.01608799999999999
754,0.97374986345525,3832,3832,0.974,0.993189,87.8,654.9,367.0,375.3,86.78,654.45,373.49,378.72,0.01918900000000001
756,0.98828777345465,3351,3351,0.989,0.983227,416.7,889.8,189.2,191.2,417.55,888.81,188.49,192.46,-0.005773000000000028
756,0.9687198065734306,3832,3832,0.985,0.995782,517.2,254.7,361.0,376.4,515.92,250.3,366.57,382.65,0.010781999999999958
756,0.9784006338047792,29667,29667,0.981,0.947336,127.4,318.6,224.0,223.1,124.76,318.65,227.67,224.25,-0.03366400000000003
758,0.9571587828585891,3483,3483,0.999,0.967532,149.1,218.6,250.8,225.2,148.72,219.54,248.83,217.91,-0.03146800000000005
758,0.9600654865296236,19861,19861,0.994,0.987731,639.2,278.1,220.7,169.3,642.92,279.87,218.48,168.66,-0.006268999999999969
758,0.9597657093302725,31885,31885,0.972,0.828655,561.0,654.9,341.5,550.5,556.0,655.63,342.66,557.57,-0.14334499999999994
759,0.9636789933916302,3483,3483,0.997,0.982295,571.7,834.1,262.1,237.4,570.34,838.37,262.26,230.99,-0.014704999999999968
759,0.969843698181607,36637,36637,0.994,0.270189,591.9,196.1,258.0,153.2,588.78,194.92,262.43,153.46,-0.723811
759,0.9915965284543536,19861,19861,0.987,0.988878,90.2,825.6,226.8,176.0,90.71,825.95,226.87,175.36,0.0018780000000000463
759,0.9534645887006361,31885,31885,0.967,0.979026,76.2,28.9,325.9,531.3,82.96,26.79,325.05,530.8,0.012025999999999981
760,0.985896571015228,33208,33208,0.998,0.993209,655.6,804.1,213.7,203.5,655.12,803.29,215.15,205.02,-0.00479099999999999
760,0.9879523454145276,16548,16548,0.993,0.963891,581.4,202.7,231.7,226.1,581.52,201.14,230.86,227.29,-0.02910899999999994
760,0.9701733063079887,29345,29345,0.992,0.981045,87.9,706.5,288.0,445.8,90.46,709.0,288.8,445.19,-0.010955000000000048
760,0.9782450325596318,1900,1900,0.992,0.995977,159.3,260.8,126.5,197.3,159.23,258.14,127.22,199.38,0.003977000000000008
761,0.974428132136185,1900,1900,0.994,0.995843,178.3,266.8,127.5,200.4,178.42,269.1,127.8,200.15,0.001843000000000039
761,0.9889952385943187,16548,16548,0.994,0.934799,608.5,211.7,239.1,225.7,608.21,211.81,237.87,226.27,-0.05920099999999995
761,0.9759423328063641,33208,33208,0.993,0.979134,683.1,836.4,211.5,199.6,682.73,834.28,212.31,203.74,-0.013866000000000045
761,0.9767172522370021,29345,29345,0.973,0.993701,125.5,749.0,282.2,440.3,127.62,747.87,283.76,441.66,0.02070099999999997
763,0.9782186118799764,3483,3483,0.995,0.978343,127.2,308.2,265.7,200.7,126.52,305.15,267.17,204.04,-0.016657000000000033
763,0.9909869044499702,20238,20238,0.989,0.996047,113.5,854.9,231.4,226.3,112.5,854.58,232.57,226.03,0.0070470000000000255
763,0.9630588713349394,31885,31885,0.987,0.832923,496.6,640.2,457.1,480.2,494.77,638.62,463.09,492.17,-0.15407700000000002
763,0.9811810771178785,27733,27733,0.983,0.972434,567.1,261.9,299.1,262.4,565.73,261.15,299.92,265.73,-0.010565999999999964
764,0.9632762423937478,3483,3483,0.998,0.987589,607.9,791.5,272.0,205.0,605.85,792.79,274.74,208.09,-0.010410999999999948
764,0.9839313915132223,20238,20238,0.991,0.996675,643.1,191.4,225.2,214.4,642.68,190.7,227.87,214.85,0.005674999999999986
764,0.9969548652286602,27733,27733,0.989,0.931009,124.2,770.4,313.4,272.7,124.19,770.45,314.15,272.78,-0.057991000000000015
764,0.9840816663190891,31885,31885,0.986,0.989786,50.9,133.9,462.6,470.2,45.6,133.55,467.25,469.36,0.003786000000000067
766,0.9765489875486129,36637,36637,0.996,0.98112,163.6,797.0,192.4,256.4,163.41,798.28,194.53,257.12,-0.014880000000000004
766,0.9830297518385962,3483,3483,0.994,0.990362,141.1,289.6,212.9,258.8,140.84,292.59,212.73,255.23,-0.00363800000000003
766,0.9862865166349825,34597,34597,0.992,0.99753,567.1,733.5,408.9,472.9,565.74,730.72,410.26,473.49,0.005530000000000035
766,0.9860256365961841,20877,20877,0.984,0.989679,544.5,294.6,328.2,233.4,546.1,293.7,326.62,235.55,0.00567899999999999
768,0.9756888451898593,36637,36637,0.994,0.944579,603.7,205.7,181.1,246.5,603.06,205.05,180.55,244.23,-0.04942100000000005
768,0.9544660175110997,3483,3483,0.992,0.983018,620.0,715.5,213.8,272.0,623.83,719.28,212.1,269.54,-0.008982000000000046
768,0.9843777066465011,34597,34597,0.992,0.996321,8.4,20.8,400.9,458.2,7.81,23.99,399.69,456.3,0.004321000000000019
768,0.9829999420638873,20877,20877,0.981,0.992306,86.2,726.0,331.5,239.7,82.98,725.25,334.32,241.21,0.011306000000000038
772,0.9576064998904552,1900,1900,0.991,0.981965,105.2,267.0,203.7,127.5,105.09,269.47,203.79,122.17,-0.009035000000000015
772,0.9887770147504309,33208,33208,0.987,0.941972,638.9,878.5,210.5,200.7,638.78,878.95,211.57,199.45,-0.04502799999999996
772,0.9762260836503461,16551,16551,0.978,0.767948,554.3,80.2,289.3,478.3,554.81,79.86,293.87,476.61,-0.21005200000000002
773,0.991650288213774,33208,33208,0.992,0.974306,611.3,846.6,213.0,206.4,610.68,846.53,214.7,206.45,-0.017693999999999988
773,0.9614705602768261,1900,1900,0.985,0.985391,90.6,259.3,197.5,127.5,85.24,260.11,202.36,126.2,0.0003910000000000302
773,0.9584619116520473,16551,16551,0.985,0.449256,529.0,73.6,279.5,463.2,528.74,73.01,288.69,467.89,-0.535744
778,0.9652316294589243,3483,3483,0.997,0.9871,603.2,844.1,276.1,186.8,600.84,845.46,280.9,187.5,-0.00990000000000002
778,0.9854892653617534,16232,16232,0.99,0.982513,630.3,220.1,189.3,186.2,630.49,219.1,189.96,187.91,-0.007487000000000021
778,0.9744935145101907,30308,30308,0.984,0.985011,85.5,170.1,402.2,400.0,87.3,168.58,405.1,403.93,0.0010109999999999841
778,0.9656063899371863,25469,25469,0.978,0.996752,49.8,858.4,372.9,215.5,47.47,855.17,378.61,219.81,0.01875199999999999
779,0.9880731056527574,16232,16232,0.993,0.993221,163.6,856.0,194.2,190.1,162.94,855.59,193.77,190.67,0.00022100000000002673
779,0.974022830368592,3483,3483,0.992,0.991575,125.0,276.4,269.8,184.6,125.86,273.82,270.52,186.54,-0.0004250000000000087
779,0.984867380199521,25469,25469,0.977,0.99501,571.2,231.7,372.6,218.1,571.8,231.89,369.94,219.5,0.01800999999999997
779,0.9693495250517229,30308,30308,0.976,0.986504,513.0,686.1,410.7,405.1,506.92,685.97,413.2,408.25,0.010504000000000069
780,0.9837198191664934,16232,16232,0.997,0.980424,602.3,213.4,184.0,181.3,601.99,213.14,185.49,182.82,-0.016576000000000035
780,0.9901051640238562,3483,3483,0.994,0.985533,575.0,810.9,278.5,191.7,575.3,810.84,279.63,192.42,-0.008467000000000002
780,0.9858319049078292,30308,30308,0.99,0.987564,70.7,149.7,389.8,392.7,69.34,148.8,393.05,395.05,-0.0024359999999999937
780,0.9802035538959716,25469,25469,0.967,0.993323,13.7,812.7,381.4,220.7,11.13,813.61,383.79,221.72,0.026322999999999985
782,0.9917870532007966,22074,22074,0.994,0.947666,586.6,727.8,187.3,194.8,586.12,728.41,187.33,194.22,-0.046333999999999986
782,0.9814723590403535,3351,3351,0.993,0.94533,338.3,184.0,185.7,187.6,340.04,183.29,184.62,188.69,-0.04766999999999999
782,0.9786715388893815,20014,20014,0.981,0.998948,8.2,625.3,347.6,340.4,8.85,625.34,348.91,345.15,0.017947999999999964
785,0.9519919314663868,3483,3483,0.991,0.975461,133.6,292.6,274.5,170.0,133.52,287.65,274.07,171.85,-0.01553899999999997
785,0.9681765425105827,25367,25367,0.987,0.992473,541.0,691.4,393.6,495.4,540.19,696.71,390.84,485.0,0.005473000000000061
785,0.9471120190128807,35206,35206,0.983,0.986619,105.9,686.6,203.9,420.3,101.34,686.22,203.98,416.78,0.003619000000000039
787,0.9631737256000246,3483,3483,0.998,0.975466,147.2,219.3,250.5,224.5,147.79,220.64,248.72,217.78,-0.022533999999999943
787,0.9866350891338733,20238,20238,0.997,0.985041,113.1,856.4,230.1,226.7,113.27,857.15,227.97,225.76,-0.011958999999999942
787,0.9536193716616761,19861,19861,0.995,0.979863,637.5,277.5,220.9,169.6,642.47,279.34,217.78,168.73,-0.015136999999999956
788,0.972558592761326,3483,3483,0.997,0.985038,572.8,833.3,263.4,237.0,573.84,837.16,261.49,232.18,-0.011962000000000028
788,0.9735532379744078,20238,20238,0.993,0.994734,614.7,185.5,220.7,213.5,616.28,185.12,221.67,212.51,0.0017340000000000133
788,0.9880069217503529,19861,19861,0.992,0.989883,91.9,826.2,227.1,176.3,92.12,826.39,227.57,174.88,-0.0021170000000000355
797,0.9700182778302107,4543,4543,0.994,0.995271,601.6,188.4,203.4,201.0,602.76,187.87,199.66,199.67,0.0012710000000000221
797,0.9740569873816365,3544,3544,0.994,0.860756,146.7,191.9,202.2,197.6,146.04,189.51,204.2,199.11,-0.13324400000000003
797,0.9834685878520475,27993,27993,0.981,0.998238,496.3,853.7,334.4,163.3,496.7,853.27,332.78,165.25,0.017237999999999976
797,0.9661174340564154,16551,16551,0.971,0.588741,43.7,529.3,306.6,472.8,43.01,529.21,314.42,477.21,-0.382259
798,0.9703520526257302,4543,4543,0.993,0.995218,628.3,191.3,210.5,204.1,630.25,191.66,210.15,201.4,0.0022180000000000533
798,0.9658138208714715,27993,27993,0.985,0.999304,523.3,891.7,332.5,157.8,525.43,889.99,332.41,157.69,0.014303999999999983
798,0.9769869774426357,3544,3544,0.98,0.943812,163.8,199.1,206.4,199.8,163.32,196.72,207.82,201.26,-0.036188
798,0.977381538441363,16551,16551,0.972,0.669627,70.6,578.3,311.3,466.0,71.98,577.39,315.03,466.81,-0.302373
799,0.9956769214018151,3483,3483,0.997,0.979516,600.6,869.0,258.3,230.1,601.06,869.05,257.95,230.49,-0.017483999999999944
799,0.9748758585025099,19861,19861,0.992,0.954621,127.3,865.3,220.0,167.2,128.93,864.78,220.26,168.8,-0.03737899999999994
799,0.995467876912463,20238,20238,0.991,0.989275,645.1,188.8,225.5,216.0,645.24,188.48,225.88,216.35,-0.0017249999999999766
799,0.974547584036741,28763,28763,0.977,0.991705,170.1,179.8,211.5,201.7,171.12,179.22,212.99,201.0,0.014704999999999968
807,0.9650718717678027,3483,3483,0.998,0.980148,154.1,216.1,251.1,223.4,156.56,216.45,247.56,218.68,-0.01785199999999998
807,0.9556758248163784,19861,19861,0.991,0.993891,644.0,277.6,221.5,170.3,647.33,279.85,219.55,169.92,0.002890999999999977
807,0.9736273234215649,29667,29667,0.988,0.948172,120.2,840.4,230.2,225.9,117.58,838.52,231.79,227.17,-0.039827999999999975
808,0.9699584283345797,3544,3544,0.988,0.796699,109.2,207.3,206.5,201.5,108.56,204.76,210.03,203.83,-0.19130099999999994
808,0.9829736902673757,16551,16551,0.975,0.856017,614.5,51.3,334.8,451.8,614.26,47.86,333.92,457.78,-0.11898299999999995
810,0.9764914989998403,3544,3544,0.993,0.977071,93.0,199.3,202.7,198.2,92.47,196.73,203.01,199.34,-0.01592899999999997
810,0.9707027424502221,16551,16551,0.969,0.932951,586.4,44.0,325.4,441.4,586.49,45.53,328.86,446.62,-0.036049
815,0.9931519137532008,20238,20238,0.994,0.959704,99.1,711.6,230.1,228.2,98.59,712.02,231.1,227.94,-0.03429599999999999
815,0.9876825428723289,3351,3351,0.977,0.950895,362.8,169.6,181.5,184.2,362.65,169.47,180.95,185.63,-0.026104999999999934
815,0.9795867923352976,32310,32310,0.94,0.977855,524.0,613.5,276.3,359.9,519.34,612.99,280.78,359.74,0.03785500000000008
817,0.9739676234590321,3483,3483,0.998,0.980234,590.7,845.2,281.3,168.4,589.09,845.63,284.96,169.82,-0.01776599999999995
817,0.9908073224856274,16232,16232,0.99,0.987898,648.6,230.8,192.1,181.3,648.77,230.65,192.54,180.66,-0.0021019999999999373
817,0.989720220316607,30308,30308,0.987,0.988102,96.4,155.6,385.7,420.7,98.17,154.63,382.87,421.96,0.0011020000000000474
818,0.953910012850635,3483,3483,0.992,0.978748,133.5,292.5,275.0,170.3,133.28,287.99,274.99,171.53,-0.013252000000000042
818,0.9655947774241533,16232,16232,0.985,0.95529,143.6,846.7,196.4,192.3,140.41,846.26,197.32,193.72,-0.029710000000000014
818,0.9744498260433914,30308,30308,0.978,0.973918,526.0,678.0,387.3,426.5,524.1,675.89,384.84,430.69,-0.00408200000000003
819,0.993377827221409,30308,30308,0.991,0.985678,81.7,138.3,372.2,410.5,80.44,138.43,374.3,410.08,-0.005321999999999938
819,0.975554510876534,3483,3483,0.99,0.992663,562.2,810.2,283.5,175.2,561.25,811.48,285.92,175.5,0.002662999999999971
819,0.9814419648279422,16232,16232,0.985,0.975217,620.9,221.2,187.0,182.8,619.57,221.27,189.16,183.99,-0.009782999999999986
820,0.9155709932197051,2483,2483,0.994,0.994848,94.2,691.4,213.6,486.0,78.69,696.16,230.6,479.94,0.0008479999999999599
820,0.9583650460600118,3743,3743,0.979,0.967562,484.5,150.6,314.3,302.2,483.26,146.37,310.99,309.65,-0.011437999999999948
820,0.9617011443762703,19552,19552,0.973,0.958145,486.5,644.4,332.1,483.5,483.76,645.15,343.55,484.52,-0.014854999999999952
822,0.937364733463852,2483,2483,0.996,0.994904,621.9,57.3,194.3,483.8,616.51,70.32,200.47,467.41,-0.0010959999999999859
822,0.9671343978938424,3743,3743,0.978,0.989815,131.3,814.0,334.9,329.4,128.64,815.06,330.6,328.78,0.01181500000000002
822,0.9802075202036717,19552,19552,0.959,0.932065,126.9,95.1,329.2,495.2,124.54,98.11,333.45,491.62,-0.02693499999999993
826,0.9796445792738249,38162,38162,0.995,0.919185,176.7,205.2,250.4,257.0,175.47,206.37,252.21,258.11,-0.07581499999999997
826,0.9713568323440419,18147,18147,0.989,0.968312,541.6,321.4,300.7,382.8,537.18,320.67,302.86,385.48,-0.02068800000000004
826,0.9876109108215255,3351,3351,0.986,0.989772,407.8,862.5,189.0,190.5,407.66,862.45,190.81,191.06,0.0037719999999999976
828,0.9778250862008164,18147,18147,0.997,0.981087,128.4,574.9,309.9,405.6,131.09,574.68,303.24,405.89,-0.015912999999999955
828,0.9894942565931868,38162,38162,0.994,0.981293,552.3,863.9,248.5,251.3,550.38,863.52,250.58,251.86,-0.012707000000000024
828,0.9745924029029929,3351,3351,0.987,0.993767,382.3,237.2,184.0,182.3,382.28,235.74,185.53,185.51,0.0067669999999999675
829,0.9765172852361248,3483,3483,0.996,0.990274,538.0,778.7,265.4,222.0,534.44,779.22,271.0,221.61,-0.005726000000000009
829,0.9782859052100792,36637,36637,0.994,0.95802,637.7,178.5,181.3,243.3,636.19,177.67,182.33,242.27,-0.03598000000000001
829,0.9637576590306767,28763,28763,0.975,0.990951,98.0,168.9,206.1,198.6,96.23,168.12,211.75,200.57,0.01595100000000005
830,0.9783994284184976,3483,3483,0.998,0.949531,171.4,279.6,260.5,215.1,170.78,278.44,260.61,213.66,-0.048468999999999984
830,0.9582242035466386,36637,36637,0.994,0.969149,128.6,827.9,192.0,254.9,127.89,828.76,197.06,257.47,-0.024850999999999956
830,0.9746770207597075,27777,27777,0.988,0.865205,638.4,294.1,174.9,195.0,638.55,291.52,175.46,199.09,-0.12279499999999999
830,0.983417522142121,28763,28763,0.977,0.996138,666.2,891.7,222.3,212.7,666.47,889.96,221.88,213.02,0.01913799999999999
831,0.9721739499374291,36637,36637,0.994,0.981684,668.1,180.0,184.3,247.2,665.05,181.75,187.31,246.59,-0.012315999999999994
831,0.9766517422369144,3483,3483,0.993,0.97922,564.7,812.7,264.1,216.6,564.06,813.44,267.12,217.79,-0.013780000000000014
831,0.9701139397581571,28763,28763,0.98,0.978958,112.7,176.2,212.9,199.3,112.5,173.75,215.48,202.98,-0.0010419999999999874
832,0.9896037449639149,16548,16548,0.991,0.984248,606.7,163.2,237.1,225.0,607.61,162.86,235.09,225.44,-0.00675199999999998
832,0.971323590494022,1900,1900,0.988,0.988903,622.8,887.9,206.0,140.1,623.39,889.23,208.88,138.75,0.0009029999999999871
838,0.994012667268779,1900,1900,0.996,0.954686,141.4,240.3,198.4,129.7,141.52,240.74,197.99,129.33,-0.04131399999999996
838,0.9810932712749867,33208,33208,0.996,0.987091,587.0,801.9,214.8,203.7,588.08,801.05,214.86,205.5,-0.008908999999999945
838,0.9596136978523631,27926,27926,0.994,0.594251,88.6,616.2,272.4,483.5,89.97,609.97,276.24,487.52,-0.399749
838,0.9845209764356988,16548,16548,0.993,0.961809,593.4,162.7,230.0,225.5,591.29,162.27,232.78,226.31,-0.03119099999999997
842,0.9786626918706806,3483,3483,0.995,0.971009,126.2,308.0,266.8,200.9,127.16,305.31,266.14,202.87,-0.023990999999999985
842,0.9811288420408806,27733,27733,0.986,0.9748,566.7,261.8,299.0,263.7,564.97,261.23,300.61,267.12,-0.011199999999999988
842,0.9860383279123678,16262,16262,0.985,0.955636,152.5,803.0,250.3,242.2,153.12,804.23,248.23,240.81,-0.029363999999999946
842,0.9721285525575075,34597,34597,0.978,0.995943,469.3,670.2,465.1,426.6,466.78,664.47,467.68,436.41,0.017943000000000042
851,0.9260842674978993,2483,2483,0.989,0.970832,629.6,99.2,197.7,470.3,624.31,88.98,208.53,479.55,-0.018167999999999962
851,0.9676685695381512,3743,3743,0.985,0.956957,125.9,838.1,327.3,332.2,120.77,834.95,330.12,335.64,-0.02804300000000004
851,0.9420633915384629,22362,22362,0.982,0.990109,609.4,737.2,271.3,416.0,607.06,721.47,271.07,429.72,0.008109000000000033
855,0.950072946298426,2483,2483,0.996,0.993149,620.4,59.2,196.6,481.7,617.75,70.79,200.53,466.51,-0.002851000000000048
855,0.9672720173599221,3743,3743,0.976,0.983737,131.6,813.9,335.2,329.3,129.13,814.42,330.74,329.95,0.007736999999999994
855,0.9678974788115764,12778,12778,0.962,0.997317,90.1,129.5,306.0,528.7,84.11,126.07,312.4,529.19,0.03531700000000004
857,0.9743362975096387,31863,31863,0.998,0.971178,575.7,745.9,205.9,213.8,574.05,745.0,208.65,212.86,-0.026822000000000012
857,0.9868587594077978,16262,16262,0.982,0.980406,94.9,679.2,245.4,244.7,93.78,678.37,245.4,245.71,-0.0015939999999999843
857,0.9767890207991451,3351,3351,0.978,0.986979,338.4,134.6,183.0,186.4,338.79,132.68,184.1,188.89,0.00897900000000007
858,0.9617974412044809,31863,31863,0.993,0.979553,614.8,837.1,204.6,203.0,610.27,834.82,209.7,205.93,-0.013446999999999987
858,0.9790377171634108,16262,16262,0.983,0.980726,136.8,770.1,242.4,236.3,134.89,768.88,243.51,238.69,-0.0022739999999999982
858,0.9777151852357556,3351,3351,0.97,0.910004,381.3,190.4,182.9,182.3,382.56,190.37,180.45,183.98,-0.05999599999999994
861,0.9884394539906766,12081,12081,0.99,0.997538,653.9,706.9,252.0,464.5,654.63,706.76,250.45,462.25,0.007538000000000045
861,0.9782758299457818,25438,25438,0.978,0.862431,124.9,833.3,257.7,266.6,124.2,833.11,256.43,263.9,-0.11556900000000003
861,0.9789070052635696,19552,19552,0.975,0.976376,71.1,87.6,344.5,474.6,68.83,92.36,346.08,468.55,0.0013760000000000439
861,0.9678919990287519,2483,2483,0.975,0.991417,568.5,157.5,301.7,428.1,569.5,156.0,293.02,429.62,0.016417000000000015
862,0.9683847821855993,3483,3483,0.998,0.988182,602.7,846.8,276.3,184.5,600.96,847.2,280.71,186.73,-0.009817999999999993
862,0.9938586588131743,36637,36637,0.997,0.984742,672.8,172.5,175.7,253.3,673.24,172.55,175.24,254.1,-0.012257999999999991
862,0.9729039039555263,34597,34597,0.987,0.992985,76.4,135.0,448.3,415.1,75.49,130.48,454.76,420.6,0.005985000000000018
862,0.9693402772510529,25469,25469,0.984,0.99103,88.9,829.2,333.0,300.8,89.76,831.24,337.31,300.71,0.007029999999999981
864,0.9872627575687583,3483,3483,0.994,0.983403,574.2,811.2,278.0,191.9,574.34,811.63,279.76,192.1,-0.010596999999999968
864,0.9768001474937501,36637,36637,0.993,0.960488,645.7,170.7,168.8,249.8,643.97,168.98,169.94,250.78,-0.032511999999999985
864,0.9784063808534182,34597,34597,0.982,0.998073,63.0,103.5,438.1,423.9,63.5,106.74,437.25,425.88,0.016073000000000004
864,0.9733887475948246,25469,25469,0.969,0.992569,49.2,788.5,341.7,300.7,50.25,789.22,347.83,299.75,0.023569000000000062
866,0.9655665029678026,3832,3832,0.985,0.991871,480.8,559.2,386.4,371.9,472.62,561.55,395.39,371.73,0.0068709999999999605
866,0.9775984801353197,3351,3351,0.985,0.948779,304.7,174.0,186.7,187.5,306.68,172.33,184.21,189.08,-0.03622099999999995
866,0.9768927314491925,16688,16688,0.983,0.987983,29.7,524.3,446.4,578.9,34.17,523.76,439.27,575.77,0.00498299999999996
867,0.9859750452119259,16688,16688,0.983,0.981147,70.6,621.2,439.9,587.6,73.48,621.37,437.01,591.73,-0.0018529999999999935
867,0.9731490756313131,3351,3351,0.974,0.985592,347.9,233.9,183.9,182.2,349.36,232.64,181.09,184.4,0.011592000000000047
867,0.9736606699032095,3832,3832,0.968,0.988863,523.9,657.9,379.7,362.6,518.91,658.89,383.69,364.64,0.020863000000000076
868,0.9734297407308559,3483,3483,0.997,0.984143,590.2,845.2,282.0,168.7,588.56,845.53,285.7,170.4,-0.012857000000000007
868,0.9741191981185167,16232,16232,0.99,0.989594,648.6,231.1,190.7,181.1,648.2,230.26,194.25,181.36,-0.00040600000000001746
868,0.9878844186708485,31885,31885,0.962,0.994301,31.6,58.2,415.3,506.2,32.01,56.37,413.48,510.18,0.032301000000000024
869,0.9823428560427124,3483,3483,0.992,0.992627,562.2,810.9,284.4,175.7,561.61,812.16,285.51,175.63,0.0006270000000000442
869,0.9819220156181013,16232,16232,0.984,0.985515,620.4,221.7,187.0,182.4,619.69,221.05,188.91,183.88,0.001515000000000044
869,0.9835118292447694,31885,31885,0.979,0.998864,21.9,37.0,395.5,505.3,21.36,35.68,391.07,506.64,0.019863999999999993
870,0.9555932173348478,3483,3483,0.992,0.97592,133.9,292.5,274.5,169.7,134.32,287.48,274.33,172.38,-0.016079999999999983
870,0.971006016337526,16232,16232,0.986,0.934398,143.2,846.3,196.8,192.9,140.49,846.5,197.84,193.91,-0.05160200000000004
870,0.9625263159044897,31885,31885,0.977,0.932256,566.5,676.1,402.7,518.0,565.67,669.73,410.33,528.16,-0.044744000000000006
873,0.9841337253574968,18147,18147,0.987,0.889825,617.6,672.1,284.8,419.5,619.14,669.69,282.22,421.4,-0.09717500000000001
873,0.9871940977139371,16688,16688,0.983,0.982632,70.1,619.7,441.3,590.0,71.68,619.19,442.24,592.14,-0.00036800000000003497
873,0.9793314276862164,3351,3351,0.98,0.982057,343.8,225.3,184.9,181.9,344.68,225.02,182.92,183.77,0.0020569999999999755
874,0.9520262447105774,3483,3483,0.993,0.977825,621.2,714.2,212.7,272.5,625.52,719.27,210.52,267.42,-0.015174999999999939
874,0.9807442043141761,31885,31885,0.987,0.995295,146.0,152.2,434.1,477.5,141.66,150.94,437.12,476.92,0.008295000000000052
874,0.9829706300882188,20877,20877,0.974,0.983767,87.5,726.5,330.4,238.0,84.43,725.76,333.27,239.75,0.00976699999999997
874,0.9801712452833339,16232,16232,0.964,0.939189,626.8,220.7,187.0,184.2,626.16,221.5,188.62,184.71,-0.024810999999999916
875,0.9649472889865852,3483,3483,0.995,0.972687,647.0,748.3,214.7,266.7,651.42,750.62,210.31,266.02,-0.022313000000000027
875,0.9638371171131271,31885,31885,0.986,0.99637,164.9,178.4,448.1,478.6,159.46,175.83,445.96,479.99,0.01036999999999999
875,0.9725984839171686,20877,20877,0.983,0.980485,116.6,770.0,331.0,227.9,118.45,768.7,327.45,231.85,-0.002514999999999934
875,0.9863643515768438,16232,16232,0.98,0.969772,655.3,231.4,191.7,179.0,655.92,232.2,192.09,178.34,-0.010228000000000015
878,0.9596809406207555,3483,3483,0.997,0.973905,592.4,844.7,280.8,167.9,590.45,845.95,286.35,169.06,-0.023094999999999977
878,0.9787900741306698,36637,36637,0.994,0.986832,641.8,206.9,191.3,248.9,642.74,209.4,189.15,246.39,-0.007167999999999952
878,0.9891052901703994,34597,34597,0.99,0.888609,74.7,124.9,336.1,493.7,77.02,125.61,334.55,492.84,-0.10139100000000001
879,0.9733666537780996,36637,36637,0.993,0.985538,615.5,201.5,182.3,243.5,612.86,204.38,185.06,240.68,-0.007461999999999969
879,0.9938366683168558,3483,3483,0.991,0.991428,563.7,810.6,283.8,174.6,563.85,810.97,284.33,174.43,0.00042799999999998395
880,0.9666477641365925,2483,2483,0.993,0.968424,75.5,670.3,224.2,483.5,75.39,663.82,228.45,489.08,-0.024576000000000042
882,0.9791832245147497,2483,2483,0.991,0.985711,637.1,55.8,225.8,486.4,638.05,60.41,223.77,483.01,-0.005288999999999988
882,0.9750873529025197,13395,13395,0.989,0.965526,644.7,670.1,233.7,494.8,642.14,670.53,233.57,495.32,-0.023473999999999995
883,0.9714503196905392,3483,3483,0.997,0.986454,603.1,845.2,276.9,185.4,601.06,845.01,281.53,187.71,-0.010545999999999944
883,0.98260048440909,16232,16232,0.991,0.960654,630.6,219.4,189.4,186.6,630.31,218.25,190.73,188.58,-0.030345999999999984
883,0.9703477715007469,28763,28763,0.987,0.994128,142.8,231.0,211.8,201.9,142.18,231.12,216.26,203.54,0.007128000000000023
883,0.961415568276667,25469,25469,0.971,0.995397,50.7,858.8,372.1,215.5,47.07,855.67,379.6,219.72,0.024397000000000002
886,0.9957276394323609,31863,31863,0.997,0.979532,161.9,285.1,207.8,207.4,161.97,284.94,208.2,207.37,-0.01746800000000004
886,0.9860978332733626,3351,3351,0.991,0.957521,410.0,892.1,188.7,191.3,411.03,891.35,188.27,191.77,-0.033479000000000037
886,0.9854013127136316,35206,35206,0.971,0.988168,541.6,264.0,269.1,384.2,541.54,263.98,272.3,385.31,0.017168000000000072
888,0.9621035975002524,31863,31863,0.992,0.989793,613.0,838.0,203.4,202.4,608.65,835.52,208.01,205.71,-0.002206999999999959
888,0.9825419322360952,3351,3351,0.985,0.905367,381.8,206.4,182.8,182.6,380.71,206.77,183.41,183.52,-0.07963299999999995
888,0.9842244736574736,35206,35206,0.953,0.992998,163.3,645.6,263.5,395.2,161.2,647.48,266.1,392.78,0.03999800000000009
889,0.981104941941065,3483,3483,0.993,0.984731,139.3,290.6,214.1,259.0,141.05,292.14,212.46,258.61,-0.00826899999999997
889,0.982377718974098,16232,16232,0.988,0.895264,134.8,847.2,196.0,191.5,134.95,847.26,193.96,192.8,-0.09273600000000004
889,0.9777619331602386,20877,20877,0.987,0.985548,543.6,294.3,328.7,233.3,546.08,292.65,325.69,236.45,-0.0014520000000000088
889,0.977293425512794,28763,28763,0.976,0.994635,708.7,888.3,222.9,212.4,710.25,887.75,219.98,211.42,0.018635000000000068
891,0.9512495335641334,3483,3483,0.989,0.983931,622.0,714.1,211.9,273.1,625.55,719.15,211.32,268.26,-0.00506899999999999
891,0.9903199227543565,16232,16232,0.982,0.940691,626.5,220.1,188.4,183.6,626.82,220.84,188.28,183.4,-0.04130899999999993
891,0.981497098660558,20877,20877,0.98,0.99153,86.6,726.8,331.5,238.3,84.38,726.28,332.67,240.42,0.01153000000000004
891,0.9732451654356137,28763,28763,0.97,0.990307,56.0,172.0,208.0,198.6,56.7,172.32,210.34,199.81,0.020307000000000075
894,0.9598903019733624,3483,3483,0.994,0.984889,620.7,715.7,213.8,272.0,623.95,719.36,212.73,268.91,-0.00911099999999998
894,0.9778736257301183,36637,36637,0.993,0.959498,603.2,207.0,181.6,244.9,602.97,205.27,180.9,244.44,-0.03350200000000003
894,0.9823301820108057,20877,20877,0.982,0.989676,85.8,725.6,331.8,240.0,82.68,724.97,333.83,241.25,0.007676000000000016
894,0.9738428424310744,25367,25367,0.978,0.988648,28.1,25.4,411.6,442.4,31.56,31.34,409.15,435.53,0.01064799999999999
895,0.950873740679937,16551,16551,0.978,0.743877,535.0,38.7,292.8,458.6,536.65,31.18,296.89,470.42,-0.23412299999999997
895,0.9743892366426233,3544,3544,0.976,0.96793,92.4,222.5,203.4,198.8,92.18,220.15,202.97,199.18,-0.008070000000000022
896,0.9683618353323273,3544,3544,0.988,0.929594,109.4,232.9,206.6,199.7,109.27,230.17,209.85,201.83,-0.05840599999999996
896,0.9648633017478542,16551,16551,0.978,0.899608,562.0,46.6,303.9,468.6,564.32,47.41,309.65,467.89,-0.07839200000000002
897,0.9763664335528466,3544,3544,0.986,0.958437,676.2,835.6,213.7,211.8,674.63,835.25,214.96,209.29,-0.027563000000000004
897,0.9618174814207023,16551,16551,0.962,0.921144,115.4,721.0,319.8,487.2,117.04,725.94,313.22,486.23,-0.040856
898,0.968606422806452,3544,3544,0.993,0.981659,120.3,173.5,201.7,197.1,119.12,170.6,203.15,198.0,-0.011341000000000045
898,0.9909442671454189,16548,16548,0.989,0.832061,74.0,778.5,238.0,232.7,73.27,777.48,238.66,234.04,-0.15693899999999994
898,0.9579787534321206,27926,27926,0.985,0.988785,568.2,583.8,255.9,488.7,567.41,581.45,264.08,487.7,0.0037850000000000383
900,0.9875344225652027,16548,16548,0.996,0.956345,107.8,821.7,235.7,227.4,107.08,821.34,235.43,228.61,-0.039654999999999996
900,0.9556175040063938,12247,12247,0.995,0.67543,646.1,205.1,178.6,190.1,647.05,208.68,180.18,187.91,-0.31957
900,0.9820553216233385,3544,3544,0.992,0.980939,136.2,177.2,206.1,201.5,135.49,176.22,208.84,202.47,-0.011060999999999988
900,0.9782336993588749,27926,27926,0.969,0.988925,596.9,626.8,251.6,479.1,593.68,627.11,256.73,478.21,0.01992500000000008
904,0.9684443982817104,3483,3483,0.998,0.987834,608.0,792.0,272.2,204.7,606.63,792.71,275.41,207.48,-0.010166000000000008
904,0.9858001057468802,20238,20238,0.992,0.99694,643.0,191.1,225.8,214.8,642.57,190.23,227.57,215.14,0.0049400000000000555
904,0.9969898232782869,27733,27733,0.987,0.915556,124.4,770.5,313.4,273.4,124.35,770.62,313.37,272.69,-0.07144399999999995
904,0.9532849343146521,30308,30308,0.986,0.992858,160.8,53.8,292.9,471.4,164.88,52.94,280.91,474.38,0.006858000000000031
906,0.9822688241516614,3483,3483,0.995,0.981122,126.9,307.7,266.5,201.5,126.6,304.75,266.72,204.06,-0.013877999999999946
906,0.9899918818036738,20238,20238,0.991,0.995049,113.4,854.9,231.3,226.1,112.46,854.3,231.82,227.05,0.004048999999999969
906,0.9803506602499962,27733,27733,0.984,0.964754,567.2,261.7,298.5,263.6,564.49,260.88,301.26,266.42,-0.019245999999999985
906,0.9797093601422234,30308,30308,0.983,0.971691,547.4,722.8,295.8,481.6,549.62,719.12,295.13,485.37,-0.011309000000000013
908,0.9789153266987176,31863,31863,0.999,0.965427,576.0,746.2,206.1,212.4,574.52,744.9,208.44,212.86,-0.033572999999999964
908,0.9878463460409077,20238,20238,0.994,0.992329,117.0,715.3,227.0,228.1,115.92,715.07,229.21,228.68,-0.001670999999999978
908,0.9950897105719657,3351,3351,0.983,0.982655,305.4,193.4,183.2,188.3,305.47,193.01,182.89,188.91,-0.0003450000000000397
910,0.9746895870149717,3483,3483,0.998,0.938738,173.8,279.4,260.4,214.4,173.04,276.72,261.56,215.2,-0.05926200000000004
910,0.9874718084877833,29667,29667,0.993,0.806604,127.9,880.1,230.0,227.5,126.38,879.95,230.7,227.24,-0.186396
910,0.983847638267266,27777,27777,0.991,0.86993,640.6,295.6,174.9,195.5,640.58,293.48,174.53,198.25,-0.12107000000000001
910,0.9705602292167493,25367,25367,0.982,0.99666,508.8,698.9,455.5,440.7,508.97,704.8,452.34,439.01,0.014660000000000006
912,0.9791763502893506,3483,3483,0.997,0.983089,534.3,778.7,267.1,223.6,532.8,779.54,270.74,223.61,-0.013911000000000007
912,0.9759018749852505,29667,29667,0.987,0.912194,600.9,162.4,217.0,214.1,600.29,160.59,220.2,215.62,-0.07480600000000004
912,0.9517009440897567,25367,25367,0.971,0.976744,30.4,105.4,430.6,423.2,35.0,107.05,440.79,421.02,0.005743999999999971
914,0.9789202028915007,13900,13900,0.992,0.976046,555.9,708.7,204.0,247.6,553.65,707.32,206.05,248.03,-0.015954000000000024
914,0.9778245004941709,3351,3351,0.989,0.975207,368.7,124.3,183.1,188.6,369.11,122.21,183.84,191.25,-0.013792999999999944
914,0.97031100966122,35206,35206,0.966,0.989826,44.7,614.4,343.2,355.7,43.12,612.6,338.18,357.08,0.023826000000000014
915,0.9858605335830627,35206,35206,0.989,0.991372,88.4,709.9,336.2,347.5,86.06,708.56,338.32,349.82,0.0023720000000000407
915,0.9865845611327987,3351,3351,0.988,0.970629,412.5,180.0,184.2,182.3,411.57,180.11,185.92,182.85,-0.017371000000000025
915,0.9896359532144777,13900,13900,0.988,0.976523,595.2,798.4,199.0,243.0,594.62,798.19,200.49,243.72,-0.01147699999999996
916,0.9766568245295435,3483,3483,0.996,0.975757,125.9,307.9,267.4,201.3,125.92,304.84,268.33,203.37,-0.02024300000000001
916,0.9753180287936146,16232,16232,0.991,0.890885,141.6,892.4,197.2,192.6,139.96,892.85,197.82,193.94,-0.10011499999999995
916,0.9832704547111744,27733,27733,0.984,0.958906,567.1,261.8,299.0,263.6,565.99,260.7,300.17,267.04,-0.02509399999999995
916,0.9773964424333831,25367,25367,0.981,0.996351,504.6,679.8,458.1,428.6,500.33,683.5,461.26,423.8,0.015351000000000004
919,0.9771565861979508,3483,3483,0.995,0.980195,125.7,309.2,266.5,201.2,125.37,306.03,265.91,203.8,-0.014804999999999957
919,0.9722161364612388,30308,30308,0.983,0.981678,492.3,679.2,375.0,440.2,493.79,677.36,366.76,442.89,-0.0013219999999999343
919,0.9841107492318736,27733,27733,0.982,0.958206,566.2,261.0,297.3,264.9,564.66,260.59,299.96,266.79,-0.023793999999999982
920,0.9846947126744052,3483,3483,0.997,0.994957,582.7,757.5,272.8,209.6,581.58,756.59,274.14,209.21,-0.002043000000000017
920,0.9706356238880032,30308,30308,0.989,0.989138,126.2,121.9,360.9,425.3,130.14,125.51,354.63,420.11,0.00013799999999997148
920,0.938193464662272,27733,27733,0.984,0.891064,89.1,721.6,327.8,282.6,90.3,726.48,318.66,283.03,-0.09293600000000002
923,0.9792094188116723,3483,3483,0.994,0.987979,141.2,288.4,213.9,260.9,140.37,292.29,214.39,256.86,-0.006020999999999943
923,0.9811677575935562,20877,20877,0.984,0.987553,544.4,294.2,329.6,235.8,545.9,293.96,326.6,233.96,0.0035530000000000284
923,0.9807882283018078,25367,25367,0.976,0.995774,538.3,708.2,435.3,450.7,537.38,713.19,438.54,446.13,0.01977400000000007
923,0.9874139960458572,16262,16262,0.969,0.992014,109.0,836.6,249.8,241.4,109.82,836.27,247.04,241.78,0.02301399999999998
925,0.9639984939759032,3483,3483,0.998,0.972896,146.8,219.3,251.2,224.1,148.04,220.07,248.67,218.23,-0.025104000000000015
925,0.9561139040339669,19861,19861,0.994,0.983321,637.5,277.9,221.3,168.9,642.4,279.87,217.57,167.89,-0.010678999999999994
925,0.9822738804412959,16232,16232,0.99,0.968507,145.1,899.6,195.6,191.4,142.62,898.94,197.85,191.93,-0.021492999999999984
925,0.9877235704591077,34597,34597,0.986,0.993755,485.2,627.6,441.6,452.8,487.44,626.26,438.09,454.8,0.007755000000000067
927,0.9702174814249444,3483,3483,0.995,0.988311,572.8,833.9,263.7,236.1,573.06,837.69,261.28,231.19,-0.006688999999999945
927,0.9774388731675859,16232,16232,0.994,0.982084,617.0,172.4,185.4,181.2,617.27,171.99,186.61,183.65,-0.011916000000000038
927,0.9906241425962894,19861,19861,0.994,0.991051,92.2,826.5,226.8,175.7,92.18,826.63,227.4,174.51,-0.0029489999999999794
927,0.9746213857397018,34597,34597,0.979,0.992926,63.2,138.5,421.6,444.4,65.52,141.96,420.8,444.89,0.013925999999999994
929,0.9795600127692372,16232,16232,0.997,0.98289,602.1,213.4,184.3,181.4,602.29,212.66,185.31,183.8,-0.014109999999999956
929,0.9903240894307281,3483,3483,0.995,0.984439,575.3,811.3,278.9,191.8,575.13,810.48,279.99,192.92,-0.010561000000000043
929,0.9851753557057067,31885,31885,0.99,0.997765,26.6,38.5,415.6,490.7,29.22,35.94,413.8,493.99,0.007765000000000022
929,0.9806087637944325,25469,25469,0.968,0.99556,13.2,813.0,381.7,221.0,11.4,814.76,383.89,220.55,0.02756000000000003
930,0.9702631954905299,3483,3483,0.993,0.992202,125.0,276.8,269.6,183.5,125.73,273.81,271.92,186.51,-0.0007979999999999654
930,0.9859744580912683,16232,16232,0.991,0.989939,164.0,855.4,194.0,190.4,162.43,855.35,194.75,190.75,-0.0010609999999999786
930,0.9904608081372931,25469,25469,0.973,0.995704,572.0,231.6,371.2,217.9,571.48,231.45,370.31,218.86,0.022704000000000057
930,0.9502703366561694,31885,31885,0.973,0.934644,536.5,686.3,428.2,512.6,533.87,679.11,442.13,522.43,-0.038355999999999946
931,0.9773249825519869,19607,19607,0.996,0.969216,166.1,918.0,158.9,154.6,167.09,918.13,159.5,155.39,-0.02678400000000003
931,0.9656530931271791,1900,1900,0.993,0.994289,177.8,267.3,127.6,199.9,178.33,269.1,128.16,200.79,0.0012889999999999846
931,0.9786531505675269,29345,29345,0.976,0.97683,576.1,716.7,324.7,423.6,579.55,717.93,320.85,425.27,0.0008299999999999974
932,0.9817306313773521,19607,19607,0.995,0.955004,130.8,886.3,162.1,158.1,130.23,884.81,162.82,160.33,-0.03999600000000003
932,0.9692412217040862,1900,1900,0.99,0.995876,158.8,260.0,126.5,199.1,159.76,258.09,126.8,200.16,0.005875999999999992
932,0.9766608557888958,29345,29345,0.972,0.990464,549.5,681.1,330.2,426.8,550.16,679.86,326.71,432.44,0.018464000000000036
933,0.9766271665797339,19607,19607,0.995,0.937406,666.5,252.6,155.5,152.4,668.48,252.55,153.1,151.27,-0.057594000000000034
933,0.9751374357201967,1900,1900,0.988,0.973972,686.7,808.1,131.2,206.1,687.77,806.46,130.41,209.21,-0.01402800000000004
933,0.9700117353209626,29345,29345,0.969,0.980784,115.5,167.1,309.0,399.5,116.64,168.54,303.13,401.19,0.011784000000000017
936,0.9470226276175497,2483,2483,0.992,0.979199,598.8,112.1,256.0,448.7,596.18,106.2,250.73,454.73,-0.012800999999999951
936,0.9865694136107963,25438,25438,0.98,0.831423,111.7,843.0,258.8,265.7,112.0,842.2,256.88,265.68,-0.14857699999999996
937,0.9494495723091653,2483,2483,0.996,0.990743,620.5,59.4,197.3,482.1,617.39,72.59,200.76,465.48,-0.005256999999999956
937,0.967466868967098,3743,3743,0.977,0.984323,131.1,813.9,335.7,329.4,128.69,813.98,330.58,330.33,0.007322999999999968
938,0.9486206222397464,2483,2483,0.993,0.987833,632.5,28.4,194.8,491.1,625.15,29.88,204.67,489.84,-0.005167000000000033
938,0.9771120824230852,3743,3743,0.99,0.981636,129.1,802.6,327.1,318.8,128.77,801.51,322.44,321.0,-0.008364000000000038
940,0.980024460213592,18147,18147,0.995,0.954191,205.9,225.1,216.8,417.2,206.94,224.38,214.13,415.39,-0.040808999999999984
940,0.9884426327830867,3351,3351,0.992,0.978381,421.8,899.1,190.3,190.7,422.45,898.54,190.22,191.7,-0.013619000000000048
940,0.9715370480606024,16232,16232,0.979,0.987981,643.0,322.2,191.3,189.3,642.07,321.05,193.34,192.79,0.008981000000000017
941,0.9698396380563629,16232,16232,0.995,0.943862,91.4,711.6,191.7,194.7,89.37,709.96,195.14,195.46,-0.05113800000000002
941,0.9876318201461457,3351,3351,0.991,0.988793,325.3,143.3,184.9,186.2,326.19,142.58,183.94,187.56,-0.002206999999999959
941,0.9645014304610406,18147,18147,0.988,0.982588,518.0,549.2,212.0,450.9,515.22,551.58,216.1,443.16,-0.005411999999999972
942,0.9788946375252486,16232,16232,0.994,0.944935,133.3,800.9,190.7,188.3,132.19,799.48,192.38,190.68,-0.049065000000000025
942,0.9501382967604176,18147,18147,0.993,0.965442,558.3,642.0,210.0,449.8,553.43,643.42,218.44,444.34,-0.02755799999999997
942,0.9846852670352174,3351,3351,0.974,0.931429,368.3,200.4,184.5,182.4,367.63,199.86,184.81,184.21,-0.042571000000000025
945,0.9602192854378624,3483,3483,0.998,0.975265,146.9,218.5,250.6,225.2,148.39,219.91,248.51,218.06,-0.02273499999999995
945,0.9833163879451321,20238,20238,0.996,0.990187,112.8,856.2,230.4,226.2,112.95,857.2,228.07,225.71,-0.005812999999999957
945,0.9573453222233128,19861,19861,0.994,0.990299,637.0,278.0,221.5,168.8,641.37,279.49,218.71,168.65,-0.0037009999999999543
947,0.9562070406753956,3483,3483,0.992,0.970009,133.8,292.1,274.4,169.9,133.73,286.7,274.66,173.18,-0.021990999999999983
947,0.9703394927722915,16232,16232,0.989,0.872336,142.6,846.5,196.8,191.8,140.36,846.45,196.75,193.18,-0.11666399999999999
947,0.9749348979267195,28763,28763,0.986,0.995407,591.9,886.9,224.8,213.5,594.39,886.37,220.38,213.37,0.009407000000000054
948,0.9698544015920294,3483,3483,0.997,0.978255,590.9,845.1,280.9,168.8,589.56,845.8,285.12,170.07,-0.01874500000000001
948,0.9767425103384659,16232,16232,0.988,0.98511,648.7,230.9,191.3,180.8,648.75,230.13,194.34,181.02,-0.002889999999999948
948,0.9783164531629902,28763,28763,0.983,0.983758,184.1,178.8,211.9,201.1,184.0,177.6,214.9,201.91,0.0007580000000000364
949,0.9865791472266556,3483,3483,0.994,0.986034,140.5,290.1,214.1,258.1,139.91,291.02,213.65,256.58,-0.007966000000000029
949,0.9877077999861643,20877,20877,0.986,0.987606,543.1,294.5,329.0,233.5,545.24,293.58,326.85,234.87,0.0016059999999999963
949,0.9702499606991788,30308,30308,0.981,0.974071,501.9,724.1,420.2,402.0,499.14,724.85,417.87,405.18,-0.006928999999999963
949,0.9881468212837704,16262,16262,0.972,0.992876,109.5,837.4,248.9,240.7,108.79,836.58,248.64,241.09,0.020876000000000006
950,0.9579468100199866,3483,3483,0.993,0.983817,621.0,716.1,213.0,271.2,624.93,719.46,211.0,268.66,-0.009182999999999941
950,0.9803100595964598,30308,30308,0.987,0.973969,72.8,118.5,397.3,384.7,72.87,115.96,400.99,388.68,-0.013031000000000015
950,0.9879264605344917,16262,16262,0.986,0.92026,601.5,185.2,237.9,229.8,601.1,185.71,239.37,230.16,-0.06574000000000002
950,0.9845638644947389,20877,20877,0.983,0.988377,86.0,725.5,332.5,240.4,83.7,724.91,333.16,241.3,0.005376999999999965
951,0.9562686319620382,3483,3483,0.994,0.974676,646.7,748.8,216.6,268.1,650.38,751.72,210.06,266.04,-0.019324000000000008
951,0.9835894397994599,30308,30308,0.989,0.985554,88.5,137.5,410.8,389.9,89.68,135.84,412.03,392.97,-0.003445999999999949
951,0.9776240852439236,20877,20877,0.987,0.984078,116.2,769.8,331.8,229.7,118.33,769.51,326.95,231.55,-0.00292199999999998
951,0.9840291409906627,16262,16262,0.974,0.981358,629.3,192.9,243.5,229.3,630.39,192.89,244.2,230.29,0.007357999999999976
952,0.9733845112968752,3483,3483,0.994,0.991535,124.2,276.8,270.6,184.1,125.59,274.45,271.33,186.19,-0.0024649999999999395
952,0.984329654886353,25469,25469,0.977,0.994659,571.4,231.8,372.1,217.8,572.44,232.12,369.45,219.06,0.01765899999999998
952,0.9651715655997439,30308,30308,0.972,0.984356,561.4,651.3,388.1,426.2,559.31,651.37,382.04,429.93,0.012356000000000034
952,0.9880175398992879,16262,16262,0.969,0.987771,167.5,834.6,249.2,242.1,168.18,834.11,246.98,242.86,0.018770999999999982
953,0.9913351903317568,3483,3483,0.993,0.984969,575.3,810.8,278.1,192.5,574.87,810.66,280.11,192.49,-0.00803100000000001
953,0.9883454814554776,16262,16262,0.985,0.940772,546.4,187.8,238.6,229.6,545.69,187.68,241.13,229.87,-0.044227999999999934
953,0.9793614517065051,30308,30308,0.979,0.99236,46.5,160.9,369.9,415.8,48.32,159.68,372.36,417.65,0.013360000000000039
953,0.9794300696051756,25469,25469,0.969,0.990558,12.6,812.9,381.8,220.4,10.77,814.36,383.68,220.99,0.021558000000000077
954,0.9714436488635936,3483,3483,0.997,0.98873,603.1,845.1,277.4,185.7,601.23,846.01,280.98,186.9,-0.00827
954,0.9854165671453007,30308,30308,0.992,0.984634,60.5,181.5,385.1,424.4,63.06,182.41,384.36,423.99,-0.007365999999999984
954,0.9742109394898464,25469,25469,0.977,0.996068,49.4,857.9,374.1,216.2,47.67,855.55,377.92,219.68,0.019067999999999974
954,0.9855184293896938,16262,16262,0.974,0.98887,574.4,196.1,242.6,228.9,574.63,194.6,243.11,231.34,0.01487000000000005
956,0.9792865108896611,19607,19607,0.996,0.892131,142.3,862.1,159.8,154.6,142.92,862.18,158.52,156.46,-0.10386899999999999
956,0.9807990848540988,27926,27926,0.99,0.9936,597.8,672.6,251.8,482.9,597.7,667.75,252.65,484.84,0.0036000000000000476
956,0.9942136334177132,16551,16551,0.985,0.512606,599.3,0.0,306.7,445.5,600.18,0.0,305.58,446.46,-0.472394
956,0.962549431258452,1900,1900,0.981,0.993596,160.0,249.2,202.7,126.8,161.72,251.25,200.81,123.2,0.012596000000000052
957,0.9903419398980545,19607,19607,0.998,0.927184,689.1,299.7,157.7,148.9,688.88,299.86,156.95,148.9,-0.07081599999999999
957,0.9767681665300537,27926,27926,0.992,0.991662,149.0,144.8,256.0,452.8,145.54,141.47,259.45,457.37,-0.00033799999999994945
957,0.960751068113829,1900,1900,0.992,0.996758,628.7,891.7,210.4,137.7,630.16,895.05,210.19,133.99,0.00475800000000004
957,0.9601386206556108,16551,16551,0.983,0.93843,80.7,786.8,313.6,490.8,76.57,785.85,313.07,486.45,-0.04457
962,0.9725237276259021,19607,19607,0.997,0.958792,142.9,847.4,161.4,157.5,143.66,848.56,159.07,157.29,-0.03820800000000002
962,0.9790167686643961,29451,29451,0.988,0.994023,475.9,777.2,403.0,274.3,474.83,778.66,402.63,275.51,0.006023000000000001
962,0.9714781678562279,1900,1900,0.987,0.994926,146.8,240.5,180.9,181.4,145.3,242.1,184.12,180.27,0.007925999999999989
962,0.9834655947195964,16551,16551,0.981,0.845108,624.7,109.1,282.4,471.3,625.9,106.1,281.52,476.67,-0.135892
966,0.9669369051277318,1900,1900,0.995,0.997974,655.2,900.6,211.3,151.1,658.16,902.09,208.85,150.72,0.002974000000000032
966,0.9835687772818856,16548,16548,0.994,0.971367,125.8,852.6,243.9,237.9,124.69,852.79,243.29,236.72,-0.022633000000000014
967,0.982668274796037,3351,3351,0.993,0.968436,407.0,888.1,188.5,189.7,408.67,887.47,187.3,190.87,-0.02456400000000003
967,0.9684854657532458,29667,29667,0.986,0.968023,589.6,306.4,222.0,222.3,586.99,305.98,228.73,222.78,-0.01797700000000002
967,0.9720254906262498,41768,41768,0.985,0.964304,128.3,301.1,261.3,296.4,124.25,300.88,262.39,296.88,-0.020695999999999937
968,0.9819141875827665,29667,29667,0.996,0.989804,111.1,696.7,234.0,235.0,110.0,695.6,234.03,235.08,-0.006195999999999979
968,0.982245581640513,3351,3351,0.994,0.982159,340.7,156.1,184.8,186.5,340.76,156.1,183.99,189.05,-0.01184099999999999
968,0.9909187322848618,41768,41768,0.972,0.967186,559.5,621.7,267.9,309.0,560.34,621.83,268.52,308.83,-0.004813999999999985
972,0.9815486767202829,1900,1900,0.998,0.958507,141.5,241.6,200.5,129.1,142.2,241.69,197.06,128.93,-0.039493
972,0.9770722095827277,21771,21771,0.991,0.943062,126.8,773.6,193.7,190.7,126.21,774.96,192.97,188.17,-0.047938000000000036
972,0.9718715100321178,27926,27926,0.99,0.990897,570.2,628.0,258.9,489.9,569.73,626.59,264.29,488.79,0.0008970000000000367
972,0.9725013202899454,16551,16551,0.969,0.932549,572.9,14.1,329.7,436.3,579.13,12.16,324.49,438.85,-0.03645100000000001
973,0.9401662599285774,1900,1900,0.991,0.999202,181.8,264.9,127.4,199.4,180.43,267.73,130.91,200.72,0.008202000000000043
973,0.974007143289735,29345,29345,0.989,0.968618,612.6,713.1,287.5,445.1,615.11,715.64,282.56,441.11,-0.02038200000000001
973,0.9582941546751077,16551,16551,0.982,0.978073,568.6,80.8,312.0,470.6,571.81,86.43,312.57,461.07,-0.003927000000000014
974,0.975593588512757,1900,1900,0.995,0.988204,160.8,258.2,127.8,198.3,162.41,256.19,126.41,200.24,-0.006796000000000024
974,0.9854219227797076,29345,29345,0.983,0.991639,587.3,675.3,287.8,450.1,586.54,677.49,289.5,449.69,0.008639000000000063
974,0.9582344259137274,16551,16551,0.982,0.980855,542.2,72.5,298.6,457.3,543.6,65.92,301.54,468.24,-0.0011449999999999516
974,0.956428249757837,21771,21771,0.98,0.722777,149.2,850.8,192.9,192.5,148.33,848.98,195.37,190.0,-0.257223
975,0.974267314316877,21771,21771,0.99,0.887033,619.6,252.2,186.0,179.5,617.05,251.02,189.24,180.27,-0.10296700000000003
975,0.9801882710189549,29345,29345,0.978,0.978599,116.5,154.0,271.5,414.5,116.44,157.23,269.37,412.89,0.0005990000000000162
975,0.9659249106353636,16551,16551,0.975,0.953295,106.2,686.9,317.4,485.4,108.52,682.01,315.44,498.38,-0.021704999999999974
975,0.9672608438738562,1900,1900,0.964,0.986505,682.7,808.7,132.7,205.6,684.29,807.21,131.93,208.76,0.022504999999999997
979,0.9783703396165778,18357,18357,0.989,0.984821,70.2,550.4,288.4,334.1,70.61,548.39,286.67,339.47,-0.004179000000000044
979,0.991251139645724,22074,22074,0.988,0.980173,584.7,709.3,186.8,194.8,584.01,709.59,187.14,194.85,-0.007827000000000028
979,0.9908671292850674,3351,3351,0.967,0.991836,392.8,158.6,182.1,185.9,392.99,157.61,181.54,187.04,0.02483600000000008
980,0.9773078662776808,18357,18357,0.99,0.985874,575.2,306.2,282.8,319.5,575.39,308.2,280.62,320.39,-0.004125999999999963
980,0.9879541670151831,3351,3351,0.984,0.984958,353.2,873.5,190.0,190.0,354.52,873.04,188.38,190.24,0.0009580000000000144
980,0.9780711390917748,22074,22074,0.98,0.984183,170.8,310.6,185.1,191.0,169.99,311.5,185.36,192.05,0.004183000000000048
982,0.963481108594115,2483,2483,0.99,0.987392,658.5,116.0,212.4,470.7,659.28,105.57,213.56,479.9,-0.0026079999999999437
982,0.9632177099568938,3743,3743,0.981,0.977802,118.5,839.5,328.6,330.6,114.21,837.35,327.82,333.62,-0.003198000000000034
982,0.9753709178995221,13395,13395,0.978,0.969282,635.6,674.6,242.8,515.7,634.77,674.15,240.62,511.93,-0.008718000000000004
983,0.9800321969664724,13395,13395,0.988,0.960468,630.2,675.2,228.1,497.7,631.72,677.07,228.25,497.06,-0.027532
983,0.9771929369192287,2483,2483,0.985,0.988795,672.1,72.6,203.5,492.9,668.66,74.3,207.33,491.71,0.003794999999999993
983,0.9631248518585555,3743,3743,0.982,0.945435,116.9,827.1,322.3,321.2,112.25,829.52,323.68,320.6,-0.03656499999999996
984,0.9691150284480186,2483,2483,0.989,0.987322,59.5,647.0,204.7,487.3,58.53,646.5,209.96,485.32,-0.0016779999999999573
984,0.9596995355296688,3743,3743,0.985,0.941321,499.2,125.2,312.1,304.3,494.06,126.19,313.91,306.67,-0.04367900000000002
985,0.9899175245293445,16548,16548,0.991,0.968628,576.2,186.7,231.7,224.7,575.61,186.88,231.6,225.38,-0.022371999999999947
985,0.9780358410028124,29451,29451,0.98,0.980655,522.8,801.6,420.7,234.0,520.26,804.68,422.46,230.65,0.0006550000000000722
985,0.9567549090381667,1900,1900,0.973,0.966765,139.3,215.9,199.7,154.0,142.29,219.32,197.12,151.31,-0.0062349999999999905
986,0.9840838074266657,16548,16548,0.989,0.909126,143.3,837.0,241.4,236.8,141.9,836.24,242.36,238.81,-0.079874
986,0.9721913789430874,29451,29451,0.988,0.964061,43.8,231.5,406.8,228.5,46.08,234.29,404.1,223.63,-0.023939000000000044
986,0.9552730422250986,1900,1900,0.974,0.983516,633.0,897.5,210.3,158.4,632.86,900.85,207.58,156.67,0.009515999999999969
988,0.9842733667577656,3483,3483,0.998,0.985238,598.6,869.3,257.9,230.0,599.49,871.15,256.5,228.69,-0.012762000000000051
988,0.9831502547022063,22347,22347,0.996,0.989528,159.4,183.0,207.1,197.4,159.0,182.11,208.84,197.47,-0.006472000000000033
988,0.9725805422067997,19861,19861,0.992,0.981083,126.0,865.3,218.7,166.6,126.97,864.07,219.59,169.11,-0.010916999999999955
989,0.9668408798091102,3483,3483,0.995,0.985022,571.7,834.5,262.8,237.1,571.78,838.2,260.66,231.12,-0.009978000000000042
989,0.9651251531731262,22347,22347,0.995,0.88182,143.1,178.6,201.2,194.4,140.78,176.63,205.61,195.63,-0.11317999999999995
989,0.986248231185433,19861,19861,0.991,0.991043,90.9,826.1,225.6,175.9,90.55,826.29,227.3,174.78,4.300000000001525e-05
990,0.9659711780568149,3483,3483,0.998,0.970621,149.4,218.6,250.3,223.6,150.21,218.88,247.46,218.47,-0.027379000000000042
990,0.9547841890560924,19861,19861,0.993,0.983843,638.8,277.9,221.2,168.6,643.29,278.98,218.41,169.55,-0.00915699999999997
990,0.9914987702950039,22347,22347,0.979,0.948598,625.3,887.0,216.9,208.5,624.69,886.97,216.56,208.28,-0.03040199999999993
991,0.9913531300780907,16548,16548,0.994,0.950881,572.8,221.4,230.5,225.3,572.55,222.36,230.4,224.75,-0.04311900000000002
991,0.9750364657798494,3544,3544,0.979,0.95523,92.7,222.7,202.8,198.5,92.76,220.27,202.24,198.88,-0.023769999999999958
993,0.9893750240375717,16548,16548,0.994,0.953582,600.2,233.1,236.5,225.6,600.4,232.38,235.08,226.66,-0.040417999999999954
993,0.9680495430284706,3544,3544,0.992,0.898743,109.1,232.7,206.9,200.0,109.38,230.35,209.55,201.26,-0.09325700000000003
994,0.957124098636272,3483,3483,0.989,0.97694,133.9,292.5,274.4,169.9,133.9,287.58,274.34,172.28,-0.01205999999999996
994,0.9662535942294178,30308,30308,0.976,0.975396,508.8,755.3,393.0,429.6,503.13,753.61,393.97,433.08,-0.0006039999999999379
994,0.989417509150614,16262,16262,0.97,0.977373,116.7,846.9,250.6,242.1,118.0,846.12,249.81,242.93,0.007373000000000074
996,0.968342528169256,3483,3483,0.998,0.98388,591.5,845.0,280.6,169.4,588.95,845.65,286.25,170.19,-0.014120000000000021
996,0.9837943521196575,30308,30308,0.989,0.993,111.1,75.0,385.6,421.4,112.81,75.42,386.86,422.35,0.0040000000000000036
996,0.979273269735096,16262,16262,0.969,0.910084,622.1,182.7,242.2,230.3,621.13,182.92,245.42,231.65,-0.05891599999999997
997,0.9749482628341664,1900,1900,0.986,0.995737,148.0,240.4,181.2,180.5,146.3,241.63,183.66,180.2,0.009736999999999996
997,0.9902063285290988,21771,21771,0.981,0.97763,123.4,806.3,194.3,188.4,122.78,806.05,194.06,188.48,-0.003369999999999984
998,0.9426241518812909,1900,1900,0.996,0.989486,168.3,245.5,181.6,182.8,164.41,248.74,186.83,177.12,-0.00651400000000002
998,0.983037811574123,21771,21771,0.979,0.871342,157.8,840.7,191.2,184.1,156.93,839.93,193.0,185.53,-0.10765800000000003
998,0.9588165413369145,29451,29451,0.973,0.985168,485.8,845.0,418.3,221.0,485.42,849.06,421.39,213.41,0.012168000000000068
998,0.9778021278633061,16551,16551,0.968,0.494527,616.2,68.9,292.2,482.5,617.11,72.7,288.99,477.03,-0.473473
999,0.9644025981610777,29451,29451,0.992,0.769242,101.7,234.8,411.0,220.8,103.25,236.57,407.65,214.69,-0.222758
999,0.9641193228420174,1900,1900,0.983,0.992042,646.1,847.2,186.3,186.1,642.68,847.54,187.91,184.48,0.009041999999999994
999,0.9856316571194009,21771,21771,0.976,0.930545,644.4,290.8,188.4,182.5,643.13,290.96,188.94,181.79,-0.04545500000000002
999,0.9586356712989448,16551,16551,0.967,0.409066,78.0,687.0,297.4,497.9,80.3,690.49,288.84,491.45,-0.5579339999999999
1003,0.9643434616755153,3483,3483,0.996,0.988347,607.6,792.7,272.9,203.6,606.18,793.34,276.17,207.34,-0.007653000000000021
1003,0.9929212898586712,16232,16232,0.99,0.985788,648.1,184.4,192.2,179.8,648.27,184.27,192.95,180.06,-0.0042119999999999935
1003,0.9940138170229555,27733,27733,0.99,0.924351,123.8,770.5,313.8,273.5,123.6,770.33,314.7,272.98,-0.06564899999999996
1003,0.9636188905654296,34597,34597,0.975,0.99754,36.7,159.7,450.1,416.3,39.3,154.89,453.58,423.84,0.022540000000000004
1004,0.9841672387706624,3483,3483,0.994,0.973967,126.7,307.8,266.5,200.9,126.52,305.15,266.89,203.27,-0.020032999999999967
1004,0.9654381346130134,34597,34597,0.993,0.998782,508.8,660.4,460.3,433.3,505.56,656.39,461.41,443.66,0.005781999999999954
1004,0.9794059508491525,16232,16232,0.99,0.936602,141.6,892.3,197.2,192.9,139.89,892.91,198.43,193.57,-0.053397999999999946
1004,0.9809633053586515,27733,27733,0.985,0.979427,566.8,262.0,299.1,263.4,566.19,260.77,299.5,267.78,-0.005572999999999939
1005,0.9871574161801527,3483,3483,0.996,0.996027,580.7,759.1,272.2,209.2,579.32,758.04,274.26,210.19,2.6999999999999247e-05
1005,0.9767203514442755,16232,16232,0.993,0.972647,619.5,177.6,187.3,182.8,619.09,178.66,189.39,182.97,-0.020352999999999954
1005,0.9795691652166068,34597,34597,0.988,0.992778,22.8,123.3,438.0,427.3,22.25,128.42,440.54,423.41,0.00477800000000006
1005,0.9503201974848335,27733,27733,0.985,0.902932,87.6,722.1,326.8,281.0,87.73,726.77,320.52,280.6,-0.08206800000000003
1006,0.9679360727956895,3483,3483,0.997,0.990411,602.5,844.6,277.2,186.4,601.26,846.08,281.5,186.67,-0.006588999999999956
1006,0.9812796657621856,20238,20238,0.99,0.997629,617.7,195.5,225.3,217.2,617.9,194.94,228.47,217.63,0.007628999999999997
1006,0.9725112448931962,25367,25367,0.983,0.977534,46.9,176.0,439.5,424.5,47.03,180.53,445.39,418.53,-0.005465999999999971
1006,0.9748762238160169,25469,25469,0.978,0.996495,49.5,857.9,374.1,216.2,47.69,855.57,378.61,219.13,0.01849500000000004
1007,0.9926620286618809,20238,20238,0.996,0.996897,589.0,190.8,221.6,213.4,588.7,190.29,222.55,213.76,0.0008970000000000367
1007,0.9951517512576028,3483,3483,0.993,0.9856,574.3,811.1,280.4,191.8,574.88,810.61,279.81,192.33,-0.007399999999999962
1007,0.9627811069093993,25367,25367,0.977,0.981419,30.7,155.7,429.0,421.4,34.99,152.62,432.03,426.09,0.004419000000000062
1007,0.987286621731359,25469,25469,0.973,0.993344,12.5,813.3,382.6,220.3,10.98,813.71,384.03,221.38,0.02034400000000003
1009,0.9916361384264644,3483,3483,0.994,0.985814,575.0,811.3,279.0,191.8,575.04,810.59,280.09,192.61,-0.008186000000000027
1009,0.9712333702451678,22347,22347,0.991,0.99341,79.0,198.6,200.1,194.2,77.16,198.42,204.73,195.43,0.0024100000000000232
1009,0.9792947663647216,16262,16262,0.98,0.921037,547.4,187.2,236.8,228.8,546.41,187.02,240.19,230.34,-0.05896299999999999
1009,0.9827729501197321,25469,25469,0.967,0.99091,13.0,813.2,381.2,220.9,11.41,814.49,383.2,221.01,0.023909999999999987
1010,0.9673978822147592,3483,3483,0.997,0.989812,603.7,845.1,275.7,186.2,601.34,845.93,280.13,187.77,-0.007187999999999972
1010,0.9770531699752764,22347,22347,0.987,0.995781,95.1,204.5,205.8,198.5,93.31,206.32,207.27,197.45,0.008781000000000039
1010,0.962604098015087,25469,25469,0.976,0.996644,49.8,858.8,372.9,215.4,47.22,855.42,379.08,220.12,0.020643999999999996
1010,0.9749102317584534,16262,16262,0.973,0.977305,575.3,195.6,242.6,229.1,575.11,194.01,244.92,232.77,0.004305000000000003
1012,0.9703949195528483,1900,1900,0.997,0.988903,141.8,242.2,199.1,129.2,143.23,242.54,195.92,127.41,-0.00809700000000002
1012,0.9892730993313612,16548,16548,0.994,0.97572,611.3,158.4,231.1,224.4,612.13,158.11,230.0,225.76,-0.018279999999999963
1012,0.9658743373453099,27926,27926,0.987,0.996286,570.4,628.8,260.5,488.3,570.19,625.92,266.69,488.51,0.009286000000000016
1013,0.9561502890617738,27926,27926,0.991,0.994017,147.8,145.1,255.0,453.2,141.19,136.96,261.42,461.67,0.0030170000000000474
1013,0.9635481602132969,1900,1900,0.989,0.996126,630.0,890.7,209.9,136.9,631.93,894.12,208.28,133.64,0.007125999999999966
1013,0.9917184316192225,16548,16548,0.985,0.969589,104.7,866.4,242.8,237.8,104.55,866.31,241.39,238.1,-0.015410999999999953
1014,0.9499502082728255,27926,27926,0.991,0.986184,597.4,674.0,253.5,481.6,599.9,665.26,255.55,487.49,-0.0048160000000000425
1014,0.9934545977811798,16548,16548,0.987,0.961154,640.5,164.3,237.0,224.8,640.4,164.07,236.14,224.79,-0.025846000000000036
1014,0.9724788372131205,1900,1900,0.985,0.993458,158.7,252.1,203.4,124.7,160.15,253.35,202.02,122.18,0.008457999999999966
1015,0.9588702360505965,3483,3483,0.994,0.972264,647.7,746.4,215.0,269.7,651.72,749.59,209.31,267.42,-0.021735999999999978
1015,0.989535909374665,30308,30308,0.988,0.982356,67.9,124.3,396.5,406.6,67.34,123.71,399.8,406.87,-0.005643999999999982
1015,0.97646412684462,20877,20877,0.986,0.979462,115.9,769.9,332.2,228.8,118.19,769.68,327.47,231.01,-0.006537999999999933
1015,0.9682014839580396,35206,35206,0.984,0.994444,658.0,174.6,224.6,403.4,661.9,175.22,219.29,400.03,0.010444000000000009
1016,0.9890090656234981,3483,3483,0.993,0.984189,140.8,290.9,212.3,258.4,140.79,292.11,212.8,258.23,-0.008811000000000013
1016,0.9869668584830821,20877,20877,0.988,0.987354,543.4,295.3,328.5,233.1,545.0,293.9,327.3,234.75,-0.0006460000000000354
1016,0.9735382722047907,30308,30308,0.981,0.990495,533.9,721.6,410.0,413.5,532.79,721.44,405.61,417.97,0.009495000000000031
1016,0.9791907804655134,35206,35206,0.97,0.997747,96.6,671.6,236.7,412.4,95.68,669.99,235.67,411.94,0.027747000000000077
1018,0.9856242123061074,29667,29667,0.995,0.986923,87.0,863.6,232.3,224.9,87.41,861.22,231.62,227.52,-0.008077
1018,0.9779516443133238,3483,3483,0.993,0.974566,126.0,308.2,267.8,200.9,126.66,305.58,266.88,202.33,-0.01843399999999995
1018,0.9707458636010146,30308,30308,0.991,0.990056,441.1,741.2,472.8,308.0,433.77,740.82,476.75,310.22,-0.0009439999999999449
1018,0.9770558015345424,27733,27733,0.979,0.762258,562.1,256.5,297.4,263.9,560.71,257.97,299.15,265.56,-0.216742
1019,0.9627262715115417,3483,3483,0.997,0.988506,607.5,792.5,272.0,204.0,606.04,792.87,276.87,207.43,-0.008494000000000002
1019,0.9852883265103752,27733,27733,0.994,0.935445,129.2,776.6,314.4,275.6,131.22,776.94,311.05,274.47,-0.058555000000000024
1019,0.9763637695349532,29667,29667,0.99,0.975661,669.8,181.6,223.4,212.5,669.66,183.71,225.07,211.79,-0.01433899999999999
1019,0.9556929663437712,30308,30308,0.99,0.996358,96.8,210.6,457.4,298.4,91.59,209.31,473.01,301.93,0.006357999999999975
1020,0.9859165099265961,3483,3483,0.993,0.996144,580.8,758.3,272.8,209.4,580.05,757.59,273.82,208.63,0.0031440000000000357
1020,0.976570465144849,30308,30308,0.989,0.997811,77.8,188.9,449.6,297.7,74.77,187.73,455.43,300.94,0.008811000000000013
1020,0.9498318028549515,27733,27733,0.981,0.898669,92.2,728.3,326.6,281.5,92.66,733.95,318.93,278.0,-0.08233099999999993
1020,0.9799604991244533,29667,29667,0.98,0.886278,639.8,177.6,217.3,214.5,638.46,177.34,221.3,214.93,-0.09372199999999997
1022,0.9707203383117335,29451,29451,0.993,0.971818,35.9,798.7,421.5,228.3,35.18,802.34,424.37,223.09,-0.021182000000000034
1022,0.9784516010545158,33208,33208,0.992,0.995865,581.3,810.5,214.2,204.0,582.31,809.77,215.02,205.76,0.0038650000000000073
1022,0.984162972529643,1900,1900,0.991,0.988689,147.9,240.9,180.5,180.6,146.91,241.46,182.62,180.26,-0.002310999999999952
1022,0.9836286140707956,16551,16551,0.983,0.789801,625.9,24.4,283.3,466.4,626.09,20.82,281.83,471.73,-0.193199
1023,0.941311658702912,1900,1900,0.997,0.987193,168.9,245.6,180.2,182.9,164.13,248.23,188.43,179.9,-0.00980700000000001
1023,0.9722202506646076,29451,29451,0.994,0.985479,71.6,842.3,416.3,219.1,70.51,844.0,421.28,215.52,-0.008521
1023,0.9788413056750773,33208,33208,0.991,0.988175,609.5,843.5,211.0,199.6,609.57,842.81,213.42,201.47,-0.0028249999999999664
1025,0.9797549366225772,3483,3483,0.992,0.987999,141.1,289.2,212.7,260.4,140.35,292.35,213.76,256.38,-0.004001000000000032
1025,0.9867932802947569,28763,28763,0.989,0.989017,643.4,862.2,222.2,211.3,644.8,862.02,220.75,212.74,1.7000000000044757e-05
1025,0.9889777037425322,20877,20877,0.983,0.984749,543.7,294.2,328.7,233.9,545.82,293.4,326.87,234.78,0.0017490000000000006
1025,0.9846569772060527,16262,16262,0.959,0.985413,108.7,837.6,249.5,240.1,109.44,836.73,247.06,241.47,0.02641300000000002
1026,0.961730694355713,3483,3483,0.993,0.971158,647.3,748.4,216.2,267.9,651.2,751.05,210.76,266.24,-0.021842000000000028
1026,0.9709715205806538,20877,20877,0.987,0.986218,115.6,770.6,332.4,229.0,117.68,769.86,327.12,232.15,-0.0007819999999999494
1026,0.9614517942667414,28763,28763,0.982,0.983712,134.7,205.5,212.0,200.6,134.95,206.65,216.07,201.94,0.0017120000000000468
1026,0.9718638493583371,16262,16262,0.965,0.97933,630.1,193.0,243.0,229.4,631.1,192.02,244.91,232.3,0.014330000000000065
1027,0.9804152446625773,13900,13900,0.985,0.980757,191.2,285.7,197.0,234.0,189.56,283.98,198.2,236.18,-0.004242999999999997
1027,0.9878280098765901,16232,16232,0.984,0.777339,600.4,262.6,186.6,186.2,601.22,262.58,186.07,187.38,-0.20666099999999998
1027,0.9923934788163027,3351,3351,0.978,0.973203,354.2,883.7,189.0,191.2,354.33,882.78,188.6,192.26,-0.00479699999999994
1028,0.9808390858072935,16232,16232,0.995,0.948466,135.2,780.7,191.7,188.2,134.29,778.81,192.95,189.55,-0.046533999999999964
1028,0.9827218705821069,13900,13900,0.99,0.967915,554.8,708.5,204.5,245.8,553.05,706.97,206.65,247.14,-0.02208500000000002
1028,0.9816988693698375,3351,3351,0.972,0.996836,391.3,157.7,185.1,187.6,392.61,156.75,182.88,188.82,0.02483600000000008
1029,0.9843559564330151,3351,3351,0.989,0.943645,435.1,216.3,185.5,182.7,435.43,214.89,184.98,185.09,-0.045355000000000034
1029,0.9922011629066181,13900,13900,0.989,0.97969,594.4,797.7,199.7,241.4,593.64,798.05,200.68,241.41,-0.00931000000000004
1029,0.9778043695210632,16232,16232,0.981,0.900921,178.5,866.9,188.9,191.6,176.52,865.69,190.55,192.04,-0.08007900000000001
1030,0.9853499180948696,3483,3483,0.995,0.995625,581.0,758.3,274.0,209.8,580.44,757.45,274.21,209.1,0.0006249999999999867
1030,0.978200500210954,34597,34597,0.99,0.993585,45.5,141.3,443.7,414.8,43.49,140.88,451.78,416.46,0.0035850000000000604
1030,0.9482179037662258,27733,27733,0.989,0.890441,88.2,721.7,326.5,282.0,88.46,726.59,319.03,280.75,-0.09855899999999995
1030,0.9744528587162175,35206,35206,0.984,0.540477,571.3,118.2,247.8,379.5,570.21,118.35,251.98,382.69,-0.443523
1034,0.9615765397891953,3483,3483,0.997,0.969304,147.2,218.5,251.0,224.6,148.16,219.74,248.64,218.02,-0.027695999999999943
1034,0.9506868505865654,19861,19861,0.994,0.986102,637.3,277.1,221.3,169.3,641.78,279.11,218.77,168.94,-0.00789799999999996
1034,0.9754552960068668,28763,28763,0.985,0.995405,649.4,882.4,223.3,214.1,650.69,881.26,219.42,214.79,0.010404999999999998
1039,0.9674196049131433,3483,3483,0.998,0.98904,603.1,844.9,276.8,186.5,601.44,845.71,281.04,188.25,-0.008959999999999968
1039,0.9682800665089698,28763,28763,0.981,0.985938,127.5,214.6,210.9,200.5,126.98,213.37,215.01,203.11,0.004937999999999998
1039,0.9610439200281702,25469,25469,0.971,0.99658,50.7,859.0,371.5,215.4,47.45,855.35,378.7,219.87,0.025580000000000047
1039,0.9748281380260744,16262,16262,0.965,0.978955,574.6,195.6,242.8,228.9,575.51,194.03,242.98,232.9,0.01395500000000005
1041,0.9748019947037748,3483,3483,0.992,0.990994,124.8,276.6,270.1,184.0,125.46,274.08,271.18,185.95,-0.0010059999999999514
1041,0.9926903743279711,28763,28763,0.974,0.98333,651.3,852.1,222.7,213.7,651.23,852.96,223.44,212.84,0.00933000000000006
1041,0.9861636946558683,25469,25469,0.969,0.991468,572.0,231.4,371.2,217.4,572.27,231.24,369.5,219.45,0.022468000000000043
1041,0.9905407795460979,16262,16262,0.951,0.982088,166.8,834.3,249.5,242.3,167.42,834.06,247.9,243.05,0.031088000000000005
1043,0.9785902384613729,3351,3351,0.99,0.965938,313.3,170.1,182.9,186.3,311.91,168.27,184.29,188.94,-0.024062000000000028
1043,0.972098001185966,35206,35206,0.989,0.996799,514.7,606.5,244.1,414.3,515.26,605.19,238.61,414.59,0.007799
1043,0.9798814248193768,18357,18357,0.985,0.979958,51.2,628.8,270.7,350.3,49.08,627.8,271.41,352.88,-0.005041999999999991
1044,0.9732835927121943,35206,35206,0.979,0.999572,555.4,702.8,235.0,405.1,552.11,703.36,240.01,406.42,0.020572000000000035
1044,0.9830998140964278,3351,3351,0.977,0.945136,354.9,228.2,183.3,182.5,354.44,227.5,184.6,184.33,-0.031864
1044,0.9805439011834542,18357,18357,0.975,0.976853,93.8,724.9,267.3,351.0,92.57,724.57,265.59,350.25,0.0018529999999999935
1045,0.9603317626191109,3483,3483,0.993,0.986266,621.4,716.3,212.1,271.9,624.39,719.55,211.35,269.72,-0.006734000000000018
1045,0.9830418842693077,29667,29667,0.991,0.988871,595.0,179.7,219.8,213.6,593.73,177.53,221.22,215.89,-0.0021289999999999365
1045,0.9842167771146906,20877,20877,0.982,0.986498,42.4,757.3,328.1,246.9,40.59,755.9,329.72,249.34,0.004498000000000002
1045,0.972273975862074,28763,28763,0.978,0.977987,133.9,213.1,207.5,199.8,134.13,214.25,210.11,200.2,-1.2999999999929734e-05
1046,0.9616158294940768,3483,3483,0.993,0.978638,646.6,749.2,217.5,268.5,650.47,750.74,211.34,268.25,-0.014361999999999986
1046,0.9840711625277598,29667,29667,0.992,0.960327,624.1,183.0,223.7,215.2,622.3,182.44,225.76,214.83,-0.03167299999999995
1046,0.9799083453321457,20877,20877,0.986,0.985007,75.5,801.1,327.1,239.7,72.03,801.48,328.93,238.56,-0.0009930000000000216
1046,0.9677094413646204,28763,28763,0.983,0.981909,151.9,224.2,212.5,200.4,150.35,222.49,216.32,203.43,-0.0010909999999999531
1047,0.9788777374600264,3483,3483,0.994,0.988186,141.1,288.6,212.1,260.2,140.25,292.53,213.34,256.17,-0.005813999999999986
1047,0.9602307320668411,29667,29667,0.994,0.975727,135.5,864.4,231.2,223.0,131.86,861.9,232.83,226.68,-0.018272999999999984
1047,0.9774041776534514,20877,20877,0.984,0.98859,588.8,260.4,325.2,242.7,587.75,258.95,326.2,240.88,0.004589999999999983
1047,0.9815780837658503,28763,28763,0.979,0.983967,625.9,845.7,222.4,209.7,627.44,846.53,220.81,210.45,0.004967000000000055
1050,0.9515524608096592,2483,2483,0.996,0.970372,652.5,78.7,195.7,490.6,645.29,78.91,205.4,490.82,-0.025627999999999984
1051,0.9507676317507636,2483,2483,0.993,0.987435,86.7,674.9,229.7,484.1,78.74,677.76,236.01,482.94,-0.005565000000000042
1053,0.9493450225954401,2483,2483,0.994,0.992353,618.5,50.2,218.1,485.2,609.45,53.61,228.18,481.76,-0.001646999999999954
1055,0.9890353936917758,3483,3483,0.993,0.997722,572.4,767.1,275.2,205.9,571.27,766.13,276.33,206.41,0.004722000000000004
1055,0.9473131058055265,27733,27733,0.99,0.878657,81.7,727.3,332.0,271.7,82.75,733.26,325.46,269.1,-0.11134299999999997
1055,0.976083377590775,31885,31885,0.974,0.992385,57.0,34.6,424.8,485.5,54.14,32.25,430.4,484.77,0.018384999999999985
1055,0.9720546775776358,29667,29667,0.965,0.931354,649.9,185.9,215.7,212.7,647.68,186.16,220.32,213.71,-0.033645999999999954
1056,0.9562875506290637,3483,3483,0.998,0.983559,599.8,800.5,274.1,199.0,598.11,800.16,277.82,205.31,-0.014441000000000037
1056,0.9801068245015939,29667,29667,0.996,0.981945,677.4,189.7,224.8,212.1,677.79,191.08,225.37,212.34,-0.01405500000000004
1056,0.9896324676227016,27733,27733,0.991,0.901271,118.2,777.5,320.1,264.0,118.31,776.34,320.14,266.55,-0.08972899999999995
1056,0.9685346936871034,31885,31885,0.981,0.99504,71.1,51.5,439.9,490.9,67.43,49.8,450.39,490.12,0.014040000000000052
1057,0.9670150583553,2483,2483,0.994,0.974876,609.0,69.6,247.7,469.3,607.4,71.38,243.97,466.78,-0.01912400000000003
1057,0.9787864771742262,25438,25438,0.969,0.927429,109.4,830.3,256.0,252.9,110.58,831.43,251.88,251.96,-0.041571000000000025
1057,0.9865206354011846,12778,12778,0.965,0.996791,82.9,70.3,330.5,506.8,81.84,67.49,330.64,508.56,0.031791000000000014
1058,0.9558878293104399,2483,2483,0.99,0.976083,598.7,109.8,256.1,452.0,596.49,108.66,250.18,452.31,-0.013916999999999957
1058,0.978049384596924,25438,25438,0.975,0.647103,112.1,842.3,258.2,265.8,111.67,843.11,256.12,262.95,-0.327897
1058,0.9732713073991399,12778,12778,0.967,0.983895,84.4,104.6,329.5,505.7,87.55,111.43,325.09,498.86,0.016894999999999993
1060,0.9443110526584456,2483,2483,0.993,0.994099,115.4,681.2,211.9,487.9,107.23,678.19,222.78,491.44,0.0010989999999999611
1060,0.9807065402928468,25438,25438,0.959,0.930201,556.8,205.7,245.2,250.3,555.49,207.71,247.62,247.87,-0.02879900000000002
1064,0.9721129323960895,3483,3483,0.997,0.985757,602.9,844.5,277.0,186.7,601.74,846.15,279.98,186.7,-0.011243000000000003
1064,0.9844262490013324,20238,20238,0.991,0.997867,617.6,195.1,225.4,217.6,617.36,195.16,228.8,217.44,0.0068669999999999565
1064,0.9643791073849103,25469,25469,0.976,0.995448,50.3,858.3,372.5,215.5,47.26,855.63,379.22,219.5,0.01944800000000002
1064,0.983377958663504,34597,34597,0.974,0.997627,58.9,133.4,451.9,413.4,58.19,129.02,451.75,418.94,0.023627000000000065
1065,0.9768255526772059,3483,3483,0.993,0.986353,124.5,276.4,270.6,184.5,125.74,274.35,270.95,186.18,-0.0066469999999999585
1065,0.9822671894158829,20238,20238,0.991,0.994947,139.5,849.8,232.2,226.1,139.08,850.92,230.93,224.12,0.003947000000000034
1065,0.9793839932534074,34597,34597,0.987,0.996808,484.5,686.4,463.2,430.9,483.71,685.09,461.54,436.93,0.009808000000000039
1065,0.985849194174235,25469,25469,0.979,0.994476,571.1,232.0,372.3,217.4,571.99,231.86,369.9,219.11,0.015476000000000045
1067,0.9512966494600318,3483,3483,0.992,0.96913,133.2,292.6,275.3,170.1,133.65,287.32,274.5,172.59,-0.022869999999999946
1067,0.9728981778964262,31885,31885,0.983,0.811701,554.7,673.0,402.4,526.9,552.14,670.01,409.75,527.9,-0.17129899999999998
1067,0.9878001882524755,16262,16262,0.968,0.988736,117.0,847.0,250.1,241.8,119.15,846.55,247.93,242.67,0.020735999999999977
1069,0.9693194509792162,21771,21771,0.993,0.949326,117.1,202.9,187.3,184.2,115.55,202.68,192.58,184.01,-0.04367399999999999
1069,0.9879938380851527,16548,16548,0.989,0.978412,643.1,164.7,237.8,226.4,643.93,163.88,235.83,227.26,-0.010588000000000042
1069,0.9481263557010416,1900,1900,0.983,0.990157,622.6,889.1,205.4,139.5,624.18,890.61,208.41,139.8,0.007156999999999969
1070,0.9845726652909358,16548,16548,0.984,0.945047,102.2,864.6,241.4,238.2,100.54,864.39,241.87,239.1,-0.038953000000000015
1070,0.9775225573825417,1900,1900,0.982,0.986858,175.4,280.0,199.7,141.0,175.39,279.92,197.99,143.01,0.004858000000000029
1073,0.9716994681416574,3483,3483,0.996,0.982222,536.1,778.5,266.2,222.9,532.92,779.09,272.34,223.05,-0.013777999999999957
1073,0.9759236913853699,22347,22347,0.995,0.991852,115.4,199.8,202.7,193.9,115.85,198.21,203.96,196.59,-0.0031480000000000397
1073,0.983409808406889,36637,36637,0.994,0.969818,637.0,178.4,182.4,244.7,635.91,178.82,183.64,242.26,-0.024182000000000037
1073,0.9754110900062906,27777,27777,0.989,0.365797,143.0,774.9,179.3,206.5,144.16,774.32,180.91,207.14,-0.623203
1075,0.9684623319404048,4543,4543,0.984,0.998492,610.9,141.1,203.0,202.7,610.24,141.98,206.22,199.37,0.01449200000000006
1075,0.9592278884543711,16551,16551,0.979,0.82822,94.1,593.8,338.9,462.8,98.81,594.47,342.12,463.58,-0.15078000000000003
1075,0.974082648652487,3544,3544,0.974,0.962485,102.3,161.0,203.0,199.1,102.12,159.19,201.31,199.49,-0.011514999999999942
1076,0.957601934207266,4543,4543,0.994,0.993036,132.0,917.6,216.0,211.9,129.88,916.76,213.53,214.53,-0.0009639999999999649
1076,0.9786257278158873,3544,3544,0.991,0.961126,668.4,900.0,214.7,212.6,668.97,897.76,214.06,213.11,-0.029873999999999956
1076,0.9733535402290124,16551,16551,0.979,0.987875,535.2,191.6,326.5,436.6,536.85,187.72,322.86,443.63,0.008874999999999966
1077,0.9725257358572843,3544,3544,0.982,0.979608,118.3,166.5,205.5,201.3,116.72,163.69,207.36,203.1,-0.0023919999999999497
1077,0.9437712560772089,16551,16551,0.98,0.752707,129.6,645.4,329.7,455.7,131.89,641.62,339.01,463.25,-0.22729299999999997
1077,0.9858046380513598,4543,4543,0.98,0.99773,639.8,142.6,208.6,202.6,640.82,142.28,207.6,201.36,0.017730000000000024
1079,0.9668401619383343,22347,22347,0.993,0.997467,119.5,219.4,206.6,198.2,121.53,219.81,206.66,195.46,0.004466999999999999
1079,0.9749579352388777,29667,29667,0.991,0.98774,625.5,185.4,222.9,215.7,623.72,184.34,226.03,215.34,-0.0032600000000000406
1079,0.9579202882455127,3483,3483,0.988,0.980103,643.5,751.7,216.1,268.5,647.59,754.9,211.62,268.07,-0.007897000000000043
1079,0.9772025640647141,20877,20877,0.987,0.986598,71.8,800.3,327.7,240.8,71.09,799.93,324.59,239.33,-0.00040200000000001346
1080,0.9549850810388936,3483,3483,0.993,0.980382,617.1,719.5,213.3,270.5,620.21,722.55,213.43,268.86,-0.012618000000000018
1080,0.9718563850274328,22347,22347,0.988,0.996593,102.6,211.8,201.5,194.4,101.81,209.93,204.15,195.11,0.008592999999999962
1080,0.9731567765583486,29667,29667,0.987,0.986778,596.3,182.8,219.0,212.9,594.56,180.23,221.77,216.04,-0.00022199999999994446
1080,0.980944863190126,20877,20877,0.984,0.99138,40.3,755.8,326.9,249.0,38.7,754.58,326.49,251.06,0.007380000000000053
1081,0.9323178278985287,1900,1900,0.979,0.979998,610.8,899.0,205.2,137.5,613.11,902.73,204.96,136.79,0.0009980000000000544
1085,0.9578770058976954,3483,3483,0.992,0.979438,621.4,714.4,214.0,272.7,625.74,718.98,210.73,267.93,-0.012561999999999962
1085,0.9873045490987069,16232,16232,0.982,0.914488,626.7,220.4,187.8,183.4,626.63,221.07,188.3,183.92,-0.06751200000000002
1085,0.9823076625622192,20877,20877,0.979,0.99074,86.4,725.6,332.4,239.8,83.42,724.74,334.33,241.19,0.011739999999999973
1085,0.9787944465253072,25367,25367,0.978,0.988802,33.0,128.8,437.9,413.2,34.41,132.48,440.58,409.54,0.010801999999999978
1087,0.9700047979262308,3544,3544,0.993,0.960073,134.7,175.9,201.4,199.8,133.41,174.63,201.29,198.91,-0.03292700000000004
1087,0.9748739667001548,16551,16551,0.97,0.563172,88.2,588.3,293.9,486.1,88.76,588.9,298.76,483.5,-0.40682799999999997
1089,0.9859716569363546,3544,3544,0.992,0.975992,635.2,888.1,212.2,210.8,634.02,886.81,213.89,212.07,-0.016008000000000022
1089,0.9558581471478683,16551,16551,0.965,0.255485,582.6,183.1,292.0,458.2,576.96,176.13,295.21,466.43,-0.7095149999999999
1092,0.939510906124318,1900,1900,0.994,0.997394,653.7,847.9,208.2,160.6,656.1,851.07,205.48,162.27,0.003394000000000008
1092,0.9810666450107187,16548,16548,0.993,0.940505,84.0,914.3,243.2,238.9,81.83,912.91,244.42,240.42,-0.05249499999999996
1093,0.9599869984185592,3483,3483,0.998,0.969245,146.8,218.8,251.5,224.9,147.65,219.94,249.01,218.06,-0.028754999999999975
1093,0.9518784436260271,19861,19861,0.995,0.977069,637.3,277.6,221.3,169.4,642.1,279.54,218.05,169.02,-0.01793100000000003
1093,0.9752803430089673,34597,34597,0.979,0.995382,498.3,693.4,463.8,436.0,500.87,690.86,456.11,439.7,0.016382000000000008
1093,0.9848307371463406,16262,16262,0.977,0.968042,100.4,851.2,250.3,241.5,99.06,851.66,251.09,242.46,-0.008958000000000022
1095,0.9807894994436646,3483,3483,0.995,0.983091,600.3,867.4,258.7,231.3,600.99,870.2,257.68,229.26,-0.011908999999999947
1095,0.9691909494142888,19861,19861,0.993,0.961634,127.4,865.2,220.0,166.5,128.91,863.98,220.17,169.34,-0.031366000000000005
1095,0.983383940090846,34597,34597,0.983,0.998354,46.0,122.4,448.7,419.0,46.42,122.56,452.68,421.23,0.015353999999999979
1095,0.9865717212819209,16262,16262,0.976,0.953413,638.6,178.3,243.9,229.0,639.19,178.56,244.77,229.66,-0.022587000000000024
1096,0.9799144287664641,3544,3544,0.994,0.936217,92.1,198.3,202.8,198.2,92.62,196.06,202.19,199.24,-0.05778300000000003
1097,0.971985840809208,3544,3544,0.987,0.855393,108.2,205.8,207.3,200.7,107.56,203.08,210.04,203.05,-0.13160700000000003
1098,0.9726680571225326,3544,3544,0.982,0.943625,676.8,862.4,214.7,212.7,676.31,860.6,216.75,212.41,-0.03837499999999994
1100,0.97694320614574,3483,3483,0.997,0.985213,535.5,778.3,267.1,223.7,533.2,779.56,271.61,222.67,-0.011786999999999992
1100,0.9863871565576879,36637,36637,0.995,0.9893,636.0,179.0,181.5,244.1,635.86,179.44,181.99,241.42,-0.005700000000000038
1100,0.9622611497895454,27777,27777,0.988,0.286299,143.2,775.0,178.6,206.1,144.67,773.08,180.03,209.05,-0.7017009999999999
1100,0.9782181960813853,31885,31885,0.972,0.998512,55.9,97.8,415.9,491.7,50.8,94.75,421.25,493.23,0.02651199999999998
1101,0.9915159379205591,36637,36637,0.995,0.991512,666.0,181.8,185.5,246.6,664.79,182.14,186.65,246.34,-0.0034880000000000466
1101,0.9778972287133435,3483,3483,0.993,0.979835,562.7,812.6,265.5,216.7,562.75,814.17,266.11,217.84,-0.013164999999999982
1101,0.9807824017071615,31885,31885,0.974,0.99818,70.1,120.5,435.7,495.2,68.74,122.61,435.2,489.27,0.02417999999999998
1105,0.9629698400778568,3483,3483,0.995,0.988808,608.2,791.8,272.2,204.2,606.94,792.48,276.5,207.39,-0.006191999999999975
1105,0.9775035278551648,22347,22347,0.992,0.993214,111.5,212.5,208.4,196.0,113.47,214.08,205.75,194.79,0.0012140000000000484
1105,0.9909602561752128,27733,27733,0.99,0.911046,125.1,770.7,313.1,273.9,125.25,769.88,314.14,274.22,-0.07895399999999997
1105,0.9858708730195886,35206,35206,0.977,0.656933,602.7,126.6,254.1,388.8,602.72,124.97,256.39,390.07,-0.320067
1109,0.971285869560519,3483,3483,0.997,0.982451,592.0,845.1,280.7,168.1,589.6,845.3,286.26,169.31,-0.014549000000000034
1109,0.9625079681435478,28763,28763,0.982,0.98775,139.5,226.4,212.6,199.1,138.97,224.22,216.35,203.27,0.005750000000000033
1109,0.9779079686504418,16262,16262,0.965,0.940656,622.7,181.9,242.4,230.6,623.35,182.55,244.42,231.32,-0.02434399999999992
1111,0.9832877159753551,3483,3483,0.99,0.993791,561.6,810.5,283.7,175.5,561.15,810.2,285.77,177.19,0.003790999999999989
1111,0.9627825153056802,28763,28763,0.975,0.995169,116.0,188.5,208.0,198.6,113.94,186.78,214.1,200.4,0.020168999999999992
1111,0.9625814568523344,29667,29667,0.963,0.970658,604.2,177.1,216.6,212.1,603.27,175.41,221.83,215.15,0.007658000000000054
1114,0.9521068156493655,3483,3483,0.991,0.978614,132.9,293.0,275.4,169.6,133.12,287.55,274.9,172.41,-0.012386000000000008
1114,0.9698732739771282,30308,30308,0.982,0.985592,557.7,697.1,401.7,422.7,558.34,699.72,392.14,419.96,0.0035920000000000396
1114,0.9485322589877381,35206,35206,0.98,0.990068,106.1,686.8,203.1,420.0,101.6,686.14,203.79,416.2,0.010067999999999966
1115,0.9803019899576135,3483,3483,0.991,0.990805,562.9,810.3,283.1,175.7,562.5,811.7,284.07,175.8,-0.00019499999999994522
1115,0.986930529467973,30308,30308,0.989,0.991999,40.2,123.6,381.7,405.1,41.74,123.27,382.38,406.45,0.002998999999999974
1115,0.9840342730572587,35206,35206,0.985,0.995792,649.9,144.2,199.7,399.0,649.47,142.19,201.26,399.69,0.010792000000000024
1116,0.9664764519728222,3483,3483,0.997,0.985792,591.5,844.9,279.8,169.2,589.37,846.14,285.62,169.03,-0.011207999999999996
1116,0.9870166847066875,30308,30308,0.988,0.982308,54.5,141.7,392.5,414.9,56.86,141.54,391.6,416.29,-0.00569200000000003
1116,0.9860587998791033,35206,35206,0.981,0.958439,680.4,155.0,203.1,406.6,680.06,155.38,204.03,402.75,-0.022560999999999942
1118,0.988783736866182,16548,16548,0.994,0.975012,101.1,880.8,241.9,239.8,100.46,881.18,241.2,239.06,-0.018988000000000005
1118,0.9731833413776398,3544,3544,0.98,0.985267,677.4,860.5,213.6,211.9,675.99,858.63,216.39,212.61,0.005267000000000022
1119,0.9876293416307033,16548,16548,0.993,0.95774,644.9,146.4,235.4,226.5,645.34,146.82,233.25,225.76,-0.03525999999999996
1119,0.9716933414134811,3544,3544,0.988,0.789397,108.7,207.5,207.5,201.8,107.14,205.48,211.14,203.54,-0.19860299999999997
1121,0.9726347626761659,29667,29667,0.992,0.926361,140.7,871.8,226.9,226.2,136.33,870.77,230.71,227.61,-0.065639
1121,0.9702105891420358,3483,3483,0.991,0.991802,125.1,275.9,270.1,183.8,126.39,273.43,271.01,185.52,0.0008019999999999694
1121,0.9413126394250669,25469,25469,0.983,0.991692,573.6,185.1,324.2,286.3,575.26,189.94,329.79,286.26,0.008692000000000033
1121,0.982030018825279,28763,28763,0.982,0.986586,617.7,861.1,223.8,212.0,620.54,861.39,220.11,211.74,0.004585999999999979
1123,0.9800592003479411,3483,3483,0.995,0.974627,126.3,307.9,266.7,201.0,126.83,305.09,266.52,203.21,-0.020372999999999974
1123,0.9865799431639601,16262,16262,0.982,0.979541,152.2,803.0,250.5,242.6,153.5,804.34,248.81,240.97,-0.002458999999999989
1123,0.9806463509993782,27733,27733,0.981,0.970747,566.6,262.0,299.3,264.1,565.47,260.62,300.08,267.99,-0.010252999999999957
1123,0.9849071657008713,25367,25367,0.971,0.994028,491.7,665.0,448.6,439.7,492.1,668.69,449.84,437.01,0.02302800000000005
1125,0.9711543944710836,3483,3483,0.997,0.988406,607.6,792.2,272.3,204.4,606.81,792.53,274.83,207.87,-0.00859399999999999
1125,0.9956759243944749,27733,27733,0.991,0.783,124.3,770.5,313.6,273.4,123.87,770.47,314.87,273.38,-0.20799999999999996
1125,0.9830068960159019,25367,25367,0.988,0.98628,65.6,159.4,441.5,424.5,66.59,160.66,444.33,421.82,-0.0017199999999999438
1125,0.9783770944500131,16262,16262,0.988,0.96766,590.0,227.3,242.9,229.4,587.96,227.11,247.18,230.41,-0.020340000000000025
1126,0.9793743430693723,3483,3483,0.995,0.987893,141.9,289.2,213.3,259.3,141.74,292.45,212.94,254.76,-0.0071069999999999744
1126,0.9557712043450223,31885,31885,0.989,0.927271,511.2,731.8,456.8,474.4,509.2,727.15,466.8,485.72,-0.061729000000000034
1126,0.9899982650315433,20877,20877,0.983,0.989996,544.8,294.0,328.6,235.1,546.49,293.24,326.86,235.5,0.006996000000000002
1126,0.988707883823627,16262,16262,0.971,0.991275,110.0,836.7,248.3,240.5,109.34,836.21,247.47,241.15,0.020275000000000043
1129,0.9951279921728452,20238,20238,0.995,0.994019,112.9,854.4,231.8,227.2,112.5,854.37,231.56,227.29,-0.0009810000000000096
1129,0.9834359026865513,3483,3483,0.994,0.974704,126.8,307.3,266.4,201.2,126.49,305.07,267.44,203.07,-0.01929599999999998
1129,0.9732851968359765,22347,22347,0.993,0.989482,682.4,826.8,213.5,207.4,680.83,828.07,213.06,207.01,-0.003518000000000021
1129,0.9817035183742728,27733,27733,0.986,0.943158,567.0,261.3,298.9,262.9,564.99,261.34,301.16,265.71,-0.042841999999999936
1135,0.9711667024520708,1900,1900,0.997,0.982413,151.7,254.7,193.8,161.1,148.73,254.4,198.58,161.89,-0.014587000000000017
1135,0.9733010931941488,33009,33009,0.975,0.998444,548.1,836.4,373.4,199.3,550.93,838.21,369.38,196.09,0.02344400000000002
1136,0.9683768335677372,1900,1900,0.99,0.969763,643.9,855.7,204.0,172.7,645.27,855.33,200.54,175.36,-0.02023699999999995
1136,0.9795886637137899,33009,33009,0.985,0.998509,86.0,258.0,366.4,207.0,88.42,259.77,364.32,204.31,0.013508999999999993
1136,0.9792552984455486,16551,16551,0.939,0.9337,89.2,700.3,296.6,499.1,90.02,698.7,292.29,499.12,-0.005299999999999971
1138,0.9845110062595157,20238,20238,0.994,0.92705,594.2,174.9,220.2,211.7,593.83,173.33,221.82,213.08,-0.06694999999999995
1138,0.9875676339785577,3483,3483,0.99,0.992023,564.2,809.9,284.3,175.4,564.6,810.93,284.66,174.82,0.002022999999999997
1138,0.9784130197981225,34597,34597,0.979,0.96138,32.2,86.3,372.3,478.1,31.98,90.6,370.46,477.01,-0.01761999999999997
1140,0.9768858047710762,3483,3483,0.997,0.980037,592.0,844.5,281.9,169.3,591.32,845.63,284.46,169.48,-0.01696299999999995
1140,0.985368002850539,20238,20238,0.992,0.99044,623.6,177.3,224.2,214.8,623.09,176.07,225.92,216.33,-0.0015600000000000058
1140,0.9809661792097559,34597,34597,0.99,0.955606,46.4,114.4,378.5,476.7,45.67,117.78,378.65,477.47,-0.034394000000000036
1141,0.9744158240958585,2483,2483,0.99,0.963034,67.7,648.3,303.9,454.0,71.43,650.17,297.89,451.31,-0.026966000000000045
1141,0.98994328402374,12081,12081,0.989,0.996713,66.9,119.6,225.6,424.4,66.8,117.47,225.88,428.18,0.00771299999999997
1141,0.9794729441555056,25438,25438,0.953,0.897163,557.8,196.3,245.9,251.7,556.22,195.68,246.45,250.38,-0.055836999999999914
1142,0.9620791684703035,2483,2483,0.995,0.983591,577.4,114.3,297.2,455.5,577.49,118.68,289.02,450.63,-0.011409000000000002
1142,0.9713740002553553,12081,12081,0.988,0.994926,647.2,700.2,240.5,454.3,649.22,704.39,237.07,447.68,0.006925999999999988
1142,0.9764184683335055,25438,25438,0.972,0.972223,122.2,822.2,255.1,253.7,121.64,823.9,252.59,251.28,0.00022299999999997322
1143,0.9853494623194986,12081,12081,0.987,0.997695,654.0,707.4,251.6,463.6,655.33,708.1,249.35,460.93,0.01069500000000001
1143,0.9604471816007972,2483,2483,0.984,0.994355,568.6,157.1,301.8,430.5,569.98,154.22,292.38,432.44,0.010355000000000003
1143,0.9757564588606186,25438,25438,0.971,0.846539,125.0,833.5,257.7,266.9,124.17,833.37,256.47,263.62,-0.12446099999999993
1144,0.9673292647011182,3483,3483,0.998,0.98829,603.3,844.3,276.4,186.8,601.09,846.1,280.92,186.4,-0.009709999999999996
1144,0.97991907556728,31885,31885,0.988,0.994342,56.6,172.1,439.5,484.9,53.08,167.18,442.4,490.22,0.006341999999999959
1144,0.9797680970148879,16262,16262,0.974,0.987409,573.7,196.0,243.2,229.0,573.56,194.67,244.97,232.04,0.013409000000000004
1144,0.9632993204000185,25469,25469,0.969,0.996939,50.3,858.1,372.6,215.3,47.74,855.43,378.67,219.92,0.027939000000000047
1148,0.9740922155045129,16232,16232,0.985,0.939538,146.1,731.9,194.1,193.1,144.28,730.06,196.3,193.87,-0.045462
1148,0.9859654295791285,41768,41768,0.974,0.968558,556.8,632.8,269.4,308.1,558.5,631.79,267.22,308.26,-0.005441999999999947
1148,0.9786415701656552,3351,3351,0.969,0.974156,384.2,161.3,182.4,187.1,384.59,159.55,183.01,189.74,0.005156000000000049
1149,0.9814002741920065,16232,16232,0.992,0.993521,189.4,820.1,190.1,190.4,188.46,819.48,192.56,191.53,0.0015209999999999946
1149,0.9893048794442413,41768,41768,0.988,0.981373,599.9,721.2,261.1,308.6,600.66,722.29,259.39,307.71,-0.0066269999999999385
1149,0.9812447992396126,3351,3351,0.978,0.984087,427.8,221.9,184.1,181.7,426.77,221.13,183.61,182.63,0.006087000000000065
1150,0.9776349818152806,3483,3483,0.995,0.979029,562.3,814.0,264.9,216.6,561.55,814.44,268.04,218.08,-0.015970999999999957
1150,0.9623649661033078,34597,34597,0.984,0.98667,82.0,52.9,404.6,465.2,80.77,56.11,414.24,465.75,0.002670000000000061
1150,0.9728436534095501,29667,29667,0.981,0.802688,630.0,166.1,222.4,211.7,628.72,164.51,225.94,214.2,-0.17831200000000003
1153,0.9858335609681809,3483,3483,0.996,0.983809,600.5,867.7,257.4,230.5,600.74,869.25,257.4,230.26,-0.012190999999999952
1153,0.9745901166429705,19861,19861,0.994,0.958615,127.5,865.1,219.5,167.3,128.99,864.36,220.06,168.93,-0.035385
1153,0.9857351667434022,16232,16232,0.992,0.990501,646.8,175.6,189.9,185.1,646.62,174.66,191.51,186.2,-0.001499000000000028
1153,0.9873029744813887,22347,22347,0.978,0.996268,145.4,210.8,206.3,196.5,145.08,210.47,207.77,196.04,0.018268000000000062
1154,0.9735662601381755,3483,3483,0.997,0.986302,573.4,834.2,262.7,236.3,573.58,838.22,261.93,230.73,-0.010697999999999985
1154,0.9781045748083792,16232,16232,0.994,0.980082,616.7,171.4,186.5,181.6,617.28,170.62,187.55,183.49,-0.013917999999999986
1154,0.9939882809128239,19861,19861,0.991,0.992234,92.3,826.5,226.8,175.9,92.06,826.65,227.59,175.45,0.0012339999999999574
1154,0.9830813621830978,22347,22347,0.975,0.997162,127.9,201.0,202.2,196.1,126.86,200.44,204.96,196.53,0.022162000000000015
1155,0.9591580591653621,3483,3483,0.998,0.973473,147.2,218.6,250.7,225.3,147.83,220.17,249.05,217.53,-0.024526999999999965
1155,0.9476128625832301,19861,19861,0.994,0.984892,636.9,277.1,221.5,169.4,641.83,279.21,218.12,169.36,-0.009108000000000005
1155,0.9706280962048839,22347,22347,0.993,0.987229,640.2,858.4,215.4,211.7,641.2,862.26,213.11,207.69,-0.005770999999999971
1155,0.983918899445883,16232,16232,0.99,0.954386,144.6,899.6,195.8,190.6,143.58,898.39,195.98,191.89,-0.035614000000000035
1156,0.987758841114258,3351,3351,0.994,0.996505,392.8,858.7,188.8,189.3,393.42,858.27,188.34,190.86,0.0025049999999999795
1156,0.9855708190519663,13900,13900,0.989,0.965446,183.2,284.7,203.4,227.9,183.13,284.43,205.27,229.13,-0.023553999999999964
1156,0.9709213118870803,16262,16262,0.979,0.969404,573.4,309.8,239.5,233.5,570.94,309.66,244.89,235.2,-0.009595999999999938
1157,0.986686621605872,13900,13900,0.994,0.985532,555.1,714.8,210.7,241.6,553.16,715.08,212.72,240.66,-0.008468000000000031
1157,0.986187249026249,3351,3351,0.99,0.977021,355.1,182.5,183.8,188.2,355.24,181.61,184.31,190.02,-0.012978999999999963
1157,0.9670302947221108,16262,16262,0.972,0.991826,110.8,676.2,247.6,245.2,106.68,675.07,253.11,248.04,0.01982600000000001
1158,0.9886220311856614,13900,13900,0.993,0.981957,593.7,805.6,207.3,236.2,592.7,804.51,208.31,237.76,-0.011043000000000025
1158,0.98057311133306,3351,3351,0.988,0.988573,397.7,243.0,183.2,181.9,398.04,244.41,184.64,180.56,0.0005730000000000457
1158,0.9798054244822327,16262,16262,0.979,0.991104,154.3,768.0,243.5,236.9,153.29,767.52,246.16,239.17,0.012104000000000004
1159,0.9831419410392229,3351,3351,0.996,0.951826,402.8,808.9,187.9,190.3,401.87,807.67,188.54,190.75,-0.04417400000000005
1159,0.9839029154665316,16232,16232,0.994,0.949679,646.1,295.2,189.0,192.2,645.9,294.07,190.1,192.45,-0.044320999999999944
1159,0.9925616441496319,18357,18357,0.972,0.978265,153.6,299.7,239.9,355.0,153.7,301.55,239.86,353.71,0.006265000000000076
1161,0.9902497349128515,16232,16232,0.997,0.979765,132.3,816.6,188.2,188.4,131.18,816.16,189.29,188.58,-0.017235
1161,0.981101567205472,18357,18357,0.987,0.977883,585.3,615.7,239.7,370.0,583.45,617.4,242.89,367.81,-0.009117000000000042
1161,0.9567451831002649,3351,3351,0.987,0.987611,388.9,281.1,181.4,180.3,386.59,280.42,185.93,183.86,0.0006110000000000282
1163,0.9749617810719747,29451,29451,0.989,0.997003,494.5,802.8,409.1,240.1,493.54,805.85,411.03,235.17,0.008002999999999982
1163,0.9638744372511334,3544,3544,0.973,0.67024,119.0,186.2,205.9,199.3,117.85,183.88,209.92,202.81,-0.30276000000000003
1163,0.955517609377006,16551,16551,0.971,0.455259,41.7,604.7,305.3,471.7,42.83,602.35,312.81,478.32,-0.515741
1164,0.9781760280135909,29451,29451,0.993,0.997235,464.7,764.1,416.0,248.2,463.16,767.23,419.66,245.25,0.004234999999999989
1164,0.9903178844321745,3544,3544,0.99,0.98752,103.3,180.2,202.3,199.4,103.46,179.04,202.37,200.16,-0.0024800000000000377
1164,0.9732710195410612,16551,16551,0.968,0.53371,12.1,556.0,303.2,479.6,11.31,554.56,310.42,481.31,-0.43428999999999995
1166,0.9704828261459956,36637,36637,0.995,0.886232,129.5,828.9,181.4,264.6,129.22,830.19,185.48,262.52,-0.10876799999999998
1166,0.9607657996022831,3483,3483,0.991,0.991486,124.3,276.2,271.2,184.5,126.93,273.77,271.04,185.4,0.00048599999999998644
1166,0.9506054943780342,25469,25469,0.987,0.992819,572.7,183.8,324.5,289.1,574.26,189.09,328.81,286.66,0.005819000000000019
1166,0.9661471676305949,25367,25367,0.968,0.991705,565.6,681.6,398.5,490.7,565.36,686.64,393.45,480.75,0.023704999999999976
1167,0.9724393161899701,3483,3483,0.997,0.986137,602.9,846.6,276.7,185.3,600.96,847.01,280.41,187.21,-0.010862999999999956
1167,0.9904865126937538,36637,36637,0.997,0.98764,673.5,172.1,175.5,253.4,673.96,172.06,174.78,254.79,-0.009360000000000035
1167,0.9736279558060863,25469,25469,0.982,0.989324,88.6,829.6,334.0,301.0,89.27,831.43,338.3,300.36,0.007323999999999997
1167,0.9817048171228386,25367,25367,0.978,0.991179,46.2,91.1,393.7,475.6,49.5,91.59,387.81,473.99,0.013179000000000052
1168,0.9903747905854389,3483,3483,0.994,0.987761,574.2,811.5,279.0,190.8,574.1,810.75,279.98,191.98,-0.0062389999999999946
1168,0.981535776174925,29667,29667,0.993,0.891092,591.0,168.2,217.9,215.2,589.48,166.32,219.49,217.66,-0.101908
1168,0.9820260815447563,30308,30308,0.976,0.986439,43.8,14.6,347.7,428.1,45.21,17.61,344.96,426.46,0.010438999999999976
1168,0.9654412184389211,25469,25469,0.969,0.99009,47.9,788.7,342.3,299.8,49.06,789.74,350.62,298.43,0.021090000000000053
1170,0.9660989878636839,3483,3483,0.998,0.988883,603.2,845.9,275.6,185.2,600.48,846.34,281.01,187.13,-0.009117000000000042
1170,0.9628347744339372,29667,29667,0.988,0.963466,621.6,173.1,222.4,217.2,618.47,171.35,224.38,216.6,-0.024533999999999945
1170,0.9792171721151173,30308,30308,0.985,0.996744,53.1,23.6,363.7,440.4,57.91,21.93,358.1,442.86,0.011743999999999977
1170,0.9659128755968841,25469,25469,0.983,0.985748,87.1,830.0,335.5,299.4,88.85,831.27,340.51,299.74,0.0027479999999999727
1171,0.9756256874436993,4543,4543,0.996,0.997518,639.6,151.5,202.5,197.8,639.84,153.58,202.5,198.06,0.0015180000000000193
1171,0.9874830602428817,16548,16548,0.992,0.972679,579.1,745.9,240.4,232.8,579.16,744.41,239.18,234.02,-0.019321000000000033
1171,0.9817789348813101,3544,3544,0.981,0.975092,123.5,182.5,201.4,198.0,121.98,180.87,202.52,199.77,-0.005908000000000024
1173,0.9795720096489187,4543,4543,0.995,0.992339,102.6,906.6,216.5,211.1,102.71,907.86,213.93,210.42,-0.0026610000000000245
1173,0.9844154378290546,16548,16548,0.994,0.929596,160.6,285.8,232.1,226.0,160.54,287.51,230.82,224.76,-0.06440400000000002
1173,0.9773213132990776,3544,3544,0.992,0.982182,646.2,877.5,214.1,211.1,645.52,874.84,216.15,213.95,-0.009817999999999993
1174,0.9664996431131724,29667,29667,0.994,0.961211,127.2,865.3,227.3,226.5,123.69,863.18,230.65,226.62,-0.03278899999999996
1174,0.9585624899505346,3483,3483,0.993,0.977362,134.4,292.4,275.1,169.8,134.26,288.2,275.06,171.18,-0.01563800000000004
1174,0.9662457970422412,30308,30308,0.978,0.981335,575.8,758.5,394.6,426.9,568.35,759.21,397.33,427.04,0.003334999999999977
1176,0.9731124808659206,3483,3483,0.998,0.97722,589.6,845.4,281.5,168.4,588.29,845.98,284.96,169.79,-0.02078000000000002
1176,0.9712630252319762,30308,30308,0.987,0.989359,41.2,75.0,390.5,417.9,44.41,75.14,393.14,420.17,0.002359
1176,0.9818203939611171,29667,29667,0.985,0.966968,633.1,181.8,222.6,212.4,631.89,181.74,226.03,213.05,-0.018031999999999937
1178,0.9732819463923106,3483,3483,0.997,0.983398,537.9,779.7,265.9,223.9,535.4,781.27,270.64,222.89,-0.013602000000000003
1178,0.971188456162845,20238,20238,0.996,0.973283,575.6,191.4,220.0,213.0,576.11,190.06,223.29,215.1,-0.022716999999999987
1178,0.9819865370105934,31885,31885,0.981,0.99879,104.0,46.9,403.0,501.0,102.57,46.35,409.08,500.48,0.017789999999999973
1180,0.9749611290340194,19232,19232,0.994,0.981875,497.1,233.5,326.2,255.1,493.21,233.2,327.81,254.03,-0.012124999999999941
1180,0.9953071836233309,3351,3351,0.992,0.982127,395.0,916.0,190.7,192.7,395.14,916.04,190.19,192.31,-0.00987300000000002
1180,0.9749018324760567,21325,21325,0.986,0.959473,187.9,307.9,165.1,224.6,186.47,306.8,164.74,225.46,-0.026526999999999967
1184,0.9786527631345657,16548,16548,0.992,0.96242,143.6,879.5,242.3,238.4,141.36,877.97,243.63,240.47,-0.02957999999999994
1184,0.991671982264295,1900,1900,0.987,0.995475,189.9,273.3,200.3,137.1,189.32,272.88,200.76,137.77,0.00847500000000001
1185,0.9914789982254731,16548,16548,0.992,0.919837,600.9,149.9,237.6,226.4,601.06,150.74,238.33,225.46,-0.07216299999999998
1185,0.9348743801145415,1900,1900,0.968,0.984075,611.6,899.7,204.2,137.1,614.09,902.7,204.39,136.93,0.01607500000000006
1186,0.940290004954913,2483,2483,0.994,0.990807,85.5,682.0,234.7,476.4,74.03,678.31,244.78,479.97,-0.0031930000000000014
1186,0.9548171239652701,19552,19552,0.96,0.814142,513.5,558.5,315.8,487.7,507.96,554.25,327.82,492.05,-0.14585799999999993
1187,0.9396987958399106,2483,2483,0.994,0.99343,617.0,50.9,222.5,483.6,604.69,52.81,234.43,483.09,-0.0005699999999999594
1189,0.9739397293041325,2483,2483,0.991,0.98286,593.6,73.2,240.3,475.2,589.27,72.63,246.31,476.01,-0.008140000000000036
1189,0.9641848977606533,12081,12081,0.988,0.990162,600.4,707.9,235.9,454.5,602.91,709.89,229.69,450.07,0.0021619999999999973
1189,0.9687588925263666,3743,3743,0.986,0.962202,119.2,785.4,323.9,319.7,116.64,783.68,323.04,324.01,-0.023797999999999986
1190,0.9521620266148616,2483,2483,0.997,0.991123,587.6,109.1,236.6,462.2,584.67,100.25,235.38,471.23,-0.005877000000000021
1190,0.957100580605046,3743,3743,0.991,0.947216,122.6,797.5,328.4,328.6,117.35,793.2,328.89,332.71,-0.043784000000000045
1190,0.965528929256017,12081,12081,0.989,0.996982,610.4,714.8,243.5,467.2,611.59,714.06,237.39,464.16,0.007982000000000045
1191,0.9571785144487647,2483,2483,0.987,0.994576,89.9,670.2,258.4,467.9,86.84,667.95,255.03,469.15,0.007576000000000027
1191,0.9738039658377106,12081,12081,0.987,0.99312,109.8,110.7,224.8,425.8,109.26,112.88,223.94,429.13,0.006120000000000014
1191,0.9707070856217145,3743,3743,0.978,0.976627,496.1,167.0,311.8,298.5,492.49,166.56,314.06,302.69,-0.0013729999999999576
1192,0.9712600432653606,1900,1900,0.988,0.96821,644.5,854.7,203.7,174.0,646.55,855.14,200.74,175.69,-0.019789999999999974
1192,0.9843448152080295,33009,33009,0.983,0.9953,86.8,257.2,365.7,206.9,88.7,258.87,363.9,204.78,0.012299999999999978
1194,0.9625958798603635,1900,1900,0.997,0.977241,152.3,253.2,191.6,163.4,148.19,252.78,198.45,163.89,-0.01975899999999997
1194,0.9776180432567187,33009,33009,0.973,0.998421,548.4,836.4,372.8,199.2,550.31,838.09,370.69,195.85,0.025421000000000027
1196,0.9741933875930873,3483,3483,0.998,0.92494,170.5,280.9,259.7,214.3,168.21,279.52,263.35,214.43,-0.07306000000000001
1196,0.973166260619369,35206,35206,0.99,0.995634,138.3,706.4,240.3,411.1,140.46,706.14,234.29,411.89,0.005634000000000028
1196,0.9792689390639951,27777,27777,0.989,0.860581,637.4,294.0,175.4,196.1,638.07,291.67,174.94,199.26,-0.12841899999999995
1196,0.9954961476299087,28763,28763,0.979,0.994804,614.2,886.5,222.7,214.6,613.97,886.65,223.25,214.16,0.01580400000000004
1197,0.9790537827170285,3483,3483,0.989,0.980686,566.0,811.8,265.4,216.6,565.6,813.2,267.45,216.73,-0.008314000000000044
1197,0.9811743896644737,28763,28763,0.98,0.993505,163.7,179.1,211.7,201.3,162.48,178.89,215.11,201.91,0.01350499999999999
1197,0.9828606706013995,35206,35206,0.968,0.980555,617.0,141.2,221.5,401.7,616.93,142.09,224.36,399.89,0.012554999999999983
1198,0.9766598080920075,3483,3483,0.993,0.98111,565.5,815.7,264.4,215.8,565.35,815.37,267.08,218.74,-0.011889999999999956
1198,0.9592940388774018,20238,20238,0.991,0.98727,604.7,196.2,224.1,213.7,605.78,194.67,228.0,216.89,-0.003730000000000011
1198,0.980962979077944,28763,28763,0.984,0.972831,131.3,216.4,210.8,200.8,131.41,216.25,212.29,203.05,-0.011168999999999984
1199,0.9751897937533953,3483,3483,0.998,0.946913,171.1,277.8,259.8,215.1,169.89,275.91,261.7,215.03,-0.051086999999999994
1199,0.9898891774222477,20238,20238,0.995,0.988874,151.8,850.4,231.6,225.1,151.89,851.33,231.21,225.15,-0.006125999999999965
1199,0.9782253226884369,27777,27777,0.99,0.889426,638.8,293.7,174.7,194.6,639.44,291.57,174.7,197.49,-0.10057399999999994
1199,0.9888875692169994,28763,28763,0.965,0.981872,647.4,850.4,223.0,213.9,647.33,851.93,223.08,213.15,0.016871999999999998
1201,0.9884146179448258,16548,16548,0.997,0.955908,585.4,212.5,231.8,224.4,584.27,212.47,231.75,224.08,-0.04109200000000002
1201,0.9680258528470714,3544,3544,0.989,0.926857,143.9,189.9,203.0,196.2,144.51,186.12,204.39,199.85,-0.06214299999999995
1204,0.9798562738291954,22074,22074,0.994,0.990389,687.3,264.3,182.1,184.4,687.72,263.1,181.82,187.62,-0.003611000000000031
1204,0.9790141223468223,3351,3351,0.993,0.993779,392.5,861.2,193.0,191.7,393.21,862.73,190.52,190.12,0.0007789999999999742
1204,0.9817704170062964,32310,32310,0.965,0.995023,68.4,214.9,341.7,254.7,69.38,217.62,341.7,252.48,0.030023000000000022
1206,0.9843361191619342,22074,22074,0.993,0.990569,92.5,854.2,186.7,186.5,91.9,854.1,185.78,187.33,-0.002430999999999961
1206,0.9774956475901001,32310,32310,0.976,0.9871,567.8,815.5,353.0,271.8,568.09,819.2,352.31,270.04,0.011099999999999999
1206,0.9895547938464045,3351,3351,0.972,0.986796,395.8,225.1,183.6,181.3,396.4,224.69,183.22,182.4,0.014796000000000031
1207,0.9714603950736492,3483,3483,0.998,0.946562,170.3,280.3,259.6,214.8,168.63,278.78,262.44,213.94,-0.051437999999999984
1207,0.9901286694805509,16232,16232,0.996,0.979785,152.4,827.6,191.9,192.0,152.03,827.76,192.21,193.16,-0.01621499999999998
1207,0.9961006866788494,22347,22347,0.995,0.984778,686.3,814.2,212.0,206.2,685.94,813.92,212.22,206.52,-0.010221999999999953
1207,0.9829960958272863,27777,27777,0.993,0.889945,638.0,293.7,174.5,195.6,638.03,291.56,174.98,198.37,-0.10305500000000001
1209,0.9654999500972677,3483,3483,0.991,0.978997,566.6,812.1,263.5,216.2,565.64,813.89,267.46,217.02,-0.012002999999999986
1209,0.9772724959726723,22347,22347,0.991,0.999178,102.6,260.8,205.1,196.0,101.34,261.05,207.09,198.13,0.008178000000000019
1209,0.9867006911451849,16232,16232,0.99,0.96866,644.9,251.2,186.0,180.7,644.26,250.42,187.16,180.96,-0.021340000000000026
1210,0.9533573560834618,3483,3483,0.989,0.970493,647.0,746.6,215.2,269.0,652.29,749.86,208.66,267.05,-0.01850699999999994
1210,0.9809535382755213,34597,34597,0.986,0.998638,68.8,139.3,471.0,386.2,68.46,137.73,467.68,390.39,0.012638000000000038
1210,0.9764557380130412,20877,20877,0.984,0.984932,116.3,769.7,331.6,228.8,118.4,769.36,327.44,231.41,0.0009320000000000439
1210,0.9670992205789094,35206,35206,0.982,0.994497,655.4,173.2,227.4,404.4,659.56,174.89,222.01,400.59,0.01249699999999998
1212,0.9873716921487863,3483,3483,0.993,0.987652,140.9,291.3,212.2,258.1,141.19,292.45,212.29,258.27,-0.005348000000000019
1212,0.9636770055345776,34597,34597,0.989,0.997497,454.0,709.5,481.2,398.7,457.17,706.99,478.99,410.26,0.008496999999999977
1212,0.9828843981508613,20877,20877,0.986,0.98881,543.7,295.0,328.1,234.1,545.36,292.88,326.6,236.87,0.002809999999999979
1212,0.9798447049776151,35206,35206,0.97,0.995793,95.7,671.4,238.4,412.9,96.31,670.54,235.49,411.28,0.025793000000000066
1213,0.9470159873977663,2483,2483,0.994,0.975223,660.1,54.7,202.7,494.9,652.68,57.84,208.6,489.31,-0.018777000000000044
1213,0.9843114424186225,25438,25438,0.978,0.937941,128.7,838.4,254.0,253.5,127.8,837.29,252.96,254.68,-0.040058999999999956
1214,0.964295135221985,2483,2483,0.994,0.963364,654.2,94.0,198.7,475.7,648.27,91.77,204.61,478.97,-0.030635999999999997
1214,0.9867415973780767,25438,25438,0.969,0.805593,130.6,850.1,258.7,263.8,129.44,849.05,258.6,264.86,-0.16340699999999997
1216,0.9729238668607296,3544,3544,0.991,0.985202,659.1,866.4,215.0,212.1,657.94,865.44,214.29,211.18,-0.00579799999999997
1216,0.9471509000147671,27926,27926,0.991,0.977786,158.4,175.8,262.7,453.4,150.41,169.83,268.17,458.56,-0.013213999999999948
1216,0.9541227425719134,16551,16551,0.98,0.279241,619.1,179.6,279.8,462.4,612.56,169.82,286.7,472.97,-0.7007589999999999
1219,0.9835441739088575,3544,3544,0.99,0.960335,103.8,240.8,203.8,200.6,103.73,239.74,205.56,202.21,-0.02966499999999994
1219,0.9868156105936874,29345,29345,0.983,0.981546,577.9,667.3,286.8,448.0,579.64,667.16,284.63,450.57,-0.0014539999999999553
1219,0.9683353971932209,16551,16551,0.968,0.89666,64.9,581.9,335.9,461.9,67.07,583.25,337.77,465.62,-0.07133999999999996
1220,0.9675184863861521,29345,29345,0.991,0.978969,603.9,702.1,285.9,445.3,607.39,704.46,278.69,443.93,-0.012031000000000014
1220,0.9736121822261754,3544,3544,0.988,0.85134,121.4,252.3,206.2,200.3,120.28,250.02,208.91,203.06,-0.13666
1220,0.9767340286818985,16551,16551,0.976,0.897566,94.8,630.3,338.5,454.9,93.51,628.67,345.08,456.2,-0.078434
1222,0.9706566278088348,36637,36637,0.993,0.987698,616.1,202.0,182.7,243.1,613.49,203.59,186.18,242.6,-0.005302000000000029
1222,0.9880437110661663,3483,3483,0.99,0.992587,562.6,811.2,283.8,174.5,563.14,811.22,284.08,175.73,0.002587000000000006
1222,0.9774381969426581,25367,25367,0.985,0.831067,93.8,102.2,322.5,492.6,96.42,104.99,318.13,488.1,-0.153933
1224,0.9771794545361921,3483,3483,0.996,0.977332,591.4,844.7,281.1,169.1,589.77,846.41,284.64,167.48,-0.018668000000000018
1224,0.9865575558016618,36637,36637,0.995,0.986243,641.3,207.6,190.6,248.5,642.19,209.44,189.76,246.95,-0.008757000000000015
1226,0.9935420758625114,3483,3483,0.997,0.980431,600.4,868.8,257.9,230.1,600.72,868.51,257.68,231.22,-0.016568999999999945
1226,0.977761217330188,19861,19861,0.995,0.970266,127.4,865.0,219.8,166.9,128.72,864.62,220.02,168.5,-0.024734000000000034
1226,0.9550977781943628,31885,31885,0.978,0.924179,123.0,4.6,323.9,543.0,128.54,6.15,325.71,539.54,-0.05382100000000001
1227,0.9671083199136086,3483,3483,0.999,0.973675,148.1,219.0,249.1,225.1,148.06,220.19,248.82,218.01,-0.025325000000000042
1227,0.9557259750601393,19861,19861,0.994,0.987724,637.1,277.4,221.5,169.2,641.22,279.5,218.74,168.48,-0.006275999999999948
1227,0.9742533043578978,35206,35206,0.985,0.927737,108.4,774.6,302.2,389.0,104.75,772.7,303.61,391.61,-0.05726299999999995
1227,0.9555293206543453,31885,31885,0.964,0.89843,545.0,690.5,334.5,556.8,541.77,688.29,331.69,566.9,-0.06557000000000002
1232,0.9750355710133561,3483,3483,0.996,0.986881,144.6,287.0,211.7,259.4,143.62,288.83,214.66,256.42,-0.009118999999999988
1232,0.9830711941622112,31885,31885,0.99,0.95005,537.7,659.1,410.0,521.9,541.21,659.18,404.86,524.1,-0.03995000000000004
1232,0.9677558673451281,29667,29667,0.986,0.876123,135.5,859.0,229.7,225.3,131.59,858.42,230.88,226.2,-0.109877
1232,0.9737791493890806,20877,20877,0.98,0.981481,592.4,259.7,324.9,244.3,590.81,257.79,326.1,243.11,0.0014810000000000656
1235,0.9555458938770917,1900,1900,0.997,0.984115,151.5,253.1,192.3,163.0,147.87,252.18,199.29,164.6,-0.012885000000000035
1235,0.9819628863980661,21771,21771,0.989,0.726326,160.6,806.0,191.2,185.6,161.56,806.75,189.59,183.8,-0.26267399999999996
1235,0.98547200689694,16548,16548,0.987,0.820637,619.4,144.3,239.5,228.4,620.41,143.64,240.27,229.09,-0.16636300000000004
1235,0.9795612816112962,33009,33009,0.976,0.996843,547.8,837.2,374.2,199.5,550.63,838.43,370.32,197.47,0.020843000000000056
1237,0.9870042631081138,16548,16548,0.991,0.945395,613.7,188.8,237.8,225.0,613.19,189.67,237.24,224.71,-0.04560500000000001
1237,0.9656605140618044,1900,1900,0.988,0.977872,105.6,267.5,203.6,126.7,106.33,269.19,202.77,122.85,-0.010128000000000026
1238,0.9699458874671186,16548,16548,0.983,0.938272,131.2,845.5,242.9,235.5,129.6,843.3,242.98,235.71,-0.04472799999999999
1238,0.9779123065569054,1900,1900,0.98,0.99887,685.4,876.3,209.7,135.9,685.89,877.99,210.17,133.81,0.018870000000000053
1239,0.983179055356814,16548,16548,0.996,0.954078,585.9,181.0,232.0,225.3,584.77,181.13,231.08,224.57,-0.041922000000000015
1239,0.9563845552223975,1900,1900,0.991,0.984383,90.8,259.0,197.1,127.9,85.0,260.14,203.18,126.04,-0.006616999999999984
1242,0.971555594515616,1900,1900,0.995,0.995543,158.5,260.0,127.1,198.6,159.6,258.04,126.96,199.98,0.0005429999999999602
1242,0.9778802889349127,29345,29345,0.992,0.98624,89.6,705.4,285.4,447.8,92.17,708.25,284.21,445.92,-0.005759999999999987
1242,0.9578232552386835,16551,16551,0.981,0.827716,547.2,91.9,286.1,465.3,546.82,89.18,290.61,478.25,-0.15328399999999998
1243,0.9602262824178694,3483,3483,0.997,0.986229,608.9,791.4,271.0,204.7,606.99,792.45,275.14,207.86,-0.010770999999999975
1243,0.996878600387931,27733,27733,0.989,0.918783,125.1,770.0,313.2,273.4,125.72,769.86,312.63,273.67,-0.07021699999999997
1243,0.9731787445569444,30308,30308,0.985,0.996323,65.5,137.0,381.7,428.4,67.95,139.15,373.52,426.04,0.011322999999999972
1243,0.9796738680895455,35206,35206,0.978,0.765746,601.7,126.4,254.1,388.9,601.75,125.61,258.11,388.72,-0.21225399999999994
1244,0.9768382523187159,3483,3483,0.994,0.975045,125.4,308.5,267.6,201.2,125.97,305.87,266.73,202.38,-0.018954999999999944
1244,0.9728980760955154,35206,35206,0.984,0.987919,122.5,733.3,272.7,399.2,124.08,734.28,268.64,402.3,0.003919000000000006
1244,0.9820141158900668,27733,27733,0.983,0.960029,566.7,261.3,298.1,264.4,563.97,260.9,301.36,266.33,-0.022970999999999964
1244,0.9769079714552502,30308,30308,0.977,0.969537,560.8,688.2,388.0,433.9,561.27,689.17,380.03,432.77,-0.007462999999999997
1245,0.9874615555470568,3483,3483,0.996,0.996277,581.3,758.8,273.3,209.2,580.64,757.05,273.99,210.58,0.0002769999999999717
1245,0.9822972315985568,30308,30308,0.992,0.989209,53.3,119.7,367.5,418.2,54.58,120.66,363.15,418.79,-0.002790999999999988
1245,0.9442346973021539,27733,27733,0.986,0.87786,88.2,721.1,327.8,283.2,88.79,726.59,318.64,280.48,-0.10814000000000001
1245,0.9820783578103142,35206,35206,0.982,0.726721,572.8,118.3,246.5,378.8,573.57,118.23,247.4,381.93,-0.25527900000000003
1246,0.9757708972379704,3483,3483,0.998,0.984216,537.7,779.4,265.7,224.3,535.02,781.1,270.05,222.78,-0.013784000000000018
1246,0.9749691229243955,34597,34597,0.986,0.978284,58.9,79.6,394.3,464.7,55.7,83.43,401.06,460.77,-0.007715999999999945
1246,0.9831839620486098,16262,16262,0.97,0.92012,574.6,186.7,238.6,228.6,574.55,186.55,240.9,230.29,-0.049879999999999924
1248,0.9766831104912544,3483,3483,0.998,0.944553,171.8,278.7,260.1,214.5,170.77,276.94,261.0,213.91,-0.05344700000000002
1248,0.9711854991150176,34597,34597,0.989,0.976304,521.6,666.1,416.9,474.3,521.33,661.04,413.54,483.89,-0.01269600000000004
1248,0.9803787277971013,27777,27777,0.989,0.894637,639.5,293.9,174.1,195.2,639.86,291.34,174.11,198.28,-0.09436299999999997
1248,0.9884446937779244,16262,16262,0.97,0.957589,137.5,835.9,250.3,241.9,136.82,835.24,249.76,242.88,-0.01241099999999995
1250,0.9466869976999829,2483,2483,0.994,0.96925,611.0,82.7,213.6,473.4,605.27,89.92,216.6,465.95,-0.02475000000000005
1250,0.9626716211018295,12778,12778,0.966,0.996192,98.7,43.8,303.5,544.8,99.84,60.38,301.65,527.68,0.030191999999999997
1251,0.9354289130438795,2483,2483,0.995,0.985264,84.8,682.4,235.9,476.0,77.43,675.35,238.84,481.78,-0.009735999999999967
1251,0.9607338895685728,12778,12778,0.977,0.998269,543.4,648.4,299.4,527.1,535.25,647.33,307.97,522.88,0.021268999999999982
1252,0.9677348017092997,3483,3483,0.995,0.974247,643.7,752.2,216.2,267.7,647.42,753.88,212.4,268.42,-0.02075300000000002
1252,0.9796076036186027,29667,29667,0.992,0.98408,624.9,185.5,223.4,215.3,623.44,184.69,225.27,214.27,-0.007920000000000038
1252,0.9776311739691645,20877,20877,0.986,0.979332,72.1,799.8,328.1,241.4,70.47,800.31,326.61,239.44,-0.006668000000000007
1252,0.9877985008413873,30308,30308,0.982,0.956895,77.3,79.4,395.5,412.4,79.18,79.93,395.92,411.69,-0.025104999999999933
1254,0.9525461763271155,3483,3483,0.994,0.986139,617.5,718.8,213.7,271.0,620.82,722.53,213.48,268.62,-0.007861000000000007
1254,0.9813400892425613,30308,30308,0.99,0.993516,63.4,68.6,382.5,399.2,64.93,68.13,385.15,400.79,0.0035159999999999636
1254,0.9873006266561887,29667,29667,0.988,0.977705,595.7,182.3,219.7,213.3,595.11,181.12,220.9,214.87,-0.010294999999999943
1254,0.980528540341942,20877,20877,0.98,0.990049,39.7,755.9,328.0,248.4,38.77,754.71,326.64,250.87,0.010048999999999975
1256,0.9828022092484939,19607,19607,0.997,0.994582,656.2,273.6,155.9,148.3,657.31,272.96,155.04,149.59,-0.0024180000000000312
1256,0.9601636190471939,1900,1900,0.996,0.976969,645.5,828.2,169.5,202.7,641.98,825.48,173.2,206.6,-0.01903100000000002
1256,0.965333539378023,16551,16551,0.963,0.482069,90.6,660.7,302.7,489.1,87.06,663.32,303.52,491.1,-0.48093099999999994
1261,0.9807300043953827,3483,3483,0.997,0.979743,590.6,846.0,281.3,169.1,589.34,846.13,284.69,170.11,-0.017256999999999967
1261,0.9506861737345005,22347,22347,0.99,0.979538,142.7,170.7,203.6,194.3,139.23,168.61,209.04,199.06,-0.010461999999999971
1261,0.9865876663599228,16232,16232,0.988,0.982355,648.9,230.6,191.5,181.1,648.61,230.09,193.06,181.14,-0.005645000000000011
1262,0.9795487617917207,3483,3483,0.991,0.992659,562.9,811.2,282.1,174.5,562.79,812.24,284.25,174.71,0.001658999999999966
1262,0.9926185172333447,16232,16232,0.986,0.980375,620.4,220.8,188.0,182.5,620.35,220.62,188.52,183.35,-0.005624999999999991
1262,0.9598931909500591,22347,22347,0.969,0.991137,126.5,165.4,198.5,194.1,125.58,164.06,202.88,193.03,0.022137000000000073
1263,0.983580277931589,22347,22347,0.998,0.990167,644.6,901.7,216.7,208.1,646.25,902.48,214.14,207.13,-0.007832999999999979
1263,0.9542691926505183,3483,3483,0.992,0.970815,134.2,292.1,274.3,169.6,134.31,287.03,273.56,172.19,-0.02118500000000001
1263,0.9677872357135511,16232,16232,0.99,0.930124,142.1,846.1,197.3,192.0,140.14,846.46,196.87,193.36,-0.05987600000000004
1264,0.9898900635744866,31863,31863,0.998,0.963622,637.7,321.5,206.1,205.6,638.37,321.17,204.7,205.57,-0.03437800000000002
1264,0.9671706798685342,36637,36637,0.997,0.977458,226.4,318.4,206.2,236.3,228.4,319.5,200.95,235.91,-0.01954199999999995
1264,0.9847485148272589,3351,3351,0.983,0.996802,391.5,862.0,189.0,190.3,393.08,862.13,188.04,190.75,0.013801999999999981
1265,0.9696812603365839,31863,31863,0.999,0.989565,80.1,706.8,209.1,211.1,81.89,703.99,207.59,212.28,-0.009434999999999971
1265,0.9724209278368492,36637,36637,0.996,0.988484,508.9,663.3,206.8,246.2,506.8,663.17,207.65,249.14,-0.007515999999999967
1265,0.9774428175916601,3351,3351,0.981,0.974209,356.8,177.2,183.5,188.3,355.91,177.14,185.11,190.97,-0.0067909999999999915
1269,0.9563051730472467,36637,36637,0.997,0.981277,220.9,773.6,209.3,235.9,217.92,769.79,210.06,238.75,-0.015723000000000042
1269,0.9851429057399381,13900,13900,0.983,0.984542,619.3,762.0,175.3,260.4,619.26,761.34,174.24,259.52,0.0015420000000000433
1269,0.968806099962199,3351,3351,0.981,0.987241,361.6,233.5,184.0,181.1,364.22,232.72,180.12,183.03,0.006241000000000052
1270,0.964553263099138,27926,27926,0.992,0.987614,150.3,145.4,254.2,452.2,145.74,140.92,259.66,458.96,-0.004386000000000001
1270,0.9929108907528889,16548,16548,0.988,0.955418,115.3,853.4,242.7,237.5,115.03,853.25,242.27,237.06,-0.032582
1270,0.9518410036581234,1900,1900,0.985,0.998609,629.6,891.8,210.3,138.0,632.5,895.07,208.1,133.62,0.013608999999999982
1272,0.9902989884459399,16548,16548,0.994,0.866939,630.2,176.9,236.2,226.2,629.97,176.43,237.37,227.29,-0.12706099999999998
1272,0.9540131118658081,27926,27926,0.99,0.986631,596.7,673.3,253.5,481.1,597.81,663.45,256.42,487.67,-0.0033689999999999554
1272,0.9617926441426798,1900,1900,0.982,0.998457,158.2,250.5,203.6,124.6,159.87,251.68,204.13,122.11,0.016457000000000055
1273,0.9721028231436629,2483,2483,0.995,0.994335,106.6,679.7,227.9,487.5,103.89,678.95,227.54,488.94,-0.0006650000000000267
1273,0.908885136316578,13395,13395,0.987,0.40319,109.3,45.0,244.5,487.7,118.46,57.62,229.41,472.42,-0.5838099999999999
1273,0.9896925610158304,25438,25438,0.951,0.921038,554.8,206.0,247.0,249.1,554.34,207.18,246.89,247.56,-0.029961999999999933
1274,0.9648530488846894,2483,2483,0.991,0.992113,601.4,45.3,216.7,485.8,597.55,43.11,217.86,487.38,0.0011130000000000306
1274,0.9857000946753731,13395,13395,0.985,0.88774,588.6,711.6,236.0,499.0,587.65,714.16,235.98,495.87,-0.09726000000000001
1274,0.9747232630110073,25438,25438,0.979,0.965725,124.4,813.1,255.2,254.3,125.06,814.42,250.95,252.07,-0.013275000000000037
1278,0.9941954664072931,38162,38162,0.989,0.976364,619.7,704.0,192.0,295.4,620.0,703.87,191.73,294.45,-0.01263599999999998
1278,0.9809138869083073,3351,3351,0.971,0.961545,417.4,256.5,183.4,180.6,418.01,258.37,183.52,179.02,-0.009454999999999991
1278,0.975171565024372,3832,3832,0.965,0.983372,150.0,604.8,305.6,416.1,146.92,603.48,309.91,420.76,0.018372000000000055
1279,0.9597013695322106,1900,1900,0.983,0.998263,651.4,855.7,207.9,157.5,647.45,855.34,210.04,159.67,0.015263000000000027
1279,0.9788254643073684,21771,21771,0.96,0.655885,673.7,288.9,187.8,179.5,674.05,287.54,187.89,179.13,-0.3041149999999999
1279,0.9797544213091086,16551,16551,0.952,0.809996,88.8,763.3,297.8,501.2,86.41,759.62,299.98,502.64,-0.1420039999999999
1280,0.9792659271681011,1900,1900,0.993,0.994244,121.2,261.1,199.7,147.4,122.69,261.99,198.7,147.25,0.0012440000000000229
1280,0.9861163438058216,21771,21771,0.993,0.937854,90.3,810.2,195.4,189.7,90.91,809.82,193.59,189.57,-0.05514600000000003
1282,0.938803685502048,2483,2483,0.989,0.990252,59.1,647.2,204.6,485.2,59.99,644.78,214.68,486.8,0.0012520000000000309
1282,0.9639636949845083,3743,3743,0.982,0.957877,498.9,125.5,312.5,303.8,493.98,125.24,314.01,306.92,-0.024123000000000006
1284,0.9946955950689415,13395,13395,0.987,0.95539,630.5,675.5,227.7,497.0,630.53,676.74,227.77,496.88,-0.03161000000000003
1284,0.9668033356512955,2483,2483,0.986,0.97612,672.1,73.3,202.4,492.9,666.98,74.07,208.93,491.88,-0.00988
1284,0.9690329869293428,3743,3743,0.983,0.954687,116.9,827.5,322.1,320.4,112.41,828.26,323.76,321.73,-0.028313000000000033
1290,0.9813935103299962,1900,1900,0.993,0.988547,161.0,258.3,128.0,198.4,161.9,256.68,126.82,199.73,-0.00445300000000004
1290,0.9888830695015488,16548,16548,0.99,0.91124,538.0,139.4,231.1,225.6,537.53,138.15,231.13,226.46,-0.07875999999999994
1290,0.9896511894439842,29345,29345,0.988,0.987248,590.7,535.0,270.0,445.4,591.39,535.0,271.29,445.64,-0.0007519999999999749
1293,0.9713831336437586,3483,3483,0.996,0.986517,539.1,779.8,265.1,223.1,535.98,781.36,270.08,222.33,-0.00948300000000002
1293,0.970456253673259,20238,20238,0.996,0.977904,575.3,191.2,221.3,213.6,576.07,189.46,224.54,215.24,-0.018096
1293,0.9825025443718701,30308,30308,0.988,0.939626,115.2,85.6,310.3,446.3,116.33,87.12,305.98,444.88,-0.04837400000000003
1294,0.9706333563497115,3483,3483,0.996,0.980878,590.9,844.7,281.3,169.2,589.33,845.76,285.44,169.67,-0.015121999999999969
1294,0.9838877671638206,35206,35206,0.981,0.974127,679.8,153.5,203.8,408.0,679.97,154.91,204.68,403.81,-0.006873000000000018
1294,0.9811550538499961,34597,34597,0.975,0.990939,12.3,46.9,419.0,450.1,10.04,46.72,424.52,452.78,0.015939000000000036
1295,0.9695936812207018,34597,34597,0.993,0.993457,5.4,20.6,403.2,457.6,2.7,27.17,407.9,453.32,0.0004570000000000407
1295,0.9821912250155966,3483,3483,0.992,0.991615,563.0,810.7,283.1,175.3,562.32,812.22,284.79,174.37,-0.0003849999999999687
1295,0.9767311601488906,35206,35206,0.984,0.995706,649.2,144.5,201.5,398.1,647.93,142.08,204.77,399.96,0.011705999999999994
1296,0.9792226645248042,34597,34597,0.992,0.994847,566.7,735.3,409.3,471.4,564.95,728.37,411.05,477.32,0.002847000000000044
1296,0.953977100628142,3483,3483,0.991,0.975756,133.3,292.4,274.8,170.1,134.14,287.78,273.45,172.1,-0.015244000000000035
1296,0.9544346613575369,35206,35206,0.982,0.989143,105.5,686.9,203.9,419.4,101.86,685.72,203.79,417.34,0.0071430000000000105
1297,0.9614088269424296,4543,4543,0.996,0.989965,156.3,890.4,217.2,215.2,157.26,891.04,211.9,212.07,-0.006035000000000013
1297,0.9948171083587132,16548,16548,0.996,0.988613,152.0,245.8,230.2,224.9,152.09,246.73,230.06,224.07,-0.007387000000000032
1297,0.9711044917629473,3544,3544,0.987,0.977937,644.9,921.1,214.7,213.0,642.94,918.22,215.8,215.27,-0.009063000000000043
1298,0.9860750645895336,16548,16548,0.994,0.942878,616.8,827.4,236.6,228.9,616.73,829.22,237.23,227.86,-0.051122
1298,0.9723720579411863,3544,3544,0.989,0.902981,140.5,144.9,206.3,201.7,140.13,143.51,209.34,201.76,-0.08601899999999996
1298,0.9709449078456998,4543,4543,0.988,0.992943,618.3,169.0,207.2,203.3,615.91,169.25,210.36,200.36,0.004943000000000031
1300,0.9737134120361431,3483,3483,0.998,0.980449,589.8,845.3,281.4,167.7,588.66,846.13,284.09,168.93,-0.017550999999999983
1300,0.9774133733848358,31885,31885,0.983,0.937173,76.3,126.3,460.8,464.8,72.75,123.34,467.77,467.06,-0.04582699999999995
1300,0.9819890734434376,29667,29667,0.982,0.953701,632.2,181.6,222.5,212.8,631.83,182.29,225.57,212.38,-0.028298999999999963
1302,0.9898778152671729,3483,3483,0.992,0.994216,561.6,810.4,283.2,175.8,560.99,811.04,284.98,175.11,0.0022159999999999958
1302,0.966308626152263,31885,31885,0.982,0.950373,59.8,101.6,449.1,463.1,56.74,96.59,458.14,469.79,-0.03162699999999996
1302,0.9722676905938664,29667,29667,0.958,0.955331,604.0,176.0,215.5,214.5,603.78,176.6,220.64,214.29,-0.0026689999999999214
1305,0.944450813758295,1900,1900,0.99,0.997858,632.5,892.3,208.3,138.7,635.7,895.12,205.59,133.34,0.007858000000000032
1305,0.9514036046480984,27926,27926,0.986,0.972278,600.8,157.3,254.2,453.0,595.28,154.54,265.06,454.86,-0.013722000000000012
1305,0.9567610644369674,16551,16551,0.974,0.954464,80.3,671.8,336.3,466.0,79.1,668.6,329.21,473.55,-0.019535999999999998
1309,0.9837210410615415,29667,29667,0.995,0.988603,86.4,863.0,232.7,225.5,86.74,861.24,232.05,228.6,-0.006396999999999986
1309,0.9821088324932106,3483,3483,0.994,0.975613,126.3,307.9,266.8,199.5,126.37,305.36,266.44,201.23,-0.018387000000000042
1309,0.9669721944957063,27733,27733,0.985,0.796473,562.6,256.0,297.4,262.9,560.92,256.85,299.02,268.58,-0.188527
1309,0.9744496236780931,28763,28763,0.982,0.998222,581.5,869.3,225.5,212.6,582.96,870.46,221.7,212.18,0.01622200000000007
1311,0.9842882508942742,3483,3483,0.995,0.996647,580.6,758.5,273.7,209.6,579.71,757.67,274.88,208.84,0.001646999999999954
1311,0.9492815171523625,27733,27733,0.981,0.892692,92.6,728.7,327.0,281.3,93.0,733.87,318.67,278.36,-0.08830799999999994
1311,0.9778226157409373,29667,29667,0.977,0.961555,640.2,177.8,218.0,213.8,638.44,177.02,221.94,214.39,-0.015444999999999931
1311,0.9819582103937493,28763,28763,0.971,0.990354,175.9,187.6,208.5,199.1,176.07,187.3,210.56,200.45,0.019353999999999982
1312,0.941504897589577,2483,2483,0.995,0.975154,617.1,47.9,254.8,475.9,612.17,54.02,252.8,470.19,-0.01984600000000003
1315,0.9606816853404494,19232,19232,0.994,0.983855,544.2,209.0,299.5,285.3,543.2,207.56,293.68,289.34,-0.01014499999999996
1315,0.9626440583672047,3351,3351,0.989,0.98766,422.1,878.9,189.8,191.2,425.14,876.5,186.92,195.34,-0.0013400000000000079
1315,0.9598099125346186,16688,16688,0.984,0.994508,149.0,82.4,272.0,614.1,148.69,90.14,278.24,602.69,0.010507999999999962
1316,0.9498306211622617,16688,16688,0.988,0.99228,516.7,472.8,286.5,665.6,516.91,482.41,295.63,659.04,0.0042800000000000615
1316,0.9789409381071956,19232,19232,0.984,0.961592,81.9,694.1,309.3,304.7,81.2,694.87,306.33,305.34,-0.022407999999999983
1316,0.9797229354390199,3351,3351,0.966,0.992477,324.8,163.0,185.7,186.4,326.41,161.12,183.76,188.29,0.026477000000000084
1322,0.956128148524221,2483,2483,0.993,0.986725,84.7,680.5,235.4,478.8,79.08,678.36,237.36,481.53,-0.0062750000000000306
1323,0.9423566078534804,2483,2483,0.994,0.994307,616.1,51.0,222.5,483.4,605.6,55.49,232.3,479.49,0.00030700000000005723
1326,0.9832092441072445,20238,20238,0.995,0.992727,600.8,839.8,225.3,222.2,600.24,838.55,227.55,223.76,-0.0022729999999999695
1326,0.9813434329055569,18357,18357,0.986,0.989485,162.1,671.3,265.4,347.4,159.99,671.99,267.87,349.36,0.0034849999999999604
1326,0.9785625572063739,3351,3351,0.979,0.982487,369.5,245.6,183.2,181.3,369.88,247.74,182.97,180.42,0.003487000000000018
1327,0.9900921932399623,16548,16548,0.994,0.960651,166.9,814.9,241.5,236.6,167.4,813.86,240.79,238.27,-0.03334899999999996
1327,0.9481848623236911,1900,1900,0.988,0.990148,647.5,845.1,184.7,188.4,642.33,848.1,189.38,184.01,0.0021480000000000388
1327,0.9765503639585394,29451,29451,0.986,0.920337,513.0,243.1,405.1,219.0,506.87,242.16,411.83,219.28,-0.06566300000000003
1328,0.9580688610339104,1900,1900,0.995,0.991199,169.5,246.0,180.2,181.8,166.31,248.35,184.57,178.32,-0.0038009999999999433
1328,0.9868960487947968,16548,16548,0.994,0.96918,581.2,216.6,236.5,227.1,582.33,216.34,236.19,228.23,-0.024819999999999953
1328,0.9763433419356802,29451,29451,0.992,0.982548,71.3,842.0,416.1,218.7,70.34,843.62,420.16,215.58,-0.009452000000000016
1329,0.9881541215327655,16548,16548,0.993,0.968489,553.4,207.8,232.0,225.7,552.8,207.5,230.87,225.88,-0.02451099999999995
1329,0.9699316899066551,29451,29451,0.991,0.966903,35.4,798.7,421.9,228.2,34.15,802.4,423.84,222.33,-0.024097000000000035
1329,0.9786239628522093,1900,1900,0.99,0.994266,147.9,239.2,181.5,182.5,147.04,241.75,182.21,179.58,0.004265999999999992
1330,0.9708141359695653,3483,3483,0.997,0.990066,603.6,844.6,275.8,186.4,601.33,846.34,279.6,185.91,-0.006933999999999996
1330,0.9847238056033849,34597,34597,0.984,0.997524,91.0,162.4,445.6,422.7,92.76,162.01,445.08,426.39,0.01352399999999998
1330,0.9629352543141588,25469,25469,0.981,0.989311,90.1,829.3,333.6,301.0,91.06,831.31,340.08,300.89,0.008311000000000068
1330,0.99169615725016,35206,35206,0.979,0.978033,608.7,120.0,233.7,399.6,608.32,119.14,234.17,398.79,-0.0009669999999999401
1331,0.9897466950631026,3483,3483,0.993,0.982805,575.1,810.9,279.2,191.6,575.84,811.12,279.67,191.8,-0.010194999999999954
1331,0.9905076712561014,34597,34597,0.984,0.991991,74.9,131.6,433.9,429.0,74.94,133.18,431.49,427.54,0.00799099999999997
1331,0.9918273453137872,35206,35206,0.98,0.994125,581.0,111.9,225.6,391.3,581.94,111.17,224.83,392.59,0.014125000000000054
1331,0.9713034108771592,25469,25469,0.97,0.995449,50.5,787.7,341.7,301.9,51.2,789.35,348.05,299.86,0.025449000000000055
1332,0.9727848104246372,3483,3483,0.993,0.991434,125.0,276.8,269.9,184.5,125.8,273.89,271.15,187.14,-0.0015659999999999563
1332,0.9540019839718216,25469,25469,0.989,0.991444,572.1,183.9,324.7,288.4,574.52,189.38,327.19,284.58,0.0024440000000000017
1332,0.9759847628061222,34597,34597,0.988,0.994567,459.0,651.0,453.8,435.6,458.05,649.79,452.99,443.69,0.0065669999999999895
1332,0.9966809808187642,35206,35206,0.978,0.989885,134.1,727.8,248.6,411.2,134.09,728.34,249.01,410.51,0.011885000000000034
1333,0.976963027716358,3351,3351,0.993,0.979052,400.0,923.4,190.8,190.5,400.81,922.22,190.5,193.66,-0.01394799999999996
1333,0.9607579723471844,36637,36637,0.982,0.979155,158.8,284.0,195.6,245.5,156.76,285.18,193.53,243.42,-0.0028449999999999864
1333,0.9910826857500648,20014,20014,0.973,0.997247,579.7,282.9,337.8,317.6,580.32,282.52,336.32,319.06,0.02424700000000002
1337,0.9425412009054424,1900,1900,0.997,0.991978,169.4,244.3,180.6,181.9,165.21,248.24,186.61,177.0,-0.005021999999999971
1337,0.9870801618092122,16548,16548,0.995,0.978094,577.1,187.3,238.2,226.6,577.55,188.2,236.65,226.27,-0.016905999999999977
1337,0.968767143525904,29451,29451,0.98,0.987741,494.6,819.1,403.3,268.7,494.78,823.18,400.13,262.37,0.007740999999999998
1340,0.9895142175510993,16548,16548,0.995,0.960141,186.9,824.1,240.5,238.6,187.7,824.29,239.02,237.56,-0.03485899999999997
1340,0.9569456526574853,1900,1900,0.991,0.995004,644.3,859.7,211.5,159.6,641.04,858.34,210.8,160.72,0.0040040000000000076
1340,0.9801829083880357,24850,24850,0.986,0.986181,580.5,287.4,288.9,167.5,577.96,286.12,291.71,168.32,0.00018099999999998673
1345,0.970111892378987,3483,3483,0.998,0.988665,602.3,845.4,276.2,186.3,600.58,846.52,279.91,187.25,-0.009334999999999982
1345,0.9773088817879271,29667,29667,0.983,0.948338,617.3,174.0,226.6,216.8,617.71,172.94,225.13,215.36,-0.03466199999999997
1345,0.9715574012428378,25469,25469,0.98,0.988714,87.2,830.0,335.0,299.1,86.9,831.84,340.99,298.78,0.008714
1345,0.9731738390397578,31885,31885,0.979,0.994657,166.3,129.4,423.7,495.5,163.05,129.4,435.14,495.22,0.015657000000000032
1347,0.9723617193822199,3483,3483,0.992,0.989921,125.3,275.9,270.6,184.7,127.14,273.66,271.24,186.92,-0.002078999999999942
1347,0.953549672116363,25469,25469,0.989,0.992596,573.4,185.2,325.0,286.3,573.92,190.59,330.53,283.46,0.0035960000000000436
1347,0.9546656763910636,31885,31885,0.988,0.990576,417.4,616.0,418.6,508.0,412.95,610.08,428.17,520.23,0.0025760000000000227
1347,0.9796158324818471,29667,29667,0.987,0.763811,141.7,870.9,226.5,226.0,138.39,870.41,230.55,226.65,-0.22318899999999997
1348,0.9772199180574559,31863,31863,0.999,0.983788,187.7,265.2,202.7,206.3,187.22,266.49,202.47,202.78,-0.015212000000000003
1348,0.9818795359826471,3351,3351,0.996,0.986331,361.2,879.5,190.8,191.9,362.79,879.03,188.82,191.33,-0.009669000000000039
1348,0.9811249562792662,22074,22074,0.996,0.982929,674.9,309.6,184.3,187.2,673.97,309.74,184.6,188.92,-0.013070999999999944
1350,0.9804575825813752,31863,31863,0.999,0.977835,588.9,857.0,205.7,206.7,587.14,858.24,206.64,205.2,-0.02116499999999999
1350,0.9841022643892288,22074,22074,0.993,0.992938,106.7,815.1,184.1,186.7,106.26,813.32,184.3,189.02,-6.20000000000065e-05
1350,0.9939804068818516,3351,3351,0.986,0.991512,426.6,220.8,184.1,181.8,426.19,220.76,183.93,181.92,0.005511999999999961
1353,0.9832083075851697,3483,3483,0.998,0.923169,169.7,280.8,261.0,213.8,169.1,279.31,262.11,214.06,-0.07483099999999998
1353,0.9892106335636417,16232,16232,0.995,0.986482,153.0,827.7,191.5,192.0,152.87,827.94,191.65,193.46,-0.008518000000000026
1353,0.9823073513816453,27777,27777,0.993,0.89789,637.5,294.1,175.0,195.8,638.28,291.94,174.22,198.45,-0.09511000000000003
1353,0.9710614601013339,34597,34597,0.982,0.986971,513.6,681.6,441.2,453.2,513.9,676.73,436.38,461.7,0.004971000000000059
1354,0.9833987547891857,36637,36637,0.996,0.983223,164.8,798.8,190.7,257.0,164.61,799.11,192.87,257.78,-0.012777000000000038
1354,0.9852210887013115,3483,3483,0.991,0.985447,140.0,291.0,212.9,259.1,140.69,293.37,212.44,257.09,-0.00555300000000003
1354,0.9846190282358271,20877,20877,0.988,0.988646,542.9,295.2,329.2,234.3,544.96,293.65,326.95,235.36,0.0006460000000000354
1354,0.9541448220543339,30308,30308,0.977,0.980411,576.6,736.7,343.9,464.9,578.51,734.46,331.98,470.55,0.003411000000000053
1355,0.9767083438211108,36637,36637,0.992,0.952587,603.8,204.5,180.3,246.7,603.32,203.09,180.11,245.28,-0.03941300000000003
1355,0.9459022838349931,3483,3483,0.992,0.983916,621.7,713.9,210.8,272.7,625.87,718.57,210.33,268.38,-0.00808399999999998
1355,0.9822438200027596,30308,30308,0.991,0.994816,80.7,46.3,322.2,441.8,83.23,46.96,318.28,439.3,0.0038160000000000416
1355,0.9845131014823664,20877,20877,0.98,0.9922,86.8,725.6,331.6,239.2,83.77,725.47,333.7,240.09,0.012199999999999989
1357,0.9921396680703762,16548,16548,0.994,0.965523,577.5,168.5,231.6,225.5,577.4,167.15,231.58,226.63,-0.028476999999999975
1357,0.9810909451224546,3544,3544,0.993,0.859246,94.7,229.1,202.8,199.9,94.46,227.15,202.48,200.76,-0.13375400000000004
1358,0.9916392464479312,16548,16548,0.993,0.941024,606.0,176.7,237.7,225.4,605.47,176.09,237.5,225.92,-0.05197600000000002
1358,0.9869957204743758,3544,3544,0.988,0.911178,112.3,239.8,206.7,201.1,112.15,238.65,207.8,201.83,-0.07682199999999995
1359,0.9829446335684813,16548,16548,0.995,0.970575,139.7,853.9,242.4,237.8,137.68,854.52,243.53,237.81,-0.02442500000000003
1359,0.9879070172222072,3544,3544,0.988,0.952717,673.9,828.5,213.4,209.7,672.8,827.35,214.38,210.64,-0.03528299999999995
1361,0.9768046900126841,19232,19232,0.988,0.97909,168.7,647.3,243.6,359.8,167.58,648.52,241.34,358.03,-0.008909999999999973
1361,0.9794402900431928,3351,3351,0.983,0.986805,357.3,149.9,184.2,187.3,358.27,149.76,182.2,185.74,0.0038050000000000583
1361,0.9821689739807888,29667,29667,0.982,0.981114,626.5,692.7,229.1,228.5,626.68,691.94,231.43,228.57,-0.0008859999999999424
1363,0.9836342488578027,3351,3351,0.995,0.965941,433.0,887.3,189.2,192.5,433.38,886.29,188.13,192.43,-0.029058999999999946
1363,0.9894717554683016,16262,16262,0.977,0.975967,119.2,290.8,242.4,236.5,118.46,291.4,243.65,236.59,-0.0010329999999999506
1363,0.9833519089364402,33880,33880,0.974,0.992434,450.9,241.7,438.3,291.5,449.59,242.03,434.52,290.88,0.01843400000000006
1366,0.9831284589355179,22347,22347,0.996,0.994971,662.6,838.0,214.9,206.0,663.2,839.11,212.45,204.86,-0.0010289999999999466
1366,0.9605717235105327,29667,29667,0.996,0.972997,126.5,864.9,228.3,226.9,122.86,862.13,232.62,227.52,-0.023002999999999996
1366,0.956237568541869,3483,3483,0.992,0.976917,133.7,292.1,275.7,170.2,133.8,287.39,275.81,172.15,-0.015082999999999958
1367,0.98365282247251,22347,22347,0.995,0.993498,107.0,225.5,202.7,195.6,106.24,225.38,204.26,194.11,-0.0015020000000000033
1367,0.9878066910473597,3483,3483,0.99,0.992824,561.4,810.6,283.2,175.4,561.44,811.22,284.52,175.45,0.0028240000000000487
1367,0.9623304490068662,29667,29667,0.964,0.969518,604.1,177.0,216.5,213.0,602.77,175.6,222.53,215.34,0.005518000000000023
1369,0.9894053372616196,3483,3483,0.996,0.983673,600.9,867.6,257.8,230.9,600.96,868.55,258.14,231.05,-0.012326999999999977
1369,0.982406185681996,19861,19861,0.994,0.957938,127.3,865.3,219.9,167.2,128.57,864.96,219.79,168.33,-0.03606200000000004
1369,0.9857164904042047,16262,16262,0.968,0.974339,639.5,178.1,242.4,229.5,639.33,178.24,244.39,230.65,0.0063389999999999835
1369,0.9584029883585663,22347,22347,0.966,0.996246,119.5,213.7,206.3,198.5,120.89,215.59,208.7,194.99,0.030245999999999995
1371,0.977603106197313,3483,3483,0.997,0.988003,573.2,833.7,263.1,236.0,573.1,837.21,261.93,231.92,-0.008997000000000033
1371,0.9712519491019092,22347,22347,0.995,0.99589,103.5,206.1,201.4,194.4,101.57,205.99,206.61,193.9,0.0008900000000000574
1371,0.990971101324962,19861,19861,0.991,0.990723,91.9,826.4,227.2,176.1,91.76,826.73,227.41,174.67,-0.0002769999999999717
1371,0.9797909960475493,16262,16262,0.99,0.943358,610.1,172.5,237.6,229.1,611.47,171.79,238.42,229.26,-0.04664199999999996
1372,0.9562985481412365,2483,2483,0.988,0.988974,595.9,113.8,290.1,445.6,595.64,119.11,282.59,438.24,0.0009740000000000304
1372,0.9769504909548442,3743,3743,0.984,0.945309,75.5,813.2,331.7,328.7,74.91,814.12,326.18,327.73,-0.03869100000000003
1376,0.9771516029109838,33009,33009,0.993,0.991058,584.6,243.2,356.6,235.3,584.42,240.59,359.71,238.72,-0.0019419999999999993
1376,0.9868169032440393,33208,33208,0.991,0.989913,151.9,297.0,206.9,195.7,153.31,296.57,205.28,196.77,-0.0010869999999999491
1376,0.9609466003660293,1900,1900,0.989,0.990735,644.2,859.9,204.8,166.0,643.04,860.26,204.05,169.48,0.001735000000000042
1377,0.9613367602269726,1900,1900,0.997,0.989435,150.8,255.6,197.6,156.8,147.64,256.98,203.1,155.95,-0.007565000000000044
1377,0.9695521724636066,33208,33208,0.987,0.993747,642.1,805.8,209.4,198.7,641.62,806.6,213.34,199.56,0.0067470000000000585
1377,0.967628346329509,16551,16551,0.98,0.340659,608.2,55.7,286.3,481.5,610.34,56.99,287.26,474.43,-0.6393409999999999
1377,0.9709502234042358,33009,33009,0.979,0.994354,48.7,826.1,358.7,228.3,44.49,824.21,364.53,231.37,0.015353999999999979
1378,0.9688908891420038,3483,3483,0.998,0.967981,148.4,219.1,249.3,224.4,148.4,219.88,248.01,218.55,-0.030019000000000018
1378,0.9498108737477338,19861,19861,0.993,0.987024,637.3,277.1,221.5,169.1,641.62,279.33,218.56,169.02,-0.005975999999999981
1378,0.9843877949148387,22347,22347,0.99,0.978037,623.2,869.3,215.9,207.8,623.86,869.58,213.17,207.87,-0.011962999999999946
1378,0.9778049525934946,35206,35206,0.988,0.959492,107.8,774.6,302.2,389.5,105.2,772.99,303.8,393.65,-0.028507999999999978
1379,0.9832819248805483,3483,3483,0.996,0.983053,600.7,867.1,257.9,231.5,601.05,868.41,258.55,231.58,-0.012947000000000042
1379,0.976770477284752,19861,19861,0.993,0.959389,127.6,864.8,219.8,167.3,128.53,864.11,220.47,169.33,-0.033610999999999946
1379,0.9750592005075597,22347,22347,0.984,0.997329,160.8,201.1,207.6,197.5,160.5,201.74,210.96,198.05,0.013329000000000035
1381,0.9820632803404618,3351,3351,0.999,0.953201,406.2,844.3,190.7,191.3,406.92,844.57,192.18,190.75,-0.045799000000000034
1381,0.9766728444507505,21325,21325,0.99,0.82518,631.3,276.2,239.5,139.9,632.88,277.32,237.59,139.85,-0.16481999999999997
1381,0.981847618034879,32310,32310,0.977,0.99733,34.5,234.9,366.4,235.1,36.92,236.09,362.09,233.58,0.02033000000000007
1384,0.9796990574335891,3483,3483,0.995,0.9807,564.9,814.5,264.6,217.0,565.28,815.11,265.09,219.23,-0.01429999999999998
1384,0.9629330859965954,20238,20238,0.993,0.980549,603.9,196.1,224.7,214.4,604.36,194.82,230.03,216.62,-0.01245099999999999
1384,0.9771591469080507,25367,25367,0.976,0.982254,52.5,92.8,420.0,456.1,55.96,96.81,415.85,450.13,0.006253999999999982
1385,0.9735201595201278,3483,3483,0.997,0.982154,537.8,779.1,265.9,224.5,535.23,781.02,270.45,222.9,-0.014846000000000026
1385,0.9721263077745306,20238,20238,0.997,0.977557,575.3,191.1,220.7,213.4,576.35,189.99,223.63,214.61,-0.019442999999999988
1385,0.9887096610680385,25367,25367,0.982,0.990451,39.3,80.0,403.9,447.9,41.18,81.82,401.32,445.69,0.008450999999999986
1386,0.975144763093688,3483,3483,0.998,0.941159,171.7,278.2,259.5,215.2,170.87,276.22,260.86,214.86,-0.05684100000000003
1386,0.9892985504023564,20238,20238,0.993,0.988893,152.0,850.4,232.1,226.3,152.1,851.72,231.86,224.11,-0.004106999999999972
1386,0.9771033238639647,27777,27777,0.989,0.909831,639.0,293.5,174.9,195.3,639.69,291.31,174.66,198.59,-0.07916900000000004
1386,0.9827737798470099,25367,25367,0.988,0.995238,535.2,700.9,420.8,470.8,536.0,704.14,420.68,464.31,0.007237999999999967
1387,0.9765422286194274,20238,20238,0.991,0.997227,601.8,181.5,225.5,215.7,602.39,181.7,229.44,215.43,0.0062269999999999825
1387,0.9392409874073268,3483,3483,0.989,0.986632,642.7,754.7,203.6,274.7,640.23,759.87,203.93,275.5,-0.0023680000000000367
1387,0.979398224315643,22347,22347,0.983,0.981364,113.5,242.7,205.5,196.2,113.7,241.73,207.8,196.61,-0.0016359999999999708
1390,0.9449133972294741,2483,2483,0.984,0.992733,599.7,120.7,205.2,464.0,594.67,109.04,211.2,477.1,0.00873299999999999
1390,0.9596603722606858,22362,22362,0.979,0.99718,604.6,746.7,267.6,419.5,605.42,736.6,264.46,427.15,0.018179999999999974
1390,0.9856922530775728,25438,25438,0.971,0.871156,158.6,872.3,258.4,267.2,157.43,871.37,258.18,267.85,-0.09984399999999993
1392,0.9720888830831502,2483,2483,0.996,0.995453,603.5,75.7,218.7,485.9,599.93,78.22,220.86,483.64,-0.0005469999999999642
1392,0.9704786662835796,22362,22362,0.995,0.999172,597.2,743.6,258.4,407.5,598.88,737.3,255.19,414.77,0.0041719999999999535
1392,0.9831891338157698,25438,25438,0.983,0.970773,155.8,862.2,255.2,252.3,155.61,861.75,253.37,254.41,-0.012226999999999988
1393,0.9743617686949404,3483,3483,0.998,0.951025,172.3,278.5,259.5,214.8,171.26,276.57,260.95,214.27,-0.04697499999999999
1393,0.9771676081598789,22347,22347,0.997,0.984625,684.4,871.5,213.2,207.3,682.5,870.56,213.49,207.79,-0.012375000000000025
1393,0.9776271866594707,27777,27777,0.99,0.860451,639.8,293.6,173.9,195.3,639.83,291.27,175.12,198.31,-0.12954900000000003
1393,0.9809823160584065,16262,16262,0.965,0.977672,137.2,836.3,249.3,241.2,138.1,835.57,247.0,243.63,0.012672000000000017
1395,0.9736072782084039,3483,3483,0.996,0.986009,537.2,779.4,266.4,223.9,534.79,779.99,271.58,224.41,-0.009990999999999972
1395,0.9707532201466667,22347,22347,0.994,0.9917,89.4,193.2,200.6,196.9,88.27,193.87,203.54,193.9,-0.0022999999999999687
1395,0.9807917697151033,27777,27777,0.988,0.287912,144.0,776.1,178.2,206.4,144.13,776.18,180.78,206.98,-0.700088
1395,0.975431604549381,16262,16262,0.966,0.932441,575.4,186.8,238.4,228.0,575.97,187.23,241.01,229.26,-0.033559000000000005
1396,0.9700775177414666,2483,2483,0.992,0.985902,80.0,660.8,218.0,486.5,79.94,660.45,224.5,486.71,-0.006098000000000048
1396,0.959242468093935,19552,19552,0.966,0.927785,511.0,595.9,321.6,483.6,508.78,591.76,332.16,488.12,-0.038215
1401,0.9747731534337826,29667,29667,0.993,0.955325,140.3,871.2,227.7,226.5,136.43,870.03,231.08,227.99,-0.037675000000000014
1401,0.9740007195858269,22347,22347,0.99,0.987231,651.6,853.1,213.9,206.8,649.13,853.56,213.79,206.45,-0.0027690000000000214
1401,0.9661434198487329,3483,3483,0.989,0.990176,125.5,276.0,269.7,184.1,126.85,273.35,270.89,185.67,0.0011759999999999549
1401,0.9518982876378109,25469,25469,0.984,0.994366,573.4,185.2,325.4,286.5,575.04,190.22,329.76,283.97,0.010365999999999986
1402,0.9850728372894001,20238,20238,0.996,0.953762,84.8,334.5,227.1,221.4,84.16,333.04,228.12,223.75,-0.042238
1402,0.9810089500109649,3351,3351,0.986,0.959108,424.6,885.0,190.0,192.0,426.03,883.74,188.33,192.52,-0.026892000000000027
1402,0.9678172004541992,33880,33880,0.981,0.993672,461.7,199.1,384.3,360.4,457.07,197.01,393.26,363.9,0.012672000000000017
1404,0.9822862362397423,20238,20238,0.996,0.956301,669.5,761.7,226.3,222.7,667.87,762.73,228.32,222.65,-0.03969900000000004
1404,0.9704820189186126,33880,33880,0.979,0.978021,118.6,742.9,390.2,370.7,117.71,739.78,394.22,378.08,-0.0009789999999999521
1404,0.9861833682772612,3351,3351,0.962,0.973913,365.1,215.7,184.4,181.7,366.13,214.94,183.01,182.06,0.011913000000000062
1407,0.9838901822146392,38162,38162,0.989,0.986738,602.4,791.8,246.3,254.5,602.53,793.64,247.23,253.73,-0.0022619999999999862
1407,0.9813080094737857,33880,33880,0.988,0.986872,104.6,681.2,312.5,432.0,103.62,680.79,310.59,434.82,-0.0011280000000000179
1407,0.9915171797832295,3351,3351,0.95,0.878898,380.9,230.9,182.1,181.6,380.83,230.04,182.01,182.0,-0.071102
1408,0.9834285395024822,33208,33208,0.995,0.988504,656.9,899.7,219.5,209.3,658.35,897.95,217.9,211.29,-0.006495999999999946
1408,0.9787609957731892,16548,16548,0.994,0.979756,74.7,808.2,240.4,236.3,72.08,806.07,242.69,238.5,-0.014244000000000034
1408,0.9841350644516113,1900,1900,0.984,0.990242,189.4,274.0,201.1,136.6,190.33,273.27,199.65,137.81,0.00624199999999997
1411,0.990817183720666,36637,36637,0.996,0.989836,642.5,208.2,189.7,247.6,642.79,209.43,188.98,246.48,-0.006163999999999947
1411,0.9650605115247812,3483,3483,0.994,0.982244,592.2,844.2,281.6,169.1,590.66,845.89,286.59,168.79,-0.011755999999999989
1411,0.993120402879426,30308,30308,0.991,0.988727,69.0,127.2,388.6,420.1,69.48,129.5,388.18,417.79,-0.0022729999999999695
1413,0.9825898867056921,36637,36637,0.994,0.978611,149.0,802.8,195.5,255.2,149.06,802.55,198.33,255.86,-0.015388999999999986
1413,0.9498914463086793,3483,3483,0.99,0.979972,132.2,293.2,274.7,169.6,132.6,288.04,274.64,171.6,-0.010028000000000037
1413,0.9728900940112599,30308,30308,0.981,0.974464,546.9,707.8,397.0,423.4,547.22,705.59,390.99,428.69,-0.006535999999999986
1414,0.966489174643783,3544,3544,0.997,0.967481,109.6,195.0,202.4,199.0,110.06,192.37,205.14,201.02,-0.029518999999999962
1414,0.9761402722492245,27926,27926,0.996,0.924088,551.6,596.2,279.4,487.2,549.75,599.06,284.26,483.79,-0.07191199999999998
1414,0.981950154881648,16548,16548,0.992,0.702105,55.5,776.0,240.4,233.7,55.79,774.32,239.66,233.52,-0.289895
1418,0.9785184909808837,1900,1900,0.983,0.998121,125.8,256.3,199.6,149.7,126.22,256.81,197.6,150.44,0.015121000000000051
1418,0.9600190325502469,16551,16551,0.954,0.884175,105.5,648.1,289.2,491.6,105.72,646.39,299.17,494.27,-0.06982499999999991
1420,0.9904104722675096,3351,3351,0.994,0.98405,410.4,875.1,189.5,191.0,410.04,874.3,190.16,192.18,-0.009950000000000014
1420,0.9324396266884781,16688,16688,0.992,0.993959,546.4,63.5,261.4,604.4,537.19,70.88,276.71,597.88,0.001959000000000044
1420,0.9846290778240476,41768,41768,0.988,0.985037,97.3,238.6,294.3,265.4,98.54,240.31,293.0,262.48,-0.002962999999999938
1421,0.9588395280171818,41768,41768,0.991,0.990215,552.0,721.5,302.1,287.9,551.12,722.39,303.26,277.07,-0.0007850000000000357
1421,0.9812277582447994,3351,3351,0.989,0.989078,338.2,167.3,184.5,187.0,336.72,165.55,185.91,188.99,7.80000000000225e-05
1421,0.9299462978449415,16688,16688,0.955,0.980931,115.2,511.3,268.0,663.2,111.06,512.01,282.99,650.58,0.025931000000000037
1424,0.9790750093451106,3483,3483,0.997,0.988135,537.9,778.0,266.1,222.9,535.24,778.81,270.6,221.91,-0.008865000000000012
1424,0.981968207710455,35206,35206,0.983,0.984047,584.2,132.9,218.2,392.3,585.61,129.53,217.32,395.36,0.0010470000000000201
1424,0.9813380254533136,31885,31885,0.978,0.998613,95.8,75.5,362.9,519.9,98.0,75.92,363.62,517.42,0.020612999999999992
1425,0.965396871733327,3483,3483,0.993,0.978552,565.1,812.1,263.8,216.4,564.76,814.03,266.74,217.8,-0.014448000000000016
1425,0.9786155741503948,31885,31885,0.98,0.997943,110.0,96.1,377.1,526.4,110.17,93.75,373.47,524.8,0.017943000000000042
1425,0.9842419407061209,35206,35206,0.974,0.964149,613.7,141.8,224.0,401.2,613.53,141.75,227.34,400.86,-0.009850999999999943
1429,0.9728021823275567,29345,29345,0.99,0.978558,605.1,703.4,286.2,444.3,607.4,704.87,279.42,442.96,-0.011441999999999952
1429,0.9748269580576133,3544,3544,0.99,0.767087,121.6,252.2,206.6,200.4,120.02,249.91,209.2,203.02,-0.22291300000000003
1429,0.9877353220932392,16548,16548,0.989,0.9531,125.2,829.9,237.2,229.1,125.4,830.25,238.66,229.44,-0.03590000000000004
1431,0.9775013537129662,3544,3544,0.993,0.963181,103.6,241.3,203.8,200.3,103.56,239.51,205.88,202.84,-0.02981900000000004
1431,0.991677811078493,16548,16548,0.992,0.940064,91.7,790.0,239.9,234.9,90.88,790.16,239.78,234.66,-0.05193599999999998
1431,0.9823560276863257,29345,29345,0.987,0.985409,578.9,667.1,286.6,448.3,579.74,668.09,283.23,449.02,-0.001591000000000009
1433,0.9851396490821734,3351,3351,0.992,0.962074,367.5,173.6,181.4,183.9,368.61,172.72,179.59,184.74,-0.029926000000000008
1433,0.967484091063352,38162,38162,0.989,0.992065,610.2,754.5,290.5,210.0,607.25,753.52,294.53,207.89,0.0030649999999999844
1433,0.9875368927266329,32310,32310,0.957,0.986186,0.0,663.8,304.9,329.0,0.0,663.54,303.01,331.1,0.029186000000000045
1435,0.9794286416094198,20238,20238,0.996,0.990217,588.7,308.6,224.9,216.3,587.95,306.81,227.0,218.8,-0.005782999999999983
1435,0.98992895279973,3351,3351,0.995,0.99287,398.6,853.7,188.5,191.1,399.16,854.04,187.44,191.28,-0.0021299999999999653
1435,0.9725860395276584,13900,13900,0.992,0.985497,169.6,340.8,174.1,255.0,169.2,339.46,172.22,254.52,-0.0065030000000000365
1436,0.9963513178519978,20238,20238,0.998,0.995236,111.0,698.9,229.2,230.0,110.68,698.81,229.63,230.41,-0.0027639999999999887
1436,0.9844274174639878,3351,3351,0.99,0.943375,349.5,186.6,184.1,186.5,350.46,185.64,184.09,187.5,-0.04662500000000003
1436,0.9927453349773506,13900,13900,0.988,0.976413,600.2,626.0,177.0,266.2,600.14,624.87,177.16,266.76,-0.011587000000000014
1438,0.9794520329719572,3544,3544,0.99,0.975932,699.1,859.0,212.0,210.3,697.59,857.4,214.48,211.57,-0.01406799999999997
1438,0.9757215510627365,16548,16548,0.986,0.935741,207.4,842.3,241.4,237.5,206.03,840.14,243.56,238.08,-0.05025899999999994
1439,0.9915254915854516,16548,16548,0.992,0.945062,513.5,179.8,232.4,225.7,512.64,180.02,233.57,224.91,-0.046938000000000035
1439,0.9832119727912839,3544,3544,0.985,0.596826,73.1,200.5,202.3,199.2,71.72,198.64,203.57,201.0,-0.388174
1441,0.9869898334340405,22347,22347,0.993,0.973239,120.0,173.4,201.2,194.2,119.57,174.29,202.58,193.64,-0.01976100000000003
1441,0.9890071975407928,3483,3483,0.993,0.995432,580.4,759.4,273.7,209.0,579.49,758.45,274.4,209.44,0.0024319999999999897
1441,0.9498889879932395,27733,27733,0.982,0.879768,92.5,728.9,326.5,281.4,92.52,734.36,318.7,278.15,-0.10223199999999999
1442,0.9695497385532684,3483,3483,0.996,0.988521,607.7,792.6,272.9,204.6,606.58,793.21,275.35,207.92,-0.007479000000000013
1442,0.9903629547141933,27733,27733,0.994,0.949937,129.3,778.1,313.3,275.3,130.66,777.85,311.5,274.72,-0.04406299999999996
1442,0.978375658002909,22347,22347,0.981,0.96682,135.1,178.1,205.2,197.8,134.05,178.32,209.33,197.41,-0.01417999999999997
1444,0.9201997198975629,2483,2483,0.993,0.997015,94.3,691.7,214.0,485.8,80.02,697.44,227.72,477.61,0.004014999999999991
1444,0.9568539363618135,3743,3743,0.981,0.970501,485.0,150.8,313.5,301.7,483.1,146.92,310.94,309.05,-0.010499000000000036
1446,0.9468680431432656,2483,2483,0.993,0.992297,631.8,27.7,196.2,491.5,624.72,28.5,206.44,489.58,-0.0007030000000000092
1446,0.9694905130463914,3743,3743,0.987,0.9848,129.2,803.2,326.9,318.2,128.28,801.03,322.87,322.4,-0.0021999999999999797
1447,0.9917829726979797,3544,3544,0.995,0.941099,103.3,180.0,203.0,199.3,103.16,179.06,203.66,200.3,-0.05390099999999998
1447,0.9898817118659549,16548,16548,0.995,0.845521,44.3,791.0,242.3,234.9,44.01,791.41,243.72,233.88,-0.14947900000000003
1447,0.9800015036722605,29451,29451,0.994,0.996588,465.5,764.1,416.4,248.4,462.94,766.73,419.98,246.04,0.0025880000000000347
1449,0.9929067819344386,16548,16548,0.996,0.90665,80.4,832.3,239.5,227.7,80.09,832.65,240.62,227.56,-0.08935000000000004
1449,0.981671896427513,29451,29451,0.99,0.998002,494.9,803.7,408.6,239.2,494.79,805.47,409.95,235.58,0.008001999999999954
1449,0.9701456282887841,3544,3544,0.978,0.604723,118.9,186.0,206.3,199.6,117.4,183.73,209.8,202.31,-0.37327699999999997
1450,0.9601021721696927,2483,2483,0.993,0.989146,601.7,45.0,215.4,485.9,596.02,40.55,220.22,489.55,-0.003854000000000024
1450,0.9796944507692174,12778,12778,0.981,0.994942,111.6,63.2,292.9,521.6,114.12,58.23,290.79,526.01,0.01394200000000001
1450,0.9719216813249458,25438,25438,0.98,0.95864,124.2,812.9,255.6,254.2,124.74,814.38,251.23,251.36,-0.021359999999999935
1452,0.9503323948254139,2483,2483,0.993,0.954804,597.4,78.7,205.7,475.3,592.4,82.08,208.28,468.01,-0.03819600000000001
1452,0.9802980815025673,13395,13395,0.99,0.659713,601.2,708.6,234.9,522.1,601.51,711.81,234.27,513.19,-0.330287
1452,0.9644678696320317,25438,25438,0.966,0.813573,127.2,824.4,256.7,267.8,126.52,826.81,255.19,261.18,-0.15242699999999998
1452,0.9756491807484251,12778,12778,0.952,0.996099,111.9,85.8,294.2,536.6,113.11,85.12,288.43,535.35,0.044099
1453,0.9904212143599912,3351,3351,0.986,0.981851,457.8,907.3,190.0,191.3,458.46,906.93,189.12,192.26,-0.004148999999999958
1453,0.9825383516299342,18357,18357,0.978,0.997103,49.9,310.6,277.2,330.1,49.74,312.28,275.38,330.01,0.01910299999999998
1453,0.9858758786000279,16688,16688,0.971,0.995784,478.6,122.4,421.9,527.1,478.16,126.03,422.0,520.61,0.024784000000000028
1455,0.9858126566878629,18357,18357,0.987,0.992661,652.6,650.4,278.7,340.4,651.03,650.39,278.93,341.72,0.005661000000000027
1455,0.9689966775514268,16688,16688,0.97,0.976854,71.0,619.2,441.2,591.5,74.47,618.49,446.83,593.4,0.006854000000000027
1455,0.9832037061728678,3351,3351,0.96,0.978066,333.3,193.0,184.1,182.1,334.47,193.07,182.39,180.72,0.018066000000000026
1458,0.9624361582858849,2483,2483,0.995,0.96576,609.6,67.2,247.1,471.4,607.92,70.37,243.28,469.34,-0.029240000000000044
1458,0.9802429493031387,25438,25438,0.969,0.929456,109.8,830.7,256.5,252.7,110.81,831.28,252.6,252.72,-0.039544000000000024
1459,0.958923802669168,2483,2483,0.996,0.991755,626.4,62.5,223.0,474.0,623.06,71.27,225.52,462.88,-0.004244999999999943
1459,0.9801084593083327,12081,12081,0.993,0.99159,650.0,692.5,243.6,468.2,650.29,695.25,244.25,461.18,-0.0014100000000000223
1460,0.9695078853927124,2483,2483,0.994,0.994461,52.1,700.8,256.7,476.8,51.18,706.03,254.91,468.84,0.0004610000000000447
1460,0.9803919795683341,12081,12081,0.991,0.996251,71.1,127.5,225.4,430.4,73.15,128.03,225.4,430.04,0.005251000000000006
1461,0.9632580643094638,2483,2483,0.995,0.960644,631.9,35.1,242.7,476.0,631.55,33.92,235.83,478.85,-0.03435599999999994
1461,0.9876891050854466,12081,12081,0.991,0.993703,642.5,688.4,234.8,450.8,642.24,691.22,235.81,447.15,0.002703000000000011
1462,0.977681421107895,25367,25367,0.991,0.992654,525.5,674.0,422.9,465.5,527.15,678.14,420.81,465.44,0.0016540000000000443
1462,0.9904663920377916,20238,20238,0.99,0.905247,133.6,868.4,231.5,227.5,132.9,868.62,231.78,226.42,-0.08475299999999997
1462,0.9493421873461421,3483,3483,0.989,0.975655,131.7,292.4,275.9,171.1,132.74,287.61,274.8,172.42,-0.01334499999999994
1463,0.9682721068810964,3483,3483,0.997,0.981991,591.7,844.3,281.2,170.2,590.19,845.75,285.36,170.31,-0.01500900000000005
1463,0.9834634706071668,20238,20238,0.992,0.990018,623.8,177.9,224.9,214.5,623.41,176.65,226.59,216.48,-0.0019820000000000393
1463,0.979703583538329,25367,25367,0.979,0.981309,59.9,121.4,422.5,453.9,61.08,128.44,420.54,446.76,0.0023090000000000055
1464,0.9775204534790626,20238,20238,0.994,0.942802,594.5,175.1,219.7,212.4,594.22,173.31,222.21,213.55,-0.051197999999999966
1464,0.9830598376640567,3483,3483,0.991,0.990612,563.3,810.5,284.2,175.3,562.79,811.32,285.39,175.93,-0.00038799999999994395
1464,0.9909899758953861,25367,25367,0.969,0.989169,46.0,103.0,408.5,450.2,46.76,105.34,407.18,447.59,0.020168999999999992
1466,0.9579786116681351,22347,22347,0.99,0.99463,107.8,180.4,198.3,192.8,104.78,178.25,204.15,195.49,0.004630000000000023
1466,0.9912107044601642,3483,3483,0.989,0.992133,562.7,811.4,283.4,174.4,561.96,811.07,284.51,175.26,0.0031330000000000524
1466,0.974285080532259,16262,16262,0.963,0.937307,594.8,176.6,236.2,228.6,593.71,177.24,240.61,229.06,-0.025692999999999966
1473,0.9911392593404146,19607,19607,0.983,0.877309,152.5,217.9,158.1,153.9,152.97,217.35,157.84,154.29,-0.10569099999999998
1473,0.9597536343640545,1900,1900,0.978,0.926817,615.0,861.8,200.7,155.1,617.39,860.65,200.12,158.29,-0.05118299999999998
1474,0.9725224130221426,3483,3483,0.997,0.984453,609.3,790.7,272.3,204.9,607.9,791.74,274.71,206.75,-0.012546999999999975
1474,0.9815209491993461,34597,34597,0.992,0.997919,67.1,101.3,440.4,426.2,67.26,97.45,440.3,434.01,0.005919000000000008
1474,0.9940143406908578,27733,27733,0.991,0.932297,125.8,770.1,313.6,273.9,125.37,769.99,313.15,273.62,-0.05870299999999995
1476,0.9863725681612192,3483,3483,0.996,0.993278,581.8,757.5,273.7,209.6,581.22,756.38,273.88,209.71,-0.002722000000000002
1476,0.9483925171393747,27733,27733,0.986,0.921334,89.0,721.9,327.1,282.6,89.65,726.0,318.88,282.27,-0.064666
1476,0.9748686041429798,34597,34597,0.979,0.991077,53.9,73.0,427.7,432.0,53.42,74.51,434.34,433.35,0.012077000000000004
1477,0.979016662003381,36637,36637,0.996,0.983951,87.7,231.9,239.0,209.3,88.55,232.34,235.56,209.84,-0.012048999999999976
1477,0.9896735282731975,18357,18357,0.984,0.937579,359.4,679.5,249.0,369.9,359.22,680.61,249.9,370.19,-0.046420999999999935
1477,0.9872771194249502,3351,3351,0.969,0.969458,651.2,289.3,182.7,181.8,652.13,288.83,182.31,182.67,0.00045800000000006946
1480,0.9810997534548617,3544,3544,0.993,0.971321,642.4,877.0,214.2,211.6,640.33,875.87,216.7,212.27,-0.021679000000000004
1480,0.9909004834298971,16548,16548,0.989,0.948445,173.9,834.1,240.2,237.7,173.12,833.68,240.39,237.72,-0.04055500000000001
1483,0.9660850103413667,3483,3483,0.998,0.969777,147.3,218.9,250.1,224.6,147.5,220.47,249.07,217.88,-0.028222999999999998
1483,0.9539470243036784,19861,19861,0.993,0.98788,637.5,277.4,221.1,169.2,641.41,278.95,219.12,169.64,-0.005120000000000013
1483,0.9758805113295944,35206,35206,0.989,0.933877,107.3,774.9,302.0,390.0,103.81,773.08,304.1,393.27,-0.05512300000000003
1483,0.9763220294307606,28763,28763,0.98,0.980124,629.6,897.7,225.0,215.0,630.2,895.82,221.72,216.73,0.000124000000000013
1485,0.9872452298559944,3483,3483,0.996,0.980865,600.8,868.4,257.7,230.5,601.04,869.54,256.55,230.15,-0.01513500000000001
1485,0.9776553145622542,19861,19861,0.993,0.953081,127.4,865.0,220.3,167.2,128.73,864.44,220.13,169.11,-0.03991900000000004
1485,0.9833102882282112,28763,28763,0.985,0.994839,147.1,167.8,212.3,201.5,146.34,167.81,214.71,202.6,0.009839000000000042
1488,0.9707121578622614,31863,31863,0.997,0.990918,626.0,831.4,206.2,204.0,627.81,830.39,204.89,207.84,-0.006082000000000032
1488,0.9830499478584519,3351,3351,0.982,0.980205,391.8,207.4,183.9,182.1,393.61,206.9,181.39,182.72,-0.001794999999999991
1488,0.9754359377143947,21325,21325,0.977,0.961142,212.6,827.8,200.0,197.7,210.21,826.33,202.78,199.9,-0.015857999999999928
1489,0.9849223155227865,20238,20238,0.995,0.995196,183.8,280.3,225.5,218.4,184.06,281.0,227.15,218.23,0.00019599999999997397
1489,0.9911877158564227,3351,3351,0.992,0.978171,402.3,850.6,189.0,191.0,402.58,849.57,188.41,192.1,-0.01382899999999998
1489,0.9752932782232046,20014,20014,0.984,0.993522,537.0,289.3,338.2,316.7,533.13,286.69,343.17,320.02,0.00952200000000003
1492,0.9751078151765994,18147,18147,0.988,0.965393,527.3,297.2,342.4,352.1,525.86,295.58,340.15,355.74,-0.022607000000000044
1492,0.9767173783037499,3351,3351,0.987,0.965283,380.2,904.4,188.7,190.4,378.99,903.48,190.28,193.32,-0.021716999999999986
1492,0.9712196313764351,21325,21325,0.978,0.980222,183.0,277.3,159.7,231.5,184.15,277.1,160.77,229.99,0.0022220000000000573
1493,0.9723554338413599,3351,3351,0.992,0.98033,366.3,138.1,185.2,188.1,367.45,135.88,184.59,191.71,-0.011669999999999958
1493,0.9767468193595222,18147,18147,0.989,0.993506,60.1,545.6,348.1,372.5,61.86,543.33,345.56,378.63,0.00450600000000001
1493,0.9862990873067523,21325,21325,0.977,0.987638,598.7,722.0,158.1,239.3,598.63,721.24,159.63,239.82,0.010638000000000036
1497,0.9716098292474489,3483,3483,0.998,0.968625,565.2,837.7,260.4,238.9,565.62,841.15,260.23,232.71,-0.02937500000000004
1497,0.9749032902942736,19861,19861,0.992,0.992476,85.6,825.0,225.7,176.9,84.21,826.19,229.89,175.78,0.00047600000000003195
1497,0.959182032412689,29667,29667,0.986,0.990849,611.5,198.5,216.9,212.5,609.23,197.64,222.6,215.87,0.004848999999999992
1500,0.9788867581521621,38162,38162,0.993,0.986733,197.6,734.3,185.5,297.9,195.65,733.05,187.72,297.57,-0.0062670000000000226
1500,0.9881734891116762,41768,41768,0.992,0.989881,572.3,859.2,348.2,179.6,574.02,859.9,346.28,178.46,-0.002118999999999982
1500,0.989874484711067,3351,3351,0.979,0.934995,351.4,238.1,184.3,180.5,352.1,237.44,183.76,181.5,-0.04400499999999996
