annotation_id,image_id,category_id,bbox_x,bbox_y,bbox_w,bbox_h,score
1,1,1900,157.97,252.92,202.74,122.51,0.987273
2,1,27926,600.88,676.67,252.52,478.32,0.966599
3,1,24850,172.01,741.91,185.63,291.39,0.957636
4,1,16551,557.93,68.32,396.61,408.6,0.951382
5,10,1900,644.89,843.97,186.9,189.59,0.973432
6,10,21771,642.3,289.01,189.23,184.35,0.973389
7,10,29451,103.6,237.19,410.55,218.33,0.96985
8,10,16548,103.39,806.71,241.73,238.86,0.931477
9,100,33009,515.29,792.43,387.98,210.25,0.973133
10,100,1900,136.64,244.33,188.67,161.2,0.972172
11,100,16548,586.11,131.25,232.82,224.74,0.942898
12,1003,16232,648.21,184.95,191.69,180.67,0.981748
13,1003,34597,38.04,160.0,451.57,417.2,0.967625
14,1003,3483,606.94,792.39,274.74,208.7,0.937237
15,1003,27733,123.52,769.61,315.9,274.17,0.93295
16,1004,16232,141.4,893.09,198.02,192.78,0.974795
17,1004,27733,564.53,260.06,301.7,265.26,0.97101
18,1004,34597,509.0,662.86,459.87,433.52,0.970385
19,1004,3483,123.82,307.25,269.25,201.82,0.967631
20,1005,16232,619.42,178.15,187.75,184.16,0.979785
21,1005,34597,22.07,129.71,440.66,420.94,0.974403
22,1005,3483,579.78,759.4,275.85,211.16,0.957901
23,1005,27733,87.54,721.73,324.74,283.95,0.932973
24,1006,20238,618.46,195.82,227.02,217.9,0.973091
25,1006,25469,49.57,857.15,376.36,218.19,0.964498
26,1006,25367,43.93,179.8,447.54,419.91,0.960333
27,1006,3483,602.13,845.84,278.47,186.83,0.94087
28,1007,20238,589.05,191.48,222.59,214.39,0.976805
29,1007,25469,14.47,812.2,379.6,222.33,0.976755
30,1007,25367,31.66,157.15,431.27,418.63,0.965717
31,1007,3483,575.06,809.91,281.15,192.89,0.954395
32,1009,25469,14.97,813.05,378.89,221.4,0.97805
33,1009,22347,77.92,197.55,202.09,196.2,0.973099
34,1009,3483,574.67,809.52,281.83,193.29,0.954859
35,1009,16262,547.07,188.8,238.86,227.42,0.94539
36,1010,22347,94.35,206.36,205.19,198.3,0.977238
37,1010,25469,48.85,857.79,376.46,217.64,0.963263
38,1010,16262,574.25,194.91,245.13,231.78,0.942918
39,1010,3483,601.45,845.78,280.21,188.14,0.941503
40,1012,1900,142.21,243.24,198.14,126.35,0.985254
41,1012,24850,138.75,703.88,189.41,295.83,0.964288
42,1012,27926,571.81,629.62,262.5,486.86,0.951415
43,1012,16548,611.16,158.84,233.97,224.04,0.939789
44,1013,1900,630.94,893.51,210.34,132.86,0.980481
45,1013,27926,150.86,145.05,251.34,451.04,0.97117
46,1013,24850,636.0,273.75,183.74,278.75,0.955226
47,1013,16548,105.53,866.78,241.05,238.07,0.924007
48,1014,1900,158.07,253.3,202.87,122.62,0.990194
49,1014,27926,601.29,678.13,252.73,475.21,0.963581
50,1014,24850,172.2,742.03,185.61,291.68,0.957131
51,1014,16548,640.41,164.38,239.34,224.76,0.942731
52,1015,20877,115.33,768.52,333.79,231.5,0.967294
53,1015,30308,67.86,125.69,399.77,405.41,0.955752
54,1015,35206,660.64,175.28,224.73,402.75,0.955656
55,1015,3483,652.18,749.57,210.12,266.98,0.952817
56,1016,3483,142.85,291.73,211.33,258.5,0.973383
57,1016,35206,97.71,670.9,237.85,413.19,0.962907
58,1016,30308,536.1,722.41,407.15,413.7,0.958659
59,1016,20877,542.67,294.21,330.05,237.91,0.951766
60,1018,29667,88.69,862.95,229.59,226.32,0.976925
61,1018,27733,559.46,256.63,302.04,262.95,0.971563
62,1018,30308,445.8,745.52,468.95,304.45,0.969578
63,1018,3483,123.37,306.93,269.72,201.93,0.968306
64,1019,29667,668.0,181.93,224.59,214.21,0.97733
65,1019,30308,98.18,213.09,456.23,297.25,0.974275
66,1019,27733,130.33,776.56,314.3,275.89,0.947081
67,1019,3483,606.77,793.41,274.82,207.56,0.939391
68,102,1900,151.49,254.26,195.09,161.53,0.981301
69,102,33009,547.94,837.47,374.02,198.87,0.973339
70,102,16548,614.53,135.74,238.75,228.67,0.926341
71,1020,29667,639.65,177.18,218.68,214.74,0.976288
72,1020,30308,79.48,192.63,448.4,295.66,0.975418
73,1020,3483,580.32,759.1,275.46,210.64,0.960342
74,1020,27733,92.7,728.71,325.35,282.87,0.934928
75,1022,1900,148.92,240.31,181.44,181.51,0.973655
76,1022,29451,39.61,800.73,421.47,226.47,0.970516
77,1022,33208,582.94,810.54,215.39,205.35,0.9631
78,1022,16551,625.51,21.71,283.78,470.88,0.943737
79,1023,29451,71.68,843.87,420.64,217.84,0.979027
80,1023,1900,168.29,249.21,181.6,180.04,0.974639
81,1023,33208,610.18,843.15,212.86,201.45,0.953596
82,1023,16551,655.15,25.29,289.56,487.16,0.94091
83,1025,28763,644.44,862.45,220.6,212.75,0.963132
84,1025,3483,143.23,291.01,211.64,258.0,0.961923
85,1025,16262,108.96,838.08,249.79,240.8,0.951387
86,1025,20877,543.16,293.28,329.84,239.88,0.947744
87,1026,28763,135.23,206.13,211.56,200.88,0.980083
88,1026,20877,115.36,769.31,333.14,231.48,0.968761
89,1026,16262,629.55,191.8,244.89,232.57,0.964362
90,1026,3483,650.81,751.57,210.61,266.04,0.961578
91,1027,13900,188.64,283.95,198.18,235.29,0.982638
92,1027,3351,354.02,883.15,189.68,193.65,0.942379
93,1027,16232,600.87,263.42,187.03,187.0,0.573915
94,1027,22074,600.83,263.01,187.4,186.39,0.500847
95,1028,16232,135.53,779.81,190.46,189.34,0.980876
96,1028,13900,552.97,707.08,205.99,247.99,0.977675
97,1028,3351,391.13,156.8,184.17,189.0,0.953683
98,1029,13900,593.02,797.07,200.73,242.15,0.982691
99,1029,16232,178.02,865.99,188.96,192.27,0.976565
100,1029,3351,435.51,215.21,185.49,183.8,0.947479
101,1030,34597,43.74,146.19,450.09,410.71,0.970951
102,1030,3483,580.3,758.4,276.43,210.63,0.964101
103,1030,27733,88.45,722.01,323.13,283.64,0.931175
104,1030,35206,570.1,118.65,253.33,380.89,0.895726
105,1034,19861,637.86,276.58,222.49,172.36,0.982564
106,1034,3483,149.41,220.44,248.78,219.66,0.973084
107,1034,28763,650.03,883.54,219.96,213.92,0.964108
108,1034,36637,94.91,906.74,273.75,164.49,0.963227
109,1039,28763,125.86,213.67,215.04,203.13,0.981818
110,1039,25469,49.0,857.84,376.23,217.52,0.964963
111,1039,3483,601.73,845.98,280.45,187.9,0.947326
112,1039,16262,574.68,194.88,243.82,232.27,0.865096
113,104,3351,324.58,205.22,182.18,185.49,0.961577
114,104,21325,616.23,760.46,175.31,232.96,0.954287
115,104,18357,108.68,609.79,247.87,368.61,0.946368
116,1041,28763,651.76,853.1,222.11,214.05,0.975489
117,1041,25469,572.66,232.18,370.99,219.48,0.966807
118,1041,3483,123.55,273.8,274.36,187.47,0.960099
119,1041,16262,166.94,835.58,248.95,241.28,0.928722
120,1043,18357,52.46,626.67,265.85,351.47,0.958051
121,1043,3351,314.29,169.91,183.32,188.42,0.950551
122,1043,35206,512.19,605.53,244.32,415.1,0.947803
123,1044,18357,94.6,721.56,264.29,354.44,0.953338
124,1044,3351,350.85,230.61,188.42,180.39,0.946745
125,1044,35206,552.58,702.16,238.05,407.35,0.944508
126,1045,28763,133.25,213.92,210.07,200.55,0.982573
127,1045,3483,624.44,717.83,210.75,272.85,0.971009
128,1045,29667,594.91,178.73,219.09,214.33,0.970554
129,1045,20877,41.78,756.86,328.54,250.44,0.959615
130,1046,28763,151.2,223.33,213.73,201.88,0.978978
131,1046,29667,624.14,183.42,223.68,214.37,0.96994
132,1046,20877,73.89,800.1,328.58,242.57,0.966403
133,1046,3483,650.65,751.51,211.18,267.15,0.961956
134,1047,29667,135.59,862.32,229.16,225.82,0.975261
135,1047,28763,625.89,844.82,223.88,212.89,0.973718
136,1047,20877,588.42,258.95,325.54,248.59,0.962956
137,1047,3483,143.64,291.15,211.28,256.94,0.956112
138,1050,22362,609.26,776.14,252.21,409.96,0.981621
139,1050,2483,650.92,81.13,196.98,490.4,0.956948
140,1050,12778,94.79,175.87,341.68,469.94,0.62735
141,1051,2483,86.37,673.54,228.04,484.25,0.962875
142,1053,2483,617.58,53.91,221.03,484.7,0.963785
143,1055,29667,648.14,185.53,219.38,213.91,0.976738
144,1055,31885,59.53,34.51,421.77,484.93,0.967319
145,1055,3483,569.74,767.36,279.53,206.95,0.966549
146,1055,27733,80.5,726.88,331.96,273.31,0.947791
147,1056,29667,678.57,190.55,224.35,213.59,0.978961
148,1056,3483,600.62,800.14,275.88,205.61,0.959341
149,1056,27733,118.12,775.44,322.14,265.86,0.952875
150,1056,31885,69.48,52.52,446.41,488.79,0.952738
151,1057,2483,609.46,67.45,247.69,473.45,0.972262
152,1057,25438,110.54,830.47,255.86,254.39,0.971263
153,1057,12778,78.99,76.11,331.83,501.65,0.95518
154,1057,3832,643.57,709.35,217.7,445.14,0.707377
155,1058,12778,85.13,105.49,326.64,507.73,0.969353
156,1058,2483,595.82,110.09,257.3,454.56,0.969148
157,1058,25438,110.28,841.77,261.33,266.17,0.960873
158,1058,3832,656.35,712.03,215.9,461.73,0.716447
159,1060,25438,555.81,205.3,246.15,252.07,0.981316
160,1060,2483,117.76,674.83,208.42,494.47,0.971022
161,1060,13395,107.22,44.82,251.26,491.49,0.95397
162,1060,12778,531.29,643.12,354.87,472.0,0.773444
163,1064,34597,58.31,134.41,453.93,413.62,0.972318
164,1064,20238,618.31,195.78,226.02,217.4,0.970556
165,1064,25469,49.32,857.97,375.62,217.11,0.965923
166,1064,3483,602.16,845.68,279.82,187.52,0.946813
167,1065,34597,484.6,688.13,464.56,431.34,0.975297
168,1065,20238,139.64,851.5,232.08,225.04,0.97134
169,1065,25469,569.48,232.06,372.51,219.25,0.967124
170,1065,3483,123.55,273.68,274.63,187.86,0.958616
171,1067,28763,678.18,257.63,211.7,197.25,0.9892
172,1067,16262,117.39,847.4,248.89,240.97,0.972559
173,1067,31885,554.67,674.75,405.21,527.58,0.966564
174,1067,3483,132.37,291.45,276.02,168.87,0.966558
175,1069,1900,624.69,891.32,204.09,135.99,0.986472
176,1069,21771,117.23,203.32,189.54,185.17,0.975307
177,1069,16548,642.93,165.13,239.64,226.01,0.939423
178,1070,1900,173.8,281.45,202.93,139.51,0.985017
179,1070,21771,686.61,883.53,198.85,192.65,0.981162
180,1070,16548,103.06,865.09,241.29,238.23,0.924273
181,1073,22347,115.08,197.84,202.54,196.75,0.977422
182,1073,3483,535.05,777.93,271.41,223.54,0.970669
183,1073,27777,143.65,774.56,178.12,205.74,0.956066
184,1073,36637,637.46,177.11,181.15,242.93,0.95482
185,1075,4543,609.91,141.96,205.82,200.71,0.980419
186,1075,3544,103.09,162.32,203.09,197.67,0.970214
187,1075,16551,93.7,592.5,342.26,464.74,0.96716
188,1076,4543,132.77,918.04,213.26,211.38,0.984284
189,1076,3544,669.23,899.38,214.7,213.48,0.974874
190,1076,16551,534.37,192.1,328.87,437.96,0.963072
191,1077,4543,638.97,142.25,211.06,203.01,0.982897
192,1077,16551,128.97,644.97,332.75,457.15,0.975966
193,1077,3544,118.47,166.45,206.61,202.15,0.974629
194,1079,22347,119.54,220.32,205.85,197.86,0.982628
195,1079,29667,625.29,186.68,223.05,214.45,0.970624
196,1079,20877,71.31,799.61,326.55,242.85,0.964284
197,1079,3483,647.68,754.93,210.88,267.92,0.962275
198,108,2483,599.82,80.94,246.67,477.29,0.966274
199,108,12778,103.94,50.25,300.99,521.85,0.961842
200,108,25438,143.69,844.88,255.52,253.51,0.961809
201,108,22362,588.32,742.88,254.09,409.24,0.958671
202,1080,22347,103.43,211.32,201.96,194.98,0.978052
203,1080,29667,595.61,181.93,219.86,214.02,0.97132
204,1080,3483,620.39,722.3,213.14,270.58,0.970724
205,1080,20877,37.86,756.1,328.59,249.37,0.957525
206,1081,1900,610.53,901.69,205.31,132.91,0.987454
207,1081,16551,485.79,199.9,453.61,328.37,0.951369
208,1085,16232,627.37,221.46,188.12,183.36,0.976045
209,1085,3483,624.78,717.39,212.29,271.15,0.972266
210,1085,20877,82.8,725.14,337.29,241.62,0.965895
211,1085,25367,33.09,131.65,440.1,408.09,0.964634
212,1087,3544,134.44,176.54,203.43,198.81,0.97391
213,1087,16551,87.93,588.89,294.51,485.78,0.907546
214,1089,3544,635.57,887.54,213.97,213.74,0.981488
215,1089,16551,581.33,182.28,294.0,460.2,0.959387
216,109,19861,637.57,276.72,222.86,172.75,0.982248
217,109,25367,580.54,717.76,390.29,497.73,0.973352
218,109,3483,147.85,220.56,250.21,219.81,0.972794
219,109,35206,109.74,772.14,299.53,391.78,0.952066
220,1092,1900,653.34,850.08,209.09,159.21,0.976685
221,1092,16548,83.98,914.07,242.95,239.0,0.962108
222,1092,33009,565.53,214.02,322.72,291.42,0.956509
223,1093,19861,637.31,276.93,222.99,172.4,0.982631
224,1093,16262,100.64,851.97,249.14,240.51,0.974138
225,1093,3483,148.65,220.09,249.83,220.51,0.972712
226,1093,34597,501.74,695.9,460.05,434.32,0.972082
227,1095,16262,637.87,176.18,245.16,230.98,0.980184
228,1095,19861,127.59,864.86,220.53,166.84,0.979606
229,1095,3483,600.7,869.56,258.15,229.03,0.967629
230,1095,34597,45.56,124.45,450.72,416.92,0.965599
231,1096,27993,550.88,778.18,305.69,241.2,0.980182
232,1096,3544,93.34,197.16,201.15,199.37,0.973854
233,1096,16551,483.62,111.21,437.42,329.1,0.969134
234,1097,16551,511.84,121.83,448.93,333.13,0.970472
235,1097,3544,107.94,205.58,208.36,200.82,0.965281
236,1097,27993,575.89,816.36,305.16,231.49,0.963827
237,1098,27993,125.14,253.06,295.03,235.63,0.979535
238,1098,3544,677.47,861.88,214.84,211.83,0.974264
239,1098,16551,22.25,783.68,463.07,347.15,0.970961
240,110,19861,127.61,865.04,220.15,166.72,0.981245
241,110,25367,42.57,54.63,384.82,475.78,0.97139
242,110,3483,600.84,868.99,258.09,229.69,0.965305
243,110,35206,583.24,96.45,288.53,375.97,0.923402
244,1100,3483,535.78,777.82,269.53,223.79,0.968739
245,1100,31885,55.06,97.56,416.88,490.54,0.968264
246,1100,36637,636.19,177.43,182.25,244.57,0.95385
247,1100,27777,144.38,774.41,177.28,206.1,0.949676
248,1101,3483,564.18,814.36,264.19,217.49,0.974972
249,1101,31885,67.73,122.9,438.98,491.93,0.968903
250,1101,27777,178.79,812.31,172.18,202.33,0.960095
251,1101,36637,664.95,180.77,187.3,249.22,0.958772
252,1105,22347,112.69,212.62,204.72,197.08,0.978801
253,1105,35206,604.33,125.34,254.27,391.81,0.94552
254,1105,27733,124.59,770.26,315.05,274.99,0.943594
255,1105,3483,608.34,793.0,273.17,207.5,0.934455
256,1109,28763,97.41,855.3,214.79,201.7,0.987786
257,1109,28763,140.55,226.3,211.47,200.61,0.982805
258,1109,16262,622.95,181.21,242.86,231.71,0.955707
259,1109,3483,590.14,846.08,284.33,170.66,0.955072
260,1111,28763,61.09,812.73,219.53,207.42,0.980256
261,1111,28763,116.13,189.54,207.91,198.54,0.979258
262,1111,29667,603.09,175.79,219.95,214.43,0.979233
263,1111,3483,560.45,810.02,285.86,177.79,0.953763
264,1114,28763,677.49,257.08,212.16,197.54,0.989546
265,1114,30308,558.05,698.64,400.92,419.85,0.972294
266,1114,3483,132.94,291.75,274.94,168.44,0.960786
267,1114,35206,103.31,687.51,206.08,415.85,0.958805
268,1115,28763,62.04,812.86,219.54,207.46,0.981564
269,1115,35206,649.24,142.86,202.54,400.98,0.961841
270,1115,3483,561.35,811.54,286.43,176.2,0.960606
271,1115,30308,40.59,125.7,378.89,401.98,0.954017
272,1116,28763,96.73,855.23,214.87,202.2,0.987402
273,1116,3483,590.04,846.47,282.97,170.91,0.953341
274,1116,30308,55.5,141.67,389.7,413.43,0.951269
275,1116,35206,680.17,152.32,203.84,408.11,0.9508
276,1118,3544,677.4,859.82,214.98,212.25,0.980954
277,1118,16548,101.95,881.54,241.88,239.18,0.946976
278,1119,3544,107.71,207.91,209.02,200.34,0.964233
279,1119,16548,644.37,146.45,238.17,226.71,0.946859
280,112,33009,557.34,810.54,374.98,208.84,0.976429
281,112,3544,127.37,235.84,208.56,200.68,0.973518
282,112,16551,157.43,586.1,307.64,470.77,0.968123
283,1121,29667,140.8,871.33,227.04,226.32,0.973596
284,1121,28763,620.81,860.19,219.8,214.79,0.973498
285,1121,25469,571.95,186.48,330.76,286.12,0.965664
286,1121,3483,123.92,273.35,274.32,185.69,0.958091
287,1123,16262,152.85,805.0,248.46,239.75,0.974696
288,1123,27733,563.69,259.16,303.87,267.69,0.974433
289,1123,3483,123.96,306.53,269.03,202.04,0.970221
290,1123,25367,493.67,668.06,451.1,436.86,0.966566
291,1125,16262,590.68,227.11,242.84,229.63,0.981755
292,1125,25367,63.21,162.02,445.23,422.68,0.966349
293,1125,3483,606.68,791.87,274.68,209.79,0.940896
294,1125,27733,123.88,768.91,316.04,275.6,0.926464
295,1126,16262,109.92,836.77,248.94,241.64,0.969674
296,1126,3483,144.24,290.32,211.84,257.23,0.966862
297,1126,31885,509.12,731.38,464.47,479.18,0.964657
298,1126,20877,541.43,294.56,332.04,237.83,0.951338
299,1129,20238,113.06,855.52,232.45,226.21,0.98176
300,1129,27733,564.67,259.75,302.17,266.11,0.974916
301,1129,22347,682.07,827.96,213.41,206.15,0.973407
302,1129,3483,123.87,306.51,270.23,202.39,0.964042
303,113,3544,660.2,833.7,212.55,210.73,0.977653
304,113,33009,75.65,270.65,363.47,219.17,0.969652
305,113,16551,531.67,228.47,306.18,457.14,0.952401
306,1135,1900,151.99,254.37,195.6,161.58,0.981323
307,1135,33009,548.3,837.04,373.18,198.84,0.975781
308,1135,16551,606.87,57.47,287.97,478.55,0.911067
309,1136,33009,86.47,257.46,368.71,208.2,0.981195
310,1136,1900,643.66,855.2,203.44,172.99,0.980441
311,1136,16551,90.77,703.86,293.65,495.17,0.940969
312,1138,28763,63.93,812.6,219.89,207.97,0.981214
313,1138,20238,593.89,174.17,221.26,212.76,0.980602
314,1138,34597,33.06,89.36,370.08,476.61,0.972889
315,1138,3483,562.87,810.56,288.32,176.26,0.958159
316,114,3544,110.13,225.73,202.48,199.19,0.971911
317,114,16551,124.77,537.19,313.09,476.99,0.970472
318,114,33009,530.02,765.18,379.28,223.38,0.969732
319,1140,28763,99.24,855.38,214.12,202.09,0.981295
320,1140,34597,47.87,117.93,380.41,474.32,0.977218
321,1140,20238,624.15,177.85,225.64,214.87,0.972368
322,1140,3483,592.12,846.31,282.98,170.62,0.952497
323,1141,25438,556.04,195.44,246.15,253.13,0.97381
324,1141,2483,65.43,654.54,309.39,448.8,0.973379
325,1141,12081,64.84,117.97,228.98,425.93,0.965889
326,1142,25438,121.42,822.37,255.42,254.3,0.977725
327,1142,12081,647.71,701.71,240.15,449.43,0.973192
328,1142,2483,573.94,113.93,295.88,456.3,0.971802
329,1143,12081,654.85,708.8,251.26,460.11,0.973754
330,1143,25438,122.47,832.1,260.68,268.4,0.970795
331,1143,2483,566.82,148.91,298.87,440.34,0.965819
332,1144,16262,574.54,195.18,243.35,232.48,0.96985
333,1144,25469,49.21,856.95,376.4,218.38,0.967841
334,1144,31885,56.06,173.61,439.38,485.32,0.961127
335,1144,3483,601.72,845.35,280.48,187.59,0.940229
336,1148,16232,146.17,732.42,194.52,192.1,0.970746
337,1148,3351,382.0,162.54,188.31,188.19,0.954016
338,1148,41768,556.75,630.14,267.79,310.29,0.913722
339,1149,16232,190.07,820.52,189.29,189.65,0.97421
340,1149,41768,599.1,721.87,259.8,308.14,0.954564
341,1149,3351,426.37,220.03,187.05,184.18,0.954455
342,115,27733,558.96,256.12,302.42,264.11,0.968436
343,115,25367,495.68,646.75,422.7,461.64,0.96718
344,115,3483,123.33,307.56,269.32,201.11,0.966593
345,115,36637,101.21,880.4,268.2,178.92,0.962776
346,1150,29667,630.01,163.74,222.97,215.53,0.981176
347,1150,34597,82.86,59.36,404.25,459.87,0.971295
348,1150,27777,177.98,812.52,172.39,201.94,0.96445
349,1150,3483,563.59,815.51,264.8,216.83,0.961609
350,1153,19861,127.52,865.4,220.03,166.06,0.980382
351,1153,22347,144.68,210.61,207.03,197.57,0.98011
352,1153,16232,647.13,175.11,190.22,185.68,0.977921
353,1153,3483,601.13,869.91,257.5,228.73,0.969412
354,1154,3483,573.4,836.2,261.02,232.35,0.979171
355,1154,22347,126.63,201.37,203.09,196.35,0.978505
356,1154,16232,618.3,171.53,185.17,182.32,0.978403
357,1154,19861,92.0,828.51,225.48,175.14,0.977853
358,1155,19861,637.2,276.61,223.21,172.54,0.982382
359,1155,16232,144.52,899.25,195.69,192.44,0.982177
360,1155,22347,639.97,860.81,215.82,208.55,0.974595
361,1155,3483,148.32,220.81,250.14,218.79,0.973602
362,1156,13900,180.63,282.82,207.6,229.83,0.985438
363,1156,16262,572.75,307.49,242.49,237.01,0.978332
364,1156,3351,393.62,857.49,187.93,191.48,0.957267
365,1157,16262,108.98,676.76,250.32,244.91,0.97946
366,1157,13900,551.83,714.44,214.58,242.64,0.975938
367,1157,3351,354.46,180.53,185.53,192.51,0.941219
368,1158,13900,592.63,804.55,208.91,237.07,0.979558
369,1158,16262,152.31,767.49,246.06,239.17,0.977564
370,1158,3351,397.02,244.24,186.06,181.08,0.947998
371,1159,16232,646.44,295.54,188.63,192.03,0.984423
372,1159,18357,155.56,300.34,236.27,352.66,0.962719
373,1159,3351,402.79,809.55,188.54,190.84,0.960158
374,1161,16232,131.91,816.56,187.95,187.93,0.976772
375,1161,3351,385.7,280.65,186.82,182.42,0.966872
376,1161,18357,584.75,613.89,240.43,372.32,0.947744
377,1163,3544,119.62,185.44,207.0,201.39,0.977572
378,1163,29451,493.26,804.73,409.25,238.66,0.969033
379,1163,16551,42.52,603.52,304.52,473.86,0.966279
380,1164,3544,104.35,179.99,202.29,199.78,0.968333
381,1164,29451,460.51,766.82,418.91,246.57,0.954536
382,1164,16551,10.81,554.78,306.69,480.94,0.950762
383,1166,25469,571.79,186.08,329.77,287.44,0.964724
384,1166,3483,125.92,274.19,272.36,185.5,0.958188
385,1166,25367,567.32,682.76,395.93,487.75,0.957986
386,1166,36637,133.02,830.48,179.48,261.93,0.956567
387,1167,25469,88.85,829.09,338.17,304.0,0.97426
388,1167,36637,673.87,172.14,175.37,255.09,0.963643
389,1167,25367,47.64,92.84,391.84,475.52,0.962846
390,1167,3483,601.35,847.13,280.03,187.15,0.936733
391,1168,29667,591.4,167.99,218.26,215.53,0.977434
392,1168,25469,50.36,787.79,351.35,300.95,0.969782
393,1168,30308,43.04,16.17,347.5,425.53,0.961356
394,1168,3483,574.69,810.71,281.03,192.02,0.954656
395,1170,29667,619.83,172.28,223.01,216.04,0.975037
396,1170,25469,87.74,829.48,339.25,303.19,0.971455
397,1170,30308,54.24,22.83,358.33,439.6,0.938946
398,1170,3483,600.73,846.31,280.62,187.26,0.93242
399,1171,4543,638.7,151.52,202.2,200.38,0.987268
400,1171,3544,122.21,181.44,203.19,199.49,0.98491
401,1171,16548,579.55,745.53,242.88,233.13,0.933098
402,1173,4543,104.13,906.79,214.12,210.6,0.986044
403,1173,3544,646.81,876.35,214.91,213.48,0.977249
404,1173,16548,160.82,286.87,232.17,224.93,0.941961
405,1174,28763,678.68,257.25,211.31,196.74,0.990211
406,1174,30308,574.71,758.6,400.57,426.64,0.97129
407,1174,29667,126.09,864.61,228.83,225.49,0.971159
408,1174,3483,132.9,291.2,276.66,168.91,0.963612
409,1176,28763,95.69,854.45,215.35,202.18,0.986507
410,1176,29667,632.3,181.18,223.44,214.18,0.97877
411,1176,30308,41.68,75.31,387.26,417.58,0.947417
412,1176,3483,588.74,846.6,283.52,170.2,0.946562
413,1178,3483,537.64,780.12,269.97,223.04,0.970367
414,1178,20238,576.46,191.41,221.71,213.77,0.964853
415,1178,31885,102.85,49.24,402.62,501.1,0.961825
416,1178,27777,144.98,776.77,176.93,205.86,0.95814
417,118,13900,62.89,311.33,231.29,212.32,0.98445
418,118,3351,458.24,846.75,188.46,190.16,0.957882
419,118,16688,422.04,81.74,434.52,516.88,0.950654
420,1180,19232,493.73,233.11,328.51,252.19,0.987005
421,1180,3351,395.68,915.58,189.39,192.49,0.964827
422,1180,21325,186.71,305.84,166.42,226.41,0.958433
423,1184,1900,187.84,274.15,202.21,137.71,0.985288
424,1184,16548,143.61,878.22,242.75,239.29,0.946429
425,1184,24850,670.74,829.73,193.09,298.59,0.940426
426,1185,1900,610.27,901.51,206.26,133.34,0.987048
427,1185,24850,137.61,144.22,186.22,292.25,0.96124
428,1185,16548,601.4,151.24,239.95,225.46,0.955163
429,1186,19552,513.34,560.92,316.53,488.71,0.971553
430,1186,2483,83.18,675.11,234.23,481.51,0.965128
431,1186,13395,138.64,110.3,211.88,437.67,0.675356
432,1187,19552,108.79,157.35,322.18,491.2,0.961746
433,1187,2483,616.23,50.51,223.98,488.03,0.960675
434,1189,12081,601.66,709.4,235.2,451.0,0.977818
435,1189,2483,588.98,71.16,246.26,476.2,0.970374
436,1189,3743,119.15,784.78,322.32,321.82,0.956483
437,1189,12778,99.9,129.58,313.59,491.13,0.900398
438,119,13900,650.02,705.7,231.6,223.7,0.981153
439,119,3351,293.06,192.66,185.95,191.05,0.943125
440,119,16688,74.42,579.1,461.24,574.22,0.937585
441,1190,12081,609.63,716.06,243.4,465.03,0.980086
442,1190,2483,586.83,106.37,233.84,465.77,0.954615
443,1190,3743,120.37,795.11,327.69,331.78,0.94739
444,1190,12778,101.08,149.88,311.81,500.81,0.878793
445,1191,12081,109.57,113.02,228.65,424.41,0.977982
446,1191,2483,87.91,668.47,257.63,472.63,0.961108
447,1191,3743,494.77,165.63,312.31,300.14,0.944467
448,1192,33009,86.56,257.26,368.23,207.68,0.981275
449,1192,1900,644.67,855.1,203.18,173.4,0.980155
450,1192,24850,645.14,205.37,180.78,278.3,0.957714
451,1192,16551,84.98,696.82,293.23,492.73,0.927314
452,1194,1900,151.42,254.11,195.25,162.39,0.984341
453,1194,33009,548.58,837.29,372.59,198.35,0.977209
454,1194,24850,166.41,819.11,182.5,291.99,0.959376
455,1194,16551,613.79,63.88,286.62,480.95,0.929244
456,1196,28763,615.86,888.02,220.94,214.22,0.981831
457,1196,3483,172.53,281.24,259.14,211.33,0.96989
458,1196,35206,139.24,705.39,238.43,411.67,0.963506
459,1196,27777,637.31,294.12,175.24,195.38,0.961488
460,1197,28763,162.65,179.73,213.07,201.92,0.985667
461,1197,3483,567.4,813.83,264.03,216.23,0.973261
462,1197,27777,180.53,814.78,172.21,201.15,0.962522
463,1197,35206,617.72,140.33,225.49,403.57,0.949446
464,1198,28763,130.11,216.33,212.53,201.51,0.980717
465,1198,20238,604.46,196.38,227.17,215.08,0.971477
466,1198,3483,567.05,816.9,263.63,216.12,0.965999
467,1198,27777,180.1,816.25,171.94,200.62,0.964649
468,1199,20238,152.59,851.88,232.47,225.14,0.982266
469,1199,27777,638.72,293.48,174.94,194.08,0.976644
470,1199,3483,173.03,277.73,259.31,212.3,0.971552
471,1199,28763,648.86,851.2,221.07,214.45,0.960848
472,120,13900,687.72,797.49,231.36,215.53,0.988196
473,120,16688,118.07,678.08,449.8,574.68,0.965983
474,120,3351,334.09,254.93,184.63,184.75,0.949303
475,1201,3544,144.31,189.69,202.72,197.15,0.973925
476,1201,12247,583.43,815.33,211.86,156.02,0.971331
477,1201,16548,584.72,212.45,233.29,225.36,0.941851
478,1204,32310,65.87,216.12,343.76,252.78,0.982582
479,1204,22074,687.65,263.3,182.3,186.76,0.976803
480,1204,3351,393.36,862.22,190.51,190.67,0.971269
481,1206,32310,568.97,818.58,348.24,269.72,0.982093
482,1206,22074,92.92,852.83,184.26,187.72,0.970084
483,1206,3351,397.14,224.06,183.69,182.79,0.963528
484,1207,16232,153.33,828.49,191.14,191.52,0.984029
485,1207,3483,172.19,280.75,259.66,210.59,0.971905
486,1207,27777,637.34,293.91,175.21,195.32,0.964043
487,1207,22347,686.32,813.65,211.08,206.41,0.961631
488,1209,22347,102.85,260.32,204.16,198.29,0.980655
489,1209,16232,645.32,252.41,186.61,179.47,0.979112
490,1209,3483,567.48,814.53,263.4,215.54,0.971579
491,1209,27777,180.63,814.97,172.28,200.93,0.963907
492,1210,20877,115.5,768.31,333.07,231.27,0.965837
493,1210,34597,66.73,142.19,471.49,383.6,0.958434
494,1210,35206,657.51,174.55,227.44,403.04,0.955526
495,1210,3483,651.5,749.99,210.67,267.51,0.952967
496,1212,34597,455.64,707.69,483.29,404.86,0.976244
497,1212,3483,143.54,291.95,211.09,258.57,0.974732
498,1212,35206,97.86,671.52,239.06,412.18,0.946835
499,1212,20877,543.59,293.84,329.6,242.0,0.946822
500,1213,25438,128.45,836.8,254.06,255.51,0.961962
501,1213,2483,659.59,62.91,199.68,483.54,0.961739
502,1213,13395,590.36,673.07,239.99,498.09,0.959135
503,1213,12778,104.3,4.11,317.5,486.2,0.876687
504,1214,25438,128.23,848.71,260.86,267.22,0.971859
505,1214,2483,652.51,97.38,197.8,473.29,0.9613
506,1214,13395,596.44,677.9,256.43,512.56,0.95913
507,1214,12778,105.45,27.52,311.93,499.27,0.895147
508,1216,3544,660.89,866.56,213.88,211.71,0.974256
509,1216,27926,159.39,174.58,261.39,453.33,0.958547
510,1216,16551,616.91,180.2,284.23,463.16,0.95616
511,1219,3544,104.81,241.77,203.9,199.75,0.970666
512,1219,29345,579.77,666.03,281.82,450.4,0.970244
513,1219,16551,65.56,581.11,336.0,464.68,0.947418
514,122,29667,591.22,168.55,218.38,215.78,0.975946
515,122,25469,48.31,787.32,350.37,301.83,0.965715
516,122,25367,56.2,93.62,368.4,472.35,0.959883
517,122,3483,573.91,810.19,282.0,194.14,0.947066
518,1220,3544,121.42,252.4,207.65,201.23,0.982379
519,1220,29345,606.17,704.33,285.86,441.57,0.974154
520,1220,16551,94.27,628.77,342.97,458.7,0.953518
521,1222,28763,62.21,812.4,220.16,208.32,0.982323
522,1222,25367,92.48,107.58,319.67,488.61,0.969028
523,1222,3483,561.64,810.9,286.65,176.65,0.960943
524,1222,36637,613.95,203.48,186.45,242.67,0.948861
525,1224,28763,97.44,855.31,214.52,201.84,0.986335
526,1224,25367,115.85,121.43,323.14,504.07,0.967368
527,1224,36637,643.43,208.47,189.21,247.68,0.959151
528,1224,3483,589.88,846.49,284.23,170.19,0.948492
529,1226,19861,127.53,865.16,220.32,166.33,0.981056
530,1226,31885,124.2,8.66,324.98,541.8,0.967039
531,1226,3483,600.63,869.32,257.27,229.19,0.965902
532,1226,35206,581.78,96.53,290.03,375.81,0.921398
533,1227,19861,637.18,276.68,222.93,172.4,0.983051
534,1227,3483,148.45,220.57,249.93,219.86,0.973376
535,1227,31885,550.75,690.73,333.64,556.01,0.967877
536,1227,35206,110.01,771.71,299.57,392.1,0.948155
537,1232,29667,134.94,859.51,228.02,225.11,0.977332
538,1232,20877,591.61,258.28,324.94,250.53,0.967479
539,1232,31885,544.3,662.41,403.25,522.17,0.965704
540,1232,3483,145.45,288.95,212.67,257.6,0.961172
541,1235,21771,160.4,806.19,189.77,185.99,0.981389
542,1235,1900,151.04,253.42,195.4,162.41,0.981233
543,1235,33009,547.89,837.76,374.24,199.07,0.974751
544,1235,16548,620.69,144.55,239.75,228.46,0.913102
545,1237,1900,105.51,269.95,203.35,123.79,0.983676
546,1237,16548,613.9,189.64,241.25,224.61,0.941457
547,1238,1900,682.27,879.49,212.22,132.3,0.978473
548,1238,16548,131.25,843.54,244.49,237.64,0.941376
549,1239,1900,89.0,260.4,200.58,125.66,0.976398
550,1239,16548,585.12,181.81,234.21,225.3,0.942679
551,124,1900,173.8,281.53,202.68,140.57,0.983813
552,124,21771,686.93,884.08,198.12,192.13,0.982983
553,124,16551,2.52,766.22,369.1,454.77,0.967291
554,1242,29345,89.98,707.2,289.21,447.51,0.974171
555,1242,1900,159.47,258.78,126.8,200.53,0.973286
556,1242,16551,547.51,88.52,285.12,471.83,0.931114
557,1243,30308,67.13,138.17,374.49,427.78,0.948433
558,1243,3483,608.06,792.41,272.95,208.2,0.943704
559,1243,27733,125.03,769.25,314.66,275.46,0.936519
560,1243,35206,602.67,125.76,256.95,389.35,0.934033
561,1244,30308,562.24,689.85,383.77,431.96,0.972152
562,1244,27733,563.84,259.7,302.09,265.43,0.971945
563,1244,3483,122.86,307.32,269.18,202.13,0.964116
564,1244,35206,125.68,732.79,270.19,401.38,0.881554
565,1245,3483,581.02,758.4,275.51,211.32,0.962507
566,1245,30308,53.63,123.46,364.47,414.32,0.95017
567,1245,27733,88.25,721.37,324.39,284.55,0.931505
568,1245,35206,572.13,118.81,251.41,380.7,0.902127
569,1246,16262,574.23,187.31,239.51,227.93,0.981408
570,1246,34597,56.96,82.6,395.58,460.2,0.967315
571,1246,3483,536.87,779.51,269.44,223.53,0.967304
572,1246,27777,145.12,776.06,176.89,206.95,0.956865
573,1248,3483,173.82,278.27,259.21,211.54,0.974957
574,1248,34597,523.75,665.55,413.98,478.69,0.974169
575,1248,16262,137.07,836.3,249.5,242.9,0.967859
576,1248,27777,639.64,293.66,174.71,195.34,0.964408
577,125,1900,624.55,890.69,204.38,136.44,0.988336
578,125,21771,117.34,203.34,189.8,185.54,0.975797
579,125,16551,624.57,32.87,348.65,440.9,0.963484
580,1250,2483,611.81,89.86,212.5,470.6,0.953792
581,1250,12778,102.27,57.81,300.07,530.89,0.947281
582,1250,13395,595.35,697.36,227.65,473.32,0.685033
583,1251,12778,548.9,652.0,291.27,522.14,0.962435
584,1251,2483,82.37,676.88,234.48,480.73,0.961455
585,1251,13395,138.07,111.29,212.83,435.65,0.710593
586,1252,29667,624.94,186.33,222.99,214.53,0.969382
587,1252,20877,71.47,799.01,326.81,243.59,0.968602
588,1252,3483,647.81,754.61,210.81,267.46,0.965561
589,1252,30308,77.69,80.37,393.04,408.08,0.962399
590,1254,29667,596.05,181.89,218.46,213.88,0.975674
591,1254,3483,621.75,721.54,211.51,271.02,0.971804
592,1254,20877,37.83,755.03,328.9,250.88,0.960093
593,1254,30308,65.62,68.07,379.41,398.59,0.948696
594,1256,1900,644.55,828.58,169.57,201.76,0.982746
595,1256,16551,92.01,662.69,302.1,489.9,0.952432
596,1256,19607,657.19,271.98,156.63,150.67,0.939668
597,1256,29345,126.7,132.54,256.26,417.3,0.53295
598,126,21771,100.72,195.52,185.78,183.79,0.982225
599,126,1900,596.1,856.92,210.16,145.06,0.982063
600,126,16551,595.69,25.07,344.54,432.44,0.968017
601,1261,28763,96.2,855.39,215.12,201.95,0.987671
602,1261,16232,649.54,230.9,190.9,181.42,0.985457
603,1261,22347,140.74,168.64,205.11,198.64,0.97619
604,1261,3483,589.6,846.52,283.83,171.89,0.950457
605,1262,28763,61.93,812.89,218.92,207.71,0.981276
606,1262,22347,125.1,164.75,200.53,194.31,0.980069
607,1262,16232,620.54,221.47,187.15,182.54,0.979414
608,1262,3483,561.34,812.1,286.38,175.55,0.961542
609,1263,28763,677.65,257.14,211.98,196.09,0.98939
610,1263,16232,143.48,847.08,195.45,191.24,0.98074
611,1263,22347,645.77,901.82,213.84,208.82,0.97629
612,1263,3483,132.14,290.64,276.28,169.27,0.962803
613,1264,31863,638.28,320.63,204.65,205.88,0.99334
614,1264,36637,228.24,317.23,202.61,240.05,0.968108
615,1264,3351,392.28,861.76,187.3,191.88,0.962121
616,1265,31863,82.57,704.31,206.05,212.32,0.984385
617,1265,36637,506.72,661.7,208.26,252.91,0.95494
618,1265,3351,355.67,176.97,185.34,190.05,0.945276
619,1269,13900,620.05,760.65,172.53,260.3,0.985698
620,1269,36637,217.53,770.22,212.26,239.72,0.96231
621,1269,3351,362.4,233.86,183.82,183.41,0.961562
622,127,22362,618.12,779.24,260.08,424.08,0.964037
623,127,2483,644.03,115.01,198.82,472.37,0.95733
624,127,12778,129.43,161.97,298.62,523.05,0.955442
625,1270,1900,630.44,894.65,210.95,133.66,0.979629
626,1270,27926,152.65,144.76,251.38,452.93,0.973563
627,1270,16548,116.08,852.86,241.45,237.88,0.94905
628,1272,1900,157.75,251.73,203.46,122.3,0.986918
629,1272,27926,599.6,677.79,253.57,475.34,0.970024
630,1272,16548,629.79,177.23,239.32,226.63,0.952472
631,1273,25438,554.67,204.51,245.7,251.43,0.979775
632,1273,2483,108.85,677.56,223.09,490.68,0.968534
633,1273,13395,105.38,46.67,250.83,488.88,0.955055
634,1273,12778,541.86,595.18,297.82,521.44,0.57389
635,1274,25438,124.4,812.36,255.42,255.2,0.973485
636,1274,2483,601.6,44.87,216.14,488.39,0.973302
637,1274,13395,592.58,707.51,236.37,502.3,0.93863
638,1274,12778,104.07,86.84,299.34,521.03,0.909804
639,1278,3351,418.01,257.32,182.43,181.28,0.955287
640,1278,38162,619.58,705.18,192.39,294.46,0.954916
641,1278,3832,150.23,601.4,308.98,422.14,0.929272
642,1279,21771,674.48,287.41,187.84,181.45,0.988404
643,1279,1900,648.28,856.57,209.98,155.11,0.981615
644,1279,16551,89.74,766.3,295.41,497.63,0.929653
645,1279,29345,115.69,135.66,257.69,420.49,0.539164
646,128,22362,609.46,776.58,251.79,410.28,0.980949
647,128,2483,650.63,77.49,195.29,492.72,0.958241
648,128,12778,132.06,134.15,294.96,524.25,0.629043
649,1280,21771,90.6,810.7,195.22,190.14,0.97852
650,1280,1900,123.41,261.28,199.06,147.82,0.970266
651,1280,16551,572.02,0.0,286.29,455.22,0.95619
652,1282,2483,61.13,635.31,199.34,498.79,0.971844
653,1282,19552,508.36,590.83,308.36,496.54,0.970629
654,1282,13395,83.89,84.4,231.46,482.63,0.955866
655,1282,3743,497.16,124.15,312.31,306.63,0.923941
656,1284,13395,631.33,673.7,229.52,498.72,0.965656
657,1284,2483,674.75,78.83,199.26,489.49,0.96528
658,1284,19552,119.11,116.21,318.66,502.57,0.960797
659,1284,3743,116.75,828.85,321.5,322.26,0.955632
660,129,22362,78.64,71.95,257.72,395.14,0.966467
661,129,2483,82.6,641.76,200.91,492.92,0.960397
662,1290,29345,591.76,535.47,268.97,443.88,0.982503
663,1290,1900,162.66,257.58,126.39,199.42,0.971137
664,1290,16548,538.03,139.26,231.61,227.58,0.951604
665,1293,3483,538.12,779.8,269.67,223.34,0.97033
666,1293,20238,576.39,190.97,222.01,214.24,0.968423
667,1293,30308,116.44,84.37,311.04,447.49,0.962183
668,1293,27777,145.23,776.25,177.23,206.56,0.955474
669,1294,28763,96.59,854.99,215.53,202.42,0.987524
670,1294,34597,11.37,51.03,421.61,449.68,0.971168
671,1294,3483,590.49,845.88,283.1,171.94,0.948146
672,1294,35206,679.66,151.65,205.2,408.53,0.947065
673,1295,28763,61.93,812.54,219.92,207.58,0.981533
674,1295,34597,3.23,24.92,404.55,452.73,0.969387
675,1295,35206,648.43,142.11,203.95,401.57,0.961388
676,1295,3483,561.47,811.78,286.0,175.33,0.956662
677,1296,28763,677.37,256.86,211.85,197.23,0.988671
678,1296,34597,565.82,732.2,410.18,474.05,0.979383
679,1296,3483,133.41,292.14,274.72,168.09,0.969992
680,1296,35206,104.17,687.36,205.95,416.48,0.951679
681,1297,4543,156.63,890.68,213.97,213.7,0.986113
682,1297,3544,644.48,920.44,214.71,213.53,0.974182
683,1297,16548,153.49,246.5,230.05,224.66,0.950257
684,1298,4543,617.19,168.78,207.41,201.13,0.985247
685,1298,3544,140.42,145.56,207.07,201.05,0.963211
686,1298,16548,616.75,829.27,239.56,228.37,0.928257
687,13,16232,143.87,331.22,193.7,190.03,0.97895
688,13,33880,475.12,246.89,444.27,274.12,0.971385
689,13,3351,430.91,853.79,188.18,190.71,0.949684
690,130,3483,173.79,280.61,258.75,210.71,0.972842
691,130,27777,638.61,293.96,174.41,195.98,0.968586
692,130,30308,511.8,766.76,463.35,316.87,0.967054
693,130,36637,131.45,828.96,189.87,255.87,0.943235
694,1300,28763,95.29,854.75,215.58,201.9,0.98456
695,1300,29667,631.86,181.23,223.74,214.61,0.978127
696,1300,31885,72.91,124.77,463.99,465.73,0.96378
697,1300,3483,591.07,846.33,281.29,170.45,0.951099
698,1302,29667,602.28,176.94,220.61,214.29,0.980462
699,1302,28763,61.22,811.69,219.76,208.06,0.979532
700,1302,3483,559.96,810.24,287.49,176.36,0.962002
701,1302,31885,61.11,100.51,448.16,466.69,0.957064
702,1305,1900,632.09,894.37,211.62,134.74,0.978733
703,1305,16551,81.36,669.2,333.12,468.95,0.971563
704,1305,27926,603.18,162.13,254.97,447.51,0.954514
705,1309,29667,87.96,862.94,230.52,226.55,0.975612
706,1309,27733,559.9,256.28,301.71,262.94,0.972763
707,1309,3483,123.53,306.81,269.69,201.17,0.966664
708,1309,28763,582.83,870.49,224.22,214.63,0.950817
709,1311,28763,175.56,188.32,208.48,200.79,0.984231
710,1311,29667,638.51,176.89,219.91,214.05,0.97212
711,1311,3483,580.38,758.92,275.83,210.12,0.967961
712,1311,27733,92.7,730.32,323.06,281.27,0.939673
713,1312,2483,615.63,49.67,257.29,475.2,0.965869
714,1312,13395,591.46,679.47,245.04,494.36,0.961729
715,1315,19232,541.04,207.99,300.05,284.65,0.983288
716,1315,16688,153.13,85.58,270.3,615.59,0.958504
717,1315,3351,423.71,878.06,188.31,193.89,0.940132
718,1316,19232,83.96,692.6,309.72,307.88,0.988596
719,1316,16688,518.23,476.54,289.11,676.72,0.941597
720,1316,3351,324.71,161.28,186.34,189.88,0.939766
721,132,3483,566.03,814.3,263.78,217.39,0.977004
722,132,30308,31.17,181.99,454.88,306.68,0.970412
723,132,36637,665.08,179.94,187.63,248.37,0.963738
724,132,27777,180.28,814.03,172.61,201.51,0.959398
725,1322,2483,83.01,674.61,234.65,482.62,0.965888
726,1322,12778,484.34,597.32,342.32,499.02,0.866517
727,1322,13395,138.69,109.45,212.0,437.81,0.643828
728,1323,2483,615.91,50.93,222.9,485.71,0.9568
729,1326,20238,599.38,839.89,228.18,223.6,0.986586
730,1326,3351,369.36,247.57,185.86,180.83,0.954692
731,1326,18357,161.82,669.5,265.98,351.62,0.94608
732,1327,1900,645.38,845.1,186.44,189.59,0.960377
733,1327,16548,168.66,814.29,241.46,237.7,0.946544
734,1327,29451,516.45,243.98,403.29,218.61,0.939159
735,1328,29451,71.57,843.64,417.98,217.96,0.982409
736,1328,1900,168.9,249.03,180.96,180.36,0.974312
737,1328,16548,581.88,217.07,239.77,227.51,0.935323
738,1329,1900,149.07,240.72,180.93,180.75,0.971187
739,1329,29451,37.77,800.89,421.58,225.88,0.969095
740,1329,16548,553.83,207.97,234.63,226.18,0.933407
741,1330,25469,89.17,829.13,339.28,304.66,0.969316
742,1330,34597,91.19,165.91,445.9,419.73,0.958403
743,1330,3483,602.39,846.08,278.17,186.39,0.94068
744,1330,35206,608.93,117.81,236.18,403.14,0.926103
745,1331,34597,72.99,132.56,438.36,427.79,0.976704
746,1331,25469,51.06,786.74,347.98,304.8,0.964509
747,1331,35206,580.17,111.68,229.22,389.56,0.951633
748,1331,3483,575.31,810.14,281.68,192.25,0.947187
749,1332,25469,571.57,184.95,328.36,287.03,0.964866
750,1332,34597,459.28,651.59,452.94,438.0,0.96417
751,1332,3483,123.24,274.18,274.08,187.38,0.962311
752,1332,35206,135.87,727.99,247.9,408.61,0.946499
753,1333,20014,578.04,283.05,341.87,318.15,0.969537
754,1333,36637,158.91,282.76,192.51,247.86,0.961354
755,1333,3351,401.49,922.39,189.9,193.08,0.954742
756,1337,1900,169.19,248.23,180.88,179.05,0.972802
757,1337,29451,495.23,821.97,407.8,265.65,0.96485
758,1337,16548,578.77,187.27,237.2,226.94,0.947016
759,134,28763,62.59,812.58,218.71,207.88,0.983728
760,134,31885,39.94,7.49,357.63,519.57,0.977665
761,134,35206,648.61,142.21,203.36,401.37,0.960156
762,134,3483,561.15,811.46,285.99,175.73,0.958101
763,1340,1900,643.06,859.97,210.92,157.41,0.974015
764,1340,24850,578.18,287.2,291.67,168.66,0.968356
765,1340,16548,187.26,824.76,240.84,238.09,0.958258
766,1345,29667,618.56,173.51,223.22,215.52,0.975742
767,1345,25469,87.39,829.74,339.71,302.63,0.967844
768,1345,31885,165.11,130.91,426.28,495.1,0.961044
769,1345,3483,601.29,846.22,277.53,187.7,0.940846
770,1347,29667,141.97,869.93,227.21,227.36,0.975565
771,1347,31885,416.64,617.9,419.17,510.83,0.965521
772,1347,25469,571.87,186.24,330.24,284.59,0.964883
773,1347,3483,124.82,273.76,274.08,186.56,0.952398
774,1348,31863,186.68,265.41,202.67,204.79,0.986789
775,1348,22074,675.28,310.03,184.42,187.11,0.98155
776,1348,3351,362.16,878.66,189.55,194.49,0.913824
777,135,28763,96.6,855.46,215.19,201.84,0.986751
778,135,31885,51.91,25.53,372.01,526.69,0.970829
779,135,35206,680.3,151.95,203.42,408.46,0.947492
780,135,3483,590.73,846.59,282.8,170.42,0.943013
781,1350,31863,589.02,857.9,203.74,206.55,0.98894
782,1350,22074,108.18,813.8,181.65,187.76,0.978135
783,1350,3351,422.37,218.13,189.37,186.38,0.954771
784,1353,3483,171.53,280.82,260.33,211.52,0.973114
785,1353,34597,513.72,679.98,441.35,456.71,0.971669
786,1353,27777,637.62,293.98,174.52,195.48,0.96573
787,1353,16232,153.35,828.64,191.3,191.72,0.958102
788,1354,30308,575.8,734.35,344.89,470.3,0.970161
789,1354,3483,143.21,292.32,211.02,258.07,0.960633
790,1354,20877,539.86,294.86,332.16,236.54,0.953673
791,1354,36637,167.42,799.78,188.04,256.9,0.94423
792,1355,3483,624.92,716.91,210.99,270.76,0.972459
793,1355,30308,80.59,49.32,324.79,438.45,0.969543
794,1355,20877,83.6,725.53,337.08,240.6,0.966759
795,1355,36637,603.3,202.19,181.03,247.63,0.952164
796,1357,3544,95.37,229.72,203.46,199.49,0.964903
797,1357,16548,577.12,168.52,233.92,225.99,0.941686
798,1358,3544,111.86,240.46,207.8,200.76,0.971947
799,1358,16548,605.57,176.43,239.82,225.88,0.946265
800,1359,3544,674.49,827.83,213.36,210.42,0.976319
801,1359,16548,140.47,854.21,241.7,238.16,0.94885
802,136,1900,652.31,851.47,208.75,158.95,0.979376
803,136,16551,81.12,652.59,313.17,485.46,0.966869
804,136,33009,565.02,214.4,323.64,291.89,0.956629
805,1361,19232,168.77,648.78,240.3,356.46,0.983199
806,1361,29667,628.78,691.65,229.51,229.66,0.974231
807,1361,3351,357.67,148.8,184.48,188.31,0.943222
808,1363,16262,118.75,292.17,244.55,236.5,0.980204
809,1363,33880,451.34,241.6,433.59,290.44,0.978904
810,1363,3351,433.89,886.43,189.47,194.69,0.947671
811,1366,28763,679.02,257.12,211.12,197.09,0.990581
812,1366,29667,125.58,864.29,229.07,225.81,0.970412
813,1366,3483,132.21,290.98,277.09,168.94,0.964225
814,1366,22347,663.15,837.39,213.12,207.23,0.961952
815,1367,29667,602.91,175.91,220.32,214.81,0.980714
816,1367,28763,61.28,812.37,219.02,207.35,0.978475
817,1367,22347,107.4,226.14,201.9,194.05,0.975911
818,1367,3483,560.34,811.03,286.38,176.46,0.964446
819,1369,22347,119.18,214.13,206.11,198.64,0.982947
820,1369,16262,637.74,176.24,245.82,230.92,0.981448
821,1369,19861,127.34,865.47,220.2,166.3,0.980005
822,1369,3483,601.01,869.41,257.61,229.47,0.966471
823,1371,19861,91.68,828.1,226.05,175.11,0.977037
824,1371,3483,572.71,835.7,261.75,233.0,0.975549
825,1371,22347,103.41,205.7,202.63,194.38,0.974792
826,1371,16262,610.08,171.39,240.44,229.04,0.967148
827,1372,2483,595.4,114.8,285.81,446.51,0.975082
828,1372,13395,613.38,688.67,239.47,519.09,0.958544
829,1372,3743,74.08,811.72,332.38,328.17,0.949478
830,1372,12778,81.82,93.75,322.7,486.24,0.911995
831,1376,1900,642.12,859.44,206.62,166.56,0.977644
832,1376,33009,583.81,243.01,359.67,236.44,0.973973
833,1376,33208,152.11,296.24,207.38,196.02,0.954743
834,1376,16551,90.35,703.33,293.33,494.23,0.937744
835,1377,1900,150.97,256.05,198.69,156.28,0.984736
836,1377,33208,641.22,806.68,212.09,200.05,0.964761
837,1377,33009,46.33,825.15,363.13,230.25,0.964263
838,1377,16551,606.96,58.49,287.53,478.91,0.908709
839,1378,19861,637.58,276.49,222.84,172.48,0.983061
840,1378,3483,149.47,220.76,248.73,219.03,0.974529
841,1378,22347,623.52,869.23,213.46,209.12,0.974492
842,1378,35206,109.74,771.96,298.55,391.98,0.966682
843,1379,19861,127.35,865.06,220.36,166.92,0.979996
844,1379,22347,162.37,201.29,205.59,198.91,0.976133
845,1379,3483,601.75,868.67,256.99,230.3,0.966645
846,1379,35206,585.2,96.23,285.03,377.08,0.945033
847,1381,32310,35.37,235.36,369.41,234.13,0.976607
848,1381,21325,633.0,277.49,237.03,139.18,0.957212
849,1381,3351,407.85,845.21,190.46,190.44,0.951091
850,1384,3483,567.33,816.1,262.45,216.59,0.970487
851,1384,20238,604.25,195.75,227.25,215.95,0.965541
852,1384,27777,179.67,815.83,171.98,200.58,0.963529
853,1384,25367,52.98,97.57,416.73,452.75,0.962409
854,1385,25367,40.01,82.82,402.48,444.06,0.971864
855,1385,3483,537.08,779.96,270.4,223.11,0.971453
856,1385,20238,576.31,191.26,222.04,213.96,0.970632
857,1385,27777,144.63,776.7,177.53,205.8,0.95567
858,1386,20238,153.07,852.44,232.74,224.67,0.977806
859,1386,25367,535.66,700.92,422.97,467.8,0.974404
860,1386,3483,173.35,277.88,259.63,212.24,0.972351
861,1386,27777,639.4,293.56,174.0,194.13,0.970876
862,1387,20238,601.61,182.3,227.79,215.33,0.984886
863,1387,22347,112.66,241.55,205.63,197.55,0.975064
864,1387,20877,139.8,833.26,275.6,310.17,0.964275
865,1387,3483,642.67,759.32,203.97,274.24,0.960757
866,139,31885,8.93,51.26,398.08,501.27,0.964648
867,139,25469,51.81,787.55,350.61,302.69,0.964542
868,139,35206,582.45,113.1,226.43,389.82,0.959412
869,139,3483,574.49,811.0,281.5,192.34,0.950962
870,1390,25438,156.53,871.85,261.43,266.93,0.968497
871,1390,2483,602.21,115.05,203.44,465.84,0.964443
872,1390,22362,606.08,748.19,267.88,415.08,0.962175
873,1390,12778,110.17,159.7,364.75,460.38,0.868518
874,1392,2483,603.72,80.87,218.26,480.8,0.965139
875,1392,25438,154.47,861.04,256.09,254.03,0.964915
876,1392,22362,596.54,743.98,258.34,407.67,0.964833
877,1392,12778,108.93,132.84,367.18,454.44,0.956453
878,1393,27777,640.44,293.96,173.23,193.71,0.978808
879,1393,22347,682.81,870.8,213.9,208.81,0.972616
880,1393,3483,173.87,278.46,259.04,211.27,0.969676
881,1393,16262,136.2,836.89,250.14,241.92,0.949682
882,1395,22347,88.03,193.22,202.48,195.87,0.978039
883,1395,3483,536.67,778.91,270.79,224.44,0.973093
884,1395,16262,574.97,187.96,240.06,226.06,0.963601
885,1395,27777,144.14,776.38,177.7,205.67,0.957012
886,1396,19552,510.17,597.95,324.42,483.97,0.970314
887,1396,2483,82.78,660.05,215.8,489.54,0.966923
888,1396,13395,81.84,86.01,230.44,481.38,0.954097
889,140,25469,88.88,829.11,338.04,304.03,0.974139
890,140,31885,20.09,68.69,420.31,508.47,0.962077
891,140,35206,611.98,118.32,234.19,404.08,0.938445
892,140,3483,601.58,846.83,278.52,187.18,0.93761
893,1401,22347,650.9,851.97,212.77,208.38,0.98061
894,1401,29667,140.52,870.71,227.09,226.5,0.971299
895,1401,25469,571.76,186.0,330.5,284.62,0.964701
896,1401,3483,125.43,273.45,273.11,186.11,0.956252
897,1402,20238,83.51,334.34,229.03,222.64,0.97933
898,1402,3351,425.74,883.9,189.87,194.55,0.951472
899,1402,33880,454.91,196.83,395.28,364.8,0.948429
900,1404,20238,667.92,763.88,228.99,221.73,0.984415
901,1404,3351,365.56,215.35,185.29,182.19,0.972229
902,1404,33880,110.23,739.7,400.52,377.5,0.959375
903,1407,38162,602.61,792.59,247.36,254.8,0.985481
904,1407,3351,376.38,232.18,185.25,179.06,0.977069
905,1407,33880,103.42,680.93,314.09,431.4,0.97277
906,1408,1900,187.63,274.15,202.59,137.4,0.983614
907,1408,33208,657.02,899.39,218.61,211.12,0.949003
908,1408,16548,74.93,807.56,242.66,238.33,0.93748
909,1408,21771,684.49,275.43,177.37,172.83,0.819713
910,1411,28763,97.79,855.36,214.62,202.27,0.986349
911,1411,30308,70.21,129.27,387.21,416.81,0.963056
912,1411,36637,643.92,208.13,188.8,247.72,0.959842
913,1411,3483,591.38,846.06,283.72,171.27,0.950548
914,1413,28763,676.99,256.98,211.56,196.77,0.988747
915,1413,3483,131.65,292.27,276.18,168.5,0.970144
916,1413,36637,152.04,802.69,192.99,255.34,0.964031
917,1413,30308,548.51,706.93,395.62,423.96,0.963248
918,1414,3544,110.05,194.82,202.2,199.08,0.980146
919,1414,27926,553.9,599.37,277.06,484.3,0.959552
920,1414,16548,56.38,776.0,240.36,234.25,0.933544
921,1418,1900,127.49,256.49,198.95,149.4,0.966072
922,1418,16551,105.71,649.65,293.73,491.37,0.96473
923,1418,29345,588.55,700.82,267.43,451.62,0.553001
924,142,1900,582.96,867.58,210.09,142.51,0.981835
925,142,16548,593.86,157.26,231.86,223.41,0.937747
926,1420,41768,102.89,238.1,290.03,266.65,0.957812
927,1420,16688,549.2,61.61,255.62,605.36,0.951598
928,1420,3351,410.48,874.84,189.19,193.17,0.939735
929,1421,41768,552.19,721.7,302.33,284.16,0.957777
930,1421,16688,119.3,513.12,260.46,647.23,0.945397
931,1421,3351,338.22,164.99,185.36,191.36,0.941632
932,1424,31885,95.56,78.11,368.63,519.25,0.97786
933,1424,3483,536.73,776.74,271.84,223.93,0.971186
934,1424,27777,144.93,775.04,177.72,206.3,0.95721
935,1424,35206,584.81,132.35,222.58,393.12,0.950793
936,1425,31885,110.37,97.18,383.28,528.61,0.976308
937,1425,3483,566.53,813.87,263.77,216.88,0.970876
938,1425,27777,179.81,814.21,171.88,201.25,0.960781
939,1425,35206,614.51,141.17,225.94,403.29,0.944441
940,1429,3544,121.35,252.07,207.7,201.73,0.983987
941,1429,29345,606.67,705.16,285.1,441.3,0.971897
942,1429,16548,126.49,829.77,239.73,230.76,0.934605
943,143,1900,610.27,901.86,206.22,133.09,0.987052
944,143,16548,621.83,162.11,238.37,225.07,0.939981
945,1431,3544,104.7,241.5,203.58,200.69,0.975752
946,1431,29345,579.87,667.5,282.27,447.38,0.970275
947,1431,16548,91.86,789.67,241.74,236.46,0.934438
948,1433,38162,607.74,756.4,293.98,206.84,0.985018
949,1433,32310,0.0,664.99,304.9,327.57,0.971218
950,1433,3351,368.77,173.32,180.39,186.28,0.945731
951,1435,20238,589.03,309.2,227.03,217.16,0.979162
952,1435,13900,170.34,339.49,171.66,254.68,0.97772
953,1435,3351,399.38,854.09,186.75,190.03,0.961084
954,1436,13900,599.78,625.32,178.15,268.26,0.978138
955,1436,20238,110.32,700.08,231.14,228.96,0.963426
956,1436,3351,347.67,187.31,188.75,187.23,0.95398
957,1438,3544,699.45,858.77,213.7,210.71,0.982757
958,1438,12247,174.21,303.06,207.27,127.48,0.957461
959,1438,16548,207.47,841.85,242.51,238.27,0.933777
960,1439,3544,73.05,201.1,203.17,198.77,0.977664
961,1439,12247,591.2,848.87,215.4,129.51,0.955984
962,1439,16548,513.5,180.28,234.08,225.38,0.940378
963,1441,22347,118.01,173.7,201.91,194.08,0.975979
964,1441,3483,579.93,759.86,276.12,210.19,0.964156
965,1441,36637,593.67,202.43,253.96,169.46,0.960592
966,1441,27733,92.43,730.28,323.54,281.35,0.941167
967,1442,22347,134.94,179.11,205.78,197.99,0.976549
968,1442,27733,130.02,778.24,312.78,275.14,0.9598
969,1442,36637,621.17,206.7,262.1,169.43,0.958951
970,1442,3483,607.91,793.79,272.67,207.91,0.935707
971,1444,2483,93.1,689.77,212.71,491.31,0.964171
972,1444,3743,484.37,149.75,311.46,302.67,0.951373
973,1444,3832,132.09,115.61,223.56,427.36,0.672801
974,1446,2483,631.91,33.41,198.46,481.7,0.967164
975,1446,3743,129.52,802.1,321.59,321.8,0.967012
976,1446,3832,586.12,705.26,225.32,443.18,0.610447
977,1447,3544,104.13,180.16,202.52,199.34,0.967303
978,1447,29451,460.14,767.07,419.52,246.29,0.954598
979,1447,16548,45.77,791.23,241.93,235.01,0.916378
980,1449,3544,119.52,185.5,207.26,201.4,0.978317
981,1449,29451,493.0,803.93,409.95,239.72,0.963855
982,1449,16548,80.09,831.99,240.84,229.81,0.93198
983,1450,25438,123.9,812.63,255.57,254.14,0.973623
984,1450,2483,601.95,44.65,215.34,488.35,0.972826
985,1450,12778,112.14,67.69,295.17,519.99,0.963981
986,1450,13395,592.09,706.71,236.2,501.69,0.935991
987,1452,25438,125.26,824.51,259.83,267.39,0.968145
988,1452,13395,606.4,710.99,230.01,521.07,0.953502
989,1452,12778,110.81,85.37,296.98,538.11,0.949819
990,1452,2483,599.59,88.16,202.86,465.26,0.943944
991,1453,3351,458.16,907.59,189.84,191.03,0.963966
992,1453,16688,480.28,120.65,417.85,524.56,0.963215
993,1453,18357,52.86,310.82,272.97,330.27,0.961736
994,1455,18357,652.82,648.17,277.34,344.81,0.975097
995,1455,16688,72.71,621.02,439.82,591.78,0.965864
996,1455,3351,333.69,192.77,184.58,184.13,0.949638
997,1458,2483,610.18,67.64,246.67,473.83,0.973476
998,1458,25438,109.88,829.81,257.26,255.23,0.971166
999,1458,3832,641.77,709.98,221.95,445.31,0.818289
1000,1459,2483,625.88,67.32,223.16,469.57,0.977462
1001,1459,12081,649.23,694.0,246.74,462.98,0.977144
1002,1459,12778,71.71,178.51,319.84,485.36,0.926822
1003,146,3483,172.09,280.62,259.69,210.96,0.970327
1004,146,31885,553.25,675.0,405.63,523.85,0.966936
1005,146,16232,152.96,828.34,191.46,192.59,0.966935
1006,146,27777,637.38,294.07,175.03,196.06,0.962263
1007,1460,2483,51.23,699.77,254.46,478.79,0.973774
1008,1460,12081,71.75,130.75,226.28,427.17,0.96312
1009,1461,12081,641.23,687.03,236.87,451.42,0.976699
1010,1461,2483,628.88,29.95,239.57,483.32,0.969335
1011,1461,12778,69.37,148.98,324.19,486.42,0.833549
1012,1462,28763,676.41,257.1,212.35,197.77,0.988963
1013,1462,20238,134.81,869.92,230.38,226.01,0.981489
1014,1462,25367,526.87,677.52,424.27,463.62,0.971401
1015,1462,3483,130.42,291.09,277.87,169.43,0.963162
1016,1463,28763,97.97,855.68,215.41,201.71,0.981037
1017,1463,20238,624.49,178.31,225.52,215.04,0.972504
1018,1463,25367,60.19,124.92,419.21,450.56,0.971545
1019,1463,3483,591.14,845.89,283.19,172.26,0.94923
1020,1464,28763,63.12,812.86,219.25,207.89,0.984148
1021,1464,20238,594.29,174.42,221.22,213.04,0.980666
1022,1464,25367,45.72,106.99,408.15,445.75,0.964496
1023,1464,3483,561.9,810.35,286.98,177.18,0.955727
1024,1466,28763,62.03,812.73,218.94,207.67,0.983811
1025,1466,22347,106.17,179.12,201.8,194.53,0.977176
1026,1466,3483,560.86,811.58,285.7,175.74,0.963017
1027,1466,16262,594.26,175.57,237.38,228.29,0.926873
1028,1473,19607,152.02,217.71,158.05,153.34,0.975241
1029,1473,1900,616.51,861.77,199.36,156.54,0.973305
1030,1473,16551,572.94,89.41,287.7,481.95,0.957059
1031,1474,34597,65.01,103.89,443.65,424.48,0.975799
1032,1474,36637,619.78,205.4,262.47,170.1,0.961615
1033,1474,27733,125.67,769.64,315.03,274.71,0.938393
1034,1474,3483,609.07,791.63,272.8,207.14,0.937701
1035,1476,3483,581.07,758.34,276.07,210.76,0.964476
1036,1476,34597,53.48,75.68,429.27,430.33,0.960654
1037,1476,36637,592.74,201.13,254.0,170.16,0.94934
1038,1476,27733,88.97,721.61,323.47,285.07,0.940828
1039,1477,36637,88.69,230.73,237.09,211.56,0.964834
1040,1477,18357,360.03,679.47,248.77,369.48,0.952621
1041,1477,3351,652.19,289.01,179.89,182.39,0.940122
1042,148,19232,500.4,238.07,330.24,252.96,0.983143
1043,148,20238,119.99,300.05,228.93,220.51,0.980737
1044,148,3351,402.68,850.35,188.91,190.85,0.957216
1045,1480,3544,642.96,877.2,213.95,211.65,0.975621
1046,1480,16548,173.66,834.51,240.15,237.6,0.930646
1047,1483,19861,636.96,276.23,223.48,173.22,0.982172
1048,1483,28763,630.62,898.71,222.25,214.19,0.98179
1049,1483,3483,148.68,220.92,249.74,219.17,0.973383
1050,1483,35206,109.37,771.86,298.15,392.02,0.966923
1051,1485,28763,148.49,168.47,211.37,201.97,0.984126
1052,1485,19861,127.44,865.3,220.22,166.53,0.979327
1053,1485,3483,600.45,869.22,258.07,229.34,0.967199
1054,1485,35206,585.6,96.79,283.43,376.96,0.937123
1055,1488,31863,628.46,830.61,204.17,205.08,0.974983
1056,1488,21325,209.85,826.7,202.12,198.99,0.961866
1057,1488,3351,393.41,206.1,183.19,183.56,0.955794
1058,1489,20238,184.75,282.26,226.46,217.49,0.983968
1059,1489,20014,532.63,286.4,344.37,320.96,0.966307
1060,1489,3351,402.87,850.38,188.5,190.76,0.9514
1061,149,19232,96.17,699.77,336.27,265.47,0.987659
1062,149,20238,593.58,710.96,231.75,228.98,0.981145
1063,149,3351,345.86,189.31,185.66,190.48,0.945246
1064,1492,18147,528.1,296.73,335.95,354.75,0.981424
1065,1492,21325,183.35,275.04,159.47,233.84,0.967637
1066,1492,3351,379.65,904.68,190.18,190.41,0.960755
1067,1493,18147,59.24,544.74,346.18,375.01,0.982547
1068,1493,21325,598.52,719.73,157.96,242.33,0.962247
1069,1493,3351,366.55,135.62,187.27,191.65,0.946885
1070,1497,19861,85.32,825.83,226.44,176.43,0.977147
1071,1497,3483,566.9,840.18,259.28,234.35,0.972484
1072,1497,29667,609.7,198.82,219.44,214.74,0.971663
1073,1497,34597,64.41,60.05,304.0,498.16,0.967254
1074,15,33880,46.21,785.06,454.04,276.69,0.987611
1075,15,16232,642.94,796.79,193.68,189.68,0.98414
1076,15,3351,358.51,247.71,185.94,182.16,0.955063
1077,150,19232,143.03,802.85,327.28,260.7,0.984604
1078,150,20238,632.5,802.79,228.78,221.58,0.98341
1079,150,3351,388.45,252.34,183.23,182.45,0.939894
1080,1500,41768,572.74,859.72,346.86,179.18,0.979509
1081,1500,38162,195.56,733.59,189.16,298.8,0.970573
1082,1500,3351,351.52,237.25,183.7,183.45,0.936743
1083,151,1900,645.98,844.89,186.2,189.83,0.967159
1084,151,33208,183.44,267.08,206.3,197.03,0.962929
1085,151,29451,512.24,243.86,407.25,218.47,0.944213
1086,151,16548,98.44,819.79,243.75,237.14,0.944032
1087,152,1900,149.0,240.44,181.28,181.44,0.974578
1088,152,29451,39.08,800.99,422.29,225.99,0.971871
1089,152,33208,583.19,811.12,215.57,204.96,0.961076
1090,152,16548,618.85,204.53,235.93,224.92,0.926076
1091,153,29451,71.9,843.19,420.14,218.49,0.979176
1092,153,1900,168.45,249.2,180.96,180.14,0.97579
1093,153,33208,610.28,842.86,213.2,201.76,0.954596
1094,153,16548,648.6,212.42,241.39,227.98,0.942007
1095,154,2483,615.42,49.23,257.13,476.76,0.968625
1096,154,13395,592.6,680.92,244.33,493.32,0.9573
1097,155,2483,68.37,689.06,259.01,472.64,0.974942
1098,155,13395,110.63,84.7,238.94,475.84,0.913453
1099,156,2483,602.1,93.67,265.07,455.08,0.965753
1100,156,13395,598.49,679.96,258.38,513.99,0.950221
1101,157,16262,574.41,186.54,239.67,228.49,0.9809
1102,157,25367,106.0,84.24,394.99,456.24,0.967578
1103,157,3483,537.07,779.77,270.78,223.66,0.966372
1104,157,27777,144.41,776.26,177.31,205.97,0.955831
1105,159,3483,566.24,816.36,263.74,216.3,0.975341
1106,159,16262,603.32,192.89,244.44,232.28,0.975312
1107,159,27777,179.72,814.94,171.63,201.47,0.965347
1108,159,25367,120.81,99.7,405.0,464.39,0.95827
1109,160,4543,145.84,915.52,212.84,211.8,0.987487
1110,160,3544,627.95,887.88,212.33,213.26,0.982762
1111,160,16551,577.18,263.04,289.22,468.81,0.965972
1112,162,3544,159.03,177.95,207.85,201.84,0.979687
1113,162,4543,626.58,144.74,209.79,203.78,0.978245
1114,162,16551,128.52,536.29,289.39,479.24,0.95829
1115,162,21771,654.74,856.52,135.51,131.18,0.847408
1116,163,28763,126.47,174.17,211.21,202.24,0.984655
1117,163,16232,645.48,252.36,186.35,179.38,0.977033
1118,163,3483,567.55,814.22,264.1,216.12,0.972633
1119,163,27777,180.71,815.03,172.12,200.86,0.96371
1120,164,16232,152.92,828.62,191.4,191.57,0.982046
1121,164,27777,637.0,293.63,175.54,195.1,0.973947
1122,164,3483,172.42,280.33,259.63,211.11,0.973789
1123,164,28763,652.57,892.57,221.39,212.79,0.971504
1124,165,28763,109.87,169.03,207.35,198.02,0.986674
1125,165,16232,615.91,239.0,183.21,183.69,0.980538
1126,165,3483,537.55,777.02,271.44,223.53,0.96679
1127,165,27777,145.71,775.79,177.95,205.83,0.961458
1128,17,3351,298.71,168.29,183.71,188.32,0.956033
1129,17,35206,116.06,583.54,303.04,387.73,0.955338
1130,17,41768,562.35,643.38,272.69,303.09,0.944217
1131,170,2483,620.33,69.59,232.79,467.08,0.977084
1132,170,12081,649.46,694.56,246.69,462.14,0.975976
1133,170,12778,114.82,157.58,308.05,519.2,0.895136
1134,172,28763,95.48,854.59,215.29,202.05,0.986619
1135,172,29667,632.07,181.52,223.57,213.64,0.978079
1136,172,25367,114.6,65.04,342.76,501.22,0.965513
1137,172,3483,589.47,846.54,282.66,170.88,0.951823
1138,173,28763,61.26,811.73,219.19,208.5,0.982906
1139,173,29667,602.06,176.56,220.8,214.35,0.981431
1140,173,25367,100.52,54.63,331.51,485.7,0.971983
1141,173,3483,560.41,811.27,287.07,176.07,0.956374
1142,174,28763,678.4,256.9,211.77,197.14,0.989599
1143,174,29667,126.16,864.49,228.78,226.19,0.972184
1144,174,3483,133.34,291.12,276.28,169.38,0.963389
1145,174,25367,550.09,685.73,345.55,514.04,0.957451
1146,175,19861,120.31,864.59,221.93,167.48,0.976493
1147,175,29667,638.74,204.39,224.24,214.84,0.967647
1148,175,30308,122.87,97.29,278.08,472.65,0.964984
1149,175,3483,595.15,873.13,255.81,230.07,0.956327
1150,176,19861,643.28,277.05,222.43,172.14,0.982122
1151,176,30308,597.93,677.62,283.82,483.15,0.974041
1152,176,3483,156.55,216.1,248.91,221.25,0.972309
1153,176,29667,119.86,840.09,228.5,226.12,0.969212
1154,179,20238,152.59,852.2,232.78,224.84,0.982743
1155,179,22347,644.89,833.56,212.27,207.68,0.977457
1156,179,27777,639.25,293.51,174.27,193.96,0.976922
1157,179,3483,174.0,278.14,258.33,211.21,0.970016
1158,180,22347,124.04,228.14,201.87,196.14,0.980667
1159,180,20238,576.55,191.33,222.52,213.0,0.972497
1160,180,3483,538.0,779.73,269.64,224.58,0.968267
1161,180,27777,145.21,777.18,176.76,205.81,0.951846
1162,183,3544,642.4,877.34,214.39,211.86,0.975386
1163,183,16551,21.54,696.2,402.82,415.61,0.970804
1164,185,4543,598.48,144.51,203.72,199.98,0.984713
1165,185,3544,141.6,173.49,202.78,198.05,0.965702
1166,185,16548,134.55,738.15,238.63,234.56,0.927288
1167,185,21771,628.51,825.7,138.85,134.8,0.742904
1168,186,4543,626.57,144.17,209.79,203.88,0.982104
1169,186,3544,158.43,178.57,208.59,202.31,0.978585
1170,186,16548,166.65,782.2,237.53,227.59,0.944478
1171,186,21771,655.67,856.67,136.66,130.94,0.763379
1172,189,22362,618.41,779.62,259.3,423.51,0.970642
1173,189,2483,644.73,115.14,198.22,475.18,0.967131
1174,189,12778,88.76,130.01,291.24,528.12,0.942043
1175,19,28763,101.9,170.29,211.26,202.88,0.984055
1176,19,36637,620.62,204.44,261.69,169.75,0.962594
1177,19,3483,609.73,790.86,275.28,207.21,0.943437
1178,19,27733,126.58,769.9,315.16,275.15,0.943366
1179,191,4543,638.87,152.49,202.08,199.88,0.989206
1180,191,3544,123.16,181.57,202.33,199.81,0.983816
1181,191,16551,580.95,567.02,289.54,491.21,0.946496
1182,196,2483,90.41,660.08,207.96,493.96,0.967623
1183,196,12778,537.46,517.86,277.65,517.84,0.96401
1184,196,22362,82.02,117.19,259.78,393.18,0.947645
1185,196,3743,492.24,128.05,312.31,301.73,0.939134
1186,197,22362,601.18,732.39,261.43,407.58,0.971779
1187,197,12778,113.08,172.6,298.78,521.89,0.969528
1188,197,2483,637.8,60.74,197.77,493.52,0.95524
1189,197,3743,122.71,829.69,320.85,320.94,0.953592
1190,198,22362,608.49,737.36,272.14,415.42,0.962711
1191,198,3743,122.94,837.58,329.02,332.03,0.957442
1192,198,12778,114.02,197.79,298.07,522.82,0.949917
1193,198,2483,629.71,96.76,197.22,473.97,0.948148
1194,199,29667,630.21,164.22,222.8,214.89,0.979883
1195,199,3483,563.54,815.57,264.52,217.32,0.969766
1196,199,27777,178.01,813.14,172.16,201.28,0.964322
1197,199,30308,39.99,120.02,402.19,397.43,0.959581
1198,200,3483,176.07,279.01,258.89,211.91,0.973247
1199,200,29667,128.13,880.06,229.19,227.19,0.964828
1200,200,30308,559.49,736.61,414.93,405.94,0.963037
1201,200,27777,640.54,296.53,175.06,194.5,0.961283
1202,202,22347,688.34,867.73,214.13,208.12,0.973917
1203,202,3483,144.0,290.41,212.55,256.56,0.960681
1204,202,16262,109.3,837.24,248.76,241.24,0.958222
1205,202,20877,542.1,294.06,330.95,237.23,0.946068
1206,203,20877,82.87,725.55,336.11,240.79,0.973752
1207,203,3483,623.66,718.68,211.25,271.57,0.972158
1208,203,16262,602.49,186.94,237.46,227.83,0.959823
1209,203,22347,83.26,196.9,201.47,196.13,0.946248
1210,204,3483,650.2,751.39,210.86,266.97,0.966973
1211,204,16262,629.37,192.73,245.34,232.23,0.962477
1212,204,20877,114.14,769.23,333.43,231.87,0.960793
1213,204,22347,99.82,205.44,204.29,197.5,0.922135
1214,205,3544,113.2,165.26,202.34,197.74,0.973299
1215,205,16548,592.46,123.22,231.29,223.54,0.926501
1216,210,31863,596.8,875.06,202.73,207.58,0.983454
1217,210,29667,162.52,749.5,228.93,222.36,0.971269
1218,210,3351,418.53,243.31,185.7,185.3,0.939697
1219,212,1900,624.94,890.71,204.19,136.03,0.984241
1220,212,16551,480.73,136.42,437.07,356.31,0.972944
1221,213,1900,596.39,856.71,210.14,145.18,0.982168
1222,213,16551,454.32,122.43,425.99,353.85,0.968407
1223,214,1900,141.53,240.64,199.42,128.31,0.983195
1224,214,27926,90.76,616.17,272.98,483.98,0.955909
1225,214,33208,588.59,800.58,215.3,205.22,0.955824
1226,214,16551,566.85,58.16,283.26,462.04,0.947677
1227,215,1900,157.81,250.79,203.05,123.6,0.983159
1228,215,33208,615.86,835.03,212.96,200.85,0.963712
1229,215,27926,127.17,665.11,261.46,476.82,0.951356
1230,215,16551,595.47,63.37,289.21,479.19,0.921556
1231,217,12081,601.06,709.09,235.27,451.69,0.976214
1232,217,2483,589.18,71.64,246.37,476.24,0.965597
1233,217,3743,118.99,785.13,321.02,321.21,0.955131
1234,217,12778,128.18,129.66,283.3,526.56,0.791631
1235,219,12081,110.17,112.72,228.1,424.6,0.977535
1236,219,2483,87.43,669.45,257.23,470.52,0.955306
1237,219,3743,495.23,166.19,312.32,299.06,0.943704
1238,222,16262,169.72,768.64,246.45,237.59,0.973806
1239,222,3351,405.78,203.63,185.03,183.77,0.952644
1240,222,41768,607.62,739.66,269.91,302.88,0.951143
1241,224,29667,619.15,172.62,223.77,215.84,0.97772
1242,224,25469,86.99,829.03,339.91,300.85,0.973252
1243,224,34597,108.49,85.28,361.33,483.54,0.96764
1244,224,3483,601.27,846.11,279.53,187.7,0.937284
1245,225,29667,141.33,870.99,226.67,226.68,0.975207
1246,225,34597,531.74,666.36,367.7,502.15,0.972018
1247,225,25469,573.45,186.9,329.17,285.26,0.968366
1248,225,3483,124.59,274.37,274.19,186.28,0.963294
1249,226,19861,127.28,865.53,220.35,166.41,0.979654
1250,226,22347,108.96,229.7,205.79,198.14,0.975625
1251,226,20238,644.96,190.12,228.07,215.81,0.973625
1252,226,3483,600.85,869.63,257.79,229.02,0.969445
1253,229,3743,536.36,151.14,313.93,302.93,0.955814
1254,229,2483,48.78,685.6,293.39,453.94,0.938811
1255,229,13395,94.12,66.24,248.98,484.16,0.911053
1256,23,28763,61.93,812.11,219.43,208.1,0.982607
1257,23,16262,594.13,175.76,237.7,228.6,0.980665
1258,23,25367,21.91,91.46,418.64,434.37,0.970042
1259,23,3483,561.14,811.42,285.82,175.48,0.951369
1260,231,2483,595.88,116.83,284.62,443.99,0.976114
1261,231,13395,612.97,686.06,240.26,522.36,0.95674
1262,231,3743,74.22,810.98,331.54,329.21,0.947411
1263,231,12778,58.21,144.41,386.27,433.91,0.823765
1264,232,22347,129.07,232.73,206.29,199.35,0.977043
1265,232,29667,678.71,189.92,224.68,213.71,0.973994
1266,232,27733,117.51,777.36,320.44,263.42,0.967244
1267,232,3483,598.68,800.86,274.94,204.35,0.949749
1268,234,22347,111.17,223.96,201.93,194.02,0.97887
1269,234,29667,648.01,184.33,219.75,214.53,0.974979
1270,234,3483,569.54,767.13,279.74,206.35,0.966167
1271,234,27733,79.62,727.53,331.43,271.94,0.953428
1272,236,28763,677.87,257.17,211.42,196.47,0.98923
1273,236,3483,132.78,290.99,275.53,169.22,0.964963
1274,236,35206,103.88,687.58,204.88,416.37,0.958902
1275,236,28763,615.25,834.72,221.54,213.88,0.95588
1276,237,28763,62.18,812.78,219.07,207.36,0.98252
1277,237,28763,143.56,223.66,209.25,199.15,0.982076
1278,237,35206,649.96,140.79,202.18,402.52,0.966416
1279,237,3483,561.28,811.12,286.72,176.33,0.961796
1280,238,16262,625.11,239.3,243.03,234.52,0.977503
1281,238,3351,403.53,834.0,187.41,189.63,0.960012
1282,238,18357,67.81,261.28,302.93,296.97,0.950287
1283,24,28763,96.23,854.65,215.47,202.35,0.98671
1284,24,16262,622.2,181.47,243.19,232.1,0.975121
1285,24,25367,34.36,106.6,430.67,442.68,0.96145
1286,24,3483,589.61,846.2,283.67,171.35,0.947224
1287,241,20238,129.31,326.19,227.42,221.11,0.976945
1288,241,18147,516.05,256.41,305.61,384.09,0.962842
1289,241,3351,410.35,913.18,191.12,191.07,0.939393
1290,243,20238,622.4,769.91,230.65,224.04,0.977857
1291,243,18147,143.96,649.31,310.23,401.39,0.975061
1292,243,3351,375.24,185.0,188.03,185.31,0.95856
1293,244,3544,128.01,169.88,209.23,201.31,0.973454
1294,244,16551,579.99,6.1,287.9,480.91,0.944324
1295,244,21771,650.93,883.07,136.4,130.85,0.637175
1296,247,22362,608.75,737.39,271.3,415.74,0.963371
1297,247,3743,122.42,837.64,329.87,332.04,0.954835
1298,247,2483,627.16,98.04,199.18,472.03,0.945726
1299,247,12778,58.22,133.01,334.84,504.34,0.927363
1300,248,22362,600.46,732.42,262.68,408.52,0.971426
1301,248,2483,633.91,51.08,202.07,495.32,0.959228
1302,248,3743,121.82,828.69,321.73,322.15,0.955079
1303,248,12778,53.9,111.28,339.18,498.68,0.877485
1304,249,2483,87.84,659.89,212.48,494.19,0.967085
1305,249,22362,79.77,117.25,261.36,392.07,0.957134
1306,249,3743,492.4,127.68,312.25,302.36,0.937853
1307,249,12778,554.51,594.97,344.79,500.2,0.87209
1308,250,29667,129.82,208.39,224.73,222.02,0.967936
1309,250,3351,379.46,849.15,187.56,191.02,0.966871
1310,250,18357,544.42,230.28,239.89,350.68,0.955417
1311,251,29667,587.87,796.77,232.17,229.1,0.972783
1312,251,18357,143.04,595.45,244.53,369.55,0.959884
1313,251,3351,370.03,179.24,183.0,186.6,0.953295
1314,252,29667,624.76,887.07,228.88,221.8,0.967069
1315,252,3351,411.43,238.84,184.91,183.72,0.951608
1316,252,18357,183.35,692.26,244.34,371.63,0.944789
1317,253,33880,453.34,252.33,434.35,289.36,0.980472
1318,253,3351,445.98,848.94,189.63,190.56,0.962844
1319,253,35206,66.49,255.63,409.37,221.52,0.946973
1320,256,25438,543.88,179.74,245.8,253.19,0.979333
1321,256,19552,495.22,655.23,316.1,502.28,0.971476
1322,256,2483,65.06,668.88,202.22,483.9,0.955816
1323,256,13395,109.42,88.4,235.73,477.56,0.921172
1324,259,20238,604.54,278.81,226.02,222.04,0.978818
1325,259,3351,384.99,895.08,189.43,192.8,0.958959
1326,259,41768,110.0,284.62,270.79,289.43,0.952729
1327,262,29667,602.16,176.1,221.12,214.68,0.980235
1328,262,28763,60.8,811.49,220.07,208.64,0.977271
1329,262,34597,78.61,37.48,337.26,490.25,0.972467
1330,262,3483,560.17,810.47,286.07,177.39,0.955739
1331,264,28763,678.37,256.94,212.27,198.06,0.989898
1332,264,34597,564.95,680.03,352.83,513.78,0.972283
1333,264,29667,126.3,864.52,228.88,225.83,0.972254
1334,264,3483,132.56,290.86,276.67,169.36,0.969413
1335,265,28763,678.14,257.26,211.68,197.57,0.989111
1336,265,16232,142.9,846.59,196.6,192.63,0.981543
1337,265,25367,599.71,667.55,375.8,489.91,0.969095
1338,265,3483,132.38,291.43,276.47,168.83,0.962263
1339,266,28763,96.12,855.37,214.59,202.18,0.987413
1340,266,16232,649.53,230.39,190.7,182.63,0.983484
1341,266,25367,20.86,110.38,387.75,473.11,0.964339
1342,266,3483,590.16,846.02,282.99,170.9,0.949203
1343,27,25438,123.9,823.36,259.76,267.78,0.969816
1344,27,2483,604.73,80.01,197.27,473.83,0.961719
1345,27,13395,603.9,708.32,230.62,522.65,0.949409
1346,271,22347,104.49,189.05,201.96,193.48,0.975704
1347,271,20877,83.13,725.69,337.4,241.39,0.971824
1348,271,3483,624.38,716.75,211.88,270.86,0.970883
1349,271,35206,630.85,163.43,221.46,394.38,0.960159
1350,273,22347,665.18,876.71,217.01,210.41,0.97795
1351,273,3483,143.07,291.84,211.85,257.71,0.969308
1352,273,35206,98.23,669.67,234.26,414.28,0.959237
1353,273,20877,542.55,293.59,330.41,238.84,0.948628
1354,274,20014,574.08,254.82,344.43,320.4,0.961753
1355,274,21325,206.44,324.92,147.18,236.57,0.955737
1356,274,3351,420.12,888.39,190.47,195.17,0.933633
1357,275,20014,7.89,644.15,350.54,343.01,0.974188
1358,275,3351,327.86,149.54,185.14,188.28,0.94991
1359,275,21325,581.68,663.09,152.76,243.93,0.946774
1360,277,19861,127.27,864.91,220.47,166.69,0.981282
1361,277,30308,79.34,95.58,394.77,403.45,0.970551
1362,277,3483,600.56,869.59,257.9,229.1,0.967424
1363,277,36637,621.22,198.57,263.0,151.4,0.959855
1364,278,19861,637.43,277.01,222.49,171.94,0.983765
1365,278,3483,149.1,220.61,249.06,219.6,0.974074
1366,278,30308,521.83,748.98,407.34,414.27,0.972347
1367,278,36637,93.51,906.88,274.96,164.69,0.962027
1368,28,3483,566.06,814.38,263.95,216.43,0.976068
1369,28,25367,20.46,67.14,416.76,452.61,0.975914
1370,28,27777,179.53,814.19,172.04,201.35,0.962137
1371,28,35206,615.05,141.57,227.43,402.8,0.942352
1372,280,16232,134.5,290.4,187.88,191.96,0.981702
1373,280,3351,410.74,867.79,187.8,191.64,0.958944
1374,280,3832,434.46,273.35,387.22,353.28,0.955823
1375,286,16262,575.5,187.74,238.74,226.74,0.978721
1376,286,3483,536.55,779.48,270.88,224.22,0.971794
1377,286,30308,30.47,117.85,374.85,403.15,0.957398
1378,286,27777,145.44,776.51,176.17,206.04,0.953309
1379,287,3483,173.16,277.89,259.93,211.91,0.976158
1380,287,30308,574.22,703.36,397.68,422.47,0.97439
1381,287,16262,136.25,836.14,249.9,243.21,0.965758
1382,287,27777,639.72,294.04,175.22,195.54,0.963918
1383,288,3483,566.22,816.49,263.27,215.83,0.97554
1384,288,16262,603.78,193.1,243.33,231.92,0.974942
1385,288,27777,179.42,815.28,171.72,200.9,0.965601
1386,288,30308,44.95,132.84,385.92,416.19,0.952249
1387,289,2483,597.5,81.33,250.46,477.24,0.966928
1388,289,25438,142.71,844.96,256.59,253.39,0.962085
1389,289,22362,588.27,743.22,254.81,408.89,0.95554
1390,29,25367,8.35,53.77,401.95,446.85,0.967955
1391,29,3483,536.75,777.5,270.85,223.65,0.965592
1392,29,35206,585.51,132.7,221.62,392.42,0.958339
1393,29,27777,144.76,775.49,177.51,206.17,0.955793
1394,291,25438,535.56,174.62,247.31,253.59,0.980866
1395,291,2483,76.24,655.1,264.21,476.29,0.966856
1396,291,22362,102.84,105.0,249.89,394.27,0.966477
1397,292,25438,547.61,177.59,245.39,252.78,0.981707
1398,292,12778,542.31,588.31,322.77,510.55,0.961934
1399,292,2483,71.98,662.55,199.57,486.17,0.960168
1400,292,13395,113.97,84.07,229.84,479.32,0.908673
1401,295,16232,643.29,297.58,191.34,190.55,0.98533
1402,295,20014,119.91,191.4,345.78,317.04,0.964367
1403,295,3351,413.78,864.13,189.87,190.75,0.942168
1404,298,1900,681.71,879.48,212.95,132.32,0.977371
1405,298,33208,156.77,235.73,205.25,195.27,0.965928
1406,298,16548,161.12,777.0,240.16,235.47,0.927049
1407,299,1900,88.84,260.84,200.4,125.38,0.977722
1408,299,33208,611.93,846.27,214.61,206.5,0.963289
1409,299,16548,559.67,245.47,233.96,227.73,0.927769
1410,3,1900,142.53,243.48,198.22,125.77,0.984704
1411,3,24850,138.82,703.58,190.03,295.71,0.967791
1412,3,16551,530.37,60.74,382.4,400.11,0.964702
1413,3,27926,571.68,629.89,261.35,487.01,0.946783
1414,302,19232,97.61,635.49,278.17,326.7,0.987094
1415,302,36637,568.69,712.77,234.55,227.56,0.946998
1416,302,3351,309.59,160.26,185.65,189.5,0.940736
1417,304,2483,622.49,70.55,193.59,468.98,0.972657
1418,304,12778,103.82,129.01,309.65,504.76,0.959657
1419,304,3743,130.94,812.5,329.92,332.02,0.942751
1420,304,3832,592.24,708.72,237.51,459.9,0.612393
1421,304,13395,591.14,701.99,238.89,465.84,0.518761
1422,308,36637,117.72,711.0,189.89,264.18,0.958376
1423,308,3351,289.31,206.01,185.12,188.25,0.948803
1424,308,41768,564.27,604.0,274.39,298.54,0.936678
1425,31,3544,111.89,240.38,207.87,201.06,0.972205
1426,31,16551,589.93,50.04,291.56,481.63,0.916418
1427,310,4543,139.75,865.73,213.42,213.43,0.983501
1428,310,3544,654.93,891.66,213.39,212.9,0.981678
1429,310,16551,106.36,146.75,312.8,448.7,0.964762
1430,310,12247,617.97,321.74,175.51,185.3,0.954638
1431,313,29667,595.16,182.07,219.51,214.03,0.974511
1432,313,34597,13.06,23.08,451.08,407.89,0.969709
1433,313,3483,621.55,721.96,210.67,270.77,0.968632
1434,313,20877,38.4,754.55,328.16,251.47,0.964983
1435,315,29667,134.92,859.41,228.88,225.15,0.976891
1436,315,34597,507.53,784.63,467.59,422.16,0.975421
1437,315,20877,591.14,258.56,325.83,249.84,0.972087
1438,315,3483,145.39,288.7,212.92,257.5,0.960858
1439,316,3544,127.28,235.34,208.46,201.06,0.974439
1440,316,33009,558.76,811.82,372.09,208.17,0.974002
1441,316,16548,167.35,792.57,238.25,227.26,0.945601
1442,317,3544,660.08,833.3,213.57,210.42,0.978015
1443,317,33009,78.43,269.35,361.65,219.73,0.968733
1444,317,16548,591.54,284.63,232.35,222.15,0.948023
1445,32,3544,674.17,828.24,213.68,210.19,0.975717
1446,32,16551,105.34,707.82,295.19,493.92,0.959109
1447,320,28763,135.36,197.41,209.63,197.75,0.986851
1448,320,3483,624.98,717.5,210.49,269.81,0.970627
1449,320,20877,83.03,725.28,338.01,240.94,0.961387
1450,320,35206,630.63,163.15,221.47,394.66,0.960154
1451,323,28763,677.64,256.59,211.53,196.08,0.989058
1452,323,22347,654.93,876.31,213.95,209.05,0.975543
1453,323,36637,151.19,802.52,193.88,255.85,0.965045
1454,323,3483,130.31,290.95,277.75,168.83,0.961968
1455,324,28763,96.76,856.03,214.78,201.84,0.988208
1456,324,22347,131.55,194.87,205.73,197.86,0.976205
1457,324,36637,644.6,208.36,188.11,247.73,0.960654
1458,324,3483,590.16,846.48,283.9,170.65,0.951876
1459,325,3483,174.21,278.33,258.82,211.3,0.972517
1460,325,16262,136.9,836.03,248.42,243.16,0.969562
1461,325,31885,506.65,704.77,405.86,525.12,0.965833
1462,325,27777,639.63,294.25,174.9,195.29,0.964507
1463,327,31885,94.84,27.92,408.73,508.22,0.978704
1464,327,16262,603.38,193.05,244.12,232.02,0.975853
1465,327,3483,566.42,816.5,263.02,216.25,0.974852
1466,327,27777,179.31,815.02,171.59,201.07,0.96563
1467,328,27733,559.88,256.48,301.06,263.48,0.969396
1468,328,3483,122.75,307.09,270.17,202.2,0.968
1469,328,31885,516.6,646.06,384.59,532.83,0.962648
1470,328,36637,101.49,880.36,267.1,176.86,0.959065
1471,332,4543,588.46,167.35,202.5,198.73,0.986275
1472,332,3544,126.21,142.27,201.06,197.84,0.971006
1473,332,16551,564.44,537.09,289.28,489.19,0.955674
1474,334,16232,628.93,221.56,185.9,182.55,0.9752
1475,334,3483,624.9,717.09,210.67,270.62,0.971469
1476,334,20877,83.26,726.19,337.11,240.37,0.963363
1477,334,22347,146.37,223.36,201.67,194.98,0.955173
1478,335,16232,135.42,847.23,195.29,191.44,0.982061
1479,335,22347,621.74,839.92,213.98,207.7,0.976461
1480,335,3483,143.54,291.8,210.66,257.46,0.956961
1481,335,20877,542.04,293.32,330.96,238.9,0.948318
1482,336,16232,657.39,231.71,190.52,178.72,0.985769
1483,336,3483,651.9,750.3,210.28,265.29,0.96217
1484,336,20877,115.57,769.4,333.85,231.02,0.961493
1485,336,22347,163.87,232.68,205.76,198.48,0.91261
1486,337,22347,641.22,836.99,213.6,206.7,0.976979
1487,337,25469,572.03,185.95,330.27,286.37,0.966639
1488,337,36637,132.95,830.54,179.27,261.98,0.959331
1489,337,3483,124.21,273.52,274.37,185.43,0.957039
1490,338,22347,126.68,225.01,202.38,196.56,0.9806
1491,338,25469,49.3,788.3,349.02,301.31,0.971246
1492,338,3483,574.42,811.12,281.34,192.35,0.951608
1493,338,36637,646.02,169.69,169.76,249.03,0.947958
1494,339,25469,88.14,829.68,338.85,304.02,0.97634
1495,339,22347,144.38,235.34,206.24,199.12,0.973908
1496,339,36637,674.65,172.16,175.25,255.1,0.962505
1497,339,3483,601.97,847.04,278.0,186.69,0.93559
1498,340,34597,39.04,88.58,390.47,465.45,0.975576
1499,340,3483,537.61,780.28,270.57,223.27,0.974538
1500,340,20238,576.39,191.24,222.25,214.3,0.96989
1501,340,27777,145.9,776.81,176.69,206.36,0.952116
1502,341,34597,52.11,119.31,399.54,459.95,0.970974
1503,341,20238,604.41,195.38,227.14,216.34,0.967264
1504,341,3483,567.18,817.51,262.67,214.99,0.9645
1505,341,27777,180.18,815.95,171.53,200.38,0.963907
1506,344,28763,155.83,194.04,209.1,200.26,0.977668
1507,344,3483,566.32,816.5,263.5,216.71,0.974851
1508,344,27777,179.48,815.94,171.73,200.24,0.966143
1509,344,16262,604.25,193.18,243.29,231.34,0.943134
1510,345,28763,138.15,187.42,206.19,198.5,0.979202
1511,345,3483,537.22,779.94,269.61,222.98,0.973313
1512,345,27777,144.34,776.68,177.46,205.74,0.95693
1513,345,16262,575.44,187.88,239.28,226.35,0.934175
1514,346,16232,644.43,252.19,186.48,180.3,0.972033
1515,346,25367,142.49,57.66,339.65,498.83,0.968744
1516,346,3483,567.29,814.32,263.93,215.91,0.965889
1517,346,27777,180.86,814.48,172.2,201.54,0.960339
1518,347,16232,615.57,239.13,182.82,184.07,0.967452
1519,347,3483,538.48,776.76,269.07,223.65,0.965837
1520,347,25367,123.18,43.74,333.85,486.07,0.957921
1521,347,27777,146.05,775.66,177.24,206.08,0.956793
1522,349,34597,6.93,132.09,440.13,425.41,0.977748
1523,349,3483,567.66,813.96,262.87,215.35,0.969355
1524,349,27777,180.71,814.18,172.06,201.42,0.961316
1525,349,35206,614.93,140.39,227.21,403.35,0.942304
1526,352,19552,107.41,171.21,330.63,490.38,0.967558
1527,352,22362,618.8,779.5,260.42,423.16,0.964506
1528,352,2483,643.4,116.09,200.78,472.82,0.959943
1529,355,2483,52.69,697.46,253.91,482.11,0.971217
1530,355,12081,71.89,131.27,226.42,426.63,0.961849
1531,356,12081,641.43,687.07,236.58,451.35,0.975727
1532,356,2483,629.66,27.99,237.22,485.99,0.969652
1533,356,3743,107.51,800.11,274.27,276.12,0.611699
1534,359,29667,630.52,163.93,222.08,215.29,0.980436
1535,359,31885,81.96,46.41,368.12,530.33,0.973155
1536,359,27777,178.13,812.27,171.73,202.1,0.964242
1537,359,3483,563.69,815.5,264.53,216.56,0.960467
1538,361,16262,643.71,287.67,243.96,235.19,0.97766
1539,361,18147,213.27,169.0,207.73,409.69,0.960345
1540,361,3351,430.35,881.65,189.99,191.96,0.933111
1541,364,32310,586.7,162.91,246.39,346.56,0.965905
1542,364,35206,102.65,253.89,345.78,326.09,0.960108
1543,364,3351,406.65,855.66,191.69,192.03,0.95437
1544,372,34597,13.05,143.24,450.43,412.18,0.97104
1545,372,16262,573.94,195.32,243.72,231.79,0.965415
1546,372,25469,48.89,857.49,376.78,217.91,0.96394
1547,372,3483,601.52,846.46,280.47,186.79,0.947881
1548,374,29667,624.56,186.43,223.69,214.99,0.973165
1549,374,20877,70.58,798.06,329.16,244.0,0.96909
1550,374,3483,647.28,754.78,211.3,269.29,0.962482
1551,374,25367,102.42,36.81,406.72,463.34,0.956812
1552,379,31863,137.07,315.45,204.99,206.22,0.980303
1553,379,3351,465.29,859.95,189.01,190.69,0.958402
1554,379,16688,452.72,156.57,491.53,469.45,0.954303
1555,38,31885,111.5,30.02,401.07,501.14,0.97987
1556,38,20877,83.36,724.68,337.06,241.89,0.969834
1557,38,3483,624.84,717.35,211.78,270.05,0.968846
1558,38,35206,624.63,160.89,220.04,396.24,0.927581
1559,380,31863,596.73,713.35,209.0,215.7,0.974924
1560,380,16688,0.19,549.24,504.04,519.56,0.956323
1561,380,3351,283.48,181.04,190.63,189.15,0.95377
1562,382,2483,594.88,117.69,286.61,443.23,0.975514
1563,382,12778,98.42,133.22,372.83,449.87,0.964993
1564,382,13395,613.32,688.06,239.43,520.95,0.959157
1565,382,3743,73.84,811.75,332.09,328.45,0.952381
1566,384,2483,605.88,77.6,283.93,460.42,0.971915
1567,384,13395,602.05,688.38,244.73,500.96,0.96137
1568,384,3743,74.04,798.53,324.28,322.05,0.954372
1569,384,12778,93.57,91.37,380.61,459.53,0.945564
1570,387,28763,676.92,256.85,211.8,197.22,0.988871
1571,387,20238,134.84,869.48,230.47,226.39,0.98006
1572,387,31885,496.34,655.95,419.48,513.49,0.96982
1573,387,3483,130.73,290.97,277.2,169.35,0.9646
1574,389,16262,601.64,185.54,238.01,228.75,0.971779
1575,389,20877,83.18,725.13,336.89,241.58,0.970868
1576,389,34597,27.96,127.68,440.19,421.3,0.969652
1577,389,3483,624.46,718.29,211.48,271.05,0.967566
1578,390,16262,629.58,191.61,244.47,232.75,0.968026
1579,390,34597,41.59,157.53,452.51,416.64,0.963826
1580,390,20877,115.01,768.81,333.72,231.38,0.95842
1581,390,3483,651.23,750.92,210.71,267.16,0.957013
1582,392,1900,187.7,274.41,202.47,137.67,0.98384
1583,392,16551,112.04,702.34,295.26,495.55,0.94997
1584,392,33208,656.24,898.65,220.92,211.88,0.948376
1585,392,21771,684.42,275.77,177.59,172.3,0.635574
1586,393,1900,582.63,868.04,210.62,141.79,0.983352
1587,393,33208,110.97,159.36,206.07,197.02,0.965931
1588,393,16551,559.69,48.42,277.42,468.87,0.949249
1589,394,20238,139.03,851.52,232.43,224.4,0.976728
1590,394,28763,606.21,856.81,220.69,213.31,0.973316
1591,394,25469,569.57,231.46,372.89,219.01,0.968034
1592,394,3483,123.72,273.59,274.45,187.76,0.963995
1593,395,28763,172.49,209.02,212.56,202.41,0.977326
1594,395,25469,50.04,858.13,374.39,217.64,0.976159
1595,395,20238,618.41,195.86,226.84,217.24,0.974202
1596,395,3483,602.65,846.21,277.31,187.41,0.936989
1597,396,28763,153.94,199.85,211.82,199.95,0.979794
1598,396,20238,589.14,191.03,222.18,213.24,0.977298
1599,396,25469,14.71,812.82,379.33,221.6,0.975759
1600,396,3483,575.35,809.48,280.59,193.42,0.959641
1601,4,29345,118.39,156.17,271.9,411.93,0.973552
1602,4,1900,684.65,808.5,130.87,206.8,0.973469
1603,4,16551,130.64,649.68,293.97,493.25,0.96152
1604,4,24850,598.76,252.08,294.52,165.96,0.955443
1605,40,19861,644.24,277.68,222.65,171.6,0.981438
1606,40,3483,158.52,215.08,248.36,221.81,0.97291
1607,40,29667,120.6,838.46,229.52,227.15,0.966159
1608,40,31885,619.05,607.94,330.76,557.95,0.963342
1609,400,1900,135.07,246.37,192.28,154.52,0.974096
1610,400,33208,614.51,771.21,213.91,204.4,0.970633
1611,400,33009,14.63,777.35,365.32,237.69,0.969793
1612,400,16548,603.6,125.98,230.94,223.52,0.953197
1613,401,1900,642.19,857.97,207.19,167.8,0.977877
1614,401,33009,584.34,242.95,358.85,236.64,0.971885
1615,401,33208,152.08,295.66,207.52,195.73,0.952891
1616,401,16548,111.58,898.67,241.34,239.29,0.936724
1617,404,18147,16.32,588.69,285.13,418.25,0.964037
1618,404,35206,438.74,698.79,415.55,235.41,0.955864
1619,404,3351,356.89,145.01,186.7,189.08,0.940846
1620,409,33009,512.31,791.95,389.4,210.41,0.973218
1621,409,1900,137.25,243.18,186.27,165.37,0.971209
1622,409,16551,9.59,726.4,461.28,325.89,0.959807
1623,41,31885,56.58,92.78,321.55,543.31,0.97298
1624,41,19861,119.84,864.91,221.54,167.12,0.972578
1625,41,29667,637.02,206.24,224.64,214.3,0.968421
1626,41,3483,593.84,873.74,255.94,230.17,0.957291
1627,411,33009,87.35,257.16,367.88,208.41,0.979587
1628,411,1900,645.97,853.19,201.06,177.44,0.978501
1629,411,16551,496.68,197.69,452.47,312.86,0.961266
1630,411,20238,29.9,829.44,390.64,297.69,0.50157
1631,412,2483,623.74,69.03,225.95,467.44,0.978033
1632,412,12081,649.21,694.7,246.8,461.51,0.975714
1633,412,19552,112.79,185.14,307.79,501.45,0.955386
1634,413,12081,641.5,686.57,237.0,452.04,0.97584
1635,413,2483,628.13,29.53,240.18,484.3,0.965918
1636,413,19552,109.05,160.22,315.65,497.53,0.961412
1637,414,19552,519.9,551.7,306.15,493.86,0.974459
1638,414,2483,51.1,698.62,255.53,480.7,0.96989
1639,414,12081,71.7,130.57,226.15,427.34,0.964618
1640,415,19861,127.34,864.77,220.75,166.75,0.980728
1641,415,16262,637.36,176.13,245.86,231.8,0.980005
1642,415,31885,98.56,91.38,325.08,544.19,0.96997
1643,415,3483,600.79,869.8,257.96,228.69,0.964832
1644,416,19861,91.9,828.21,225.46,174.77,0.979213
1645,416,3483,573.21,835.59,261.15,232.94,0.976352
1646,416,16262,610.19,172.21,239.01,229.39,0.97297
1647,416,31885,79.61,71.01,316.86,535.88,0.96815
1648,417,19861,637.8,276.72,221.88,172.42,0.981852
1649,417,3483,148.97,220.76,249.52,219.62,0.97361
1650,417,16262,100.5,851.62,248.83,241.69,0.973282
1651,417,31885,574.4,611.16,330.7,553.39,0.967935
1652,419,20238,113.03,856.27,232.12,225.67,0.97629
1653,419,27733,563.9,259.28,303.35,266.82,0.975417
1654,419,3483,123.46,306.37,269.46,202.72,0.968522
1655,419,25367,542.25,736.96,433.75,439.47,0.968018
1656,42,3483,566.21,840.18,259.14,234.21,0.978766
1657,42,19861,84.95,825.89,226.38,176.67,0.977042
1658,42,29667,609.46,199.88,219.26,214.96,0.970048
1659,42,31885,38.68,73.8,314.31,532.65,0.965654
1660,420,20238,613.48,186.99,224.57,212.77,0.981076
1661,420,25367,4.33,76.27,431.26,418.03,0.967842
1662,420,3483,579.78,758.92,275.99,211.12,0.967027
1663,420,27733,87.04,722.07,325.44,284.79,0.936305
1664,422,19861,639.32,276.83,221.98,172.76,0.98197
1665,422,3483,150.59,219.63,248.65,219.68,0.975509
1666,422,34597,561.01,700.97,352.27,512.04,0.965572
1667,422,36637,96.01,905.14,272.7,165.85,0.960629
1668,423,19861,90.43,827.49,225.61,175.08,0.978217
1669,423,34597,83.47,18.84,336.58,491.24,0.97618
1670,423,3483,571.67,836.84,260.23,232.11,0.97361
1671,423,36637,591.59,194.64,257.82,153.77,0.959559
1672,429,29667,667.17,180.43,224.97,213.94,0.977552
1673,429,34597,72.23,153.63,492.43,355.69,0.96434
1674,429,27733,131.94,775.72,312.34,277.42,0.947316
1675,429,3483,608.84,791.94,273.46,206.66,0.939985
1676,430,4543,611.46,154.57,204.95,200.66,0.986775
1677,430,16551,70.02,609.36,404.88,411.53,0.977196
1678,430,3544,182.15,199.22,204.12,198.22,0.971445
1679,431,4543,639.61,154.73,209.79,202.77,0.98705
1680,431,16551,105.15,660.97,401.11,404.45,0.979125
1681,431,3544,200.22,206.88,208.9,202.19,0.970189
1682,431,33009,643.73,829.62,168.11,214.15,0.755788
1683,432,4543,133.65,905.21,212.96,212.25,0.989471
1684,432,3544,583.69,859.12,214.51,211.52,0.97971
1685,432,16551,491.23,224.59,396.45,393.05,0.976617
1686,433,16232,619.47,178.28,187.09,183.44,0.977804
1687,433,3483,580.26,759.04,276.0,210.49,0.965293
1688,433,30308,93.44,106.42,356.09,421.6,0.963399
1689,433,27733,87.27,721.2,325.35,284.67,0.93577
1690,434,27733,564.26,259.26,302.57,266.5,0.973553
1691,434,16232,141.71,893.51,197.5,191.87,0.973046
1692,434,3483,123.68,306.79,269.23,202.09,0.96706
1693,434,30308,535.12,694.07,367.14,446.33,0.954848
1694,435,16232,648.55,185.91,191.31,179.36,0.985609
1695,435,30308,107.92,121.08,370.14,436.05,0.959932
1696,435,3483,606.03,792.5,275.52,209.36,0.93755
1697,435,27733,123.63,769.26,315.72,275.08,0.929747
1698,436,20238,618.81,196.05,225.74,217.55,0.973036
1699,436,31885,41.16,133.72,446.34,482.56,0.96594
1700,436,25469,49.3,857.04,376.37,218.21,0.96335
1701,436,3483,602.29,845.4,278.04,187.25,0.942139
1702,44,13900,578.8,670.98,179.72,265.08,0.978417
1703,44,29667,93.07,723.69,230.9,229.43,0.976942
1704,44,3351,371.11,154.64,183.37,188.44,0.940175
1705,443,25438,568.11,187.55,246.46,253.73,0.978111
1706,443,2483,82.49,673.8,250.92,474.48,0.96465
1707,443,3832,77.63,110.34,223.7,426.14,0.869583
1708,443,12778,533.83,681.51,343.82,481.79,0.794638
1709,444,2483,595.52,109.79,256.24,455.15,0.970049
1710,444,25438,110.17,842.13,261.66,266.06,0.962357
1711,444,12778,76.03,71.42,336.54,483.85,0.932439
1712,444,3832,654.6,712.17,219.62,460.54,0.733314
1713,449,28763,97.01,854.5,215.0,202.49,0.984757
1714,449,16262,622.45,180.8,243.17,232.51,0.974698
1715,449,34597,48.41,134.07,379.66,475.53,0.970725
1716,449,3483,590.52,846.53,284.53,170.59,0.945362
1717,452,1900,645.77,845.45,186.12,189.84,0.963231
1718,452,29451,516.1,243.66,403.91,219.25,0.958971
1719,452,16551,138.97,637.05,307.96,487.6,0.938369
1720,454,2483,103.34,700.11,226.7,487.66,0.971074
1721,454,13395,124.45,86.72,238.59,476.51,0.93845
1722,455,2483,603.81,24.98,216.9,483.08,0.970908
1723,455,13395,582.55,673.47,238.83,496.97,0.949783
1724,455,12778,136.41,94.29,306.23,516.2,0.835949
1725,456,2483,598.46,59.84,206.06,473.31,0.963717
1726,456,12778,141.02,125.49,298.28,514.95,0.955293
1727,456,13395,586.6,679.13,256.86,511.89,0.949036
1728,457,2483,642.06,58.12,212.87,490.78,0.970273
1729,457,13395,633.3,673.89,231.43,498.57,0.969673
1730,457,12778,108.95,157.49,289.64,529.51,0.854833
1731,458,2483,627.51,106.12,228.32,466.26,0.969742
1732,458,13395,638.61,675.16,246.55,516.84,0.955862
1733,458,12778,109.44,188.35,289.04,523.57,0.926904
1734,459,2483,80.75,660.38,218.33,489.14,0.965576
1735,459,13395,81.18,86.1,231.79,482.46,0.955648
1736,459,12778,549.44,525.87,272.54,517.23,0.672138
1737,46,12081,601.57,709.26,235.41,451.16,0.977262
1738,46,2483,589.43,69.54,245.39,478.26,0.968807
1739,46,3743,119.46,784.82,321.39,321.22,0.954903
1740,460,2483,92.82,657.68,203.74,497.36,0.962639
1741,460,22362,79.98,117.86,261.35,391.11,0.958793
1742,460,3743,492.33,127.73,311.65,302.39,0.93577
1743,462,22362,608.73,737.72,272.73,415.13,0.9649
1744,462,3743,123.12,837.86,329.33,331.49,0.960947
1745,462,2483,630.97,99.62,201.54,470.92,0.954627
1746,462,12778,133.81,148.87,299.73,503.78,0.610442
1747,463,28763,675.31,256.42,212.87,196.78,0.988381
1748,463,20238,134.61,870.18,230.61,226.19,0.983461
1749,463,3483,129.91,291.43,278.14,169.34,0.962442
1750,463,28763,623.42,873.32,221.78,214.59,0.949651
1751,464,28763,63.94,813.34,219.9,207.45,0.985556
1752,464,28763,137.5,186.04,208.16,198.5,0.983859
1753,464,20238,594.21,174.21,221.07,212.1,0.982277
1754,464,3483,563.21,811.33,287.25,175.39,0.962745
1755,465,28763,98.97,856.37,214.16,201.09,0.9877
1756,465,28763,154.55,193.2,212.67,200.48,0.979499
1757,465,20238,624.26,177.31,225.26,215.48,0.975716
1758,465,3483,591.51,846.11,284.31,170.61,0.941126
1759,468,25438,155.31,872.13,261.24,267.35,0.96941
1760,468,2483,602.77,114.2,201.07,467.63,0.967663
1761,468,22362,604.34,748.1,268.61,415.96,0.964228
1762,468,12778,107.58,108.2,314.17,512.51,0.730272
1763,469,28763,150.06,221.49,212.15,201.46,0.978965
1764,469,35206,605.96,124.75,253.31,390.01,0.9454
1765,469,27733,124.14,770.18,315.72,274.7,0.938137
1766,469,3483,608.22,792.35,273.2,208.04,0.937197
1767,47,12081,109.59,112.62,228.02,424.76,0.978303
1768,47,2483,87.71,667.98,257.87,472.79,0.955655
1769,47,3743,494.84,165.87,312.07,299.8,0.947885
1770,472,3544,150.7,190.6,207.4,201.85,0.976944
1771,472,16548,627.83,148.22,236.62,226.89,0.95544
1772,472,28763,629.21,851.04,225.26,135.87,0.823961
1773,474,3544,636.12,874.55,214.31,215.0,0.978852
1774,474,16548,118.63,880.93,240.53,238.95,0.963074
1775,474,28763,150.57,307.19,223.06,147.59,0.897702
1776,475,25438,125.76,824.17,259.9,267.87,0.968492
1777,475,19552,90.67,130.82,315.21,501.77,0.95778
1778,475,13395,605.78,711.24,230.53,520.86,0.955583
1779,475,2483,598.9,82.84,203.2,471.77,0.952484
1780,477,2483,602.43,45.1,214.89,487.57,0.973587
1781,477,25438,124.08,812.57,254.49,254.11,0.973057
1782,477,19552,89.23,107.17,317.22,492.94,0.967723
1783,477,13395,593.11,707.71,235.75,499.5,0.936793
1784,479,3483,536.25,777.27,271.85,224.09,0.971345
1785,479,25367,65.93,85.36,374.74,468.9,0.965258
1786,479,27777,145.3,775.23,177.62,206.4,0.956877
1787,479,36637,636.65,176.56,181.88,243.53,0.954969
1788,481,2483,628.08,107.05,227.25,465.6,0.971396
1789,481,13395,638.51,676.2,246.18,515.95,0.96126
1790,481,12778,76.8,99.63,306.54,503.99,0.562178
1791,482,2483,81.14,659.38,217.57,490.67,0.9676
1792,482,13395,81.54,85.08,231.22,482.27,0.956299
1793,482,12778,556.95,633.41,310.8,495.81,0.893553
1794,484,32310,24.44,324.96,295.18,325.14,0.977314
1795,484,16688,480.39,118.18,415.59,530.44,0.961454
1796,484,3351,421.45,894.48,189.52,192.92,0.934987
1797,485,32310,623.67,532.34,292.48,343.36,0.977291
1798,485,3351,327.32,146.73,185.68,187.91,0.951339
1799,485,16688,36.38,518.33,443.72,590.48,0.93715
1800,486,32310,663.01,633.46,293.84,344.07,0.973756
1801,486,16688,75.46,618.87,434.92,594.95,0.9681
1802,486,3351,370.11,205.0,185.57,183.17,0.943446
1803,487,16232,648.2,185.34,191.71,180.21,0.982589
1804,487,31885,96.69,49.6,410.74,507.18,0.969355
1805,487,3483,607.64,792.39,273.57,209.06,0.947387
1806,487,27733,123.76,768.78,316.15,275.6,0.931585
1807,493,19607,683.17,900.53,165.07,161.81,0.979922
1808,493,1900,187.16,291.95,197.08,155.92,0.977777
1809,493,16548,124.67,886.25,242.88,238.71,0.962534
1810,494,1900,588.71,828.09,205.84,164.8,0.973378
1811,494,19607,135.87,213.09,153.63,151.08,0.966018
1812,494,16548,591.04,138.19,233.46,225.4,0.944537
1813,496,3351,395.09,872.47,188.12,190.59,0.967578
1814,496,3832,496.29,180.17,369.56,362.78,0.966937
1815,496,36637,165.97,293.7,184.94,248.51,0.944344
1816,497,3832,52.5,652.12,386.78,378.99,0.953614
1817,497,3351,356.15,159.94,181.06,183.68,0.945056
1818,497,36637,587.27,668.04,195.22,259.91,0.938033
1819,499,16262,167.81,834.75,249.23,242.73,0.97356
1820,499,25469,569.18,232.1,373.39,219.07,0.971281
1821,499,25367,526.19,725.55,436.47,460.45,0.970459
1822,499,3483,123.82,274.21,273.77,187.42,0.962117
1823,5,29345,614.83,715.85,287.75,441.95,0.975584
1824,5,24850,94.3,894.07,304.22,164.36,0.974853
1825,5,1900,182.35,266.7,127.55,199.88,0.96945
1826,5,16551,570.78,113.16,287.5,478.71,0.949608
1827,500,25469,14.85,812.41,379.16,221.63,0.975576
1828,500,16262,546.51,188.29,238.88,228.55,0.967532
1829,500,25367,35.94,66.81,414.33,433.66,0.967134
1830,500,3483,575.02,810.73,281.04,192.58,0.949412
1831,501,16262,572.91,195.2,245.03,231.86,0.968706
1832,501,25367,46.55,80.18,428.43,439.41,0.967499
1833,501,25469,49.4,857.22,376.01,217.59,0.962774
1834,501,3483,602.26,845.98,277.86,187.0,0.936281
1835,502,20238,139.85,851.72,231.66,224.69,0.97423
1836,502,25469,570.67,232.47,371.72,218.92,0.966068
1837,502,30308,550.3,732.58,413.34,411.25,0.959614
1838,502,3483,123.41,273.83,274.14,188.1,0.95882
1839,503,25469,14.34,812.14,379.47,222.3,0.977515
1840,503,20238,588.87,191.77,222.72,213.57,0.975987
1841,503,30308,39.47,104.44,386.77,390.71,0.953855
1842,503,3483,575.41,809.86,280.89,193.15,0.952767
1843,506,31863,83.61,699.89,206.42,210.94,0.97821
1844,506,38162,531.94,632.05,202.2,304.21,0.968072
1845,506,3351,351.81,140.1,184.92,188.77,0.937151
1846,507,31863,124.16,785.7,205.88,204.56,0.983805
1847,507,38162,573.18,728.48,195.34,294.67,0.974093
1848,507,3351,394.54,198.64,184.97,183.89,0.954866
1849,508,22074,167.28,260.84,186.18,189.01,0.976971
1850,508,18147,540.42,236.47,333.44,355.26,0.96986
1851,508,3351,419.82,870.04,189.56,194.4,0.942017
1852,509,22074,589.29,778.44,189.77,194.52,0.984495
1853,509,18147,47.78,606.72,345.9,378.45,0.978568
1854,509,3351,328.58,165.86,185.17,191.32,0.945202
1855,511,19861,639.17,277.04,222.1,172.78,0.980878
1856,511,3483,150.91,219.39,248.55,219.85,0.974563
1857,511,25367,574.17,745.28,393.96,490.24,0.97153
1858,511,36637,93.53,906.01,274.82,164.47,0.961026
1859,515,3483,567.11,813.88,264.44,215.82,0.975931
1860,515,30308,95.38,187.76,422.26,363.13,0.964901
1861,515,27777,180.76,813.74,172.21,201.91,0.961232
1862,515,35206,614.86,140.38,228.58,403.96,0.945207
1863,516,3483,172.48,280.75,259.48,211.18,0.972116
1864,516,30308,482.19,703.41,434.39,371.77,0.962195
1865,516,27777,637.5,294.93,175.67,195.34,0.957447
1866,516,35206,138.94,705.28,240.24,411.3,0.951718
1867,517,28763,96.78,855.52,215.49,202.18,0.988751
1868,517,31885,27.26,21.06,382.98,521.37,0.968434
1869,517,36637,643.88,208.44,188.63,247.6,0.957742
1870,517,3483,590.2,846.45,283.9,171.11,0.950952
1871,518,31885,17.6,4.95,362.62,513.72,0.984118
1872,518,28763,62.52,813.19,218.45,207.68,0.980734
1873,518,3483,561.15,812.05,287.58,174.89,0.964001
1874,518,36637,614.37,203.83,185.42,241.98,0.948775
1875,519,28763,677.86,256.91,211.4,196.51,0.989665
1876,519,31885,597.75,700.65,377.0,538.34,0.971078
1877,519,36637,151.56,802.4,193.96,256.33,0.959531
1878,519,3483,131.86,290.9,276.55,169.12,0.95538
1879,520,3483,175.57,279.25,258.47,210.85,0.975535
1880,520,28763,615.32,906.77,220.69,213.53,0.969382
1881,520,27777,639.83,295.92,175.44,194.51,0.962647
1882,520,29667,127.47,881.08,229.5,226.41,0.961449
1883,521,29667,600.98,161.58,218.9,213.45,0.976937
1884,521,28763,146.14,156.16,210.88,198.87,0.972902
1885,521,3483,535.59,777.86,270.07,224.15,0.967686
1886,521,27777,143.62,774.94,177.87,205.29,0.956406
1887,522,28763,163.37,160.23,213.37,201.14,0.9867
1888,522,29667,630.95,163.62,222.11,215.09,0.977694
1889,522,3483,564.0,815.12,264.99,217.7,0.969372
1890,522,27777,178.22,813.15,172.36,201.56,0.962791
1891,525,16232,141.16,892.88,197.93,192.09,0.979719
1892,525,28763,635.77,865.35,220.98,213.93,0.979585
1893,525,27733,564.35,259.13,303.36,266.4,0.976698
1894,525,3483,123.86,306.64,269.69,201.88,0.96751
1895,526,19861,637.2,276.67,222.72,172.6,0.983067
1896,526,16262,100.46,851.92,249.37,241.7,0.972745
1897,526,3483,147.99,220.56,250.36,220.75,0.971809
1898,526,30308,548.83,709.88,315.31,471.58,0.960271
1899,527,19861,127.39,865.17,220.42,166.29,0.981887
1900,527,16262,637.96,176.46,245.08,231.09,0.978877
1901,527,30308,143.99,75.52,312.57,461.49,0.970495
1902,527,3483,601.1,869.29,257.7,229.34,0.967156
1903,528,3483,574.2,836.11,260.21,234.04,0.97811
1904,528,19861,91.92,828.0,225.86,174.83,0.976936
1905,528,16262,610.91,172.11,238.52,228.81,0.971539
1906,528,30308,127.02,66.01,303.04,446.33,0.959767
1907,529,22347,106.24,242.26,206.07,197.24,0.977978
1908,529,20238,618.32,195.79,226.59,217.46,0.97475
1909,529,25469,49.73,857.98,375.59,217.99,0.965868
1910,529,3483,602.57,846.2,277.73,187.06,0.943305
1911,53,25438,132.32,854.03,260.76,268.07,0.968538
1912,53,2483,652.11,104.76,207.66,465.58,0.965328
1913,53,12778,97.02,117.37,359.85,474.11,0.952699
1914,53,13395,604.7,678.5,250.44,515.55,0.94976
1915,530,20238,139.05,851.53,232.33,224.62,0.977447
1916,530,22347,680.87,832.15,213.81,206.73,0.974398
1917,530,25469,572.49,232.09,370.95,219.75,0.970891
1918,530,3483,123.77,273.8,274.14,186.76,0.957219
1919,531,20238,589.21,191.31,222.38,213.28,0.976055
1920,531,25469,14.46,813.2,379.41,221.06,0.975539
1921,531,22347,89.38,230.09,202.84,195.84,0.969481
1922,531,3483,575.1,810.29,281.0,192.53,0.954313
1923,532,2483,595.44,116.24,284.79,444.31,0.977408
1924,532,19552,116.18,117.24,379.2,424.41,0.969117
1925,532,13395,613.0,685.67,239.73,523.46,0.962656
1926,532,3743,74.27,811.4,331.42,328.87,0.946339
1927,533,2483,604.93,78.72,283.96,459.18,0.976842
1928,533,19552,114.14,76.6,385.62,429.32,0.963643
1929,533,3743,73.83,799.68,323.14,321.04,0.961515
1930,533,13395,601.03,688.19,244.23,501.52,0.938397
1931,534,19552,445.28,697.44,394.84,435.26,0.973131
1932,534,2483,48.54,687.12,290.6,451.58,0.943732
1933,534,3743,536.36,151.3,313.84,302.74,0.93326
1934,534,13395,94.29,73.81,246.56,486.2,0.911354
1935,535,31885,81.69,143.56,412.92,506.8,0.97734
1936,535,25469,88.35,829.36,339.26,303.5,0.96898
1937,535,36637,673.81,172.05,175.45,255.12,0.965656
1938,535,3483,601.15,846.84,280.51,187.42,0.935404
1939,536,25469,51.27,787.98,352.29,301.64,0.961612
1940,536,31885,68.07,118.55,396.13,501.99,0.951726
1941,536,3483,573.85,811.65,281.9,192.61,0.949183
1942,536,36637,645.28,169.72,170.05,250.07,0.942497
1943,537,25469,571.65,185.48,330.39,285.95,0.964904
1944,537,31885,514.48,598.54,404.72,518.96,0.962401
1945,537,3483,125.1,273.75,273.15,186.24,0.960865
1946,537,36637,132.86,830.32,179.64,261.95,0.955267
1947,539,38162,591.32,709.51,201.28,304.93,0.964239
1948,539,3351,321.43,132.42,187.46,191.05,0.954429
1949,539,20014,9.57,669.76,353.94,342.72,0.954187
1950,54,25438,547.44,177.88,245.78,252.62,0.98032
1951,54,2483,71.08,662.97,200.77,487.84,0.962002
1952,54,12778,461.76,642.17,375.33,484.91,0.936339
1953,54,13395,114.01,83.48,230.73,482.16,0.897503
1954,540,38162,630.69,806.16,194.9,293.95,0.968806
1955,540,20014,48.95,755.46,353.13,339.22,0.965297
1956,540,3351,363.29,188.41,185.83,185.76,0.939039
1957,541,19861,637.72,276.9,222.05,172.35,0.983367
1958,541,16232,145.62,899.81,194.8,191.93,0.976243
1959,541,3483,148.28,220.64,250.41,220.02,0.971339
1960,541,31885,585.77,647.38,331.71,556.21,0.962384
1961,542,3483,573.19,835.01,260.78,233.45,0.979985
1962,542,19861,91.91,827.97,225.8,175.21,0.979236
1963,542,16232,617.43,172.51,186.29,181.92,0.973871
1964,542,31885,70.86,35.61,314.26,533.07,0.964286
1965,543,19861,127.57,865.06,220.29,166.89,0.980959
1966,543,16232,646.7,175.31,189.94,187.0,0.971074
1967,543,3483,601.1,870.06,256.94,228.3,0.969175
1968,543,31885,86.96,55.3,321.74,541.87,0.958514
1969,545,3483,175.76,278.61,259.99,211.7,0.973782
1970,545,22347,663.75,863.05,213.7,208.14,0.973684
1971,545,27777,640.64,295.64,175.48,194.87,0.963556
1972,545,29667,127.35,880.59,229.4,226.19,0.960254
1973,546,29667,601.04,160.97,218.4,215.02,0.979463
1974,546,22347,106.09,200.26,203.01,196.28,0.975401
1975,546,3483,535.01,779.21,269.61,223.2,0.973048
1976,546,27777,142.77,774.62,177.8,205.56,0.951708
1977,547,22347,121.67,243.36,205.25,198.0,0.978002
1978,547,36637,633.44,211.26,182.51,249.29,0.967295
1979,547,3483,651.62,751.72,209.73,265.35,0.957668
1980,547,20877,114.92,770.17,332.95,231.12,0.955967
1981,548,22347,665.01,830.82,213.29,207.77,0.969539
1982,548,3483,142.82,291.9,212.11,257.04,0.95621
1983,548,20877,540.84,293.53,332.11,237.96,0.950899
1984,548,36637,166.93,798.72,188.7,257.21,0.948269
1985,55,20014,48.58,282.08,343.63,319.04,0.958788
1986,55,16688,436.17,164.84,503.38,457.69,0.950579
1987,55,3351,424.06,847.26,187.82,190.36,0.944147
1988,551,28763,675.7,256.51,212.42,197.27,0.98807
1989,551,20238,134.92,870.74,230.15,225.25,0.982901
1990,551,3483,129.82,291.19,278.0,169.78,0.960736
1991,551,30308,544.09,686.63,390.56,428.97,0.953935
1992,552,28763,99.06,855.43,214.14,202.04,0.985478
1993,552,20238,624.44,178.18,225.59,214.79,0.970915
1994,552,30308,78.73,145.18,381.79,423.99,0.965442
1995,552,3483,591.82,845.95,283.74,170.77,0.951891
1996,553,25469,14.88,812.37,379.26,221.91,0.975827
1997,553,16232,601.44,213.22,185.98,182.65,0.973929
1998,553,34597,9.8,73.87,419.84,446.84,0.969286
1999,553,3483,575.54,809.85,280.88,193.15,0.948216
2000,555,34597,25.68,102.54,424.85,440.7,0.971101
2001,555,16232,630.69,220.41,191.0,186.18,0.968078
2002,555,25469,49.32,857.43,376.43,218.0,0.965984
2003,555,3483,601.72,845.51,280.45,187.57,0.945708
2004,56,20014,547.22,617.33,352.02,347.98,0.966199
2005,56,16688,2.43,554.27,514.31,509.55,0.95292
2006,56,3351,324.3,192.72,186.6,190.9,0.939556
2007,560,19861,127.6,865.18,219.96,166.56,0.981373
2008,560,3483,601.12,869.37,257.06,227.95,0.972064
2009,560,30308,117.02,78.84,279.43,471.46,0.969772
2010,560,35206,582.86,96.87,287.12,377.26,0.935128
2011,564,1900,151.64,254.18,195.65,162.12,0.981276
2012,564,21771,160.76,805.86,189.23,186.17,0.981126
2013,564,33009,547.87,837.14,373.59,198.1,0.97391
2014,564,16551,592.03,107.04,296.26,475.63,0.944311
2015,565,2483,623.61,70.26,226.93,465.56,0.978025
2016,565,12081,649.27,694.7,247.28,463.02,0.976755
2017,565,12778,29.21,170.38,400.84,422.34,0.974626
2018,569,12081,110.56,112.6,227.87,424.97,0.976791
2019,569,12778,541.91,578.91,287.47,515.09,0.965218
2020,569,2483,87.74,668.1,257.74,472.37,0.955526
2021,569,3743,495.19,165.96,313.12,300.09,0.939459
2022,571,1900,582.25,868.1,209.71,141.36,0.985672
2023,571,16551,541.77,57.4,304.98,452.05,0.961633
2024,571,24850,120.75,138.32,185.75,283.92,0.955384
2025,572,1900,188.4,274.4,203.01,138.15,0.979211
2026,572,16551,100.92,709.41,326.73,480.52,0.959691
2027,572,24850,671.03,830.34,193.02,299.07,0.947027
2028,572,21771,685.41,276.49,177.17,172.53,0.510729
2029,573,1900,609.67,901.89,206.33,132.64,0.986704
2030,573,24850,137.55,143.35,186.67,292.9,0.958688
2031,573,16551,568.15,61.44,315.77,467.37,0.947737
2032,574,13395,631.74,674.0,229.28,498.22,0.965692
2033,574,2483,675.54,78.05,198.94,490.75,0.964565
2034,574,3743,117.46,828.54,320.43,322.69,0.956136
2035,574,12778,94.88,174.52,315.55,486.75,0.699753
2036,575,2483,60.96,638.23,200.71,495.14,0.97054
2037,575,13395,84.99,85.29,231.12,482.16,0.954116
2038,575,3743,497.32,125.74,313.0,304.73,0.926554
2039,575,12778,534.74,544.89,313.56,489.15,0.710004
2040,576,13395,638.15,676.64,242.18,517.2,0.96479
2041,576,2483,661.3,112.15,212.21,475.99,0.96384
2042,576,3743,117.47,839.19,328.41,331.42,0.962878
2043,576,12778,97.25,196.44,311.36,494.3,0.823857
2044,577,33009,515.75,792.04,386.0,210.39,0.974536
2045,577,1900,135.16,246.88,192.46,155.9,0.9706
2046,577,16551,539.13,68.66,354.41,427.55,0.969011
2047,577,19607,139.82,786.91,160.14,158.15,0.962446
2048,578,33009,86.45,257.51,367.41,207.89,0.979333
2049,578,16551,51.39,725.1,379.2,448.21,0.97753
2050,578,1900,641.93,859.02,206.73,167.11,0.977096
2051,578,19607,662.31,333.01,156.53,151.46,0.945209
2052,579,1900,151.11,255.75,198.21,156.91,0.981638
2053,579,33009,548.23,837.4,372.85,198.69,0.976175
2054,579,16551,567.9,77.67,359.83,437.02,0.964828
2055,579,19607,172.17,822.74,158.13,153.71,0.961125
2056,58,19861,92.19,827.83,225.42,175.04,0.978837
2057,58,3483,573.56,836.17,260.68,232.21,0.97695
2058,58,34597,39.35,55.28,390.77,461.24,0.973878
2059,58,35206,556.08,91.81,277.06,367.34,0.896556
2060,581,33009,88.15,256.33,366.48,207.33,0.980697
2061,581,1900,644.74,854.1,203.92,173.3,0.978158
2062,581,24850,644.89,205.14,180.43,278.18,0.958687
2063,581,16548,103.44,905.64,243.99,238.99,0.94553
2064,583,19552,469.41,638.73,328.39,486.43,0.976421
2065,583,2483,65.69,690.24,260.23,471.81,0.974094
2066,583,13395,110.54,84.07,239.48,477.57,0.909236
2067,584,19552,142.99,118.07,325.65,481.13,0.971732
2068,584,2483,602.09,94.18,264.1,454.36,0.965383
2069,584,13395,598.67,682.2,259.01,511.38,0.953187
2070,586,28763,145.59,199.01,209.59,197.37,0.982257
2071,586,25469,49.85,787.67,348.61,303.92,0.966583
2072,586,3483,574.25,810.77,281.46,193.33,0.949386
2073,586,36637,645.99,169.17,169.8,249.05,0.948714
2074,587,28763,615.64,859.32,220.04,213.19,0.974582
2075,587,25469,573.44,185.46,330.81,286.68,0.967703
2076,587,3483,125.63,273.72,272.66,184.75,0.958926
2077,587,36637,132.38,830.11,179.98,262.42,0.958669
2078,588,28763,164.1,207.39,212.03,202.13,0.984634
2079,588,25469,88.91,829.27,338.27,304.2,0.969357
2080,588,36637,674.44,172.35,175.31,254.97,0.964349
2081,588,3483,601.11,847.12,280.22,187.55,0.937429
2082,589,19861,127.68,865.17,219.82,166.69,0.982346
2083,589,16262,637.48,176.35,245.45,231.45,0.979659
2084,589,3483,600.85,869.76,257.14,228.57,0.965426
2085,589,25367,28.25,114.97,349.64,493.48,0.962487
2086,591,19861,637.57,276.99,222.78,171.97,0.984753
2087,591,3483,148.76,220.71,249.42,219.73,0.974627
2088,591,25367,626.87,643.85,349.13,510.69,0.969539
2089,591,16262,100.55,852.25,248.67,241.08,0.965337
2090,592,19861,639.71,276.97,221.88,172.39,0.981853
2091,592,3483,150.41,219.31,249.2,218.93,0.974512
2092,592,28763,649.93,902.01,220.71,214.54,0.961606
2093,592,29667,119.86,844.44,229.2,225.97,0.956837
2094,593,3483,571.61,836.8,260.91,232.53,0.982082
2095,593,28763,113.79,159.71,208.25,197.45,0.980139
2096,593,19861,90.1,827.81,226.14,174.74,0.976954
2097,593,29667,610.37,195.17,218.16,213.43,0.970412
2098,594,28763,129.62,164.47,212.5,202.02,0.983228
2099,594,19861,125.56,864.72,220.4,166.61,0.979592
2100,594,29667,638.83,200.79,224.02,213.49,0.96581
2101,594,3483,599.19,870.62,257.49,229.62,0.964082
2102,595,16232,650.22,290.6,189.65,188.91,0.982372
2103,595,32310,109.85,216.79,251.39,341.14,0.968273
2104,595,3351,398.43,866.6,191.33,193.04,0.958608
2105,596,16232,80.31,735.98,198.06,195.19,0.981571
2106,596,32310,576.17,620.54,266.45,367.38,0.971242
2107,596,3351,350.87,162.9,181.48,185.13,0.94
2108,598,36637,173.31,333.11,180.81,254.53,0.95739
2109,598,33880,550.48,192.93,309.4,419.84,0.951085
2110,598,3351,403.17,873.85,188.77,193.59,0.946326
2111,60,19861,636.96,276.71,222.98,172.34,0.984789
2112,60,3483,148.5,221.0,250.14,219.21,0.973549
2113,60,34597,546.11,694.55,412.88,480.73,0.971949
2114,60,35206,108.99,771.8,301.06,391.9,0.949722
2115,600,33880,113.27,684.43,312.57,433.43,0.981719
2116,600,36637,626.17,722.49,180.47,259.47,0.956536
2117,600,3351,387.12,225.65,183.73,183.53,0.938044
2118,601,16262,153.09,804.82,247.64,239.8,0.976153
2119,601,27733,564.39,259.31,303.15,266.5,0.975012
2120,601,3483,123.95,307.01,269.35,201.12,0.9688
2121,601,31885,498.21,639.87,457.73,481.62,0.958511
2122,602,16262,562.71,217.14,238.32,229.52,0.975979
2123,602,31885,40.15,113.38,440.12,469.44,0.973645
2124,602,3483,579.55,758.95,275.88,211.17,0.96257
2125,602,27733,87.89,721.58,324.07,283.62,0.931973
2126,603,16262,591.29,227.23,242.3,229.28,0.982115
2127,603,31885,51.48,138.81,458.54,470.23,0.972506
2128,603,3483,607.25,793.6,272.01,206.95,0.940725
2129,603,27733,123.62,768.71,317.09,275.13,0.931339
2130,605,28763,97.93,856.38,214.59,201.55,0.98869
2131,605,28763,147.0,249.74,210.7,202.96,0.978633
2132,605,36637,644.31,208.0,188.56,247.48,0.958165
2133,605,3483,591.73,845.94,283.42,171.08,0.955504
2134,608,33880,51.83,606.08,314.98,445.15,0.968015
2135,608,29667,589.08,724.14,232.26,230.26,0.967034
2136,608,3351,339.29,191.54,186.86,190.37,0.957137
2137,610,28763,61.75,812.04,219.45,208.15,0.981466
2138,610,16232,620.4,222.16,186.94,182.89,0.978612
2139,610,34597,0.0,110.72,393.66,442.92,0.969845
2140,610,3483,560.51,811.89,286.1,176.04,0.954706
2141,611,28763,678.17,257.34,211.69,197.41,0.989084
2142,611,16232,143.17,846.61,196.11,192.59,0.978821
2143,611,34597,581.4,657.83,394.6,456.93,0.977629
2144,611,3483,131.79,291.47,276.95,168.54,0.96843
2145,612,28763,96.27,854.98,215.44,201.99,0.985891
2146,612,16232,648.99,230.11,191.08,182.69,0.980783
2147,612,34597,0.38,140.25,415.18,438.41,0.961224
2148,612,3483,589.12,845.7,284.2,172.48,0.950525
2149,614,19232,165.31,652.24,240.82,357.58,0.981807
2150,614,22074,635.82,727.32,186.57,191.51,0.979974
2151,614,3351,345.65,153.81,186.15,188.4,0.947325
2152,615,19232,209.56,756.09,236.23,353.73,0.97595
2153,615,22074,674.44,820.41,183.78,186.21,0.96874
2154,615,3351,388.42,212.59,184.26,182.27,0.959504
2155,616,16232,144.11,899.42,195.82,191.99,0.984255
2156,616,19861,637.74,276.3,222.42,172.3,0.981666
2157,616,28763,630.67,887.69,221.06,214.1,0.978341
2158,616,3483,148.3,220.45,249.6,218.89,0.974844
2159,617,19861,127.26,865.69,220.03,166.43,0.979388
2160,617,16232,647.1,174.87,190.0,185.92,0.975666
2161,617,28763,148.69,178.65,212.07,201.65,0.970873
2162,617,3483,601.19,870.05,257.72,229.15,0.970132
2163,618,28763,132.31,172.76,208.12,197.52,0.983145
2164,618,16232,618.0,171.78,185.86,181.89,0.981704
2165,618,19861,91.2,828.25,225.93,174.54,0.977236
2166,618,3483,572.97,836.08,261.11,232.78,0.970191
2167,62,18147,92.77,549.97,284.01,418.06,0.962678
2168,62,36637,541.55,649.23,205.76,255.19,0.960443
2169,62,3351,324.63,155.63,184.95,189.07,0.951644
2170,620,2483,83.22,633.12,200.16,501.41,0.968269
2171,620,22362,78.76,73.47,256.28,393.04,0.967311
2172,621,22362,610.7,776.62,250.83,409.58,0.981868
2173,621,2483,651.08,81.45,196.75,489.52,0.949801
2174,622,22074,611.68,289.56,186.67,189.62,0.982436
2175,622,41768,127.39,292.45,262.57,295.21,0.962015
2176,622,3351,396.85,889.22,189.65,193.55,0.960862
2177,623,22074,126.26,746.19,189.62,194.41,0.973657
2178,623,3351,348.63,150.56,189.44,188.31,0.966688
2179,623,41768,557.06,631.31,268.11,310.0,0.91958
2180,624,3351,392.93,207.48,186.27,184.41,0.958584
2181,624,41768,599.44,721.71,260.3,308.45,0.952749
2182,624,22074,169.95,838.34,184.88,186.96,0.887658
2183,625,27733,564.29,259.28,302.62,266.37,0.975223
2184,625,16262,152.98,804.85,247.36,239.73,0.971328
2185,625,3483,124.42,307.05,268.81,202.2,0.968668
2186,625,30308,503.23,699.76,417.24,396.69,0.944814
2187,627,16262,563.75,216.8,237.61,228.97,0.96734
2188,627,3483,579.66,758.8,276.6,211.63,0.96601
2189,627,30308,74.34,149.85,396.63,376.03,0.955976
2190,627,27733,87.37,722.15,324.82,283.36,0.929913
2191,628,16232,141.4,892.93,197.42,191.54,0.982457
2192,628,27733,564.46,259.15,302.75,266.17,0.977847
2193,628,22347,677.22,851.5,214.39,209.89,0.977557
2194,628,3483,123.86,306.0,269.53,201.91,0.969247
2195,632,25438,549.9,181.16,245.77,252.73,0.981173
2196,632,2483,65.85,667.06,205.33,484.14,0.956993
2197,632,13395,115.1,81.02,237.47,483.54,0.910063
2198,633,25438,129.18,848.76,260.64,267.88,0.972481
2199,633,2483,652.89,100.18,196.91,469.86,0.956817
2200,633,13395,596.87,676.58,256.06,514.92,0.95276
2201,635,4543,610.88,154.28,205.39,200.38,0.987825
2202,635,3544,182.44,198.6,204.42,198.17,0.970834
2203,635,16548,70.37,752.42,242.53,234.14,0.94743
2204,636,4543,133.11,904.37,213.34,212.34,0.989211
2205,636,3544,583.51,859.15,214.91,211.76,0.977508
2206,636,16548,652.73,280.89,232.2,222.72,0.93783
2207,637,2483,595.29,118.32,285.49,441.27,0.977498
2208,637,13395,612.21,687.52,241.61,520.95,0.955934
2209,637,3743,73.84,811.44,332.68,328.4,0.947914
2210,637,12778,56.96,196.63,466.3,339.55,0.569064
2211,638,2483,605.71,77.69,283.5,460.73,0.977976
2212,638,13395,600.82,687.56,245.84,501.92,0.958179
2213,638,3743,74.18,799.12,323.95,321.67,0.955176
2214,64,29667,154.24,277.56,227.07,225.63,0.976565
2215,64,3351,397.11,885.88,190.19,195.37,0.960061
2216,64,20014,586.96,266.87,344.5,318.03,0.938118
2217,640,20238,94.55,299.98,229.7,221.35,0.985985
2218,640,3832,486.08,282.91,398.02,341.95,0.968361
2219,640,3351,405.42,918.21,190.69,191.77,0.951705
2220,641,20238,618.03,708.54,233.92,230.37,0.976589
2221,641,3832,41.51,578.41,403.59,347.17,0.963004
2222,641,3351,342.11,124.81,185.61,187.98,0.951614
2223,644,2483,58.47,648.3,211.2,487.55,0.965863
2224,644,3743,486.52,119.66,311.4,305.89,0.946967
2225,644,13395,73.32,87.68,235.68,483.61,0.941279
2226,644,12778,500.73,609.83,282.5,533.16,0.8654
2227,646,34597,402.03,634.54,459.47,428.24,0.975296
2228,646,3483,174.38,280.42,258.22,210.64,0.973521
2229,646,27777,638.35,295.21,175.25,194.82,0.963206
2230,646,36637,131.48,828.95,191.05,256.78,0.948175
2231,647,3483,566.11,814.54,263.34,216.65,0.971962
2232,647,34597,144.02,192.6,450.81,410.53,0.968925
2233,647,36637,664.27,179.91,188.16,249.26,0.968383
2234,647,27777,180.22,813.54,172.12,201.82,0.958882
2235,648,3483,536.45,776.91,270.44,224.33,0.971755
2236,648,34597,123.33,156.93,445.45,421.56,0.970653
2237,648,36637,634.3,176.5,184.35,245.36,0.961127
2238,648,27777,145.48,775.37,177.46,205.83,0.954441
2239,65,29667,558.17,729.91,233.74,229.36,0.977701
2240,65,20014,1.72,634.94,340.11,341.61,0.962875
2241,65,3351,348.84,153.82,187.71,187.07,0.946504
2242,650,32310,0.0,707.65,310.01,312.71,0.980066
2243,650,36637,559.59,822.97,275.51,166.68,0.96912
2244,650,3351,369.36,177.08,180.18,186.34,0.93897
2245,652,24850,114.73,841.26,302.82,172.35,0.971126
2246,652,1900,125.08,258.75,199.23,148.95,0.966001
2247,652,16551,563.0,65.01,290.44,462.52,0.956657
2248,652,29345,592.43,697.86,266.29,450.84,0.550319
2249,653,1900,646.69,856.91,209.92,156.92,0.976783
2250,653,24850,546.83,266.38,294.76,164.96,0.973006
2251,653,16551,95.69,692.62,305.87,486.88,0.960376
2252,654,1900,142.44,268.66,202.95,147.91,0.981374
2253,654,16551,590.32,75.08,299.84,473.57,0.947615
2254,654,24850,149.28,880.39,297.48,162.59,0.947257
2255,654,29345,620.31,735.8,267.03,444.85,0.903822
2256,656,3544,151.2,190.44,206.87,202.27,0.978626
2257,656,16551,541.17,180.02,413.1,388.47,0.958827
2258,656,28763,629.38,851.85,224.19,134.46,0.903343
2259,658,1900,169.29,247.97,181.16,179.4,0.97273
2260,658,29451,496.15,821.66,406.68,265.22,0.961996
2261,658,16551,632.65,10.82,285.6,485.66,0.949742
2262,659,1900,149.6,239.47,181.71,180.24,0.973321
2263,659,29451,467.22,784.12,409.18,271.0,0.96913
2264,659,16551,603.39,9.11,278.4,468.28,0.930846
2265,66,29667,596.8,820.06,229.52,222.18,0.974623
2266,66,20014,31.78,718.28,350.16,338.58,0.965331
2267,66,3351,393.08,210.51,184.29,184.34,0.955175
2268,660,1900,644.75,846.64,186.88,188.28,0.970834
2269,660,29451,116.16,217.63,391.02,258.3,0.966125
2270,660,16551,62.91,742.58,295.41,501.54,0.915396
2271,661,16232,687.12,294.6,190.85,187.3,0.982368
2272,661,31863,179.62,302.99,203.49,207.77,0.974179
2273,661,3351,377.61,878.55,189.63,192.97,0.937163
2274,662,16232,43.0,745.85,197.22,191.6,0.977903
2275,662,31863,555.64,724.97,208.42,214.65,0.971159
2276,662,3351,367.75,160.47,188.29,191.94,0.948862
2277,664,28763,631.07,874.19,222.3,213.51,0.971887
2278,664,3483,142.86,292.3,211.37,257.55,0.960766
2279,664,36637,166.81,799.88,188.74,257.19,0.951447
2280,664,20877,541.65,292.88,331.48,239.64,0.944989
2281,665,28763,130.92,185.69,209.05,198.96,0.980505
2282,665,20877,83.45,725.4,337.59,240.86,0.972234
2283,665,3483,625.24,716.98,210.58,270.25,0.969314
2284,665,36637,603.27,202.9,181.29,246.24,0.954284
2285,667,2483,571.59,114.29,299.62,455.7,0.974768
2286,667,12081,647.95,701.66,239.71,449.37,0.973988
2287,667,25438,120.73,821.59,256.53,255.88,0.971224
2288,668,2483,64.38,656.11,311.11,448.51,0.975592
2289,668,25438,555.74,195.27,246.8,254.47,0.972604
2290,668,12081,64.29,117.33,229.66,426.88,0.96335
2291,670,22347,682.52,847.44,213.28,208.04,0.983501
2292,670,25469,573.14,186.21,328.05,286.25,0.965882
2293,670,35206,135.84,727.93,243.0,410.69,0.958838
2294,670,3483,123.7,273.9,274.62,186.29,0.954273
2295,672,22347,104.67,224.44,206.3,198.57,0.978727
2296,672,25469,89.45,829.51,338.03,303.9,0.971695
2297,672,35206,614.73,118.22,232.29,402.78,0.948574
2298,672,3483,602.41,845.98,278.19,186.95,0.93884
2299,674,1900,632.13,894.31,211.59,134.28,0.980974
2300,674,27926,603.57,161.95,252.97,447.07,0.946847
2301,674,16548,152.47,891.07,242.31,238.99,0.927354
2302,675,1900,139.77,240.69,199.49,127.75,0.981195
2303,675,27926,96.21,617.25,269.79,481.01,0.958868
2304,675,16548,564.78,135.14,232.64,226.09,0.917431
2305,677,1900,141.84,241.39,199.07,127.04,0.983892
2306,677,27926,570.38,629.62,260.87,487.28,0.94768
2307,677,16551,615.75,13.92,301.8,453.56,0.94708
2308,679,2483,612.09,90.71,211.19,469.47,0.955358
2309,679,13395,596.24,697.86,226.19,471.18,0.755797
2310,679,12778,131.38,153.02,340.66,481.16,0.619187
2311,68,3483,171.66,280.95,260.5,210.98,0.970716
2312,68,30308,512.74,769.17,442.5,370.94,0.965738
2313,68,27777,637.22,294.02,175.48,196.04,0.960956
2314,68,16232,153.44,828.83,191.06,191.51,0.959384
2315,680,2483,84.54,674.54,232.49,482.14,0.962195
2316,680,12778,474.83,606.09,343.32,471.61,0.898399
2317,680,13395,139.26,111.1,211.38,437.07,0.63369
2318,681,2483,615.54,50.3,222.95,487.43,0.962165
2319,681,12778,132.11,130.56,340.42,471.24,0.951298
2320,684,29345,576.53,718.12,328.64,425.0,0.981565
2321,684,1900,182.49,266.93,127.93,198.94,0.968633
2322,684,16551,529.1,85.37,364.27,436.14,0.964164
2323,685,12081,645.46,703.42,238.4,449.06,0.973567
2324,685,2483,573.41,114.64,297.45,456.44,0.972853
2325,685,25438,117.76,820.96,256.43,254.09,0.966291
2326,685,12778,95.69,17.32,296.99,516.86,0.572022
2327,688,20238,612.42,186.49,225.5,213.73,0.97727
2328,688,34597,98.85,186.21,458.05,400.62,0.974169
2329,688,3483,580.3,758.83,275.89,211.33,0.963187
2330,688,27733,87.42,722.14,324.42,283.53,0.93666
2331,692,28763,678.11,256.97,211.19,195.81,0.988701
2332,692,22347,657.26,837.34,213.58,206.81,0.978013
2333,692,35206,104.44,687.96,203.73,417.32,0.964801
2334,692,3483,133.21,291.16,275.77,168.71,0.962815
2335,694,19232,501.43,238.07,327.66,253.24,0.982613
2336,694,3351,403.02,851.0,188.23,189.15,0.954878
2337,694,35206,156.64,277.36,256.87,388.0,0.950322
2338,697,38162,139.17,259.15,229.02,266.8,0.975796
2339,697,3351,402.72,855.64,191.0,190.78,0.95601
2340,697,18357,601.82,204.1,240.66,339.15,0.951534
2341,698,38162,571.7,680.36,240.73,281.49,0.981187
2342,698,18357,80.39,633.38,249.27,372.44,0.946676
2343,698,3351,346.86,174.42,181.46,185.88,0.941311
2344,70,1900,631.66,897.77,211.27,157.4,0.974501
2345,70,29451,47.82,234.41,402.9,225.55,0.955399
2346,70,24850,643.03,258.18,196.68,269.77,0.941385
2347,70,16551,49.16,708.11,299.01,502.62,0.925935
2348,700,19861,91.82,827.91,225.95,175.13,0.978904
2349,700,3483,573.39,835.75,260.57,232.33,0.974
2350,700,16232,617.35,172.76,185.93,181.16,0.971591
2351,700,30308,72.53,131.22,384.45,392.17,0.966835
2352,701,19861,127.76,864.92,220.12,167.11,0.980978
2353,701,30308,88.84,146.36,394.46,405.7,0.973574
2354,701,16232,647.27,175.57,188.74,185.7,0.96694
2355,701,3483,600.94,869.48,257.92,228.21,0.966655
2356,702,19861,637.6,276.99,222.29,172.08,0.984042
2357,702,3483,148.81,220.82,249.34,219.3,0.972804
2358,702,16232,144.8,899.45,195.8,192.32,0.971655
2359,702,30308,518.17,697.06,399.58,414.17,0.967154
2360,705,22347,120.62,200.33,206.57,198.35,0.982068
2361,705,19861,119.63,865.21,221.96,166.93,0.975059
2362,705,29667,637.8,205.42,224.88,214.35,0.966834
2363,705,3483,594.02,873.99,255.28,230.04,0.954617
2364,706,2483,603.64,93.44,262.52,455.82,0.970183
2365,706,12778,72.77,123.96,340.39,483.42,0.96167
2366,706,13395,598.84,683.55,257.66,510.01,0.95108
2367,707,2483,65.24,689.36,260.94,472.31,0.97709
2368,707,12778,532.27,631.82,358.31,491.72,0.97387
2369,707,13395,109.43,81.24,242.26,477.74,0.92264
2370,708,2483,615.86,49.01,256.91,475.68,0.972129
2371,708,13395,592.18,680.36,245.99,493.44,0.961834
2372,708,12778,65.66,80.12,349.7,495.33,0.949872
2373,710,28763,158.12,235.66,209.39,197.7,0.98372
2374,710,3483,578.27,758.28,277.32,212.36,0.967456
2375,710,27733,87.29,722.35,325.15,283.59,0.944026
2376,710,16262,563.11,217.26,238.93,228.81,0.8791
2377,712,2483,627.89,107.56,227.01,463.96,0.970957
2378,712,12778,103.58,107.76,293.45,535.48,0.965775
2379,712,13395,639.62,676.09,244.97,514.92,0.959221
2380,713,2483,81.6,660.05,217.45,488.57,0.968223
2381,713,12778,549.55,599.11,280.72,522.66,0.958283
2382,713,13395,81.83,84.15,231.22,483.43,0.948106
2383,714,13395,632.4,674.43,232.57,497.86,0.969746
2384,714,2483,641.8,58.33,213.38,489.22,0.969669
2385,714,12778,102.34,84.82,296.58,527.19,0.957437
2386,716,12081,609.31,716.4,243.3,465.63,0.980145
2387,716,19552,97.26,125.38,316.67,503.11,0.95844
2388,716,2483,587.85,108.26,230.8,463.82,0.954068
2389,716,3743,119.36,795.21,328.22,331.7,0.949192
2390,717,12081,109.87,112.51,228.65,425.35,0.978775
2391,717,19552,524.05,609.39,322.46,491.35,0.969507
2392,717,2483,85.94,665.29,255.82,477.46,0.949738
2393,717,3743,495.74,166.2,311.46,300.09,0.945862
2394,719,21771,90.62,810.2,195.13,190.91,0.978617
2395,719,1900,123.27,261.37,198.94,147.97,0.972194
2396,719,16548,552.52,183.29,233.4,225.53,0.949679
2397,719,29345,599.24,694.28,269.62,448.93,0.588712
2398,72,1900,156.91,225.47,204.44,150.18,0.976873
2399,72,16551,644.47,47.41,289.91,482.49,0.950214
2400,72,29451,548.71,843.61,416.74,223.79,0.947304
2401,72,24850,151.22,774.6,200.32,280.11,0.943323
2402,720,21771,674.41,287.44,188.23,181.91,0.987712
2403,720,1900,648.04,856.87,210.18,154.78,0.980456
2404,720,16548,166.66,841.59,241.79,238.38,0.933729
2405,721,31885,67.52,162.66,447.25,466.06,0.96372
2406,721,3483,581.03,758.82,275.6,210.53,0.957591
2407,721,27733,88.03,721.51,324.41,284.59,0.932505
2408,721,35206,572.16,119.02,250.69,380.62,0.884448
2409,724,3544,133.28,178.25,203.86,200.07,0.975955
2410,724,16548,107.73,736.35,238.27,233.13,0.932941
2411,725,3544,637.16,885.39,214.2,212.96,0.980605
2412,725,16548,619.28,301.43,231.29,225.39,0.926574
2413,726,3544,149.65,183.11,207.01,202.35,0.985001
2414,726,16548,140.62,775.08,236.29,227.94,0.921316
2415,726,29345,598.39,716.02,260.77,443.9,0.513717
2416,727,25469,14.59,812.14,380.28,222.57,0.977348
2417,727,16232,601.79,213.39,185.79,182.57,0.974429
2418,727,25367,37.6,156.9,408.11,442.75,0.967552
2419,727,3483,575.02,809.63,281.17,193.23,0.946402
2420,728,16232,631.22,220.38,189.96,186.47,0.974455
2421,728,25367,50.88,178.01,422.65,449.21,0.964922
2422,728,25469,49.57,857.38,375.99,217.48,0.963477
2423,728,3483,603.14,845.68,277.1,186.87,0.936103
2424,73,3544,72.97,201.29,203.38,198.52,0.976622
2425,73,16551,524.35,69.71,352.62,428.28,0.975452
2426,73,12247,591.68,849.23,214.71,128.51,0.958797
2427,731,4543,610.54,141.55,204.84,199.98,0.982778
2428,731,3544,102.86,161.03,202.64,199.01,0.9736
2429,731,16548,119.6,769.29,238.74,231.97,0.957168
2430,732,4543,132.23,917.23,213.72,212.55,0.984931
2431,732,3544,669.0,899.22,215.09,212.77,0.973037
2432,732,16548,607.09,265.68,229.63,222.93,0.947003
2433,738,1900,89.22,260.85,199.81,125.16,0.97982
2434,738,16551,584.95,87.25,293.09,465.27,0.964091
2435,740,1900,644.32,828.63,169.92,201.37,0.981253
2436,740,16548,120.56,804.86,242.22,235.54,0.939893
2437,740,19607,657.45,272.01,156.13,150.85,0.937173
2438,742,25438,568.47,186.88,245.51,253.48,0.976879
2439,742,2483,80.15,673.13,253.34,474.37,0.952742
2440,742,12778,560.99,542.21,290.0,525.56,0.916939
2441,742,13395,78.39,106.72,220.43,437.02,0.696249
2442,742,3832,79.84,109.93,219.93,428.62,0.686173
2443,743,2483,608.75,68.32,247.98,473.07,0.97414
2444,743,25438,110.06,830.02,256.71,254.25,0.968299
2445,743,3832,644.31,708.22,217.44,446.2,0.663503
2446,745,16262,661.74,271.53,239.15,231.25,0.969514
2447,745,3351,350.61,892.15,193.92,193.56,0.941756
2448,745,32310,115.3,178.83,227.19,360.51,0.936565
2449,747,16262,60.24,798.81,246.46,236.65,0.977812
2450,747,32310,639.53,735.76,230.91,391.17,0.959521
2451,747,3351,437.52,193.29,184.49,184.49,0.944395
2452,75,3544,89.11,209.89,207.06,201.9,0.978578
2453,75,12247,619.56,880.69,209.79,124.03,0.966203
2454,75,16551,553.64,77.28,360.95,436.93,0.964779
2455,750,1900,686.65,807.34,131.36,207.29,0.972817
2456,750,29345,585.0,131.89,274.82,411.43,0.969886
2457,750,16548,148.3,788.98,241.19,237.7,0.928491
2458,752,27993,551.0,778.21,305.44,241.51,0.980067
2459,752,3544,93.09,196.82,201.52,200.38,0.975764
2460,752,16548,558.31,137.1,230.91,225.59,0.933616
2461,754,29667,626.57,761.49,228.98,221.33,0.974527
2462,754,3351,373.98,198.62,184.39,181.96,0.959523
2463,754,3832,89.79,653.66,367.37,379.13,0.95871
2464,756,29667,126.16,320.01,225.22,223.81,0.965582
2465,756,3351,418.31,889.87,187.67,191.84,0.961368
2466,756,3832,515.37,255.64,363.25,375.21,0.954696
2467,758,19861,639.74,277.48,221.52,172.51,0.98091
2468,758,3483,149.67,220.36,249.74,219.47,0.973361
2469,758,31885,564.97,655.08,344.01,555.74,0.968619
2470,758,36637,95.46,904.91,273.1,166.11,0.960828
2471,759,3483,571.41,836.02,261.0,233.11,0.977129
2472,759,19861,90.14,827.42,225.98,175.07,0.976741
2473,759,36637,592.11,194.86,257.77,153.68,0.962305
2474,759,31885,78.86,30.43,324.13,531.15,0.95462
2475,760,29345,88.25,708.02,292.31,446.9,0.975148
2476,760,1900,159.5,258.94,127.39,199.93,0.971555
2477,760,33208,656.62,804.1,216.0,204.78,0.960858
2478,760,16548,580.93,202.1,234.48,227.39,0.922367
2479,761,29345,127.19,751.63,283.72,437.02,0.973472
2480,761,1900,179.51,268.5,127.89,199.11,0.968229
2481,761,33208,683.44,835.76,214.65,201.79,0.963488
2482,761,16548,609.24,211.11,241.04,227.32,0.939474
2483,763,27733,564.07,259.84,303.37,265.89,0.977302
2484,763,20238,113.28,855.58,232.1,226.02,0.976868
2485,763,31885,496.47,642.4,460.63,483.73,0.970646
2486,763,3483,124.0,307.3,269.15,203.1,0.967866
2487,764,20238,643.17,191.13,228.34,216.47,0.975004
2488,764,31885,51.9,133.69,461.05,469.87,0.972721
2489,764,3483,607.3,793.11,272.68,207.59,0.942975
2490,764,27733,123.81,768.94,316.93,275.08,0.923984
2491,766,34597,567.2,732.7,408.8,473.88,0.977162
2492,766,3483,143.93,291.22,210.97,256.57,0.96401
2493,766,36637,166.99,798.29,189.44,257.52,0.954532
2494,766,20877,543.91,293.5,329.58,241.64,0.948208
2495,768,20877,82.87,725.04,336.91,241.63,0.971847
2496,768,3483,624.18,717.8,211.27,272.11,0.970302
2497,768,34597,7.55,23.25,399.97,455.0,0.969126
2498,768,36637,602.7,204.35,181.99,246.42,0.955404
2499,772,1900,105.33,270.76,203.61,122.75,0.984216
2500,772,33208,639.02,879.69,212.12,200.5,0.965676
2501,772,16551,556.7,77.87,288.89,481.4,0.954236
2502,773,1900,88.59,260.65,199.91,125.93,0.973546
2503,773,16551,527.77,71.46,284.48,466.1,0.967024
2504,773,33208,612.34,846.29,214.72,206.44,0.961774
2505,778,16232,631.11,220.89,190.3,185.34,0.966412
2506,778,25469,49.63,857.14,376.17,218.01,0.964733
2507,778,30308,85.72,172.49,402.33,394.98,0.956075
2508,778,3483,602.5,845.74,277.7,187.05,0.943442
2509,779,25469,569.42,232.08,372.74,219.69,0.966641
2510,779,16232,163.62,856.0,193.35,191.76,0.965762
2511,779,30308,512.93,686.71,411.2,406.64,0.959234
2512,779,3483,123.59,274.08,273.99,187.28,0.957028
2513,780,16232,601.71,213.46,185.9,182.29,0.974987
2514,780,25469,15.07,812.3,378.96,222.19,0.974585
2515,780,30308,70.95,150.6,390.31,389.82,0.959504
2516,780,3483,575.39,810.03,281.17,192.71,0.953755
2517,782,22074,586.64,727.49,187.1,194.54,0.98049
2518,782,20014,8.48,625.14,348.48,342.81,0.951254
2519,782,3351,339.11,182.25,186.64,192.42,0.942345
2520,785,28763,678.26,257.29,211.72,196.99,0.990655
2521,785,25367,541.18,690.78,396.88,491.49,0.972383
2522,785,3483,132.18,291.19,275.9,168.61,0.954681
2523,785,35206,103.73,687.25,206.27,416.77,0.947225
2524,787,19861,637.96,276.84,222.0,172.18,0.983403
2525,787,20238,113.04,858.52,229.86,225.17,0.977434
2526,787,3483,148.37,220.75,249.86,219.69,0.974022
2527,787,34597,538.56,654.56,351.72,508.89,0.966825
2528,788,3483,573.11,835.32,261.35,233.78,0.978466
2529,788,19861,92.15,828.05,225.61,174.76,0.977981
2530,788,20238,616.33,187.07,222.38,211.88,0.971728
2531,788,34597,102.9,67.18,337.96,486.27,0.962967
2532,79,16262,127.14,297.33,245.67,235.37,0.980522
2533,79,19232,501.71,237.93,327.97,249.81,0.980252
2534,79,3351,388.06,846.64,188.76,189.35,0.960895
2535,797,4543,600.7,189.28,204.47,199.45,0.981222
2536,797,3544,147.12,191.63,202.2,198.41,0.977387
2537,797,16551,42.77,528.64,308.19,476.75,0.963249
2538,797,27993,494.33,854.49,336.73,164.21,0.955731
2539,798,4543,629.69,192.18,209.46,202.15,0.985771
2540,798,3544,164.28,199.44,208.26,199.8,0.975403
2541,798,16551,70.44,577.17,312.03,469.43,0.94574
2542,798,27993,523.02,891.57,335.38,155.74,0.945709
2543,799,28763,170.01,180.63,211.6,200.57,0.984214
2544,799,19861,127.6,865.35,220.18,166.67,0.980577
2545,799,20238,644.87,190.2,228.01,215.59,0.975427
2546,799,3483,601.31,869.99,257.49,229.14,0.966491
2547,8,28763,97.95,856.36,214.73,201.3,0.987861
2548,8,20238,624.5,178.0,226.02,215.32,0.976851
2549,8,22347,131.21,221.21,205.32,196.58,0.969981
2550,8,3483,591.27,846.57,283.6,170.83,0.950779
2551,80,19232,95.52,698.95,337.08,266.2,0.986926
2552,80,16262,568.15,694.4,250.35,244.88,0.970538
2553,80,3351,360.39,194.06,184.0,189.85,0.937403
2554,807,19861,643.07,277.32,223.09,172.63,0.980991
2555,807,3483,157.12,215.5,248.55,221.79,0.975586
2556,807,29667,119.93,839.6,229.32,226.91,0.966471
2557,807,25367,611.51,706.73,320.9,520.96,0.747086
2558,808,3544,108.3,207.48,208.77,201.09,0.969149
2559,808,16551,612.14,51.41,338.44,455.09,0.953266
2560,810,3544,92.65,199.65,203.51,197.43,0.978802
2561,810,16551,584.97,42.04,328.88,446.46,0.958998
2562,815,20238,98.73,711.79,231.99,229.77,0.981761
2563,815,32310,521.91,613.59,277.2,359.1,0.970552
2564,815,3351,360.79,168.63,183.23,187.99,0.956313
2565,817,28763,96.2,854.87,215.68,202.29,0.985521
2566,817,16232,649.34,230.26,190.94,182.88,0.981353
2567,817,30308,97.31,155.03,382.79,420.52,0.956774
2568,817,3483,591.4,846.26,281.55,171.27,0.950005
2569,818,28763,678.57,257.17,210.87,197.16,0.989832
2570,818,16232,143.23,846.37,195.99,192.98,0.98022
2571,818,3483,131.91,291.16,276.75,169.05,0.967091
2572,818,30308,526.38,677.96,387.86,427.08,0.962266
2573,819,28763,61.95,812.44,219.09,208.02,0.982096
2574,819,16232,620.46,222.13,186.77,182.69,0.972041
2575,819,30308,81.09,138.68,370.94,407.34,0.969387
2576,819,3483,560.63,810.43,286.82,177.07,0.958362
2577,82,22362,608.26,737.48,272.77,415.16,0.961363
2578,82,2483,630.43,100.18,199.8,469.85,0.960372
2579,82,3743,122.75,837.52,330.4,332.15,0.956
2580,82,19552,114.79,141.85,324.01,499.45,0.955771
2581,820,19552,487.6,646.57,334.91,484.66,0.97399
2582,820,3743,484.25,149.14,311.61,303.99,0.955851
2583,820,2483,93.43,690.12,211.55,489.28,0.95443
2584,820,3832,133.05,116.89,221.3,425.49,0.744051
2585,822,2483,622.81,71.48,192.26,467.49,0.973374
2586,822,19552,122.86,92.21,331.05,499.07,0.959098
2587,822,3743,130.58,812.98,330.61,331.2,0.942874
2588,822,3832,591.71,708.69,238.22,460.53,0.633626
2589,826,18147,540.99,319.37,299.55,387.03,0.974411
2590,826,38162,177.52,204.04,250.64,260.37,0.972841
2591,826,3351,408.36,862.6,189.56,191.19,0.953691
2592,828,38162,551.37,864.93,248.69,251.59,0.984173
2593,828,18147,128.21,574.11,306.35,407.28,0.982824
2594,828,3351,382.72,238.27,183.81,182.21,0.955788
2595,829,28763,97.49,170.19,207.68,198.03,0.98712
2596,829,3483,536.64,777.39,271.57,223.19,0.973518
2597,829,27777,145.12,775.57,177.68,205.81,0.958342
2598,829,36637,637.34,176.49,181.22,243.02,0.95813
2599,83,19552,503.1,599.75,322.68,486.11,0.968141
2600,83,2483,92.58,657.81,203.96,497.73,0.960211
2601,83,22362,82.07,117.7,259.26,392.01,0.952153
2602,83,3743,492.25,127.91,311.63,302.19,0.936312
2603,830,27777,638.41,293.83,174.93,194.87,0.972437
2604,830,3483,173.69,279.69,259.2,211.9,0.9701
2605,830,28763,664.28,891.33,224.1,213.94,0.969102
2606,830,36637,130.52,829.23,190.36,257.07,0.953044
2607,831,28763,113.39,176.37,212.08,200.93,0.979372
2608,831,3483,566.41,814.66,263.36,215.99,0.969298
2609,831,36637,666.11,180.25,186.37,248.19,0.962336
2610,831,27777,180.16,815.23,172.52,200.51,0.961197
2611,832,1900,624.88,890.75,204.54,136.25,0.986677
2612,832,16548,606.89,163.17,237.21,224.86,0.954308
2613,838,1900,141.54,241.2,199.55,127.96,0.983666
2614,838,27926,91.42,616.55,271.81,485.02,0.956343
2615,838,33208,588.83,801.02,215.03,204.92,0.953103
2616,838,16548,593.14,162.96,231.72,225.0,0.933021
2617,842,34597,471.67,669.45,465.67,427.14,0.97766
2618,842,27733,564.78,259.93,301.88,265.49,0.974232
2619,842,16262,153.05,804.24,247.6,239.96,0.972593
2620,842,3483,124.13,307.12,268.49,201.28,0.970114
2621,85,29345,588.41,678.41,287.57,447.46,0.98132
2622,85,1900,162.74,257.64,126.53,199.61,0.964637
2623,85,21771,149.27,849.3,194.46,191.82,0.961161
2624,85,16548,569.79,250.79,234.23,227.0,0.946219
2625,851,22362,608.33,737.98,272.61,414.78,0.963659
2626,851,2483,630.67,99.11,200.99,471.61,0.956577
2627,851,3743,122.58,837.47,329.9,332.29,0.953734
2628,851,12778,107.38,145.21,310.11,499.22,0.911001
2629,855,2483,622.64,72.96,193.52,467.1,0.973029
2630,855,3743,130.82,813.14,330.98,331.51,0.944302
2631,855,12778,88.64,129.77,307.46,528.46,0.936553
2632,855,3832,592.11,707.87,237.65,459.62,0.658
2633,857,31863,574.51,746.01,207.67,213.26,0.988942
2634,857,16262,92.1,679.96,248.89,243.5,0.979615
2635,857,3351,338.15,133.37,185.34,188.47,0.957752
2636,858,16262,134.33,770.65,245.74,236.71,0.978196
2637,858,31863,613.63,833.98,206.0,205.61,0.977165
2638,858,3351,380.12,190.09,184.97,185.18,0.948984
2639,86,1900,683.92,808.67,131.83,207.56,0.976638
2640,86,21771,618.95,250.92,186.81,181.65,0.9756
2641,86,29345,118.0,156.12,271.12,413.11,0.973383
2642,86,16548,152.8,768.59,239.19,238.15,0.932706
2643,861,12081,654.11,707.57,252.61,461.56,0.976084
2644,861,25438,122.17,832.11,261.47,268.08,0.966661
2645,861,2483,566.68,149.59,299.29,438.15,0.966613
2646,861,19552,67.45,91.55,343.56,469.69,0.961221
2647,862,25469,88.79,829.1,337.97,303.78,0.972847
2648,862,34597,76.06,135.5,448.46,415.88,0.968533
2649,862,36637,672.85,171.99,176.14,254.95,0.966168
2650,862,3483,601.63,847.09,278.61,186.57,0.935129
2651,864,34597,59.27,107.45,444.01,421.48,0.975176
2652,864,25469,49.84,787.03,348.07,303.55,0.965449
2653,864,3483,574.95,810.92,280.76,193.5,0.953433
2654,864,36637,644.81,168.57,169.74,251.62,0.950972
2655,866,3832,478.76,559.44,388.03,373.54,0.959856
2656,866,16688,33.62,525.05,445.52,579.66,0.945475
2657,866,3351,306.86,172.43,185.8,191.15,0.939971
2658,867,3351,343.22,232.08,189.68,185.13,0.961873
2659,867,16688,72.25,622.38,435.58,588.06,0.959362
2660,867,3832,522.56,657.18,381.51,366.85,0.953526
2661,868,28763,96.12,855.24,215.65,201.83,0.985883
2662,868,16232,649.34,230.33,190.68,182.6,0.980178
2663,868,31885,32.8,60.28,413.49,507.91,0.974012
2664,868,3483,588.9,846.29,284.33,171.25,0.948809
2665,869,28763,61.75,812.24,219.81,207.94,0.984242
2666,869,16232,620.73,222.42,186.81,182.69,0.97497
2667,869,31885,19.48,41.06,394.9,501.71,0.970486
2668,869,3483,560.92,811.65,286.29,176.37,0.961545
2669,870,28763,678.01,256.97,211.78,197.12,0.989744
2670,870,16232,142.69,846.24,196.83,193.1,0.982636
2671,870,31885,564.63,675.63,408.32,522.3,0.968338
2672,870,3483,132.12,290.01,276.85,170.2,0.965751
2673,873,18147,620.26,670.44,283.25,422.56,0.981226
2674,873,16688,70.56,622.23,441.19,587.63,0.963611
2675,873,3351,343.11,225.02,185.13,183.62,0.937562
2676,874,16232,627.77,221.35,186.81,184.4,0.973412
2677,874,3483,624.51,716.75,212.5,270.68,0.971244
2678,874,31885,144.31,151.98,432.17,476.73,0.965198
2679,874,20877,83.51,725.16,337.1,241.15,0.95729
2680,875,16232,656.1,231.35,191.44,180.42,0.979938
2681,875,31885,163.96,182.12,447.7,475.54,0.968622
2682,875,20877,115.54,768.54,333.69,230.72,0.966554
2683,875,3483,651.62,750.24,210.08,265.82,0.958676
2684,878,28763,97.95,855.86,214.71,201.47,0.985926
2685,878,34597,78.37,127.86,336.27,492.38,0.973233
2686,878,36637,643.36,208.07,189.39,247.79,0.958376
2687,878,3483,592.29,846.62,282.47,169.54,0.949066
2688,879,28763,62.78,812.29,220.04,208.66,0.985324
2689,879,34597,62.96,95.48,329.94,494.92,0.973582
2690,879,3483,562.41,809.9,286.65,177.05,0.962705
2691,879,36637,614.02,202.85,185.09,243.19,0.947201
2692,88,1900,130.22,231.54,204.81,137.11,0.980096
2693,88,16551,609.09,53.68,285.98,476.21,0.914934
2694,88,29345,616.87,736.02,267.46,445.36,0.839933
2695,880,13395,67.45,86.25,237.58,489.39,0.960769
2696,880,2483,74.45,673.25,227.03,480.81,0.947133
2697,882,13395,642.62,664.71,238.45,499.65,0.962173
2698,882,2483,641.7,51.81,220.6,491.73,0.961665
2699,883,16232,631.26,220.04,190.67,185.97,0.981219
2700,883,28763,143.17,231.16,213.51,203.37,0.980122
2701,883,25469,49.22,858.07,376.01,217.52,0.969755
2702,883,3483,602.5,845.42,277.88,187.38,0.942366
2703,886,31863,164.06,284.71,205.86,207.85,0.981429
2704,886,35206,543.33,262.82,267.54,386.38,0.961177
2705,886,3351,410.73,892.06,187.99,192.27,0.944793
2706,888,31863,612.12,834.32,205.15,205.01,0.973401
2707,888,3351,380.92,206.39,185.12,183.51,0.949225
2708,888,35206,163.08,646.15,264.32,393.86,0.947028
2709,889,16232,135.57,847.26,195.1,191.32,0.981592
2710,889,28763,711.4,889.08,219.41,212.22,0.976272
2711,889,3483,142.84,292.17,211.38,257.58,0.961337
2712,889,20877,540.88,294.15,331.18,237.02,0.946251
2713,89,1900,114.43,223.95,202.11,140.29,0.981971
2714,89,16551,581.02,43.17,278.8,469.92,0.955584
2715,891,28763,56.74,173.29,208.68,198.41,0.98218
2716,891,16232,628.62,221.43,186.79,182.0,0.978207
2717,891,3483,624.45,716.67,212.15,271.95,0.973744
2718,891,20877,83.53,725.85,336.43,241.1,0.96682
2719,894,20877,82.78,725.18,336.22,241.25,0.974467
2720,894,3483,624.02,717.57,212.02,272.19,0.970507
2721,894,25367,29.88,29.99,409.84,435.44,0.97021
2722,894,36637,602.94,204.36,181.73,246.48,0.956466
2723,895,3544,92.91,222.41,203.12,199.67,0.978651
2724,895,16551,535.52,38.17,296.75,459.62,0.95603
2725,896,3544,109.12,232.81,208.99,200.35,0.970484
2726,896,16551,562.88,44.45,303.2,471.08,0.965393
2727,897,3544,676.11,835.11,215.28,212.48,0.969704
2728,897,16551,116.62,720.17,316.8,488.46,0.956663
2729,898,3544,120.77,173.1,201.93,196.86,0.97413
2730,898,27926,569.92,585.99,252.88,483.93,0.94191
2731,898,12247,618.72,205.3,173.78,187.54,0.939669
2732,898,16548,74.14,778.45,239.39,234.82,0.92125
2733,9,20238,594.13,174.67,221.81,212.29,0.983658
2734,9,28763,62.79,813.14,220.64,207.71,0.981859
2735,9,22347,113.94,212.18,200.97,194.78,0.968153
2736,9,3483,562.44,811.64,286.06,175.78,0.961883
2737,90,1900,656.15,903.32,212.51,148.03,0.977977
2738,90,16551,88.9,709.15,291.62,495.65,0.936986
2739,900,3544,136.09,177.79,207.78,201.91,0.971036
2740,900,12247,647.3,204.6,176.02,190.04,0.967972
2741,900,27926,598.49,629.42,249.96,478.04,0.956023
2742,900,16548,108.3,823.06,236.86,226.26,0.93439
2743,904,20238,642.93,190.91,227.83,216.15,0.973266
2744,904,30308,161.86,55.94,293.69,470.48,0.960514
2745,904,3483,607.43,792.02,274.48,209.05,0.943349
2746,904,27733,123.62,769.14,315.69,275.37,0.926578
2747,906,20238,113.29,855.78,232.07,226.22,0.979479
2748,906,30308,550.71,723.5,299.8,481.14,0.976989
2749,906,27733,564.29,260.03,302.63,265.57,0.973402
2750,906,3483,123.53,306.52,269.53,202.33,0.966281
2751,908,31863,575.07,746.43,207.0,212.79,0.990249
2752,908,20238,114.77,716.18,230.67,228.14,0.979426
2753,908,3351,305.38,192.91,184.52,190.53,0.952744
2754,91,1900,629.28,894.26,211.42,134.21,0.980965
2755,91,27926,152.57,145.0,250.38,452.26,0.971348
2756,91,19607,689.25,299.01,157.2,150.71,0.964604
2757,91,16548,124.82,865.6,241.65,237.76,0.939918
2758,910,3483,176.51,278.68,258.21,211.99,0.970056
2759,910,25367,508.08,701.96,457.35,438.11,0.968437
2760,910,29667,127.75,879.9,229.67,227.31,0.967151
2761,910,27777,640.21,296.44,175.53,194.35,0.963715
2762,912,29667,600.58,161.03,218.53,215.75,0.980524
2763,912,3483,534.95,777.98,271.12,224.66,0.972777
2764,912,25367,32.35,110.81,433.73,415.88,0.96753
2765,912,27777,142.92,774.48,177.83,205.49,0.950282
2766,914,13900,554.48,706.82,205.2,250.18,0.980087
2767,914,35206,44.21,614.32,340.04,355.49,0.963402
2768,914,3351,369.55,122.3,184.89,193.03,0.928723
2769,915,13900,593.98,797.53,200.34,243.6,0.981089
2770,915,35206,88.11,706.56,334.1,351.79,0.958276
2771,915,3351,409.71,180.21,186.09,181.97,0.949218
2772,916,16232,141.21,892.87,197.82,192.39,0.977826
2773,916,27733,563.79,260.54,302.98,265.43,0.973474
2774,916,25367,504.26,681.43,459.79,425.31,0.969413
2775,916,3483,123.31,306.85,270.25,202.01,0.969221
2776,919,27733,563.39,259.68,301.62,266.41,0.973054
2777,919,3483,122.6,308.61,268.44,202.06,0.963986
2778,919,30308,493.54,678.78,371.82,439.64,0.957241
2779,919,36637,101.61,881.98,267.65,178.66,0.956836
2780,920,3483,581.21,757.74,276.76,211.14,0.961071
2781,920,36637,591.93,201.25,255.2,170.48,0.957175
2782,920,30308,128.31,124.99,356.95,420.11,0.943508
2783,920,27733,89.42,721.56,323.38,285.16,0.933005
2784,923,16262,109.84,836.91,249.31,242.38,0.967689
2785,923,25367,539.91,710.56,433.23,449.65,0.966032
2786,923,3483,143.74,290.66,212.52,258.45,0.964145
2787,923,20877,541.26,294.57,332.03,238.15,0.948271
2788,925,19861,637.95,277.1,221.97,171.6,0.984367
2789,925,34597,484.28,630.15,442.52,450.48,0.974184
2790,925,3483,149.04,220.52,249.59,220.4,0.972828
2791,925,16232,145.39,899.7,195.02,193.13,0.969136
2792,927,19861,91.71,827.81,225.77,174.98,0.977834
2793,927,3483,573.06,835.91,261.31,232.2,0.972081
2794,927,16232,618.24,173.07,184.33,181.97,0.969595
2795,927,34597,62.05,144.17,424.17,438.75,0.965621
2796,929,31885,31.52,40.48,411.28,489.62,0.980917
2797,929,25469,14.94,812.38,379.09,222.05,0.977519
2798,929,16232,601.91,213.18,185.84,183.03,0.972416
2799,929,3483,575.47,810.27,280.93,192.98,0.952719
2800,930,31885,538.9,690.06,431.42,511.54,0.975645
2801,930,25469,569.81,231.78,371.99,219.05,0.967999
2802,930,16232,163.17,856.84,193.68,190.68,0.965311
2803,930,3483,123.53,274.01,274.56,186.74,0.960995
2804,931,29345,576.76,717.72,328.79,424.71,0.979421
2805,931,1900,179.51,268.45,127.42,199.84,0.97282
2806,931,16551,482.25,241.22,481.39,266.44,0.962585
2807,931,19607,165.56,917.64,160.36,155.76,0.902766
2808,932,29345,551.44,680.45,328.87,427.6,0.97837
2809,932,1900,159.33,258.85,127.55,200.18,0.975023
2810,932,16551,458.39,221.09,469.56,270.16,0.957091
2811,932,19607,130.59,885.03,162.32,160.04,0.926824
2812,933,29345,117.65,167.83,309.12,398.83,0.979757
2813,933,1900,687.12,807.21,130.62,207.11,0.972917
2814,933,16551,24.49,732.79,489.42,284.92,0.958785
2815,933,19607,666.3,251.39,157.0,152.91,0.942327
2816,936,25438,110.52,843.0,261.23,265.58,0.966428
2817,936,2483,595.48,109.04,258.27,455.69,0.964604
2818,936,19552,113.96,188.14,311.62,498.91,0.958617
2819,936,3832,655.39,712.95,218.28,460.0,0.815644
2820,937,2483,623.38,72.41,193.48,467.22,0.974833
2821,937,3743,130.91,813.08,329.98,331.15,0.941901
2822,937,12778,122.03,89.45,300.78,537.52,0.923619
2823,937,3832,592.43,708.51,237.09,459.28,0.607195
2824,938,2483,632.42,34.6,197.6,481.06,0.96833
2825,938,3743,130.3,802.24,321.09,320.58,0.967034
2826,938,3832,586.47,705.46,225.47,442.88,0.677008
2827,940,16232,644.14,322.47,188.88,189.96,0.976933
2828,940,18147,205.57,227.44,214.22,412.03,0.958233
2829,940,3351,422.68,898.15,190.36,192.09,0.949083
2830,941,16232,89.94,712.55,192.75,192.66,0.982797
2831,941,18147,517.23,550.53,213.38,442.79,0.958309
2832,941,3351,325.12,142.8,186.38,188.23,0.951685
2833,942,16232,133.07,800.91,190.12,188.5,0.981357
2834,942,18147,556.15,641.74,217.71,444.92,0.965449
2835,942,3351,367.94,199.55,186.54,184.82,0.93662
2836,945,19861,637.25,276.55,223.05,172.9,0.982989
2837,945,20238,112.91,858.4,230.23,225.02,0.977178
2838,945,3483,148.99,220.65,249.4,219.94,0.974729
2839,945,25367,630.56,639.52,321.46,520.39,0.914969
2840,947,28763,678.23,256.79,211.64,196.52,0.989997
2841,947,16232,142.82,846.84,196.07,191.51,0.982854
2842,947,3483,131.88,290.75,276.92,169.39,0.963843
2843,947,28763,591.78,887.19,225.65,214.92,0.961268
2844,948,28763,96.18,856.21,215.28,201.09,0.987011
2845,948,16232,649.8,230.35,190.65,181.86,0.981938
2846,948,28763,184.71,179.44,212.5,201.6,0.976823
2847,948,3483,589.05,845.96,285.1,171.77,0.95023
2848,949,16262,109.48,837.76,249.12,241.01,0.967901
2849,949,3483,143.37,291.46,211.58,256.6,0.965437
2850,949,20877,543.53,292.96,329.63,241.39,0.956405
2851,949,30308,501.56,725.92,419.97,398.48,0.954407
2852,95,32310,498.1,721.28,383.47,236.78,0.974993
2853,95,29667,60.58,744.15,230.52,230.37,0.964514
2854,95,3351,337.47,184.06,184.84,185.71,0.953566
2855,950,16262,602.14,185.65,237.21,228.3,0.973439
2856,950,20877,83.21,725.35,336.75,241.55,0.973319
2857,950,3483,624.33,717.79,210.9,270.58,0.969376
2858,950,30308,72.59,119.99,396.95,380.76,0.955124
2859,951,16262,630.44,191.79,243.47,232.24,0.970573
2860,951,20877,115.44,768.9,332.93,231.07,0.968562
2861,951,3483,650.75,750.99,210.92,265.86,0.9589
2862,951,30308,88.58,137.92,407.54,389.5,0.948615
2863,952,25469,572.71,232.86,370.28,219.68,0.969522
2864,952,16262,167.77,835.56,247.0,241.33,0.967101
2865,952,3483,123.42,273.8,274.98,187.3,0.961684
2866,952,30308,563.72,650.76,386.68,428.7,0.955423
2867,953,25469,14.64,812.5,379.04,222.23,0.975557
2868,953,16262,547.48,188.96,238.66,227.73,0.967917
2869,953,3483,575.42,810.26,281.03,192.7,0.955045
2870,953,30308,47.75,162.24,369.26,412.36,0.943765
2871,954,25469,49.72,856.9,374.52,217.62,0.963762
2872,954,16262,574.35,195.17,243.55,231.66,0.963251
2873,954,30308,62.98,183.19,379.14,422.14,0.960236
2874,954,3483,601.66,845.71,280.38,187.58,0.936211
2875,956,1900,158.18,251.21,202.89,123.72,0.986635
2876,956,27926,600.17,678.35,252.57,474.69,0.969662
2877,956,19607,143.08,862.98,157.44,154.16,0.948352
2878,956,16551,596.56,0.0,309.35,448.55,0.94521
2879,957,1900,629.41,894.29,211.36,134.34,0.977873
2880,957,27926,152.31,144.86,250.8,452.13,0.973989
2881,957,19607,689.29,298.66,157.21,150.92,0.968555
2882,957,16551,79.76,786.24,312.08,491.28,0.955685
2883,962,29451,473.65,777.96,407.09,274.4,0.976599
2884,962,1900,148.85,240.21,181.44,182.35,0.97231
2885,962,16551,626.31,108.73,281.22,473.73,0.946616
2886,962,19607,143.01,847.67,161.25,159.42,0.940797
2887,966,1900,656.16,902.99,212.7,148.18,0.978733
2888,966,16548,126.74,853.52,243.69,236.67,0.948107
2889,967,29667,586.49,305.31,227.72,224.39,0.97592
2890,967,41768,124.81,300.3,263.91,297.33,0.95695
2891,967,3351,407.57,887.47,188.14,192.84,0.937554
2892,968,29667,111.23,697.49,234.09,231.88,0.97548
2893,968,3351,340.83,156.61,186.07,188.47,0.94616
2894,968,41768,559.8,621.54,266.53,309.71,0.927699
2895,97,29345,117.53,168.07,309.61,399.01,0.980322
2896,97,1900,686.85,807.52,130.96,207.27,0.971902
2897,97,19607,666.05,251.61,157.2,152.54,0.934476
2898,97,16548,100.56,821.94,243.48,237.97,0.933572
2899,972,1900,142.16,242.91,198.59,126.6,0.984931
2900,972,21771,126.35,774.19,192.78,190.57,0.976817
2901,972,16551,569.96,12.26,332.08,439.62,0.957229
2902,972,27926,571.86,629.83,261.47,485.81,0.947746
2903,973,29345,615.04,715.47,286.88,441.51,0.975673
2904,973,1900,182.57,266.9,127.18,198.95,0.968358
2905,973,21771,183.75,884.16,191.05,186.25,0.959674
2906,973,16551,570.85,79.73,307.37,472.33,0.944633
2907,974,29345,588.76,677.55,286.8,448.34,0.982811
2908,974,1900,162.46,257.03,126.61,200.08,0.971463
2909,974,21771,149.43,849.23,194.16,191.9,0.963656
2910,974,16551,543.76,71.35,299.08,458.81,0.9516
2911,975,21771,618.8,250.7,187.11,181.86,0.976752
2912,975,1900,684.06,808.7,131.57,207.41,0.975101
2913,975,29345,118.18,155.66,270.3,413.02,0.972688
2914,975,16551,106.54,688.99,318.44,483.02,0.966768
2915,979,22074,584.78,708.11,186.26,195.65,0.965891
2916,979,3351,392.41,158.34,182.58,186.94,0.955264
2917,979,18357,70.18,549.15,287.16,339.71,0.954638
2918,980,22074,170.76,311.36,184.66,190.81,0.979747
2919,980,3351,355.15,873.22,187.77,191.46,0.961652
2920,980,18357,576.76,307.73,280.81,318.38,0.952276
2921,982,2483,663.16,111.53,210.85,475.96,0.964099
2922,982,3743,117.26,838.68,327.98,331.14,0.96308
2923,982,13395,637.77,676.18,242.15,517.22,0.958674
2924,982,12778,103.26,107.56,304.39,516.7,0.614014
2925,983,13395,631.09,675.59,230.21,496.01,0.965282
2926,983,2483,675.89,78.44,198.09,489.99,0.964977
2927,983,3743,116.73,828.59,321.25,322.54,0.955331
2928,984,2483,60.54,635.88,199.81,498.78,0.963535
2929,984,13395,84.19,83.66,232.51,483.63,0.953341
2930,984,3743,497.16,125.02,312.51,306.19,0.927288
2931,985,1900,139.29,219.12,202.44,150.48,0.97398
2932,985,16548,576.49,187.82,233.06,223.83,0.937267
2933,985,24850,116.78,739.77,205.18,282.53,0.93633
2934,985,29451,519.13,803.24,423.53,234.01,0.935502
2935,986,1900,631.65,897.87,211.51,157.71,0.972611
2936,986,29451,47.11,235.04,403.91,225.05,0.952799
2937,986,24850,643.02,258.51,196.5,269.77,0.940041
2938,986,16548,142.73,836.52,241.34,238.67,0.920763
2939,988,19861,125.56,864.51,220.27,167.34,0.981053
2940,988,22347,159.14,181.93,206.19,199.72,0.973231
2941,988,3483,599.39,870.2,257.4,229.86,0.969477
2942,988,36637,620.88,198.24,263.41,151.95,0.959077
2943,989,22347,142.48,176.89,201.61,195.36,0.980539
2944,989,3483,571.94,836.48,261.04,232.66,0.978883
2945,989,19861,90.07,827.73,226.09,174.81,0.975928
2946,989,36637,591.35,194.35,258.61,153.1,0.96092
2947,990,19861,638.93,276.98,222.63,171.96,0.980399
2948,990,3483,150.8,219.1,248.55,219.76,0.976694
2949,990,22347,626.14,887.1,214.45,209.6,0.973206
2950,990,36637,94.95,904.52,273.57,165.96,0.961553
2951,991,3544,93.16,222.16,203.1,199.65,0.979878
2952,991,16548,572.03,221.67,231.57,225.38,0.953821
2953,993,3544,109.12,231.95,208.48,200.88,0.968313
2954,993,16548,600.38,233.26,236.9,226.17,0.941515
2955,994,28763,677.74,257.32,211.82,196.91,0.988929
2956,994,16262,116.8,847.23,249.54,240.56,0.971656
2957,994,30308,508.95,755.01,389.66,429.77,0.970627
2958,994,3483,133.44,291.23,275.07,169.3,0.965744
2959,996,28763,96.55,855.32,214.93,201.77,0.986191
2960,996,16262,623.56,181.36,241.77,231.71,0.973651
2961,996,3483,589.3,846.07,284.89,171.48,0.953843
2962,996,30308,111.57,76.93,383.04,418.85,0.944964
2963,997,29451,456.87,808.81,427.7,225.2,0.973554
2964,997,21771,122.5,806.24,195.52,189.66,0.972808
2965,997,1900,148.85,240.27,181.56,181.17,0.972227
2966,997,16551,590.24,61.17,278.74,470.46,0.943472
2967,998,1900,168.61,249.25,181.18,179.48,0.975695
2968,998,29451,487.25,847.01,421.39,219.03,0.97253
2969,998,21771,156.64,840.53,192.19,185.47,0.957592
2970,998,16551,617.86,68.2,287.76,485.42,0.939616
2971,999,29451,105.03,237.54,409.05,217.87,0.970977
2972,999,1900,645.07,845.49,186.92,188.76,0.970325
2973,999,21771,643.59,289.88,189.3,184.01,0.969295
2974,999,16551,82.43,688.98,292.65,497.57,0.909936
