annotation_id,image_id,category_id,bbox_x,bbox_y,bbox_w,bbox_h,score
1,1,16551,560.32,70.07,390.71,405.44,0.969738
2,1,1900,158.7,251.21,203.1,123.54,0.969286
3,1,27926,600.72,675.77,249.31,477.78,0.968482
4,1,24850,171.96,740.46,181.52,291.82,0.949471
5,10,21771,641.74,288.85,189.16,183.93,0.980886
6,10,1900,644.54,843.83,187.24,188.37,0.96154
7,10,29451,98.71,236.64,414.76,220.87,0.938704
8,10,16548,102.09,806.17,241.53,238.82,0.924245
9,100,1900,135.95,244.4,191.16,160.56,0.9786
10,100,33009,516.25,792.4,384.97,211.03,0.96828
11,100,16548,585.8,131.4,231.93,224.87,0.891806
12,1003,34597,39.34,156.83,445.8,418.91,0.970143
13,1003,3483,607.04,791.01,273.4,208.24,0.969713
14,1003,16232,649.05,183.84,190.77,180.9,0.962047
15,1003,27733,123.07,769.4,313.75,274.72,0.930821
16,1004,27733,566.54,260.5,298.62,266.13,0.968625
17,1004,3483,124.95,306.45,268.94,203.9,0.967608
18,1004,34597,507.12,661.41,460.37,435.62,0.967049
19,1004,16232,141.22,891.22,198.27,192.98,0.939068
20,1005,3483,579.12,757.13,273.64,212.99,0.975561
21,1005,34597,22.11,126.55,438.1,424.1,0.961351
22,1005,16232,618.96,177.43,187.69,182.59,0.948263
23,1005,27733,85.83,722.37,323.69,280.67,0.786465
24,1006,3483,602.64,845.47,279.32,186.3,0.979819
25,1006,20238,616.83,196.15,227.61,217.45,0.978807
26,1006,25469,52.9,856.51,372.31,216.17,0.971753
27,1006,25367,45.46,177.12,442.08,424.79,0.966394
28,1007,25367,32.31,153.45,428.06,422.37,0.976476
29,1007,3483,574.93,808.9,281.16,193.19,0.972609
30,1007,20238,589.21,192.13,221.39,212.91,0.969211
31,1007,25469,15.49,811.57,379.14,222.8,0.962582
32,1009,3483,574.77,808.47,281.69,193.56,0.973528
33,1009,25469,18.51,813.56,374.31,220.04,0.970818
34,1009,22347,78.49,197.48,200.7,195.38,0.957806
35,1009,16262,543.62,188.35,242.81,228.32,0.947083
36,1010,3483,602.79,845.47,278.65,186.71,0.983045
37,1010,25469,51.86,857.05,373.29,216.14,0.972787
38,1010,22347,95.19,206.48,203.73,197.36,0.964245
39,1010,16262,574.27,194.68,244.57,232.17,0.961535
40,1012,1900,141.01,242.43,199.68,126.31,0.977755
41,1012,27926,571.49,628.2,260.63,490.15,0.970624
42,1012,24850,137.75,702.32,187.36,294.86,0.941964
43,1012,16548,610.68,158.43,232.53,224.8,0.928487
44,1013,27926,148.04,143.78,255.27,454.96,0.972532
45,1013,1900,630.42,893.39,211.45,132.77,0.971496
46,1013,24850,634.79,273.89,183.55,277.72,0.963743
47,1013,16548,105.36,865.53,241.12,238.25,0.916085
48,1014,27926,600.73,676.4,252.01,477.68,0.973659
49,1014,1900,158.64,251.67,203.38,123.4,0.970855
50,1014,24850,172.41,740.84,181.26,291.73,0.95211
51,1014,16548,639.89,164.48,238.09,224.03,0.947349
52,1015,30308,70.3,124.47,394.9,405.6,0.986172
53,1015,3483,649.9,749.54,211.81,266.94,0.973819
54,1015,20877,117.09,769.19,330.19,230.93,0.967463
55,1015,35206,660.91,174.52,223.8,403.12,0.955706
56,1016,30308,533.77,722.44,411.1,413.98,0.981565
57,1016,20877,543.58,293.39,329.46,237.92,0.975163
58,1016,3483,142.03,291.38,211.39,257.87,0.969056
59,1016,35206,97.23,670.62,235.49,411.8,0.962296
60,1018,3483,124.78,306.77,269.31,203.48,0.96323
61,1018,27733,560.14,255.46,301.01,265.51,0.956719
62,1018,30308,441.36,744.07,471.57,305.24,0.911093
63,1018,29667,88.4,863.19,229.8,226.48,0.781876
64,1019,3483,606.4,790.89,274.46,208.26,0.968673
65,1019,29667,668.93,182.38,222.52,213.87,0.961413
66,1019,30308,94.12,211.86,459.97,296.48,0.959815
67,1019,27733,130.14,777.04,311.75,275.4,0.945454
68,102,1900,151.3,254.9,195.68,160.74,0.969159
69,102,33009,548.13,836.37,373.2,200.59,0.950593
70,102,16548,614.89,136.21,237.5,227.7,0.864968
71,1020,3483,579.41,757.53,273.69,211.58,0.967955
72,1020,30308,77.55,187.87,449.23,298.52,0.963717
73,1020,29667,639.71,177.29,216.73,214.26,0.936208
74,1020,27733,91.3,729.9,322.62,278.93,0.852815
75,1022,33208,582.02,808.75,216.51,207.32,0.975975
76,1022,16551,625.84,22.68,279.48,468.24,0.953946
77,1022,1900,149.24,240.22,180.17,180.43,0.939781
78,1022,29451,37.85,798.66,422.82,228.38,0.925675
79,1023,29451,70.08,842.5,422.85,218.3,0.973153
80,1023,1900,167.48,250.32,181.07,178.03,0.970908
81,1023,33208,608.34,843.52,213.7,200.55,0.966749
82,1023,16551,655.29,25.66,285.32,481.15,0.937287
83,1025,3483,142.25,289.95,212.23,258.34,0.972096
84,1025,20877,543.31,292.85,332.03,238.63,0.969752
85,1025,16262,107.7,837.69,249.91,241.53,0.955848
86,1025,28763,643.49,861.85,222.9,213.18,0.952118
87,1026,3483,649.05,750.66,212.54,266.56,0.982491
88,1026,28763,135.56,204.43,213.75,203.7,0.966052
89,1026,20877,116.93,769.45,330.18,231.79,0.963972
90,1026,16262,629.93,192.1,244.35,232.4,0.957321
91,1027,13900,188.31,284.91,199.86,234.24,0.965352
92,1027,3351,353.9,883.61,190.31,192.57,0.962109
93,1027,16232,601.08,262.87,185.91,187.37,0.910348
94,1028,13900,551.84,706.53,207.1,247.8,0.954016
95,1028,16232,135.68,780.14,190.28,188.07,0.949548
96,1028,3351,391.0,155.97,183.85,188.87,0.942381
97,1029,13900,593.0,798.42,199.89,241.39,0.955942
98,1029,3351,436.15,214.63,183.77,184.65,0.926887
99,1029,22074,179.08,865.97,186.42,191.41,0.568061
100,1029,16232,179.04,865.73,186.58,191.82,0.43822
101,1030,3483,579.43,756.69,273.79,212.06,0.968529
102,1030,34597,46.93,143.32,445.08,413.91,0.960701
103,1030,35206,569.53,119.3,251.96,379.33,0.862152
104,1030,27733,86.74,722.34,322.89,281.28,0.776252
105,1034,19861,637.0,276.54,222.56,171.55,0.973819
106,1034,36637,94.91,905.61,271.85,163.83,0.971494
107,1034,3483,148.03,218.8,250.28,222.12,0.957998
108,1034,28763,648.15,882.03,223.05,214.55,0.95547
109,1039,3483,602.68,845.26,279.22,187.32,0.979228
110,1039,25469,52.41,857.03,372.62,215.8,0.970073
111,1039,28763,126.87,213.31,215.54,203.7,0.96032
112,1039,16262,574.21,194.61,243.94,232.44,0.959024
113,104,21325,619.64,760.1,172.22,232.34,0.977348
114,104,18357,108.69,609.62,246.01,370.6,0.974144
115,104,3351,324.5,204.25,183.06,186.47,0.954731
116,1041,3483,123.88,272.34,272.87,189.29,0.976972
117,1041,25469,570.04,231.68,372.9,216.38,0.961192
118,1041,28763,650.6,851.92,224.14,213.43,0.950785
119,1041,16262,163.25,834.38,253.17,241.42,0.946651
120,1043,18357,51.83,627.51,267.36,352.64,0.97955
121,1043,35206,512.98,604.59,243.41,414.5,0.966274
122,1043,3351,313.29,169.0,183.81,188.09,0.933483
123,1044,18357,93.14,722.42,269.28,352.78,0.976184
124,1044,35206,552.88,702.63,237.67,407.45,0.964081
125,1044,3351,353.65,228.03,185.97,183.23,0.942093
126,1045,3483,623.21,717.44,210.45,271.49,0.980501
127,1045,29667,594.67,177.97,218.96,215.92,0.970101
128,1045,20877,41.6,757.28,332.27,252.33,0.963924
129,1045,28763,133.61,212.37,212.3,201.45,0.956239
130,1046,3483,648.56,750.32,213.42,267.22,0.982778
131,1046,29667,622.45,182.76,224.7,215.58,0.97455
132,1046,28763,150.93,223.05,214.21,202.12,0.953452
133,1046,20877,73.85,801.28,331.19,239.96,0.949292
134,1047,3483,143.24,290.28,210.26,257.62,0.977116
135,1047,20877,590.17,258.8,325.17,246.68,0.966907
136,1047,29667,134.86,862.09,229.03,226.2,0.960675
137,1047,28763,625.65,844.42,223.72,213.11,0.954986
138,1050,22362,606.76,778.83,253.32,407.98,0.978274
139,1050,2483,650.43,79.0,196.37,488.26,0.975861
140,1050,12778,96.99,173.07,334.68,473.38,0.948216
141,1051,2483,85.71,671.52,226.2,483.71,0.950672
142,1051,13395,143.29,103.4,204.84,440.96,0.85454
143,1053,13395,593.05,698.62,207.68,450.45,0.964282
144,1053,2483,615.87,51.63,220.18,483.79,0.959657
145,1053,34597,82.81,76.45,372.86,467.65,0.659809
146,1055,3483,570.58,765.03,277.84,207.9,0.974248
147,1055,31885,57.76,33.41,426.61,485.65,0.964252
148,1055,29667,647.89,185.84,218.14,213.68,0.945805
149,1055,27733,79.3,728.37,332.48,270.53,0.902163
150,1056,31885,70.25,53.37,442.06,488.34,0.981665
151,1056,3483,599.1,799.28,275.3,204.09,0.969522
152,1056,29667,679.11,189.84,222.94,214.72,0.956615
153,1056,27733,118.99,776.86,318.3,265.19,0.94781
154,1057,12778,80.23,72.92,333.97,502.02,0.969816
155,1057,25438,110.55,829.37,254.09,255.21,0.963458
156,1057,2483,607.82,69.27,250.97,472.09,0.954368
157,1057,13395,645.37,709.79,212.11,444.39,0.911825
158,1058,25438,110.74,841.44,259.92,266.9,0.9728
159,1058,13395,656.98,709.05,211.98,466.8,0.966891
160,1058,12778,83.58,104.2,330.11,507.77,0.965236
161,1058,2483,597.34,107.78,256.99,455.24,0.962118
162,1060,2483,116.14,677.15,209.89,491.01,0.969297
163,1060,25438,555.22,204.6,246.85,252.43,0.964587
164,1060,13395,111.74,44.18,242.58,491.1,0.932039
165,1060,12778,531.25,639.93,348.64,474.88,0.340992
166,1064,20238,616.27,195.86,227.79,217.02,0.978789
167,1064,3483,603.29,845.31,278.28,186.8,0.978682
168,1064,25469,52.56,856.57,372.18,216.87,0.972457
169,1064,34597,60.74,131.27,451.41,415.72,0.966532
170,1065,3483,124.08,272.45,273.11,189.19,0.976006
171,1065,20238,137.54,849.43,233.09,226.95,0.972475
172,1065,34597,484.4,686.54,462.03,432.08,0.967552
173,1065,25469,569.07,232.93,373.71,215.56,0.959537
174,1067,3483,132.1,289.13,276.3,172.52,0.981315
175,1067,31885,554.08,673.69,404.51,522.65,0.956129
176,1067,16262,117.15,846.96,248.34,241.24,0.953
177,1067,28763,677.09,256.26,213.51,198.45,0.952366
178,1069,21771,117.22,203.7,189.29,184.5,0.975657
179,1069,1900,624.59,890.63,203.67,136.23,0.975168
180,1069,16548,642.45,165.37,238.21,225.21,0.929942
181,1070,1900,174.28,281.17,203.68,139.0,0.986075
182,1070,21771,686.65,882.03,197.35,193.46,0.984457
183,1070,16548,103.24,864.55,240.28,238.74,0.902366
184,1073,27777,144.28,775.35,178.92,204.58,0.977806
185,1073,3483,535.08,778.18,268.81,224.21,0.961896
186,1073,36637,636.61,178.74,181.02,242.84,0.954161
187,1073,22347,116.71,197.83,200.28,195.49,0.94691
188,1075,3544,102.29,160.91,202.05,199.52,0.987841
189,1075,16551,93.13,592.03,336.24,465.18,0.96677
190,1075,4543,610.15,142.81,204.82,198.99,0.964627
191,1076,3544,668.11,898.75,215.62,214.63,0.984998
192,1076,4543,131.57,917.26,214.89,211.56,0.970619
193,1076,16551,533.04,191.86,328.77,436.63,0.960145
194,1077,3544,117.63,166.28,208.34,202.32,0.984941
195,1077,16551,128.09,643.05,329.97,460.77,0.965014
196,1077,4543,639.8,142.88,209.21,200.99,0.957717
197,1079,3483,647.12,753.88,211.32,267.72,0.980957
198,1079,29667,624.33,186.15,223.65,215.34,0.97021
199,1079,20877,72.58,799.97,324.78,241.56,0.953697
200,1079,22347,120.92,219.8,203.43,197.73,0.94306
201,108,25438,143.67,844.08,255.12,253.0,0.97289
202,108,2483,598.69,78.79,246.72,477.41,0.972222
203,108,22362,589.3,743.62,252.28,407.82,0.962594
204,108,12778,109.87,44.94,288.12,523.99,0.954896
205,1080,3483,618.25,721.06,213.81,270.75,0.975791
206,1080,29667,594.71,180.51,220.74,216.24,0.971094
207,1080,20877,40.16,756.33,329.47,252.06,0.961575
208,1080,22347,103.16,210.38,200.48,195.01,0.947634
209,1081,1900,611.28,901.09,204.3,133.54,0.977346
210,1081,16551,484.64,200.49,451.87,327.79,0.963218
211,1085,20877,85.48,724.42,331.86,243.63,0.978912
212,1085,3483,623.75,716.94,211.67,269.76,0.977184
213,1085,25367,34.46,128.28,437.65,413.46,0.974234
214,1085,16232,626.65,220.31,187.49,183.07,0.941505
215,1087,3544,134.2,176.25,203.25,197.76,0.984434
216,1087,16551,87.31,588.58,293.53,485.51,0.967515
217,1089,3544,634.67,886.81,214.13,213.32,0.98052
218,1089,16551,581.25,179.86,292.75,457.62,0.966239
219,1089,29345,144.38,147.0,266.7,422.28,0.792567
220,109,19861,637.27,276.75,222.29,171.38,0.970755
221,109,3483,147.11,219.25,251.35,221.57,0.963479
222,109,25367,580.17,720.65,385.03,491.27,0.957688
223,109,35206,108.38,775.49,296.88,388.6,0.95382
224,1092,1900,651.89,848.96,210.26,159.95,0.975187
225,1092,33009,567.08,215.67,322.76,288.1,0.962187
226,1092,16548,83.81,913.66,242.84,239.99,0.944979
227,1093,19861,637.11,277.07,221.86,170.96,0.969337
228,1093,34597,501.65,694.0,458.58,432.91,0.968375
229,1093,3483,147.15,218.75,251.32,222.0,0.958292
230,1093,16262,97.53,851.03,252.26,241.35,0.950377
231,1095,3483,601.26,868.59,257.02,229.6,0.976193
232,1095,34597,49.12,121.3,442.91,420.71,0.961244
233,1095,19861,127.02,863.87,221.67,168.29,0.961117
234,1095,16262,638.36,177.44,243.86,229.79,0.947724
235,1096,3544,93.53,196.87,201.62,199.26,0.982301
236,1096,16551,480.83,112.98,438.26,323.42,0.976081
237,1096,27993,551.03,776.3,307.01,241.91,0.873709
238,1097,3544,107.47,205.91,208.71,200.06,0.980437
239,1097,16551,512.09,122.42,444.61,332.32,0.965751
240,1098,3544,676.94,861.44,215.45,213.2,0.975896
241,1098,27993,125.13,254.36,295.8,232.94,0.975286
242,1098,16551,19.93,782.73,466.08,347.1,0.965883
243,110,3483,601.16,868.64,257.25,230.1,0.977167
244,110,25367,43.81,49.19,379.16,483.28,0.969106
245,110,19861,127.07,864.5,221.45,167.52,0.963117
246,110,35206,584.58,96.6,283.83,376.07,0.907491
247,1100,27777,144.23,774.62,178.58,205.29,0.974229
248,1100,31885,54.62,96.94,419.86,492.94,0.968391
249,1100,3483,535.12,777.84,267.6,224.95,0.966615
250,1100,36637,636.11,178.6,181.7,243.29,0.931223
251,1101,31885,69.7,123.18,431.7,491.49,0.969203
252,1101,27777,178.3,811.71,172.86,200.49,0.965911
253,1101,36637,665.1,179.99,185.82,249.27,0.958734
254,1101,3483,564.82,814.2,263.28,216.79,0.95685
255,1105,3483,607.9,791.01,273.51,208.87,0.966692
256,1105,35206,603.06,126.46,255.77,390.88,0.955076
257,1105,22347,112.82,212.77,204.68,196.25,0.941065
258,1105,27733,124.06,769.6,313.43,275.22,0.936423
259,1109,3483,591.28,845.73,281.92,170.29,0.978458
260,1109,28763,139.89,224.74,214.59,201.76,0.954416
261,1109,16262,623.7,182.71,243.41,230.97,0.952715
262,1109,28763,97.53,852.47,216.39,204.59,0.922242
263,1111,3483,562.38,810.04,282.36,177.21,0.987609
264,1111,29667,604.17,176.15,217.4,214.32,0.976713
265,1111,28763,116.51,188.18,208.9,198.55,0.957479
266,1111,28763,62.62,810.56,219.14,209.82,0.956875
267,1114,3483,132.46,289.22,275.17,171.83,0.981066
268,1114,35206,105.74,687.47,206.38,418.15,0.974002
269,1114,30308,556.99,697.92,400.84,421.0,0.968413
270,1114,28763,675.92,255.83,214.82,198.26,0.9599
271,1115,3483,563.54,811.2,282.7,176.17,0.985669
272,1115,30308,40.86,124.27,380.01,404.52,0.977534
273,1115,35206,649.59,143.42,199.25,399.46,0.959738
274,1115,28763,63.7,811.08,218.82,209.06,0.951908
275,1116,3483,590.63,846.04,281.51,170.19,0.977246
276,1116,30308,55.13,143.66,391.19,412.87,0.973782
277,1116,35206,680.39,151.75,199.73,408.5,0.971379
278,1116,28763,97.08,852.35,216.13,205.07,0.922828
279,1118,3544,676.52,858.85,216.33,213.94,0.985026
280,1118,16548,100.59,880.12,242.19,240.86,0.89637
281,1118,16551,195.74,238.82,175.05,236.36,0.350417
282,1119,3544,107.75,207.07,209.34,201.95,0.988422
283,1119,16548,644.71,146.17,235.36,227.06,0.887063
284,112,3544,126.84,235.36,208.42,200.18,0.979623
285,112,16551,154.45,584.08,306.98,473.44,0.961544
286,112,33009,559.78,808.91,369.75,209.56,0.938686
287,1121,25469,573.76,184.71,327.08,290.4,0.981192
288,1121,29667,139.36,871.74,228.32,226.82,0.976308
289,1121,3483,124.27,272.3,273.66,187.64,0.971619
290,1121,28763,617.93,858.86,223.65,214.88,0.956016
291,1123,3483,125.34,306.16,268.53,203.66,0.975847
292,1123,27733,566.35,260.28,299.48,267.95,0.96799
293,1123,16262,149.84,804.07,250.41,241.12,0.965697
294,1123,25367,492.0,663.72,447.85,440.62,0.963776
295,1125,3483,607.67,790.47,272.89,209.87,0.967257
296,1125,25367,66.84,158.5,436.29,427.1,0.965148
297,1125,16262,589.17,226.12,246.95,230.85,0.948686
298,1125,27733,123.43,768.58,314.15,275.87,0.911056
299,1126,3483,144.24,289.75,211.26,257.46,0.973725
300,1126,20877,544.97,292.3,329.26,240.87,0.972001
301,1126,31885,507.45,728.93,468.55,476.98,0.965541
302,1126,16262,108.57,837.11,249.47,240.32,0.954335
303,1129,20238,112.14,853.37,232.96,228.61,0.970261
304,1129,27733,566.52,260.09,299.55,266.12,0.969609
305,1129,3483,124.59,306.05,269.59,204.0,0.967261
306,1129,22347,681.62,826.87,214.13,206.76,0.947319
307,113,3544,659.8,833.63,212.75,211.32,0.98531
308,113,16551,532.99,228.72,302.23,456.13,0.96177
309,113,33009,76.51,268.36,362.91,220.52,0.951265
310,1135,1900,151.8,254.95,196.23,160.63,0.97312
311,1135,33009,547.74,835.84,373.2,200.47,0.953713
312,1135,16551,605.42,53.86,286.64,484.04,0.94594
313,1136,1900,643.6,855.0,203.65,171.98,0.976603
314,1136,33009,87.16,256.5,367.0,208.34,0.964577
315,1136,16551,89.27,698.82,295.73,499.07,0.947423
316,1138,3483,565.31,809.53,283.64,176.66,0.986915
317,1138,20238,593.23,172.88,222.1,213.75,0.964204
318,1138,34597,31.28,84.32,368.67,479.19,0.961189
319,1138,28763,65.04,810.99,219.48,209.75,0.95035
320,114,16551,123.47,535.8,309.5,474.88,0.972611
321,114,3544,110.06,224.6,201.88,200.58,0.972249
322,114,33009,530.24,764.73,379.71,224.23,0.960352
323,1140,3483,592.34,845.66,281.93,170.97,0.976147
324,1140,34597,48.89,114.25,377.26,479.61,0.974153
325,1140,20238,622.98,177.24,225.05,215.16,0.951666
326,1140,28763,99.74,852.41,215.56,205.21,0.885566
327,1141,12081,65.18,119.31,225.98,425.08,0.979726
328,1141,25438,555.4,194.92,246.19,252.96,0.976441
329,1141,2483,66.99,647.44,308.62,452.57,0.950045
330,1141,12778,570.88,569.72,299.65,503.66,0.256895
331,1142,25438,121.32,820.29,255.54,256.41,0.982055
332,1142,12081,649.06,701.39,238.78,447.55,0.970009
333,1142,2483,572.57,114.79,301.17,449.32,0.958946
334,1142,12778,67.95,129.33,298.93,504.21,0.886644
335,1143,2483,566.04,156.27,300.87,431.08,0.969894
336,1143,12081,656.82,705.66,248.71,464.75,0.966793
337,1143,25438,122.42,832.15,260.25,266.53,0.963427
338,1143,12778,69.01,164.97,297.23,501.44,0.940067
339,1144,3483,602.75,845.55,279.25,186.0,0.979643
340,1144,25469,52.56,856.55,372.98,216.56,0.972146
341,1144,31885,57.04,172.64,435.42,484.29,0.971541
342,1144,16262,573.06,194.71,244.59,232.23,0.962802
343,1148,16232,146.67,731.31,192.74,192.13,0.967143
344,1148,41768,556.5,631.62,267.15,306.45,0.942706
345,1148,3351,383.04,159.75,186.17,191.04,0.925904
346,1149,16232,189.67,819.5,189.33,190.52,0.966371
347,1149,41768,594.31,719.67,267.26,310.45,0.964885
348,1149,3351,426.47,218.07,185.25,185.96,0.942411
349,115,3483,124.76,306.83,268.93,203.08,0.973968
350,115,25367,493.13,644.44,424.55,465.18,0.952652
351,115,36637,99.95,882.23,268.66,176.63,0.950568
352,115,27733,558.67,256.49,302.3,262.26,0.949146
353,1150,29667,631.77,164.2,219.5,215.38,0.983778
354,1150,34597,83.25,54.94,402.91,465.16,0.967966
355,1150,3483,563.46,814.83,264.42,218.01,0.96622
356,1150,27777,177.33,811.51,173.53,201.26,0.963235
357,1153,3483,601.39,868.82,257.12,229.93,0.973352
358,1153,19861,126.94,864.81,221.69,167.19,0.964658
359,1153,22347,145.36,209.96,205.66,197.99,0.948666
360,1153,16232,647.46,175.49,188.46,184.71,0.946345
361,1154,19861,92.25,826.33,226.68,176.34,0.974393
362,1154,3483,573.91,835.92,262.38,233.36,0.971485
363,1154,22347,128.14,201.22,200.55,195.73,0.944838
364,1154,16232,618.06,172.36,184.75,180.83,0.943027
365,1155,19861,637.04,276.68,222.65,171.44,0.970298
366,1155,3483,147.88,219.1,250.36,221.04,0.961282
367,1155,16232,145.47,897.79,194.25,193.05,0.959152
368,1155,22347,640.08,860.13,214.94,209.24,0.949661
369,1156,13900,182.19,283.77,205.79,228.69,0.957027
370,1156,3351,393.2,856.95,189.95,190.52,0.951349
371,1156,16262,572.71,310.08,242.38,234.76,0.942995
372,1157,13900,552.47,715.3,213.07,240.27,0.975648
373,1157,3351,353.84,182.98,186.45,188.32,0.952067
374,1157,16262,108.54,676.37,249.14,244.85,0.950213
375,1158,13900,592.92,804.48,207.8,236.56,0.96121
376,1158,16262,150.69,767.05,246.96,237.4,0.959282
377,1158,3351,397.01,243.27,185.11,182.82,0.937548
378,1159,18357,155.35,301.21,235.73,352.96,0.980954
379,1159,16232,645.3,295.18,189.06,191.7,0.962906
380,1159,3351,402.5,808.93,188.48,190.3,0.938666
381,1161,18357,583.0,610.98,241.32,375.54,0.979922
382,1161,16232,131.65,815.73,188.6,188.83,0.96224
383,1161,3351,388.26,280.73,183.2,181.34,0.911684
384,1163,3544,119.25,185.2,206.64,201.04,0.984426
385,1163,16551,41.99,601.47,300.72,472.71,0.971652
386,1163,29451,493.02,805.43,409.78,239.53,0.971599
387,1164,3544,103.74,179.48,201.44,199.83,0.986182
388,1164,29451,462.54,765.26,418.62,248.84,0.974364
389,1164,16551,10.56,554.86,303.16,480.52,0.970052
390,1166,25469,573.38,183.64,326.29,292.33,0.983577
391,1166,3483,124.58,272.5,273.62,187.66,0.971709
392,1166,36637,131.32,831.13,181.15,261.51,0.966951
393,1166,25367,562.9,682.23,397.73,489.9,0.965509
394,1167,25469,89.53,829.03,336.54,302.72,0.984996
395,1167,3483,601.92,846.4,279.65,186.74,0.978933
396,1167,25367,48.38,89.28,387.18,477.75,0.965892
397,1167,36637,675.05,171.92,171.91,254.82,0.96336
398,1168,25469,50.83,786.35,348.13,302.15,0.984274
399,1168,29667,590.48,167.64,218.74,216.37,0.978148
400,1168,3483,574.6,809.35,280.8,192.38,0.976444
401,1168,30308,43.2,18.17,347.98,425.49,0.976216
402,1170,25469,89.08,829.27,337.64,301.89,0.983643
403,1170,3483,601.47,846.0,279.75,186.12,0.980178
404,1170,29667,618.65,172.02,224.01,216.27,0.978523
405,1170,30308,53.77,25.22,359.03,438.81,0.970411
406,1171,3544,122.19,180.44,204.75,200.15,0.979558
407,1171,4543,638.58,151.27,201.15,199.95,0.972606
408,1171,16548,579.51,745.08,240.4,234.11,0.944842
409,1173,3544,645.81,876.69,215.51,213.93,0.990403
410,1173,4543,103.59,907.05,215.03,211.54,0.970873
411,1173,16548,160.99,285.91,231.82,226.85,0.892897
412,1174,3483,133.62,289.15,276.16,172.14,0.984361
413,1174,30308,572.03,757.35,401.21,426.86,0.968608
414,1174,28763,677.91,256.16,212.71,197.96,0.960544
415,1174,29667,125.63,864.16,229.21,225.9,0.960533
416,1176,3483,589.95,845.97,281.51,170.47,0.978084
417,1176,29667,633.71,180.51,221.45,215.3,0.974459
418,1176,30308,42.95,76.88,388.38,417.36,0.972552
419,1176,28763,96.3,851.39,217.03,205.35,0.928786
420,1178,20238,576.43,191.22,221.93,213.69,0.976048
421,1178,27777,144.97,777.27,178.33,206.06,0.974341
422,1178,31885,101.58,48.7,407.56,500.31,0.969975
423,1178,3483,537.24,780.25,267.62,224.14,0.969035
424,118,13900,63.84,311.4,228.86,212.32,0.985656
425,118,16688,426.5,84.42,432.52,517.9,0.972534
426,118,3351,457.49,845.57,190.27,191.35,0.958654
427,1180,19232,494.99,234.08,326.64,254.59,0.968628
428,1180,3351,395.01,914.49,190.77,192.84,0.95177
429,1180,21325,187.64,308.75,165.76,225.08,0.933139
430,1184,1900,188.27,273.46,202.73,137.56,0.981862
431,1184,24850,671.81,828.31,192.33,299.57,0.949683
432,1184,16548,142.73,876.59,243.04,240.97,0.923483
433,1185,1900,610.73,901.31,205.26,133.71,0.974572
434,1185,24850,136.77,143.49,187.71,292.58,0.97058
435,1185,16548,601.49,152.8,237.53,223.87,0.944849
436,1186,19552,512.44,561.25,318.33,486.63,0.968046
437,1186,2483,83.3,675.67,231.62,478.64,0.955781
438,1186,13395,141.41,102.79,207.04,441.93,0.874013
439,1187,2483,613.62,50.45,224.39,484.94,0.966412
440,1187,19552,110.72,156.24,317.16,490.46,0.958851
441,1187,13395,592.36,700.67,208.95,447.97,0.944503
442,1189,12081,601.96,706.68,232.94,452.01,0.978442
443,1189,3743,121.26,787.1,319.45,320.59,0.964464
444,1189,2483,588.1,74.15,246.74,470.41,0.954914
445,1189,12778,106.79,127.23,303.05,492.67,0.935385
446,119,13900,652.29,706.1,228.63,221.2,0.956872
447,119,16688,77.9,582.17,452.11,564.53,0.95391
448,119,3351,291.8,192.78,187.22,188.86,0.953034
449,1190,12081,610.13,710.39,241.88,471.74,0.98414
450,1190,3743,120.14,797.45,327.96,328.2,0.972053
451,1190,2483,585.52,106.13,232.18,466.5,0.960641
452,1190,12778,105.11,151.65,304.01,499.89,0.950597
453,1191,12081,110.93,110.6,224.56,427.47,0.983647
454,1191,2483,85.84,661.73,252.39,477.17,0.96698
455,1191,3743,495.09,166.69,309.68,300.39,0.965214
456,1191,12778,529.63,582.68,305.89,490.95,0.407119
457,1192,1900,644.42,854.96,203.13,172.13,0.97597
458,1192,33009,87.47,255.68,366.54,208.92,0.969525
459,1192,16551,83.78,690.55,296.35,499.57,0.960798
460,1192,24850,643.21,206.5,181.78,274.78,0.950835
461,1194,1900,151.28,254.55,196.08,161.75,0.971304
462,1194,24850,166.44,818.98,180.16,293.19,0.962503
463,1194,33009,548.49,835.95,372.38,199.81,0.955359
464,1194,16551,612.99,61.96,284.34,482.66,0.946566
465,1196,3483,170.37,280.22,261.11,213.5,0.974696
466,1196,27777,638.23,293.69,174.1,196.66,0.968168
467,1196,35206,142.11,706.01,234.6,411.41,0.962888
468,1196,28763,613.53,886.46,223.59,214.56,0.933458
469,1197,27777,180.46,814.0,172.26,199.67,0.966352
470,1197,3483,567.4,813.38,265.14,216.91,0.964967
471,1197,28763,162.54,178.8,214.48,202.25,0.962605
472,1197,35206,617.92,141.69,223.47,402.22,0.94794
473,1198,3483,566.59,815.68,264.3,218.03,0.967356
474,1198,27777,179.32,815.51,173.25,199.5,0.966689
475,1198,20238,605.55,196.05,226.55,215.68,0.965341
476,1198,28763,130.94,215.28,211.95,202.5,0.953636
477,1199,20238,152.41,849.73,231.63,227.01,0.977084
478,1199,3483,170.48,275.01,262.4,216.31,0.970639
479,1199,27777,640.22,291.18,172.77,197.34,0.958497
480,1199,28763,647.07,850.07,223.28,213.61,0.949098
481,120,16688,118.11,679.48,451.44,572.52,0.958084
482,120,13900,689.65,796.7,228.7,216.06,0.952052
483,120,3351,333.72,255.0,185.08,181.8,0.943006
484,1201,3544,144.39,188.79,202.74,198.62,0.980449
485,1201,12247,583.38,814.36,213.65,156.07,0.960999
486,1201,16548,585.37,212.41,231.97,224.99,0.932652
487,1204,32310,69.37,218.31,341.35,252.44,0.978184
488,1204,22074,686.76,263.15,181.88,186.81,0.958676
489,1204,3351,392.28,860.59,192.19,192.81,0.947827
490,1206,22074,94.34,852.73,182.42,188.5,0.980558
491,1206,32310,568.86,817.99,351.09,268.16,0.973533
492,1206,3351,395.63,223.88,185.71,182.3,0.933972
493,1207,3483,170.33,279.68,261.22,213.06,0.974574
494,1207,27777,638.97,292.86,173.42,197.14,0.962081
495,1207,22347,686.25,812.97,212.1,208.09,0.960696
496,1207,16232,152.92,825.75,191.65,193.33,0.953533
497,1209,16232,644.77,251.15,187.2,180.47,0.973687
498,1209,3483,567.12,813.73,264.72,217.15,0.968302
499,1209,27777,180.28,813.9,173.07,199.95,0.964069
500,1209,22347,102.73,260.16,203.76,197.42,0.937801
501,1210,3483,649.25,748.97,212.65,267.11,0.971868
502,1210,20877,117.24,768.24,329.88,231.4,0.961496
503,1210,34597,68.45,138.45,470.12,387.11,0.952866
504,1210,35206,658.82,174.04,225.29,403.74,0.946117
505,1212,20877,542.87,292.84,330.42,240.22,0.972764
506,1212,34597,454.13,709.73,480.14,400.68,0.968876
507,1212,3483,142.76,291.41,210.78,258.15,0.968815
508,1212,35206,97.11,670.53,235.92,411.53,0.952437
509,1213,25438,128.13,836.06,254.62,253.81,0.975872
510,1213,13395,595.45,673.76,231.66,498.11,0.967227
511,1213,2483,658.7,65.5,200.76,480.9,0.962845
512,1213,12778,111.52,3.66,307.61,487.11,0.914131
513,1214,13395,598.54,674.61,250.75,513.71,0.974228
514,1214,25438,128.25,847.57,260.37,267.09,0.973186
515,1214,2483,652.84,99.44,195.15,470.63,0.962242
516,1214,12778,112.29,25.94,305.9,503.33,0.954552
517,1216,3544,660.02,865.77,215.38,212.26,0.983707
518,1216,27926,155.3,174.1,265.03,453.59,0.97428
519,1216,16551,616.85,177.22,282.53,462.97,0.957372
520,1219,3544,104.01,241.21,203.82,199.97,0.980604
521,1219,29345,578.89,667.23,282.17,449.4,0.975958
522,1219,16551,68.27,579.12,330.0,469.16,0.963498
523,122,25469,50.8,786.63,345.9,300.54,0.981595
524,122,29667,590.73,168.94,218.77,215.71,0.977924
525,122,3483,573.62,809.08,281.66,193.87,0.972999
526,122,25367,55.92,91.49,365.64,472.27,0.970447
527,1220,3544,121.24,251.06,207.18,201.75,0.981478
528,1220,29345,603.03,704.17,284.37,442.99,0.97564
529,1220,16551,93.63,627.81,336.12,457.35,0.964161
530,1222,3483,564.22,810.25,282.12,176.63,0.985452
531,1222,25367,93.42,102.64,323.39,493.9,0.970551
532,1222,36637,612.53,202.2,187.93,243.48,0.969513
533,1222,28763,63.62,810.59,218.88,210.01,0.954622
534,1224,3483,590.93,845.98,281.62,169.91,0.973331
535,1224,25367,116.4,119.37,325.24,502.25,0.952081
536,1224,36637,641.82,208.35,190.77,248.72,0.944528
537,1224,28763,98.26,852.33,215.36,205.03,0.872335
538,1226,3483,600.93,868.44,257.26,230.14,0.971649
539,1226,19861,127.23,864.38,221.76,167.45,0.965311
540,1226,31885,123.31,4.11,324.7,544.1,0.956809
541,1226,35206,582.63,96.68,285.69,375.93,0.916253
542,1227,19861,636.51,276.64,222.73,171.4,0.972005
543,1227,3483,148.02,218.85,250.55,221.68,0.966746
544,1227,31885,549.19,691.23,330.93,555.34,0.962809
545,1227,35206,109.31,774.6,295.22,388.45,0.940064
546,1232,3483,146.22,287.72,211.03,257.52,0.972748
547,1232,31885,541.38,662.37,405.78,520.65,0.963639
548,1232,20877,593.06,258.08,324.31,246.25,0.962454
549,1232,29667,133.84,858.35,227.91,227.72,0.954181
550,1235,21771,160.87,806.24,189.72,185.05,0.971183
551,1235,1900,151.12,253.77,196.05,162.02,0.968451
552,1235,33009,548.09,836.73,374.0,200.41,0.949228
553,1235,16548,620.68,144.56,238.77,227.91,0.894524
554,1237,1900,105.57,268.72,203.36,124.38,0.969774
555,1237,16548,612.94,189.37,239.18,224.63,0.940962
556,1238,1900,681.96,878.55,213.27,132.03,0.983358
557,1238,16548,130.73,842.81,243.27,237.88,0.914388
558,1238,29345,563.24,175.06,261.49,424.98,0.259086
559,1239,1900,88.8,259.55,201.03,125.83,0.973895
560,1239,16548,585.51,181.22,231.7,225.39,0.936766
561,124,1900,174.24,281.4,202.89,139.52,0.986529
562,124,21771,686.54,882.52,197.35,192.95,0.982859
563,124,16551,0.0,760.48,367.42,460.91,0.966264
564,1242,29345,88.87,706.33,287.46,445.33,0.975328
565,1242,1900,159.54,257.98,126.11,200.41,0.96776
566,1242,16551,546.67,89.9,286.07,467.31,0.961632
567,1243,30308,68.14,138.67,373.56,426.74,0.981723
568,1243,3483,606.93,790.71,273.58,208.25,0.966992
569,1243,27733,124.54,769.04,312.47,275.6,0.938494
570,1243,35206,601.82,127.04,255.75,389.49,0.931792
571,1244,27733,566.95,259.77,297.87,266.53,0.971088
572,1244,30308,559.42,689.41,387.17,432.35,0.970754
573,1244,3483,123.75,306.88,269.61,203.87,0.968197
574,1244,35206,122.2,733.14,271.56,400.15,0.938413
575,1245,30308,53.62,122.51,362.6,415.18,0.97723
576,1245,3483,579.88,756.44,273.87,212.82,0.971004
577,1245,35206,570.52,118.7,251.78,378.94,0.889754
578,1245,27733,86.48,722.63,323.75,280.99,0.826478
579,1246,27777,144.39,776.13,179.22,206.8,0.975427
580,1246,3483,536.78,779.71,267.37,224.54,0.967657
581,1246,34597,58.15,78.88,394.97,465.35,0.964187
582,1246,16262,574.17,188.34,238.8,227.3,0.947065
583,1248,3483,172.62,275.79,260.26,215.81,0.970415
584,1248,34597,519.99,664.47,417.01,476.95,0.968487
585,1248,16262,135.96,836.51,250.78,240.93,0.955237
586,1248,27777,640.73,291.8,172.31,197.28,0.943345
587,125,1900,623.92,889.98,204.57,136.19,0.975847
588,125,21771,117.57,203.6,189.61,184.69,0.973757
589,125,16551,625.63,32.72,346.26,441.7,0.970515
590,1250,13395,598.31,704.55,223.23,465.67,0.969118
591,1250,12778,105.32,54.53,292.38,535.51,0.948215
592,1250,2483,609.3,86.85,212.98,474.01,0.942102
593,1251,12778,545.03,649.5,294.9,522.9,0.956613
594,1251,2483,82.28,678.77,233.83,477.75,0.947645
595,1251,13395,141.95,103.73,206.84,440.33,0.813957
596,1252,3483,646.87,753.76,211.65,268.49,0.980876
597,1252,30308,77.62,81.32,393.63,409.5,0.979146
598,1252,29667,624.79,186.6,223.94,214.19,0.963532
599,1252,20877,72.21,800.02,327.28,241.28,0.950362
600,1254,30308,65.21,69.07,383.91,397.45,0.984157
601,1254,3483,618.78,720.67,214.12,270.54,0.977143
602,1254,29667,596.05,180.99,218.67,215.54,0.968163
603,1254,20877,39.9,755.56,327.93,252.71,0.958871
604,1256,1900,643.88,828.19,169.29,201.55,0.970705
605,1256,19607,656.8,272.17,155.57,149.92,0.96387
606,1256,16551,88.82,662.44,304.73,487.91,0.956099
607,1256,29345,125.6,129.27,258.14,420.78,0.879773
608,126,1900,595.48,857.12,211.41,143.8,0.980334
609,126,21771,99.96,195.28,186.56,183.32,0.966814
610,126,16551,594.92,25.9,341.47,431.87,0.95461
611,1261,3483,590.67,846.07,280.86,170.98,0.976115
612,1261,16232,649.44,231.34,191.31,180.97,0.974661
613,1261,22347,141.02,168.93,204.47,198.42,0.958457
614,1261,28763,96.79,852.19,215.76,205.25,0.917448
615,1262,3483,563.37,811.45,282.55,176.15,0.986252
616,1262,16232,619.73,220.46,188.13,182.9,0.950988
617,1262,28763,63.28,811.2,219.46,209.21,0.950347
618,1262,22347,126.32,164.35,198.89,194.27,0.934045
619,1263,3483,133.09,288.23,275.11,172.82,0.984005
620,1263,28763,676.68,256.48,213.89,197.46,0.966378
621,1263,16232,142.98,845.79,195.86,192.23,0.962155
622,1263,22347,645.5,901.27,213.88,209.56,0.95543
623,1264,31863,637.84,321.83,204.62,205.46,0.987941
624,1264,36637,227.1,318.76,203.16,238.67,0.954836
625,1264,3351,391.8,860.14,189.99,194.14,0.932761
626,1265,31863,82.3,704.05,206.32,212.87,0.984119
627,1265,36637,507.24,662.94,208.29,249.9,0.972044
628,1265,3351,354.74,177.64,186.63,189.24,0.949322
629,1269,13900,619.19,762.42,173.11,257.76,0.958178
630,1269,36637,217.62,769.61,211.12,239.82,0.951487
631,1269,3351,362.31,232.4,183.5,182.47,0.939435
632,127,22362,617.89,780.4,260.41,422.55,0.971066
633,127,2483,640.37,114.0,199.84,474.77,0.944265
634,127,12778,135.77,165.87,290.17,518.13,0.756398
635,1270,1900,630.53,894.92,211.23,132.78,0.974822
636,1270,27926,149.38,143.84,257.34,456.84,0.966764
637,1270,16548,115.12,851.82,241.44,238.87,0.836956
638,1272,1900,158.55,250.27,203.43,123.44,0.972012
639,1272,27926,599.3,675.64,250.28,476.57,0.97002
640,1272,16548,631.43,176.71,236.04,226.62,0.919771
641,1273,25438,554.15,203.57,246.68,252.2,0.96628
642,1273,2483,107.14,675.46,224.02,492.57,0.954705
643,1273,13395,108.96,40.09,244.8,493.25,0.928118
644,1273,12778,540.29,592.63,299.52,523.81,0.35935
645,1274,13395,593.85,708.36,231.16,504.55,0.981388
646,1274,25438,124.47,811.31,254.95,256.02,0.977757
647,1274,2483,600.47,44.14,214.79,484.71,0.962104
648,1274,12778,107.45,82.38,291.09,524.79,0.715105
649,1278,3832,147.84,601.47,310.53,421.71,0.974821
650,1278,38162,620.04,703.91,192.41,296.21,0.969634
651,1278,3351,417.44,256.31,184.22,181.63,0.955783
652,1279,21771,674.68,287.12,187.58,181.37,0.978739
653,1279,1900,648.62,856.71,208.57,154.56,0.972343
654,1279,16551,88.82,762.33,297.93,502.13,0.960034
655,1279,29345,114.31,133.32,259.38,423.33,0.885421
656,128,22362,607.32,779.24,251.97,408.72,0.980624
657,128,2483,649.72,78.08,195.7,487.88,0.978214
658,1280,1900,123.23,262.33,200.88,146.38,0.980533
659,1280,21771,90.74,810.09,194.45,190.48,0.964428
660,1280,16551,571.44,0.0,281.51,453.76,0.948115
661,1280,29345,597.98,694.61,268.89,450.86,0.519672
662,1282,19552,508.47,589.8,307.87,493.81,0.965382
663,1282,13395,85.64,78.81,231.01,489.02,0.964001
664,1282,2483,59.73,638.03,201.67,494.07,0.961456
665,1282,3743,496.93,127.17,310.42,301.79,0.960177
666,1284,13395,632.05,677.17,225.68,497.8,0.981829
667,1284,2483,671.93,78.0,201.16,486.26,0.976961
668,1284,19552,121.83,116.27,312.6,499.2,0.963467
669,1284,3743,118.4,828.66,319.16,319.17,0.962791
670,129,22362,80.61,75.28,252.15,391.93,0.976758
671,129,2483,82.42,644.61,200.45,488.4,0.958146
672,129,12778,516.53,547.19,289.36,520.08,0.258177
673,1290,29345,590.04,534.62,270.52,445.22,0.980368
674,1290,1900,162.66,256.29,126.36,199.95,0.957306
675,1290,16548,537.88,139.73,231.14,225.56,0.914596
676,1293,30308,114.25,87.68,311.14,446.33,0.97523
677,1293,27777,145.28,776.67,178.42,206.77,0.974742
678,1293,3483,537.75,780.19,267.65,224.45,0.96788
679,1293,20238,576.26,190.65,221.78,214.33,0.966127
680,1294,3483,591.0,845.57,281.11,170.8,0.976888
681,1294,35206,680.05,151.63,200.47,408.53,0.971467
682,1294,34597,13.5,47.35,418.97,452.04,0.96266
683,1294,28763,97.3,852.19,216.17,204.91,0.932662
684,1295,3483,563.67,811.99,281.8,174.69,0.985513
685,1295,34597,3.59,21.94,403.35,457.6,0.963758
686,1295,35206,648.94,143.04,201.39,399.53,0.960795
687,1295,28763,63.42,810.61,220.17,210.25,0.948718
688,1296,3483,133.16,288.84,274.46,172.23,0.980862
689,1296,35206,106.37,687.25,206.49,418.53,0.973562
690,1296,28763,676.81,255.92,213.34,197.99,0.965989
691,1296,34597,564.83,732.51,411.17,473.71,0.963513
692,1297,3544,643.3,918.83,216.96,216.47,0.983658
693,1297,4543,156.75,889.12,213.93,214.38,0.958536
694,1297,16548,152.48,246.17,230.3,225.47,0.876964
695,1298,3544,139.69,144.46,208.92,202.46,0.98722
696,1298,4543,615.82,167.95,209.04,202.17,0.929517
697,1298,16548,617.12,828.06,236.68,228.96,0.89064
698,13,33880,475.64,242.79,441.44,278.0,0.971551
699,13,3351,430.28,852.87,188.74,191.95,0.952507
700,13,16232,144.33,331.26,192.05,189.33,0.933908
701,130,3483,171.74,279.24,260.91,213.54,0.974023
702,130,27777,639.5,293.12,173.28,198.56,0.969732
703,130,36637,129.7,830.23,192.02,255.6,0.962391
704,130,30308,507.94,765.16,467.66,312.44,0.884546
705,1300,3483,589.98,845.91,280.76,170.2,0.976765
706,1300,31885,75.19,125.51,460.48,465.69,0.970877
707,1300,29667,633.26,180.22,221.38,215.67,0.966026
708,1300,28763,95.72,851.93,216.94,204.59,0.932567
709,1302,3483,562.07,810.6,283.44,176.12,0.983563
710,1302,29667,604.86,176.96,215.91,213.94,0.975637
711,1302,31885,59.71,100.53,448.45,464.53,0.954497
712,1302,28763,63.23,810.63,218.46,208.89,0.951083
713,1305,27926,599.97,160.46,258.41,448.56,0.978284
714,1305,1900,632.14,894.26,211.92,134.05,0.974716
715,1305,16551,78.08,667.21,336.2,470.15,0.95168
716,1309,3483,124.23,306.31,269.41,202.8,0.972227
717,1309,29667,88.44,862.92,228.94,226.83,0.972175
718,1309,27733,560.56,255.67,300.49,264.65,0.960057
719,1309,28763,581.28,870.38,225.45,213.95,0.950128
720,1311,3483,579.69,757.34,275.18,211.42,0.97067
721,1311,28763,176.29,187.65,209.87,199.17,0.954632
722,1311,29667,640.01,177.02,217.1,214.16,0.953725
723,1311,27733,91.36,729.6,323.12,279.82,0.857959
724,1312,2483,614.18,50.35,254.7,472.25,0.967764
725,1312,13395,597.65,679.24,235.3,496.43,0.954019
726,1312,12778,75.83,56.54,318.36,484.52,0.943805
727,1315,19232,541.53,208.69,300.12,285.69,0.97488
728,1315,16688,148.78,89.22,272.57,610.63,0.968047
729,1315,3351,422.33,877.71,189.88,194.14,0.957224
730,1316,19232,82.5,695.72,305.47,304.77,0.984583
731,1316,16688,511.56,481.12,298.81,658.17,0.96506
732,1316,3351,324.96,161.47,185.24,189.64,0.940783
733,132,3483,565.98,813.57,263.75,218.44,0.964328
734,132,27777,180.13,813.08,172.8,200.2,0.961182
735,132,30308,28.37,178.51,461.47,309.5,0.959932
736,132,36637,665.21,179.3,185.89,248.91,0.95576
737,1322,2483,83.43,675.32,231.2,480.23,0.959984
738,1322,13395,142.88,104.63,205.78,439.3,0.844853
739,1322,12778,480.36,594.46,344.6,500.42,0.274448
740,1323,2483,614.23,50.59,223.5,484.39,0.966506
741,1323,13395,592.46,699.5,208.78,449.47,0.947178
742,1323,12778,126.67,107.55,335.74,500.23,0.448995
743,1326,18357,160.68,672.02,269.52,348.3,0.984626
744,1326,20238,599.82,839.58,227.06,223.13,0.972455
745,1326,3351,368.65,246.74,185.26,181.37,0.94267
746,1327,1900,644.63,844.61,187.28,189.13,0.969157
747,1327,29451,511.15,242.0,414.63,221.96,0.962846
748,1327,16548,166.5,811.55,241.7,240.32,0.903994
749,1328,29451,70.03,842.07,420.64,218.25,0.976415
750,1328,1900,167.98,250.22,180.86,178.24,0.975042
751,1328,16548,581.21,216.23,237.97,227.67,0.913451
752,1329,29451,34.09,798.44,424.21,228.36,0.952891
753,1329,1900,148.67,240.19,181.64,180.31,0.943059
754,1329,16548,553.71,207.32,232.9,227.28,0.895638
755,1330,25469,89.98,829.23,338.14,302.94,0.984045
756,1330,3483,602.44,845.34,278.9,185.94,0.97963
757,1330,34597,90.99,160.91,447.45,425.74,0.960669
758,1330,35206,607.76,118.75,233.97,402.02,0.947182
759,1331,25469,53.24,785.5,343.24,303.97,0.983773
760,1331,3483,575.34,809.04,280.86,192.8,0.972936
761,1331,34597,76.22,131.54,434.31,426.6,0.965428
762,1331,35206,580.43,112.41,226.29,390.12,0.960754
763,1332,25469,573.95,183.44,324.28,291.45,0.973501
764,1332,34597,459.63,650.88,450.71,437.27,0.967901
765,1332,3483,124.15,272.85,272.43,188.91,0.964914
766,1332,35206,136.69,727.64,248.42,410.28,0.929879
767,1333,20014,578.63,283.17,337.58,319.18,0.98148
768,1333,36637,155.55,283.46,195.48,247.87,0.975557
769,1333,3351,400.76,921.09,190.42,193.66,0.94895
770,1337,1900,168.4,247.59,181.4,179.23,0.966204
771,1337,29451,493.87,821.57,404.92,264.69,0.957295
772,1337,16548,576.68,187.16,238.35,226.33,0.942324
773,134,3483,563.76,810.91,281.7,176.01,0.985659
774,134,31885,42.47,4.52,353.33,522.52,0.968775
775,134,35206,647.72,142.65,201.44,400.17,0.959641
776,134,28763,64.09,811.05,218.26,208.88,0.949682
777,1340,1900,643.41,859.36,210.0,157.83,0.974605
778,1340,24850,578.96,284.96,294.43,170.66,0.944173
779,1340,16548,186.44,824.48,240.44,238.62,0.911858
780,1340,29345,127.8,126.24,257.93,422.77,0.796631
781,1345,25469,88.94,829.4,337.46,301.92,0.979844
782,1345,29667,618.42,173.38,222.62,215.53,0.977318
783,1345,3483,601.75,846.1,278.01,186.98,0.976867
784,1345,31885,164.85,128.99,426.12,495.48,0.962533
785,1347,25469,573.59,185.33,327.17,288.1,0.971937
786,1347,31885,414.02,616.65,423.05,513.14,0.964044
787,1347,3483,124.96,272.18,273.07,189.02,0.963932
788,1347,29667,140.22,870.16,228.69,226.99,0.956627
789,1348,31863,186.46,266.75,202.34,203.48,0.990449
790,1348,22074,675.36,309.17,182.51,189.73,0.967138
791,1348,3351,361.87,879.1,190.46,191.92,0.959511
792,135,3483,591.04,845.97,281.61,170.39,0.977441
793,135,31885,53.39,24.66,369.78,525.52,0.971049
794,135,35206,680.34,151.69,199.1,408.56,0.969612
795,135,28763,97.23,852.38,216.39,204.72,0.927908
796,1350,22074,107.61,813.3,182.69,188.35,0.982188
797,1350,31863,587.93,856.86,205.84,205.64,0.981763
798,1350,3351,425.79,218.79,185.48,184.36,0.946063
799,1353,3483,169.38,279.58,262.24,213.52,0.975562
800,1353,34597,511.61,680.44,444.28,452.96,0.969938
801,1353,27777,638.27,293.32,173.24,197.66,0.964525
802,1353,16232,153.15,825.59,191.67,193.83,0.935364
803,1354,30308,574.2,737.07,342.07,461.59,0.978024
804,1354,3483,141.99,291.74,211.74,258.36,0.973021
805,1354,20877,542.5,293.18,330.71,238.21,0.970391
806,1354,36637,166.95,800.01,189.52,256.9,0.961464
807,1355,3483,624.01,716.66,211.06,269.35,0.9808
808,1355,20877,85.76,725.37,331.61,241.92,0.976936
809,1355,30308,81.06,49.6,320.71,438.88,0.969158
810,1355,36637,602.27,203.28,181.37,245.65,0.956562
811,1357,3544,94.55,228.78,202.94,199.85,0.980324
812,1357,16548,577.82,168.88,231.71,224.68,0.922061
813,1358,3544,112.27,239.86,207.48,201.28,0.979812
814,1358,16548,605.45,176.25,238.58,226.47,0.945875
815,1359,3544,674.46,827.21,212.79,211.86,0.982318
816,1359,16548,138.83,853.6,242.99,239.66,0.927698
817,136,1900,651.43,850.09,209.54,159.16,0.980675
818,136,33009,566.78,216.72,322.78,287.52,0.959532
819,136,16551,80.52,651.26,312.87,485.62,0.95602
820,1361,29667,628.14,690.87,229.8,229.62,0.979
821,1361,19232,168.45,649.94,242.1,353.26,0.966148
822,1361,3351,356.17,147.77,185.64,189.96,0.954414
823,1363,3351,433.78,887.49,188.58,191.93,0.95577
824,1363,16262,119.16,292.49,243.13,236.21,0.949238
825,1363,33880,452.86,241.11,432.83,291.67,0.949159
826,1366,3483,133.54,289.28,276.49,171.84,0.986382
827,1366,29667,125.3,863.29,229.59,226.91,0.970381
828,1366,22347,664.21,837.41,211.9,207.63,0.949269
829,1366,28763,677.57,256.01,213.26,198.99,0.94907
830,1367,3483,562.29,810.34,282.92,176.88,0.986648
831,1367,29667,603.22,176.15,218.65,214.92,0.976963
832,1367,28763,63.0,810.31,218.23,209.93,0.954288
833,1367,22347,107.45,225.4,200.64,194.15,0.926958
834,1369,3483,601.47,868.48,256.86,229.79,0.970607
835,1369,19861,127.1,865.09,221.12,167.18,0.962622
836,1369,16262,639.28,178.08,243.42,229.24,0.957838
837,1369,22347,120.0,213.03,205.42,198.24,0.95068
838,1371,19861,91.9,826.18,226.79,175.89,0.974392
839,1371,3483,572.63,835.37,264.11,233.95,0.965343
840,1371,16262,607.64,172.99,242.1,227.74,0.955133
841,1371,22347,103.45,205.99,200.68,193.99,0.934975
842,1372,3743,74.38,813.45,330.15,326.68,0.968738
843,1372,2483,596.56,119.34,285.08,438.25,0.968688
844,1372,13395,615.51,691.82,235.42,514.97,0.963579
845,1372,12778,86.16,93.79,314.02,485.67,0.951824
846,1376,33208,150.01,295.62,209.6,197.18,0.983824
847,1376,1900,641.4,859.72,206.81,165.19,0.978683
848,1376,33009,584.3,241.78,360.82,236.15,0.954292
849,1376,16551,89.02,696.51,295.13,500.65,0.947659
850,1377,1900,151.11,256.67,199.55,154.69,0.975936
851,1377,33208,642.24,805.93,209.84,199.68,0.975349
852,1377,33009,47.06,825.43,361.99,230.66,0.94594
853,1377,16551,606.02,55.28,286.36,484.38,0.942564
854,1378,19861,636.71,276.52,222.93,171.51,0.971061
855,1378,3483,147.93,219.03,250.03,221.59,0.965423
856,1378,22347,624.09,868.48,213.12,209.55,0.954801
857,1378,35206,108.99,775.02,296.19,389.44,0.948506
858,1379,3483,601.72,867.89,256.67,230.31,0.977722
859,1379,19861,126.97,864.22,221.87,168.18,0.96622
860,1379,22347,162.71,201.46,205.28,198.53,0.94312
861,1379,35206,585.34,96.11,284.03,376.31,0.928195
862,1381,32310,34.82,236.12,364.94,233.57,0.979786
863,1381,3351,406.05,844.18,192.53,191.95,0.949245
864,1381,21325,633.69,276.18,236.89,139.64,0.875265
865,1384,25367,53.33,93.2,414.46,456.05,0.975556
866,1384,27777,179.03,814.97,172.91,199.26,0.967116
867,1384,3483,566.42,815.49,263.76,218.28,0.965454
868,1384,20238,604.29,196.39,227.47,215.42,0.960144
869,1385,27777,144.77,776.84,178.71,206.26,0.973915
870,1385,3483,537.19,780.27,267.78,224.09,0.970379
871,1385,20238,576.3,190.73,221.93,214.49,0.968556
872,1385,25367,40.82,79.0,398.84,448.73,0.967945
873,1386,20238,153.38,850.85,231.18,226.25,0.972824
874,1386,3483,172.45,275.47,260.51,216.63,0.971666
875,1386,25367,534.49,701.91,422.67,468.67,0.965156
876,1386,27777,640.13,291.65,173.03,196.96,0.963074
877,1387,3483,642.55,759.24,200.51,272.53,0.979275
878,1387,20238,601.21,181.48,228.34,217.99,0.960221
879,1387,20877,138.84,833.05,281.38,312.14,0.959985
880,1387,22347,113.54,241.36,205.37,197.1,0.942868
881,139,25469,53.14,786.25,344.43,302.89,0.983814
882,139,3483,574.41,809.33,281.06,193.13,0.970984
883,139,31885,12.6,46.89,391.98,504.37,0.969762
884,139,35206,582.61,112.19,225.23,390.45,0.966261
885,1390,22362,602.15,747.71,270.68,419.44,0.971889
886,1390,2483,599.52,116.21,207.06,461.66,0.969415
887,1390,25438,157.2,871.89,259.94,268.06,0.967775
888,1390,12778,116.35,168.38,359.6,450.14,0.949386
889,1392,22362,598.07,744.11,256.7,407.0,0.975102
890,1392,2483,602.15,81.02,218.74,477.42,0.968654
891,1392,25438,154.91,860.4,255.69,255.61,0.968195
892,1392,12778,115.31,135.34,362.51,452.61,0.937537
893,1393,3483,172.4,275.92,260.18,215.15,0.972554
894,1393,27777,640.91,292.21,172.18,196.27,0.972141
895,1393,16262,136.09,835.44,250.13,241.38,0.964587
896,1393,22347,682.7,870.51,213.48,209.02,0.946545
897,1395,27777,144.56,776.85,178.76,205.5,0.973376
898,1395,3483,536.75,779.27,268.98,225.06,0.97104
899,1395,22347,89.38,192.74,200.22,195.37,0.942509
900,1395,16262,574.62,188.8,240.44,226.46,0.932328
901,1396,2483,82.7,657.18,215.61,490.0,0.966861
902,1396,13395,82.02,79.66,231.87,488.41,0.966167
903,1396,19552,508.74,597.08,326.16,479.67,0.954319
904,140,25469,89.67,828.85,335.61,303.05,0.983881
905,140,3483,601.99,846.71,279.35,186.77,0.978972
906,140,31885,21.31,66.56,416.07,508.99,0.960325
907,140,35206,611.48,119.46,232.84,403.62,0.960106
908,1401,25469,573.42,184.86,327.75,289.5,0.982732
909,1401,29667,139.58,870.66,228.6,227.07,0.974658
910,1401,3483,124.99,272.1,273.07,188.33,0.972177
911,1401,22347,650.28,850.64,213.33,209.53,0.955043
912,1402,33880,459.66,199.5,390.33,360.78,0.978675
913,1402,20238,84.4,333.12,227.25,223.11,0.95956
914,1402,3351,425.16,885.49,190.6,192.21,0.9576
915,1404,33880,117.93,735.85,390.31,378.67,0.984251
916,1404,20238,667.64,761.89,228.83,223.12,0.982127
917,1404,3351,365.37,214.08,185.22,183.9,0.937203
918,1407,33880,102.38,671.5,314.95,442.26,0.981567
919,1407,38162,602.77,793.08,247.72,254.9,0.978522
920,1407,3351,378.98,232.22,182.47,178.26,0.961981
921,1408,1900,188.33,273.96,202.0,136.45,0.982958
922,1408,33208,655.9,898.96,219.55,212.68,0.981654
923,1408,16548,74.12,807.43,241.51,237.79,0.917856
924,1411,30308,70.75,128.47,385.44,418.98,0.978826
925,1411,3483,591.84,845.58,281.83,170.12,0.976115
926,1411,36637,642.39,207.78,190.8,249.22,0.945237
927,1411,28763,98.46,852.94,216.18,204.86,0.918777
928,1413,3483,131.52,289.67,275.98,171.71,0.982084
929,1413,30308,546.79,707.54,397.32,423.55,0.973969
930,1413,36637,150.32,803.62,194.63,253.62,0.972321
931,1413,28763,675.57,255.66,214.05,198.02,0.95398
932,1414,3544,109.77,194.33,202.61,199.88,0.971857
933,1414,27926,555.37,599.47,275.5,481.92,0.971795
934,1414,16548,56.27,775.65,239.75,234.08,0.946979
935,1418,1900,127.69,257.24,199.44,148.43,0.975375
936,1418,16551,103.88,646.61,291.74,494.56,0.964806
937,1418,29345,587.82,699.52,267.28,454.73,0.764132
938,142,1900,582.39,866.94,210.83,142.29,0.973852
939,142,16548,593.54,156.54,230.73,225.0,0.929848
940,1420,16688,548.73,58.84,258.13,610.76,0.967682
941,1420,41768,99.26,239.44,289.49,265.13,0.960241
942,1420,3351,409.75,874.69,190.28,192.44,0.94606
943,1421,41768,552.9,720.56,300.76,279.85,0.967321
944,1421,16688,114.9,507.53,270.35,663.66,0.959537
945,1421,3351,338.22,165.97,185.39,188.05,0.93513
946,1424,27777,144.87,775.95,178.86,205.54,0.977413
947,1424,31885,94.24,76.35,365.95,520.06,0.972671
948,1424,3483,537.17,777.54,268.94,223.84,0.960139
949,1424,35206,583.96,131.01,217.08,396.07,0.946743
950,1425,31885,112.77,97.12,373.41,527.28,0.971635
951,1425,27777,179.25,813.72,172.19,199.54,0.965076
952,1425,3483,566.86,813.78,264.49,217.21,0.956203
953,1425,35206,613.72,141.99,224.46,402.02,0.924282
954,1429,3544,121.17,250.95,207.25,202.05,0.982366
955,1429,29345,605.34,705.82,281.07,442.16,0.974877
956,1429,16548,126.59,830.01,237.29,228.69,0.940526
957,143,1900,610.97,902.04,204.78,133.53,0.974598
958,143,16548,620.41,162.49,238.45,225.52,0.915361
959,1431,3544,103.6,240.89,203.72,201.49,0.982239
960,1431,29345,580.56,667.45,280.27,449.04,0.970231
961,1431,16548,91.86,789.16,240.41,235.29,0.951735
962,1433,38162,607.89,756.98,293.3,205.22,0.96507
963,1433,32310,0.0,663.98,300.66,328.05,0.962681
964,1433,3351,367.64,172.42,182.98,186.66,0.952971
965,1435,13900,170.09,341.2,171.05,252.55,0.987987
966,1435,20238,588.92,308.05,225.76,217.33,0.968326
967,1435,3351,398.59,852.56,187.69,190.96,0.956615
968,1436,13900,599.64,626.65,176.31,265.51,0.974666
969,1436,20238,110.64,699.92,229.81,229.05,0.974009
970,1436,3351,347.99,186.66,187.1,187.47,0.951301
971,1438,3544,698.56,857.45,213.64,212.63,0.984799
972,1438,12247,174.31,302.4,205.99,128.4,0.910993
973,1438,16548,206.5,841.63,242.71,238.88,0.837235
974,1439,3544,72.47,200.37,202.63,199.63,0.981754
975,1439,12247,591.61,847.96,215.48,128.86,0.956704
976,1439,16548,513.56,179.32,232.44,225.97,0.916727
977,1441,3483,579.11,757.56,274.15,212.02,0.975875
978,1441,36637,593.12,202.38,254.39,170.38,0.964519
979,1441,22347,119.07,173.53,200.23,194.77,0.957292
980,1441,27733,91.02,730.0,323.23,279.44,0.840102
981,1442,3483,607.57,791.05,272.61,208.61,0.969835
982,1442,22347,134.6,178.31,205.59,197.14,0.968218
983,1442,27733,130.07,778.08,310.94,275.21,0.951014
984,1442,36637,622.56,206.96,258.95,171.58,0.947129
985,1444,3743,482.31,148.7,314.02,305.4,0.955051
986,1444,2483,92.69,690.71,210.33,486.16,0.954599
987,1444,12778,521.26,628.3,295.81,508.77,0.842711
988,1444,3832,136.67,111.12,216.09,430.18,0.833811
989,1446,3743,129.51,801.81,321.91,319.99,0.96913
990,1446,2483,629.86,31.8,199.02,482.03,0.962626
991,1446,12778,123.0,62.82,294.93,513.81,0.948257
992,1446,13395,588.42,704.97,219.23,443.3,0.891741
993,1447,3544,103.72,179.82,201.47,199.44,0.986702
994,1447,29451,462.5,764.98,418.55,248.72,0.974159
995,1447,16548,45.31,790.24,241.89,235.4,0.953914
996,1449,3544,119.04,185.48,207.17,200.91,0.984628
997,1449,29451,494.34,805.89,408.78,239.04,0.971022
998,1449,16548,81.05,832.24,238.86,227.59,0.950585
999,1450,25438,124.2,811.66,255.22,254.38,0.978091
1000,1450,13395,593.38,708.06,231.47,504.16,0.977895
1001,1450,2483,600.29,42.21,214.91,486.74,0.958859
1002,1450,12778,116.07,56.77,287.11,528.95,0.945575
1003,1452,13395,604.98,700.54,233.0,532.12,0.978961
1004,1452,25438,124.56,823.14,259.65,267.13,0.976573
1005,1452,2483,597.25,83.4,204.28,466.14,0.961417
1006,1452,12778,117.85,89.86,284.53,531.02,0.949811
1007,1453,18357,51.41,313.21,273.44,326.0,0.98587
1008,1453,16688,481.21,123.66,418.7,523.68,0.966857
1009,1453,3351,457.99,906.86,190.44,192.24,0.955177
1010,1455,18357,650.89,651.24,278.46,339.46,0.978239
1011,1455,16688,78.5,624.0,433.91,583.71,0.967739
1012,1455,3351,332.94,192.75,185.75,181.61,0.947596
1013,1458,25438,110.71,828.77,254.31,256.02,0.963511
1014,1458,2483,608.9,68.69,249.69,472.34,0.950848
1015,1458,12778,79.24,166.46,300.08,504.93,0.88183
1016,1458,13395,643.2,708.09,217.58,446.29,0.871759
1017,1459,12081,650.32,693.89,244.47,463.74,0.977606
1018,1459,2483,625.01,71.32,222.22,465.07,0.969375
1019,1459,12778,77.99,181.87,311.44,482.71,0.955955
1020,1459,3743,106.38,811.99,279.93,284.01,0.576424
1021,146,3483,169.5,279.49,262.21,213.57,0.976533
1022,146,16232,153.13,825.39,191.24,194.4,0.955508
1023,146,31885,553.85,674.06,404.58,519.43,0.953461
1024,146,27777,637.64,293.21,174.69,197.64,0.947283
1025,1460,12081,71.44,129.41,225.22,427.71,0.981871
1026,1460,2483,49.9,701.06,250.84,473.57,0.959976
1027,1460,12778,543.91,571.65,320.75,485.18,0.889686
1028,1461,12081,642.78,689.0,233.97,447.81,0.976392
1029,1461,2483,626.1,35.4,242.26,472.15,0.964913
1030,1461,12778,76.23,150.12,316.01,483.14,0.937611
1031,1461,3743,106.4,800.33,275.05,272.86,0.668848
1032,1462,3483,131.03,289.41,276.91,172.03,0.977192
1033,1462,20238,133.51,868.86,231.53,226.93,0.969218
1034,1462,25367,524.68,676.56,421.77,460.88,0.966823
1035,1462,28763,674.88,255.94,214.65,198.73,0.950868
1036,1463,3483,591.2,845.73,282.06,171.29,0.973807
1037,1463,25367,60.07,120.95,419.57,454.0,0.961247
1038,1463,20238,623.37,177.03,225.82,216.28,0.936513
1039,1463,28763,98.49,852.47,216.96,205.29,0.902934
1040,1464,3483,564.29,810.39,282.18,176.36,0.98452
1041,1464,25367,47.97,105.21,402.1,446.12,0.968538
1042,1464,20238,593.42,173.32,222.43,213.77,0.965903
1043,1464,28763,64.43,811.11,217.49,209.32,0.951061
1044,1466,3483,562.54,810.39,283.42,176.59,0.986335
1045,1466,28763,63.83,810.58,218.55,210.01,0.951787
1046,1466,22347,106.62,178.59,199.49,194.81,0.950114
1047,1466,16262,593.64,177.01,238.55,228.1,0.943456
1048,1473,1900,616.14,860.65,200.14,157.52,0.958958
1049,1473,16551,572.49,89.34,286.34,479.21,0.951604
1050,1473,19607,152.55,217.61,157.32,153.57,0.939812
1051,1474,34597,69.6,97.81,436.84,430.51,0.973115
1052,1474,3483,607.87,789.83,273.81,208.95,0.970065
1053,1474,27733,125.24,769.32,313.28,275.3,0.946426
1054,1474,36637,620.64,206.24,259.95,170.58,0.940931
1055,1476,3483,580.2,756.2,274.57,212.21,0.973829
1056,1476,34597,55.41,72.7,428.88,431.83,0.962232
1057,1476,36637,591.35,201.12,255.13,171.35,0.938633
1058,1476,27733,87.57,722.18,324.08,282.5,0.812669
1059,1477,18357,358.31,677.81,248.96,373.53,0.976037
1060,1477,3351,653.95,290.33,178.49,180.15,0.966079
1061,1477,36637,87.95,232.6,237.99,211.33,0.952272
1062,148,19232,502.36,239.66,327.68,252.77,0.981861
1063,148,20238,120.61,299.0,226.33,221.27,0.971775
1064,148,3351,402.33,848.47,189.52,192.15,0.961179
1065,1480,3544,642.12,876.69,214.55,212.5,0.988943
1066,1480,16548,173.55,834.5,239.73,237.1,0.909851
1067,1483,19861,636.9,276.5,222.66,171.55,0.971523
1068,1483,3483,148.23,219.45,249.7,221.75,0.971114
1069,1483,35206,108.33,775.11,295.84,389.0,0.956543
1070,1483,28763,629.57,898.29,225.29,214.02,0.940761
1071,1485,3483,601.09,868.63,257.09,229.81,0.975715
1072,1485,19861,127.02,864.46,221.75,167.69,0.961718
1073,1485,28763,147.35,168.11,212.65,202.18,0.950977
1074,1485,35206,586.44,96.25,282.07,376.34,0.905943
1075,1488,31863,628.7,829.55,203.06,206.94,0.992058
1076,1488,21325,210.09,825.81,202.76,199.94,0.960781
1077,1488,3351,393.13,205.4,183.61,183.92,0.955951
1078,1489,20014,534.89,286.4,341.66,320.65,0.965787
1079,1489,20238,184.46,281.72,225.86,217.34,0.954143
1080,1489,3351,402.62,849.33,188.81,191.43,0.943023
1081,149,20238,594.29,711.57,230.26,228.21,0.978346
1082,149,19232,96.55,699.8,336.05,267.23,0.966638
1083,149,3351,346.36,190.36,185.38,188.29,0.960178
1084,1492,21325,185.11,276.01,158.59,232.33,0.963566
1085,1492,3351,378.39,904.07,190.52,191.58,0.945458
1086,1492,18147,524.86,299.08,336.63,354.15,0.898026
1087,1493,18147,57.0,543.86,346.17,379.06,0.963891
1088,1493,21325,597.84,721.17,158.33,242.23,0.963129
1089,1493,3351,367.16,136.61,185.17,190.9,0.957649
1090,1497,29667,610.48,198.63,218.04,215.49,0.985598
1091,1497,3483,565.91,838.03,259.95,236.64,0.965944
1092,1497,34597,64.6,57.91,299.3,498.63,0.96342
1093,1497,19861,85.5,825.08,227.15,176.19,0.954113
1094,15,33880,51.26,783.5,443.83,277.46,0.979412
1095,15,16232,642.17,794.82,194.79,190.8,0.971247
1096,15,3351,359.92,248.19,184.86,182.92,0.94396
1097,150,19232,138.12,801.7,333.31,263.38,0.988691
1098,150,20238,632.57,802.37,228.13,221.89,0.980504
1099,150,3351,387.5,253.07,185.2,180.41,0.946116
1100,1500,41768,574.64,859.86,344.08,179.69,0.975154
1101,1500,38162,196.5,733.32,185.65,299.24,0.965351
1102,1500,3351,351.42,236.94,184.12,182.38,0.943805
1103,151,33208,183.01,266.75,207.66,197.87,0.972259
1104,151,1900,645.16,844.27,186.67,189.65,0.965947
1105,151,29451,509.2,242.3,412.65,220.91,0.952081
1106,151,16548,97.48,818.83,241.42,237.31,0.941537
1107,152,33208,582.42,809.26,216.0,207.06,0.976611
1108,152,29451,35.4,798.47,424.57,228.8,0.960101
1109,152,1900,149.42,240.5,179.8,180.14,0.93861
1110,152,16548,618.65,203.86,233.43,225.85,0.919774
1111,153,1900,167.63,250.38,180.44,178.0,0.974541
1112,153,33208,609.16,842.93,213.35,201.39,0.970863
1113,153,29451,70.52,842.15,422.2,218.43,0.968269
1114,153,16548,648.96,211.45,238.82,228.0,0.922735
1115,154,2483,614.32,54.24,255.6,466.75,0.957914
1116,154,13395,597.94,679.03,234.77,496.23,0.957856
1117,154,12778,92.13,130.43,317.45,500.46,0.832274
1118,155,2483,68.78,690.36,257.34,471.47,0.956778
1119,155,13395,114.0,80.5,231.14,476.33,0.912831
1120,155,12778,531.29,575.59,321.22,496.43,0.349269
1121,156,13395,600.73,685.25,254.97,505.05,0.967638
1122,156,2483,603.68,94.03,259.99,450.74,0.964323
1123,156,12778,95.04,165.65,316.02,495.84,0.931233
1124,157,25367,106.17,83.95,388.14,456.57,0.975044
1125,157,27777,144.49,776.72,179.14,206.27,0.974455
1126,157,3483,536.85,780.08,268.19,224.41,0.968363
1127,157,16262,573.48,188.15,240.1,227.87,0.946798
1128,159,25367,121.18,96.51,398.78,465.89,0.971218
1129,159,16262,599.97,193.65,247.53,231.71,0.967499
1130,159,27777,178.97,813.95,172.64,200.45,0.96522
1131,159,3483,565.62,815.78,264.4,217.74,0.958055
1132,160,3544,626.7,887.24,214.24,213.51,0.98397
1133,160,4543,144.55,914.78,214.64,213.14,0.956553
1134,160,16551,575.65,262.15,289.21,472.5,0.950067
1135,162,3544,158.07,177.1,207.48,202.24,0.984628
1136,162,16551,127.3,535.47,287.38,477.63,0.958083
1137,162,4543,625.89,144.59,209.9,203.11,0.954141
1138,162,21771,654.46,856.34,134.83,130.88,0.455215
1139,163,16232,645.36,251.34,186.61,180.09,0.972153
1140,163,3483,567.63,813.53,265.24,216.53,0.966601
1141,163,27777,180.52,814.17,172.59,199.61,0.961813
1142,163,28763,127.77,173.09,213.08,203.71,0.956135
1143,164,3483,170.68,279.35,261.13,212.95,0.975373
1144,164,27777,637.92,293.13,173.94,196.61,0.965422
1145,164,16232,152.75,825.42,191.59,193.74,0.961719
1146,164,28763,652.4,890.66,222.13,215.44,0.946687
1147,165,27777,146.22,776.53,178.74,205.26,0.974451
1148,165,3483,538.58,777.0,267.78,224.77,0.965734
1149,165,16232,615.61,239.02,183.62,181.42,0.965552
1150,165,28763,110.86,169.69,207.49,196.59,0.933082
1151,17,35206,116.13,584.83,302.36,387.01,0.97138
1152,17,41768,560.87,643.31,273.46,300.63,0.955111
1153,17,3351,297.35,166.52,185.5,187.7,0.952958
1154,170,12081,651.18,694.37,244.29,462.56,0.979769
1155,170,2483,620.32,73.86,230.59,462.59,0.963805
1156,170,3743,106.68,812.35,279.28,283.99,0.641528
1157,170,12778,118.7,165.99,301.21,510.66,0.525042
1158,172,3483,589.67,845.82,281.58,170.66,0.978469
1159,172,29667,633.58,180.94,221.55,214.8,0.971185
1160,172,25367,117.27,61.69,337.47,505.43,0.950977
1161,172,28763,96.24,851.73,215.89,204.8,0.925962
1162,173,3483,562.28,811.0,283.98,176.15,0.98724
1163,173,29667,604.44,176.91,216.79,214.16,0.978484
1164,173,25367,100.25,49.17,327.93,495.15,0.958015
1165,173,28763,62.91,809.73,218.59,210.13,0.95176
1166,174,3483,133.19,287.84,276.73,173.9,0.983417
1167,174,29667,125.63,864.04,228.86,226.6,0.96287
1168,174,25367,544.32,684.91,348.68,513.54,0.9555
1169,174,28763,677.34,255.87,213.67,197.94,0.944882
1170,175,29667,639.82,204.28,222.84,214.98,0.979038
1171,175,30308,122.26,98.21,272.87,471.76,0.972343
1172,175,3483,593.95,871.81,257.04,230.65,0.971631
1173,175,19861,120.13,863.19,221.79,168.45,0.959736
1174,176,30308,594.0,677.22,281.84,484.16,0.984796
1175,176,19861,642.05,276.91,223.62,171.49,0.974789
1176,176,29667,119.37,840.74,229.36,225.48,0.972061
1177,176,3483,155.61,214.85,248.42,222.47,0.961318
1178,179,20238,152.67,850.1,231.73,226.65,0.978023
1179,179,3483,171.38,275.58,261.55,215.45,0.976431
1180,179,27777,640.07,290.96,172.88,196.95,0.96551
1181,179,22347,644.76,833.0,212.08,208.18,0.954892
1182,180,27777,144.9,777.26,178.48,205.91,0.973805
1183,180,3483,537.42,780.41,267.31,224.25,0.969159
1184,180,20238,576.41,190.07,223.38,214.43,0.966879
1185,180,22347,124.23,227.9,201.42,195.48,0.935653
1186,183,3544,641.35,876.63,215.27,213.42,0.985541
1187,183,16551,19.99,695.69,404.14,417.26,0.972571
1188,185,3544,141.59,172.57,202.49,198.24,0.977994
1189,185,4543,599.2,144.56,203.08,198.91,0.949781
1190,185,16548,134.43,737.29,238.39,235.24,0.9179
1191,185,28763,628.73,825.26,138.77,135.03,0.489321
1192,186,3544,157.49,177.79,208.28,203.12,0.981132
1193,186,4543,625.97,144.0,209.82,203.66,0.950624
1194,186,16548,166.35,781.41,236.77,228.82,0.928192
1195,186,21771,656.22,856.39,135.33,131.0,0.601759
1196,189,22362,617.72,781.05,260.57,423.2,0.975589
1197,189,2483,641.53,116.49,199.58,474.6,0.959652
1198,189,12778,89.05,128.39,290.31,531.09,0.947144
1199,19,3483,609.3,788.14,273.91,210.1,0.970695
1200,19,28763,100.47,169.52,213.99,203.24,0.953082
1201,19,36637,622.19,204.85,258.23,170.69,0.945365
1202,19,27733,125.89,768.49,313.18,276.39,0.943226
1203,191,3544,122.67,180.53,204.22,200.35,0.980229
1204,191,4543,638.84,152.34,200.72,199.31,0.976259
1205,191,16551,579.97,563.86,285.75,493.66,0.940295
1206,196,22362,82.13,118.86,260.51,389.52,0.973318
1207,196,3743,492.16,128.86,310.85,299.92,0.967823
1208,196,2483,88.35,661.6,210.39,489.37,0.964831
1209,196,12778,536.92,518.02,278.22,517.85,0.944529
1210,197,22362,602.0,731.96,261.55,406.21,0.978032
1211,197,3743,123.47,830.17,319.34,317.49,0.963457
1212,197,2483,632.86,60.44,200.42,485.03,0.95538
1213,197,12778,120.11,169.68,284.48,521.04,0.949989
1214,198,22362,605.24,734.51,276.02,419.9,0.970767
1215,198,2483,628.45,97.92,197.47,471.8,0.964342
1216,198,3743,123.2,837.85,328.21,332.89,0.950323
1217,198,12778,119.24,194.94,287.94,525.94,0.943073
1218,199,29667,631.56,164.59,220.26,215.03,0.982154
1219,199,30308,39.32,117.69,407.97,400.36,0.974946
1220,199,27777,177.57,811.8,173.12,200.9,0.964729
1221,199,3483,563.33,815.33,263.89,217.8,0.953189
1222,200,30308,558.28,734.88,413.58,408.54,0.976103
1223,200,3483,174.97,277.61,259.43,214.52,0.974252
1224,200,29667,127.87,880.74,229.92,225.09,0.967517
1225,200,27777,640.93,295.36,173.39,197.71,0.960416
1226,202,3483,144.01,289.47,211.28,257.0,0.971377
1227,202,20877,544.48,292.34,329.69,240.31,0.969578
1228,202,16262,107.66,837.38,250.43,241.65,0.959929
1229,202,22347,689.69,867.17,212.56,208.03,0.933668
1230,203,20877,84.77,726.0,331.53,242.12,0.98206
1231,203,3483,622.26,718.73,211.35,269.83,0.980174
1232,203,16262,600.64,186.17,239.15,228.68,0.9568
1233,203,22347,84.07,196.83,198.6,195.22,0.956775
1234,204,3483,648.07,750.84,213.42,267.08,0.980115
1235,204,16262,629.42,192.42,245.0,232.26,0.962203
1236,204,22347,99.85,205.45,204.19,196.68,0.957525
1237,204,20877,115.74,769.08,330.12,232.25,0.957176
1238,205,3544,112.66,163.78,203.64,199.55,0.976501
1239,205,16548,593.17,122.35,228.26,224.07,0.922334
1240,205,28763,622.73,851.87,140.13,134.53,0.410243
1241,210,31863,596.65,874.49,204.61,206.41,0.981369
1242,210,29667,162.34,749.74,228.49,222.96,0.971327
1243,210,3351,417.41,245.13,185.94,182.39,0.929939
1244,212,1900,625.0,890.26,203.46,136.23,0.97389
1245,212,16551,481.45,137.88,434.49,353.74,0.950028
1246,213,1900,595.73,856.59,212.43,144.33,0.973806
1247,213,16551,453.73,124.62,424.15,349.82,0.934913
1248,214,33208,587.1,799.3,216.53,205.64,0.978376
1249,214,1900,140.46,240.0,201.07,127.77,0.975635
1250,214,27926,89.26,617.25,271.05,479.4,0.970163
1251,214,16551,567.44,53.62,278.64,464.76,0.954974
1252,215,27926,126.41,665.88,261.99,474.45,0.977726
1253,215,1900,158.73,249.67,203.32,123.73,0.974312
1254,215,33208,614.32,834.29,214.46,202.51,0.973501
1255,215,16551,596.23,62.18,284.22,481.67,0.939716
1256,217,12081,601.06,706.64,232.98,452.25,0.978378
1257,217,3743,120.52,787.05,319.23,320.77,0.964903
1258,217,2483,588.51,74.39,245.66,470.64,0.957181
1259,217,12778,127.37,124.7,277.55,533.88,0.541804
1260,219,12081,111.84,110.4,223.78,427.06,0.980975
1261,219,2483,84.96,664.32,253.31,473.02,0.965024
1262,219,3743,495.77,168.25,308.48,298.56,0.964137
1263,219,12778,528.06,547.18,279.08,526.21,0.768674
1264,222,41768,601.66,739.09,275.88,302.5,0.959366
1265,222,16262,167.37,768.32,248.06,237.41,0.951676
1266,222,3351,406.06,203.33,184.71,183.77,0.945486
1267,224,25469,88.01,828.25,339.56,304.01,0.984689
1268,224,3483,601.73,845.35,279.28,187.11,0.981744
1269,224,29667,618.31,172.91,224.25,215.68,0.979993
1270,224,34597,108.17,79.9,361.41,486.93,0.967444
1271,225,25469,574.61,185.68,326.98,289.76,0.982673
1272,225,29667,139.97,871.71,227.8,226.14,0.977288
1273,225,3483,124.47,272.99,273.43,188.04,0.966684
1274,225,34597,527.25,664.02,373.35,504.7,0.964201
1275,226,3483,600.69,868.96,257.81,229.52,0.977318
1276,226,19861,126.9,864.98,221.42,167.4,0.962568
1277,226,22347,109.24,229.54,205.19,197.31,0.960713
1278,226,20238,644.6,188.52,226.68,217.02,0.946619
1279,229,3743,534.37,149.91,316.72,305.8,0.960503
1280,229,2483,50.55,680.73,289.11,459.15,0.958786
1281,229,13395,96.48,72.73,239.93,472.35,0.917859
1282,23,3483,562.94,811.06,283.35,175.86,0.986417
1283,23,25367,22.24,89.06,413.48,439.8,0.959084
1284,23,28763,63.67,810.36,218.04,209.85,0.948732
1285,23,16262,593.2,177.56,239.29,228.01,0.933684
1286,231,2483,596.43,120.66,285.8,437.76,0.971387
1287,231,3743,74.31,813.35,330.13,327.48,0.96849
1288,231,13395,615.98,686.84,235.79,520.3,0.959942
1289,231,12778,59.73,142.41,388.05,435.8,0.709918
1290,232,3483,598.34,799.13,274.83,204.1,0.967536
1291,232,29667,678.79,189.36,223.48,214.75,0.960743
1292,232,22347,129.74,233.03,205.35,198.26,0.954951
1293,232,27733,118.29,777.61,317.8,263.9,0.941834
1294,234,3483,570.02,764.86,278.38,207.48,0.976989
1295,234,29667,646.97,184.06,220.13,214.82,0.946093
1296,234,22347,111.53,223.26,200.38,193.95,0.933944
1297,234,27733,78.46,728.93,330.99,269.13,0.906988
1298,236,3483,132.54,288.39,275.67,172.93,0.98053
1299,236,35206,105.68,687.65,204.83,417.96,0.973664
1300,236,28763,676.45,256.14,213.47,198.09,0.96444
1301,236,28763,613.65,833.4,223.62,214.96,0.942559
1302,237,3483,564.2,810.92,281.78,175.97,0.986939
1303,237,35206,650.7,142.73,199.33,400.23,0.957815
1304,237,28763,63.85,810.78,218.45,209.5,0.956867
1305,237,28763,142.64,223.49,212.66,198.5,0.954991
1306,238,18357,67.71,260.46,301.95,297.95,0.972993
1307,238,3351,402.29,834.15,188.37,189.96,0.952829
1308,238,16262,625.6,243.15,243.63,231.19,0.947677
1309,24,3483,590.32,845.64,281.7,170.32,0.974583
1310,24,25367,35.1,104.54,426.43,443.94,0.969815
1311,24,16262,622.73,183.02,243.97,231.21,0.950729
1312,24,28763,96.82,852.09,215.92,204.63,0.907927
1313,241,20238,129.64,326.9,226.34,219.42,0.965091
1314,241,18147,514.04,254.61,307.07,387.34,0.961658
1315,241,3351,410.53,912.23,190.91,192.43,0.954053
1316,243,20238,621.56,768.7,229.89,224.83,0.982838
1317,243,18147,142.65,648.12,309.51,402.65,0.973221
1318,243,3351,378.26,186.67,185.35,182.15,0.935919
1319,244,3544,128.02,169.61,208.98,200.44,0.979864
1320,244,16551,581.11,6.32,283.9,479.67,0.948135
1321,244,28763,651.17,883.33,135.14,130.05,0.562987
1322,247,22362,607.42,734.32,273.9,419.16,0.969809
1323,247,3743,123.06,837.46,329.98,333.42,0.952972
1324,247,2483,625.19,92.55,199.47,475.76,0.938689
1325,247,12778,58.27,141.23,334.83,494.01,0.819593
1326,248,22362,601.32,732.1,262.88,407.54,0.975953
1327,248,3743,122.63,829.25,320.4,318.12,0.9622
1328,248,2483,630.86,61.58,203.27,483.5,0.960751
1329,249,22362,81.93,116.83,260.89,390.88,0.974667
1330,249,3743,491.09,129.34,311.25,299.32,0.963518
1331,249,2483,86.66,661.37,213.92,489.75,0.958466
1332,249,12778,556.24,596.46,344.0,495.71,0.356722
1333,250,18357,542.54,228.93,243.05,352.54,0.975236
1334,250,3351,377.95,849.35,188.56,191.1,0.941258
1335,250,29667,129.05,208.65,226.57,222.01,0.919751
1336,251,18357,141.53,594.92,244.27,369.15,0.978338
1337,251,3351,369.99,179.38,182.97,186.68,0.949484
1338,251,29667,588.04,795.19,230.62,230.54,0.943623
1339,252,18357,184.68,689.7,242.34,371.06,0.979434
1340,252,29667,624.47,886.43,227.98,222.03,0.943675
1341,252,3351,411.21,238.54,184.79,182.97,0.935622
1342,253,35206,65.6,254.5,410.47,221.07,0.96593
1343,253,33880,459.01,250.46,428.69,291.14,0.944179
1344,253,3351,445.84,849.22,188.66,191.14,0.943737
1345,256,25438,543.75,178.78,246.09,253.64,0.984229
1346,256,19552,496.2,654.48,315.22,501.77,0.962776
1347,256,2483,64.2,664.99,203.37,488.9,0.961957
1348,256,13395,112.6,85.23,229.71,476.94,0.936569
1349,259,20238,603.85,278.15,227.05,221.58,0.977006
1350,259,3351,384.07,895.26,189.83,192.74,0.950951
1351,259,41768,110.64,283.0,268.18,286.37,0.950641
1352,262,3483,561.94,810.34,283.11,177.17,0.985788
1353,262,29667,604.41,176.33,217.41,214.66,0.97817
1354,262,34597,79.68,33.55,333.18,495.3,0.970953
1355,262,28763,62.45,809.88,219.06,209.96,0.952115
1356,264,3483,133.48,288.51,275.9,172.87,0.983899
1357,264,34597,564.79,677.14,349.43,514.78,0.963873
1358,264,29667,125.64,864.1,228.86,226.18,0.961173
1359,264,28763,677.85,256.04,213.1,198.82,0.94044
1360,265,3483,132.88,288.55,276.05,173.18,0.98152
1361,265,25367,593.78,667.71,382.22,487.15,0.967966
1362,265,16232,143.03,845.6,196.34,193.01,0.962389
1363,265,28763,676.95,256.07,213.55,198.64,0.931745
1364,266,3483,590.41,845.8,281.4,170.59,0.977899
1365,266,16232,649.08,231.07,191.77,181.5,0.972215
1366,266,25367,21.29,104.44,386.25,480.73,0.960416
1367,266,28763,96.85,852.26,215.34,205.04,0.919142
1368,27,13395,603.11,693.46,231.39,537.37,0.976701
1369,27,25438,123.52,821.43,259.45,268.19,0.96939
1370,27,2483,603.08,80.36,197.6,476.0,0.964797
1371,27,12778,75.51,108.97,298.6,503.91,0.952678
1372,271,3483,623.68,717.15,210.13,269.13,0.9783
1373,271,20877,85.1,725.44,332.4,242.44,0.976521
1374,271,35206,632.28,162.54,215.73,393.44,0.961049
1375,271,22347,104.28,188.52,200.11,193.93,0.959672
1376,273,20877,543.28,291.96,330.38,241.15,0.971187
1377,273,3483,143.23,291.16,210.4,257.94,0.96847
1378,273,35206,97.62,671.08,233.26,411.31,0.960019
1379,273,22347,667.35,876.79,213.67,209.19,0.948342
1380,274,21325,206.82,325.47,149.56,235.49,0.977001
1381,274,20014,574.46,257.11,343.06,318.52,0.966572
1382,274,3351,419.38,890.48,191.41,191.9,0.954861
1383,275,20014,9.71,644.48,346.99,343.46,0.972093
1384,275,21325,581.4,664.21,155.58,244.53,0.952918
1385,275,3351,328.38,149.87,182.95,187.76,0.943782
1386,277,3483,600.8,868.23,257.4,230.05,0.974057
1387,277,30308,82.34,96.28,390.93,403.34,0.971094
1388,277,19861,126.68,864.09,222.14,167.89,0.963314
1389,277,36637,617.48,198.81,266.63,150.72,0.938977
1390,278,30308,523.02,746.63,406.3,414.83,0.977428
1391,278,19861,636.57,277.15,222.8,170.75,0.970918
1392,278,36637,95.2,906.43,271.67,163.36,0.967029
1393,278,3483,148.3,219.19,249.89,221.54,0.964116
1394,28,27777,179.17,813.19,172.74,200.19,0.967157
1395,28,3483,565.83,813.88,264.66,217.84,0.960609
1396,28,25367,20.35,63.49,409.45,456.92,0.956042
1397,28,35206,615.66,141.84,224.03,402.6,0.931934
1398,280,3832,431.9,271.61,389.78,360.76,0.972531
1399,280,16232,134.57,289.6,187.57,192.7,0.956369
1400,280,3351,409.3,867.27,190.29,191.9,0.951165
1401,286,27777,144.73,776.36,178.56,206.46,0.972884
1402,286,30308,29.06,114.89,377.02,410.17,0.970458
1403,286,3483,536.73,779.76,267.85,225.1,0.96605
1404,286,16262,574.76,188.5,239.21,226.82,0.940145
1405,287,30308,571.03,702.95,397.75,423.46,0.972343
1406,287,3483,172.85,275.49,259.84,216.36,0.971705
1407,287,27777,640.6,292.51,172.9,197.25,0.960707
1408,287,16262,135.8,835.53,250.06,241.02,0.958861
1409,288,30308,44.24,132.29,388.03,417.06,0.969753
1410,288,16262,601.96,193.83,245.47,231.33,0.969575
1411,288,27777,178.55,814.8,172.44,199.37,0.964724
1412,288,3483,565.57,815.75,263.78,217.8,0.959869
1413,289,2483,596.71,80.19,248.98,475.56,0.96866
1414,289,25438,143.1,844.28,255.77,252.7,0.967963
1415,289,22362,589.1,743.27,252.35,408.36,0.965561
1416,289,12778,95.67,52.06,273.37,528.37,0.25634
1417,29,27777,145.04,775.86,178.46,206.02,0.975394
1418,29,3483,537.36,778.32,267.02,223.5,0.965531
1419,29,25367,9.95,51.48,399.36,448.31,0.962479
1420,29,35206,585.1,132.39,216.5,394.31,0.947449
1421,291,22362,101.76,102.88,250.62,396.06,0.978656
1422,291,25438,535.3,174.99,245.66,251.62,0.972875
1423,291,2483,77.7,658.31,255.11,472.27,0.963668
1424,291,12778,569.16,615.51,277.67,533.97,0.420251
1425,292,25438,546.5,176.5,246.86,253.32,0.976488
1426,292,2483,70.32,656.93,200.84,488.62,0.97596
1427,292,12778,541.02,587.54,325.1,510.47,0.957924
1428,292,13395,116.93,78.56,223.44,482.01,0.932948
1429,295,20014,125.15,193.88,337.31,313.58,0.965377
1430,295,16232,641.78,297.05,192.52,190.3,0.960654
1431,295,3351,413.21,862.84,190.93,191.35,0.957068
1432,298,1900,682.4,878.0,212.27,132.33,0.983503
1433,298,33208,155.6,234.24,207.95,196.87,0.980038
1434,298,16548,159.78,777.53,240.53,235.03,0.905582
1435,299,1900,88.46,260.16,200.3,125.51,0.979953
1436,299,33208,610.11,845.62,215.46,207.11,0.977454
1437,299,16548,560.62,246.02,231.79,226.57,0.921233
1438,3,1900,141.57,242.8,198.86,125.37,0.981981
1439,3,27926,571.34,628.84,259.73,489.46,0.971633
1440,3,16551,529.04,61.12,380.66,399.33,0.953586
1441,3,24850,138.42,702.59,187.19,294.65,0.952565
1442,302,19232,94.11,636.42,282.99,324.4,0.98011
1443,302,36637,570.81,712.48,232.38,227.14,0.973328
1444,302,3351,309.55,159.82,185.61,189.51,0.940412
1445,304,2483,621.46,74.23,194.79,465.86,0.978441
1446,304,3743,131.06,813.71,328.56,329.59,0.974105
1447,304,12778,106.99,133.95,303.48,497.6,0.955083
1448,304,13395,593.62,708.94,235.14,458.07,0.850037
1449,308,36637,116.65,711.41,190.5,262.96,0.961832
1450,308,3351,288.75,205.67,186.43,188.31,0.956996
1451,308,41768,562.43,603.28,275.85,297.82,0.947193
1452,31,3544,112.41,239.99,207.23,201.3,0.977959
1453,31,16551,591.48,51.19,284.94,480.88,0.947292
1454,310,3544,653.51,890.8,216.43,214.03,0.981916
1455,310,12247,617.46,319.95,175.62,186.68,0.962837
1456,310,16551,102.56,146.75,315.92,450.05,0.951214
1457,310,4543,138.02,864.89,215.31,214.61,0.950264
1458,313,3483,618.66,720.65,213.14,270.62,0.978013
1459,313,29667,595.62,181.14,219.18,215.24,0.96493
1460,313,20877,40.41,755.92,329.31,253.18,0.963373
1461,313,34597,13.53,20.66,447.67,411.48,0.960415
1462,315,3483,145.39,288.19,212.99,256.61,0.973477
1463,315,20877,593.06,257.81,325.46,248.19,0.965681
1464,315,34597,507.58,786.59,467.38,418.03,0.962651
1465,315,29667,133.69,858.59,227.92,227.22,0.950492
1466,316,3544,126.97,234.6,208.64,201.02,0.974332
1467,316,16548,167.64,791.27,234.98,228.25,0.953473
1468,316,33009,562.55,810.39,366.56,208.67,0.951859
1469,317,3544,659.86,832.72,213.24,211.93,0.985466
1470,317,33009,77.14,266.76,362.14,220.62,0.951115
1471,317,16548,591.71,283.42,231.38,222.7,0.914286
1472,32,3544,674.2,827.09,213.06,212.08,0.983676
1473,32,16551,104.39,704.3,295.72,498.83,0.965128
1474,320,3483,624.26,717.08,210.24,269.52,0.978879
1475,320,20877,85.39,725.24,331.84,242.67,0.975576
1476,320,35206,632.43,161.93,215.32,393.7,0.963373
1477,320,28763,135.74,195.97,210.25,199.53,0.936707
1478,323,3483,131.06,288.58,276.26,172.35,0.983971
1479,323,36637,149.72,803.25,195.53,254.05,0.974913
1480,323,28763,676.55,255.77,213.9,196.92,0.96462
1481,323,22347,655.47,876.4,213.84,208.63,0.963106
1482,324,3483,591.07,846.0,281.97,170.23,0.976504
1483,324,22347,131.57,194.36,205.72,197.48,0.954287
1484,324,36637,643.23,208.53,188.98,248.47,0.94049
1485,324,28763,97.17,853.22,216.09,204.81,0.912042
1486,325,3483,172.23,276.2,260.38,214.67,0.9749
1487,325,27777,640.88,292.2,172.32,197.15,0.963543
1488,325,31885,506.52,702.57,404.98,522.48,0.962402
1489,325,16262,135.59,836.57,251.14,240.82,0.956329
1490,327,16262,600.64,193.65,246.11,231.52,0.970378
1491,327,31885,91.91,28.05,408.37,508.3,0.970146
1492,327,27777,178.55,814.52,172.74,199.63,0.96414
1493,327,3483,565.4,815.82,263.88,217.43,0.96389
1494,328,3483,123.46,306.2,270.42,203.72,0.96477
1495,328,31885,516.27,644.55,382.44,530.41,0.963597
1496,328,27733,560.86,255.89,299.83,264.11,0.95953
1497,328,36637,98.03,882.85,269.12,175.69,0.93957
1498,332,3544,126.68,141.57,201.65,198.34,0.986852
1499,332,4543,587.94,166.48,202.6,199.05,0.965947
1500,332,16551,564.2,535.04,286.9,489.07,0.95713
1501,334,3483,624.11,717.01,210.97,269.3,0.982522
1502,334,20877,86.18,726.08,330.5,241.92,0.979601
1503,334,16232,626.76,220.4,187.5,183.7,0.948408
1504,334,22347,146.71,222.92,198.94,195.4,0.922664
1505,335,3483,143.24,290.92,210.55,257.74,0.975216
1506,335,20877,543.4,292.25,331.6,240.56,0.972992
1507,335,16232,135.25,846.69,195.83,191.93,0.962894
1508,335,22347,622.16,839.08,212.65,208.04,0.938104
1509,336,3483,649.27,749.72,213.55,267.03,0.981298
1510,336,16232,656.04,231.74,192.51,177.96,0.967599
1511,336,20877,117.08,769.15,330.22,231.53,0.963159
1512,336,22347,164.34,232.08,205.15,199.15,0.949207
1513,337,25469,574.2,183.94,325.55,290.87,0.978045
1514,337,3483,124.6,272.26,273.24,187.33,0.973197
1515,337,36637,131.26,830.92,180.85,261.47,0.970893
1516,337,22347,641.42,836.07,213.14,207.46,0.959543
1517,338,25469,51.79,786.47,346.27,301.35,0.984325
1518,338,3483,574.11,811.27,279.12,192.04,0.975405
1519,338,36637,644.4,170.56,170.5,248.68,0.953568
1520,338,22347,127.14,224.84,201.17,195.71,0.94803
1521,339,25469,89.36,828.87,336.95,302.9,0.983866
1522,339,3483,601.62,846.41,279.63,186.51,0.97415
1523,339,36637,675.83,171.95,171.67,254.64,0.968673
1524,339,22347,144.81,235.49,206.7,198.48,0.961417
1525,340,27777,145.38,776.82,178.49,206.46,0.972879
1526,340,3483,537.73,780.38,267.66,224.28,0.971325
1527,340,20238,576.36,190.9,222.63,214.41,0.96989
1528,340,34597,38.97,82.63,388.52,469.49,0.966108
1529,341,34597,53.65,113.56,400.03,464.08,0.970126
1530,341,3483,566.38,816.11,264.28,217.02,0.968229
1531,341,20238,604.39,195.9,227.49,216.26,0.966949
1532,341,27777,179.54,815.09,172.91,199.36,0.963079
1533,344,3483,565.71,815.31,264.59,219.01,0.9702
1534,344,28763,156.61,193.18,207.71,201.39,0.968034
1535,344,16262,602.02,193.84,245.39,231.08,0.967522
1536,344,27777,178.55,815.25,173.21,199.17,0.967485
1537,345,27777,144.49,777.08,178.89,205.82,0.974114
1538,345,3483,536.99,780.23,267.72,223.57,0.97027
1539,345,28763,137.04,187.45,208.72,198.08,0.962938
1540,345,16262,574.69,187.74,240.58,227.67,0.908319
1541,346,25367,142.92,54.09,336.37,500.94,0.979053
1542,346,16232,644.41,251.31,186.61,180.56,0.968294
1543,346,3483,567.07,813.66,265.74,217.41,0.963501
1544,346,27777,180.73,813.58,172.86,200.56,0.960226
1545,347,27777,146.46,776.01,178.22,205.82,0.974208
1546,347,25367,123.85,44.35,331.35,487.87,0.96649
1547,347,3483,538.4,777.25,267.13,223.49,0.963909
1548,347,16232,615.06,239.58,183.59,181.2,0.953568
1549,349,27777,180.35,813.77,172.74,199.66,0.966953
1550,349,3483,567.25,813.36,263.68,216.75,0.966587
1551,349,34597,7.6,129.99,436.8,425.21,0.959084
1552,349,35206,615.4,140.98,224.49,402.66,0.943824
1553,352,22362,618.49,780.49,260.3,422.93,0.972198
1554,352,19552,110.35,179.84,322.78,484.36,0.966021
1555,352,2483,640.53,115.65,202.6,472.84,0.950328
1556,355,12081,71.6,129.5,225.72,428.09,0.981785
1557,355,2483,50.41,700.01,249.79,475.27,0.962097
1558,355,12778,537.82,590.55,302.98,507.6,0.809105
1559,356,12081,642.89,688.58,233.95,448.26,0.977241
1560,356,2483,628.13,29.09,236.37,483.03,0.963643
1561,356,3743,106.52,800.99,274.93,272.5,0.784937
1562,356,12778,98.46,110.43,301.27,504.33,0.771618
1563,359,29667,631.52,164.36,219.9,215.33,0.98351
1564,359,31885,82.25,44.24,370.05,531.09,0.969498
1565,359,27777,177.26,811.49,173.65,201.13,0.96415
1566,359,3483,563.43,814.9,264.65,217.79,0.962574
1567,361,18147,209.64,166.76,210.37,412.47,0.963546
1568,361,3351,429.59,881.85,189.75,190.45,0.961308
1569,361,16262,643.83,287.89,242.84,236.16,0.947897
1570,364,35206,105.16,255.9,342.65,321.87,0.968469
1571,364,32310,586.21,164.65,244.61,343.77,0.961855
1572,364,3351,406.43,857.23,191.2,189.83,0.958859
1573,372,3483,602.65,845.78,278.65,185.43,0.978028
1574,372,25469,51.66,856.55,374.1,216.6,0.968933
1575,372,34597,15.29,140.47,447.93,414.22,0.963907
1576,372,16262,572.51,194.77,244.47,231.65,0.957975
1577,374,3483,646.83,754.14,212.88,268.97,0.982205
1578,374,25367,101.22,32.16,403.45,468.61,0.966247
1579,374,29667,624.31,186.52,223.9,214.98,0.960937
1580,374,20877,72.63,799.35,325.83,242.02,0.946263
1581,379,31863,138.12,315.5,205.27,207.86,0.985747
1582,379,16688,452.21,157.48,490.99,466.28,0.9627
1583,379,3351,465.18,858.74,188.63,191.97,0.952211
1584,38,20877,85.49,724.62,331.65,243.13,0.979341
1585,38,3483,623.79,716.72,210.76,269.75,0.978622
1586,38,31885,113.96,27.72,400.44,503.03,0.978409
1587,38,35206,625.19,160.03,214.24,396.31,0.943574
1588,380,31863,597.06,715.49,208.31,213.18,0.991006
1589,380,3351,284.72,182.02,187.48,188.12,0.956536
1590,380,16688,2.8,552.51,500.3,513.78,0.951851
1591,382,2483,596.05,117.92,287.07,440.67,0.97016
1592,382,3743,74.51,813.73,330.18,326.85,0.967906
1593,382,13395,615.87,690.93,235.03,515.95,0.965707
1594,382,12778,95.83,130.81,378.83,453.77,0.957814
1595,384,13395,604.65,693.51,234.19,493.29,0.975631
1596,384,2483,604.82,78.59,284.45,455.46,0.970731
1597,384,12778,91.18,92.62,387.59,456.66,0.964833
1598,384,3743,74.18,799.7,322.78,320.55,0.963262
1599,387,3483,131.82,288.47,275.46,173.2,0.978986
1600,387,20238,133.22,868.08,231.82,227.17,0.965376
1601,387,31885,496.55,655.62,419.66,508.67,0.964896
1602,387,28763,675.27,255.82,214.16,197.94,0.955071
1603,389,20877,85.55,724.97,331.22,243.02,0.979737
1604,389,3483,623.18,718.14,211.3,269.23,0.97875
1605,389,34597,27.02,125.42,439.1,423.11,0.963708
1606,389,16262,600.13,185.82,239.7,228.82,0.953778
1607,390,3483,648.88,750.33,213.13,266.74,0.978994
1608,390,34597,44.14,155.14,448.3,417.54,0.966487
1609,390,20877,116.73,768.88,329.87,231.9,0.962631
1610,390,16262,629.02,192.06,244.91,231.7,0.959469
1611,392,1900,188.05,274.74,202.06,136.74,0.982746
1612,392,33208,654.08,898.87,221.55,212.66,0.98193
1613,392,16551,109.48,697.23,297.08,499.68,0.961176
1614,393,33208,108.69,159.93,208.22,196.16,0.98486
1615,393,1900,581.24,867.07,211.84,141.19,0.975472
1616,393,16551,558.29,48.76,277.3,466.1,0.952653
1617,394,3483,123.92,272.69,272.94,189.1,0.975319
1618,394,20238,136.81,849.17,233.23,227.08,0.971121
1619,394,25469,569.43,232.28,374.0,215.58,0.959473
1620,394,28763,605.77,855.33,221.93,212.73,0.956719
1621,395,3483,602.67,845.17,279.01,187.69,0.979117
1622,395,20238,617.37,195.75,227.23,217.2,0.97885
1623,395,25469,52.02,856.94,373.58,216.41,0.971213
1624,395,28763,173.49,209.1,212.31,203.57,0.964356
1625,396,3483,574.95,808.22,280.89,194.17,0.972713
1626,396,25469,18.67,813.17,374.35,220.74,0.968478
1627,396,28763,154.99,200.31,209.51,199.72,0.964891
1628,396,20238,589.79,190.65,221.92,213.04,0.954519
1629,4,29345,118.15,156.09,271.43,412.07,0.980514
1630,4,1900,683.81,807.24,131.91,206.92,0.956536
1631,4,16551,129.78,648.77,293.31,493.44,0.948576
1632,4,24850,600.27,252.05,292.8,166.04,0.944359
1633,40,19861,641.85,277.84,224.78,170.4,0.970881
1634,40,29667,120.05,838.19,230.07,226.85,0.970165
1635,40,31885,615.95,610.22,331.94,556.74,0.966876
1636,40,3483,158.82,214.12,246.16,223.01,0.960445
1637,400,33208,613.32,770.84,214.98,206.03,0.984596
1638,400,1900,134.66,244.98,193.5,155.96,0.979045
1639,400,33009,14.37,774.8,364.29,238.99,0.959515
1640,400,16548,603.11,125.46,229.83,223.2,0.92746
1641,401,33208,149.97,294.77,209.75,197.1,0.984001
1642,401,1900,641.15,857.94,207.82,167.15,0.975574
1643,401,33009,584.58,241.23,360.56,236.63,0.956718
1644,401,16548,111.84,899.28,241.54,238.95,0.923289
1645,404,18147,19.06,587.32,283.01,419.27,0.969364
1646,404,35206,437.83,699.09,414.95,233.32,0.965872
1647,404,3351,356.02,144.26,187.67,190.01,0.954317
1648,409,1900,135.68,243.48,190.05,164.83,0.97962
1649,409,33009,514.24,791.85,386.42,210.57,0.966509
1650,409,16551,9.45,726.97,462.77,325.06,0.915606
1651,41,29667,637.91,206.02,223.21,214.72,0.976073
1652,41,31885,55.66,91.71,323.12,542.66,0.969224
1653,41,3483,593.18,872.33,256.51,230.67,0.965555
1654,41,19861,119.65,863.82,221.63,167.82,0.96087
1655,411,1900,646.02,852.53,200.74,176.37,0.973222
1656,411,33009,87.3,256.49,365.34,208.33,0.960282
1657,411,16551,496.83,198.33,448.56,310.57,0.956826
1658,411,20238,25.4,828.43,395.7,297.54,0.404954
1659,412,12081,651.18,694.36,244.03,462.95,0.979327
1660,412,2483,623.09,74.24,225.14,463.01,0.968619
1661,412,19552,114.27,188.82,305.53,495.96,0.955271
1662,412,3743,106.92,811.61,279.0,284.97,0.527792
1663,413,12081,642.68,688.52,234.16,448.38,0.978775
1664,413,19552,111.23,157.67,309.77,498.8,0.96981
1665,413,2483,627.29,32.49,238.46,479.17,0.968914
1666,413,3743,106.63,800.48,274.95,273.01,0.845579
1667,414,12081,71.24,129.76,225.15,427.59,0.982246
1668,414,19552,519.88,552.15,305.13,493.45,0.969412
1669,414,2483,48.61,699.79,253.41,474.76,0.96465
1670,415,31885,96.18,90.82,330.4,543.07,0.977362
1671,415,3483,600.96,868.91,257.89,229.12,0.97046
1672,415,19861,126.89,863.87,222.44,168.14,0.962273
1673,415,16262,638.79,177.45,243.3,230.7,0.957913
1674,416,19861,92.03,826.14,226.36,175.91,0.972963
1675,416,3483,572.66,834.86,263.73,234.09,0.970712
1676,416,31885,80.41,69.01,315.07,537.14,0.966758
1677,416,16262,606.95,173.76,241.37,227.88,0.955481
1678,417,19861,636.71,276.85,222.8,171.15,0.968914
1679,417,31885,571.14,610.13,332.62,553.88,0.96707
1680,417,3483,147.86,219.34,250.19,221.96,0.955912
1681,417,16262,95.88,850.42,253.41,242.04,0.953499
1682,419,25367,539.48,736.39,436.52,437.61,0.972271
1683,419,20238,112.16,854.18,233.09,227.86,0.97034
1684,419,27733,566.36,260.04,299.15,267.37,0.970062
1685,419,3483,125.58,306.23,268.17,204.2,0.967506
1686,42,29667,609.9,199.89,217.2,215.65,0.985192
1687,42,3483,565.38,838.53,259.94,236.08,0.970277
1688,42,31885,35.61,71.79,321.28,534.61,0.96197
1689,42,19861,85.49,824.9,226.41,176.58,0.954656
1690,420,3483,579.21,756.94,273.61,212.66,0.971545
1691,420,25367,7.68,74.45,424.4,419.09,0.959839
1692,420,20238,613.66,187.61,221.83,212.49,0.958797
1693,420,27733,85.61,722.58,325.05,281.98,0.814307
1694,422,34597,563.74,696.78,346.62,516.45,0.971124
1695,422,19861,638.54,276.96,221.6,170.93,0.968523
1696,422,36637,95.16,904.86,271.88,164.33,0.965945
1697,422,3483,149.5,218.02,249.41,222.34,0.958293
1698,423,19861,90.48,825.35,225.72,176.07,0.970521
1699,423,34597,82.34,15.27,334.09,494.48,0.969603
1700,423,3483,571.08,835.88,261.84,232.83,0.962098
1701,423,36637,591.36,194.99,257.35,154.27,0.957773
1702,429,3483,608.02,789.55,273.75,208.74,0.975361
1703,429,34597,73.92,153.96,484.24,350.75,0.960052
1704,429,29667,668.4,180.91,223.65,213.53,0.95186
1705,429,27733,132.08,776.28,310.57,277.0,0.949274
1706,430,3544,182.29,198.33,203.14,199.18,0.98035
1707,430,4543,611.13,153.98,204.77,199.92,0.960922
1708,430,16551,70.01,611.26,403.11,406.34,0.958914
1709,430,33009,613.01,792.41,171.78,220.37,0.529092
1710,431,3544,199.51,206.87,208.46,201.26,0.975484
1711,431,16551,105.27,661.91,396.11,402.31,0.97525
1712,431,4543,639.88,154.19,207.8,201.7,0.96539
1713,431,28763,644.18,829.56,164.85,214.23,0.539963
1714,432,3544,582.74,857.82,216.04,213.63,0.975355
1715,432,16551,490.54,226.0,393.71,390.63,0.973541
1716,432,4543,132.88,905.74,214.1,212.96,0.964384
1717,433,3483,579.45,757.06,273.65,212.02,0.974931
1718,433,30308,92.93,105.22,356.09,423.94,0.974861
1719,433,16232,619.15,177.89,186.9,181.77,0.945536
1720,433,27733,85.84,722.94,323.47,280.98,0.822878
1721,434,27733,566.29,260.22,298.87,266.62,0.971899
1722,434,3483,124.59,306.38,269.42,203.74,0.968
1723,434,30308,531.36,694.19,370.83,445.91,0.962242
1724,434,16232,141.43,891.76,197.69,192.39,0.949851
1725,435,30308,108.48,117.83,363.18,441.61,0.972196
1726,435,3483,607.52,790.96,273.27,208.44,0.965938
1727,435,16232,649.2,184.29,190.46,180.36,0.960703
1728,435,27733,123.48,769.09,313.12,275.08,0.937427
1729,436,3483,602.64,845.45,278.64,186.04,0.976506
1730,436,20238,617.57,195.99,226.56,217.37,0.97523
1731,436,25469,51.78,856.65,373.76,216.38,0.971546
1732,436,31885,41.63,132.54,448.76,482.75,0.96267
1733,44,29667,93.0,723.4,230.17,229.87,0.967485
1734,44,13900,577.72,672.32,179.65,263.92,0.956148
1735,44,3351,369.66,152.75,184.41,190.53,0.950569
1736,443,25438,567.83,185.85,246.96,255.97,0.970746
1737,443,2483,84.88,673.71,250.07,471.82,0.965519
1738,443,13395,77.37,105.44,220.08,436.87,0.911303
1739,443,12778,533.43,679.11,339.01,482.92,0.333204
1740,444,13395,654.2,708.53,216.66,466.2,0.975754
1741,444,25438,110.37,841.16,260.75,267.4,0.966915
1742,444,2483,596.31,112.2,257.23,454.57,0.962528
1743,444,12778,81.04,75.57,329.06,478.06,0.949631
1744,449,3483,591.18,845.42,282.37,170.26,0.974217
1745,449,34597,49.1,128.99,376.31,480.54,0.964708
1746,449,16262,623.54,182.39,243.12,231.53,0.953102
1747,449,28763,97.58,851.24,215.86,205.62,0.903273
1748,452,1900,645.21,844.57,186.63,189.45,0.968472
1749,452,29451,510.49,241.9,414.98,222.56,0.960437
1750,452,16551,138.65,635.51,309.22,488.25,0.956937
1751,454,2483,103.3,706.83,225.92,480.98,0.960128
1752,454,13395,128.4,81.58,227.42,477.98,0.943399
1753,454,12778,493.36,591.53,298.61,521.49,0.751954
1754,455,13395,585.94,679.42,232.5,490.51,0.981647
1755,455,2483,602.93,24.18,215.51,482.86,0.959633
1756,455,12778,140.78,92.14,302.11,517.71,0.646348
1757,456,2483,597.23,67.07,206.28,464.88,0.972828
1758,456,13395,590.74,679.94,250.25,508.13,0.972527
1759,456,12778,141.55,121.45,296.97,516.48,0.919544
1760,457,13395,634.39,677.77,230.31,493.51,0.976429
1761,457,2483,639.42,69.12,214.16,478.81,0.971561
1762,457,12778,110.57,157.22,283.41,528.23,0.729248
1763,458,13395,637.97,677.95,246.68,513.95,0.976111
1764,458,2483,626.26,110.78,228.57,462.47,0.949682
1765,458,12778,110.95,186.66,283.39,525.76,0.89962
1766,459,2483,81.79,657.95,217.74,490.86,0.965136
1767,459,13395,80.94,78.91,234.35,490.11,0.964928
1768,459,12778,544.44,521.15,278.23,522.5,0.540902
1769,46,12081,601.49,707.07,233.73,452.06,0.979573
1770,46,3743,121.74,786.91,318.27,320.53,0.963957
1771,46,2483,588.85,74.21,245.06,470.51,0.952049
1772,46,12778,107.68,115.99,305.23,499.02,0.896101
1773,460,2483,92.15,657.71,205.91,494.17,0.977441
1774,460,22362,82.76,118.35,260.12,389.31,0.973299
1775,460,3743,491.7,128.62,310.55,300.22,0.96465
1776,460,12778,505.12,581.48,297.76,510.27,0.585902
1777,462,12778,137.58,151.01,291.07,503.5,0.968099
1778,462,22362,605.58,735.18,276.83,419.7,0.967875
1779,462,3743,122.88,837.48,329.05,333.0,0.9534
1780,462,2483,630.72,97.52,198.95,473.12,0.952611
1781,463,3483,130.63,289.17,276.63,172.74,0.982447
1782,463,20238,133.31,868.9,231.99,227.6,0.971371
1783,463,28763,674.3,255.69,214.83,197.87,0.965061
1784,463,28763,621.93,873.56,224.23,213.27,0.956078
1785,464,3483,565.31,810.12,283.13,176.31,0.988634
1786,464,28763,136.63,185.11,211.87,199.11,0.958815
1787,464,20238,594.58,172.38,221.29,213.62,0.956883
1788,464,28763,65.15,811.43,219.28,209.67,0.94475
1789,465,3483,592.45,845.57,281.4,170.1,0.975835
1790,465,20238,624.08,176.85,224.66,215.77,0.953454
1791,465,28763,154.92,191.75,211.97,202.21,0.9481
1792,465,28763,98.66,853.63,215.87,203.88,0.913789
1793,468,22362,600.93,748.2,270.4,419.37,0.972704
1794,468,2483,600.35,113.33,205.3,466.03,0.972434
1795,468,25438,155.6,872.22,260.93,267.53,0.960984
1796,468,12778,113.22,120.57,305.44,501.39,0.924533
1797,469,3483,607.65,790.2,272.96,208.29,0.97153
1798,469,28763,149.13,221.51,214.12,200.16,0.964243
1799,469,27733,124.21,769.54,312.33,275.27,0.942581
1800,469,35206,602.95,126.25,254.88,391.14,0.936601
1801,47,12081,111.01,109.71,224.1,427.78,0.983126
1802,47,2483,86.15,662.02,251.85,477.15,0.968687
1803,47,3743,495.38,166.99,308.77,299.77,0.966049
1804,47,12778,526.18,590.55,312.6,502.0,0.882883
1805,472,3544,150.28,189.53,207.48,201.98,0.97634
1806,472,16548,628.58,149.11,234.62,225.39,0.917304
1807,472,28763,630.76,850.97,220.03,135.82,0.914251
1808,474,3544,634.76,875.24,215.26,214.34,0.978969
1809,474,16548,117.72,880.65,241.12,238.93,0.911997
1810,474,33009,153.38,305.83,219.35,146.82,0.467349
1811,475,13395,604.93,701.87,233.66,530.65,0.977803
1812,475,25438,125.47,822.74,258.54,267.18,0.970192
1813,475,2483,597.68,83.15,203.7,472.25,0.962664
1814,475,19552,88.8,136.73,312.33,495.24,0.959367
1815,477,13395,592.47,716.02,232.63,495.97,0.977296
1816,477,25438,124.04,810.88,254.59,255.35,0.974825
1817,477,19552,88.86,107.25,314.4,490.5,0.96711
1818,477,2483,601.26,43.31,213.81,485.6,0.957778
1819,479,25367,67.41,82.42,367.71,470.34,0.973453
1820,479,27777,145.75,776.0,178.42,205.79,0.972797
1821,479,3483,536.52,777.79,269.27,224.48,0.966275
1822,479,36637,635.8,177.93,181.32,243.54,0.940135
1823,481,13395,637.72,676.1,246.33,517.57,0.979901
1824,481,2483,627.99,110.25,226.21,464.26,0.943632
1825,481,12778,80.51,103.13,303.21,503.38,0.934235
1826,482,2483,81.8,656.99,218.99,492.74,0.966104
1827,482,13395,81.69,78.47,232.98,489.91,0.964378
1828,482,12778,557.4,632.72,307.5,494.57,0.917475
1829,484,3351,420.15,894.95,190.94,192.3,0.963884
1830,484,16688,481.78,122.11,415.45,525.93,0.963191
1831,484,32310,24.4,326.74,290.68,327.35,0.958007
1832,485,32310,626.23,532.39,287.98,343.97,0.971277
1833,485,16688,39.39,525.08,443.3,581.95,0.960239
1834,485,3351,328.1,146.73,183.37,187.57,0.941671
1835,486,16688,79.66,624.5,427.46,583.26,0.966259
1836,486,32310,663.56,633.69,290.81,346.32,0.960475
1837,486,3351,369.67,204.67,185.04,183.75,0.950888
1838,487,31885,93.3,48.98,409.97,507.33,0.974033
1839,487,3483,607.52,790.9,272.41,209.53,0.968829
1840,487,16232,648.57,184.27,191.06,180.46,0.956994
1841,487,27733,123.26,768.69,312.86,275.56,0.929345
1842,493,19607,682.8,900.07,164.78,162.48,0.979541
1843,493,1900,186.98,292.4,197.91,155.19,0.963585
1844,493,16548,124.09,885.21,243.22,239.91,0.94557
1845,494,19607,134.95,212.42,154.68,152.42,0.979903
1846,494,1900,587.3,829.1,205.73,163.33,0.966677
1847,494,16548,591.53,138.42,231.93,225.26,0.917335
1848,496,3832,495.88,177.38,371.67,369.17,0.978877
1849,496,36637,163.38,294.87,187.22,248.8,0.972735
1850,496,3351,394.61,871.35,189.28,191.45,0.93882
1851,497,36637,585.91,668.82,195.82,259.07,0.974228
1852,497,3832,49.78,651.03,388.1,385.65,0.966314
1853,497,3351,354.87,158.28,183.16,185.11,0.957251
1854,499,3483,123.91,272.79,272.49,189.34,0.977011
1855,499,25367,526.48,727.52,433.61,454.2,0.975279
1856,499,16262,164.35,834.99,252.7,241.83,0.956889
1857,499,25469,569.13,232.7,373.85,215.62,0.956302
1858,5,29345,612.49,716.26,282.93,440.93,0.967452
1859,5,16551,570.81,109.52,282.15,480.76,0.952073
1860,5,24850,95.6,893.51,298.31,165.52,0.948032
1861,5,1900,181.53,266.65,128.75,198.81,0.947931
1862,500,3483,575.11,808.94,280.59,193.34,0.972778
1863,500,25367,35.32,62.61,410.93,437.95,0.969082
1864,500,25469,16.24,811.3,378.85,223.2,0.966743
1865,500,16262,543.48,188.76,241.87,228.6,0.951508
1866,501,3483,602.41,845.41,279.06,186.48,0.979285
1867,501,25469,53.15,856.43,372.32,216.39,0.97054
1868,501,25367,49.31,74.7,425.34,447.75,0.970451
1869,501,16262,572.13,194.94,245.68,231.6,0.958368
1870,502,30308,547.45,729.95,416.28,413.62,0.980208
1871,502,3483,123.89,272.8,272.78,189.31,0.972443
1872,502,20238,137.86,849.54,232.74,226.81,0.971285
1873,502,25469,569.96,233.06,372.72,215.77,0.956044
1874,503,30308,39.05,98.5,388.19,398.56,0.981553
1875,503,3483,575.27,808.29,280.83,193.91,0.973447
1876,503,25469,17.31,811.48,376.05,223.36,0.967203
1877,503,20238,589.37,192.08,221.2,212.78,0.963511
1878,506,31863,82.97,697.75,206.92,213.7,0.978337
1879,506,38162,533.12,633.53,196.57,302.55,0.973732
1880,506,3351,351.15,139.82,184.78,189.0,0.949532
1881,507,31863,124.43,785.05,206.33,205.8,0.970277
1882,507,3351,393.15,196.78,185.72,184.63,0.947712
1883,507,38162,572.95,728.04,193.11,294.15,0.947356
1884,508,22074,167.41,260.7,186.17,189.59,0.971493
1885,508,3351,418.39,870.42,191.54,192.43,0.935223
1886,508,18147,535.5,240.19,335.31,353.06,0.904782
1887,509,22074,589.57,779.25,187.4,193.69,0.984268
1888,509,18147,47.31,605.38,345.38,382.32,0.970053
1889,509,3351,329.06,167.03,184.38,188.5,0.915492
1890,511,19861,638.26,277.24,222.1,171.07,0.970127
1891,511,36637,95.53,904.65,271.63,164.57,0.969359
1892,511,3483,149.32,218.11,249.9,222.09,0.967035
1893,511,25367,569.01,743.37,395.47,492.95,0.965289
1894,515,30308,93.04,185.8,426.13,366.92,0.975536
1895,515,3483,566.88,813.27,265.18,217.11,0.965255
1896,515,27777,180.22,813.29,172.98,200.55,0.965165
1897,515,35206,614.74,141.21,224.88,402.32,0.921531
1898,516,3483,170.46,279.85,261.24,212.87,0.972053
1899,516,30308,477.31,701.09,438.82,372.33,0.964849
1900,516,27777,638.1,293.45,173.98,199.22,0.961667
1901,516,35206,141.21,706.6,237.69,409.55,0.959923
1902,517,3483,591.4,846.15,280.73,170.39,0.976339
1903,517,31885,25.61,17.95,383.66,523.17,0.968071
1904,517,36637,642.36,208.36,191.05,248.98,0.939035
1905,517,28763,97.13,852.02,217.0,205.59,0.92446
1906,518,3483,563.17,811.32,283.68,175.33,0.987204
1907,518,36637,612.73,202.29,187.27,243.43,0.964988
1908,518,31885,17.44,1.71,366.51,515.18,0.964174
1909,518,28763,64.18,811.75,217.76,208.98,0.953163
1910,519,3483,132.66,288.4,275.18,173.01,0.981592
1911,519,36637,150.27,802.83,195.37,254.32,0.971132
1912,519,31885,598.26,699.63,376.95,532.41,0.960921
1913,519,28763,675.81,255.73,214.39,198.09,0.955916
1914,520,3483,174.12,277.38,259.49,213.8,0.977126
1915,520,27777,640.68,294.18,173.25,198.28,0.965887
1916,520,29667,127.18,880.65,229.63,225.88,0.965048
1917,520,28763,613.63,905.53,223.22,215.64,0.955895
1918,521,29667,601.27,160.53,217.17,215.62,0.98066
1919,521,27777,143.99,775.41,178.83,204.48,0.975898
1920,521,3483,535.48,778.29,267.35,224.42,0.971774
1921,521,28763,146.17,156.11,210.99,197.55,0.957639
1922,522,29667,631.16,163.45,220.65,216.2,0.980475
1923,522,3483,563.88,814.56,264.39,218.59,0.970234
1924,522,27777,177.9,812.06,173.23,200.56,0.963412
1925,522,28763,163.27,160.4,214.22,201.82,0.946191
1926,525,3483,124.36,305.89,269.82,203.79,0.967432
1927,525,27733,566.33,260.09,300.01,265.77,0.966583
1928,525,16232,141.87,890.48,195.92,193.69,0.957095
1929,525,28763,636.32,863.78,222.38,214.32,0.932914
1930,526,30308,546.31,709.03,314.89,474.07,0.971319
1931,526,3483,147.32,218.9,250.82,222.23,0.967942
1932,526,19861,636.83,276.24,221.22,171.58,0.967783
1933,526,16262,96.46,850.84,253.39,241.59,0.95445
1934,527,30308,144.1,75.48,303.33,463.35,0.976002
1935,527,3483,601.37,868.51,257.49,230.06,0.972627
1936,527,19861,126.91,864.59,222.05,167.32,0.964188
1937,527,16262,639.03,177.4,243.37,230.2,0.954105
1938,528,30308,127.88,64.32,293.22,445.15,0.978284
1939,528,19861,92.07,826.05,226.58,176.07,0.972897
1940,528,3483,573.51,834.98,262.82,234.58,0.963489
1941,528,16262,608.15,173.72,240.67,227.66,0.953962
1942,529,20238,617.21,196.06,227.03,217.1,0.978178
1943,529,3483,602.76,845.13,278.86,186.83,0.978173
1944,529,25469,52.34,856.91,372.35,216.44,0.969684
1945,529,22347,106.14,240.99,206.28,197.67,0.941106
1946,53,25438,132.09,852.5,260.14,267.59,0.975358
1947,53,13395,604.77,679.61,247.87,511.09,0.973334
1948,53,2483,650.73,98.43,207.43,472.35,0.949578
1949,53,12778,96.8,116.72,360.28,472.88,0.762308
1950,530,3483,123.98,272.55,272.73,188.86,0.973521
1951,530,20238,137.41,849.36,232.8,226.86,0.972952
1952,530,25469,569.72,231.89,373.5,216.28,0.962289
1953,530,22347,679.76,831.14,213.78,207.28,0.937803
1954,531,3483,574.75,808.3,281.39,193.41,0.97334
1955,531,25469,17.94,813.18,375.59,220.82,0.971186
1956,531,20238,589.24,191.26,222.46,212.66,0.949902
1957,531,22347,90.15,230.29,202.07,194.11,0.947985
1958,532,3743,74.88,812.93,329.94,327.68,0.971738
1959,532,2483,596.27,119.89,285.53,438.0,0.96782
1960,532,13395,615.16,691.56,235.72,515.84,0.96407
1961,532,19552,118.56,112.8,377.73,429.07,0.946192
1962,533,2483,604.31,79.28,285.58,455.03,0.974558
1963,533,13395,604.39,693.02,234.6,493.88,0.964406
1964,533,19552,116.61,74.92,381.79,430.47,0.962967
1965,533,3743,74.21,799.57,321.56,320.94,0.938564
1966,534,2483,50.36,681.16,285.3,457.42,0.957942
1967,534,3743,534.56,150.22,316.24,304.29,0.955777
1968,534,19552,445.61,698.24,391.85,432.05,0.955238
1969,534,13395,96.48,72.02,240.36,475.82,0.91156
1970,535,25469,89.53,829.37,335.95,301.83,0.980225
1971,535,3483,602.39,846.93,278.43,186.2,0.973171
1972,535,31885,81.8,142.89,411.98,507.41,0.9667
1973,535,36637,675.08,172.07,172.11,254.45,0.962217
1974,536,25469,52.52,786.65,345.27,301.83,0.980225
1975,536,3483,573.96,810.26,281.11,192.88,0.971495
1976,536,31885,71.47,117.04,392.08,502.1,0.969543
1977,536,36637,644.3,170.74,169.82,249.07,0.95006
1978,537,25469,573.59,183.67,326.05,289.5,0.972419
1979,537,36637,131.43,830.72,181.07,262.21,0.966685
1980,537,31885,512.92,596.15,406.85,519.46,0.965456
1981,537,3483,125.74,272.24,272.34,187.98,0.961719
1982,539,38162,592.33,707.56,198.91,306.62,0.975959
1983,539,20014,12.52,667.44,351.56,345.2,0.957041
1984,539,3351,320.59,132.72,186.7,189.06,0.95639
1985,54,25438,546.41,176.58,247.09,252.89,0.976559
1986,54,2483,68.24,659.9,204.26,486.98,0.973884
1987,54,13395,117.77,77.82,223.19,483.97,0.950699
1988,54,12778,462.76,639.51,373.17,487.5,0.816998
1989,540,38162,631.77,803.74,193.39,297.96,0.972589
1990,540,20014,54.76,753.6,345.71,340.57,0.966772
1991,540,3351,362.86,189.82,185.46,181.97,0.953889
1992,541,31885,583.59,646.98,330.31,552.75,0.970135
1993,541,19861,636.86,276.63,222.47,171.8,0.968305
1994,541,16232,146.04,898.8,193.87,191.8,0.960064
1995,541,3483,147.15,219.02,251.39,221.94,0.956079
1996,542,19861,92.31,826.21,226.66,176.05,0.973503
1997,542,3483,573.08,834.82,262.62,234.63,0.970193
1998,542,31885,69.44,36.86,317.68,530.53,0.969709
1999,542,16232,617.67,172.58,185.48,181.62,0.94302
2000,543,3483,601.12,869.51,257.29,229.12,0.974914
2001,543,19861,126.88,864.65,222.15,167.57,0.964006
2002,543,31885,86.13,52.47,321.25,542.7,0.961057
2003,543,16232,646.68,175.97,189.25,184.87,0.948404
2004,545,3483,175.06,276.95,259.66,214.42,0.976579
2005,545,27777,641.01,294.54,173.32,197.89,0.966798
2006,545,29667,126.93,880.24,230.01,225.82,0.96527
2007,545,22347,664.43,862.19,212.63,209.22,0.952928
2008,546,29667,600.99,160.9,217.9,215.45,0.981979
2009,546,27777,143.21,774.97,178.61,204.94,0.976495
2010,546,3483,534.57,779.25,268.13,223.98,0.972112
2011,546,22347,107.31,200.84,200.14,195.1,0.947277
2012,547,3483,648.53,750.85,213.78,266.27,0.981209
2013,547,22347,122.21,242.39,205.2,198.21,0.965159
2014,547,20877,116.24,769.92,329.54,231.62,0.95558
2015,547,36637,633.99,210.63,182.25,251.09,0.946135
2016,548,3483,143.71,289.86,210.66,257.87,0.972757
2017,548,20877,544.04,292.42,331.8,240.0,0.971416
2018,548,36637,166.3,798.83,191.34,257.32,0.964183
2019,548,22347,666.11,829.77,210.65,208.71,0.950999
2020,55,16688,436.0,164.75,502.67,456.9,0.95692
2021,55,20014,52.46,281.78,339.26,321.63,0.95568
2022,55,3351,422.39,846.52,189.89,192.67,0.955355
2023,551,3483,130.46,289.35,276.81,172.64,0.981934
2024,551,30308,542.36,686.89,391.13,429.55,0.974087
2025,551,20238,133.22,869.62,231.64,226.0,0.973728
2026,551,28763,675.12,255.77,213.58,198.16,0.954095
2027,552,30308,78.79,144.12,382.3,424.28,0.980632
2028,552,3483,592.09,845.43,282.39,170.3,0.977693
2029,552,20238,623.37,177.43,225.11,215.01,0.952312
2030,552,28763,99.54,852.49,215.33,204.85,0.91002
2031,553,3483,575.14,808.49,281.21,193.07,0.971743
2032,553,25469,15.71,811.29,379.56,223.18,0.966454
2033,553,34597,11.52,71.99,415.38,449.88,0.964064
2034,553,16232,601.8,213.04,184.37,182.14,0.959894
2035,555,3483,602.95,845.26,279.58,186.89,0.981647
2036,555,25469,52.26,856.53,372.96,216.76,0.971416
2037,555,34597,24.22,97.88,428.25,445.98,0.968697
2038,555,16232,631.02,218.68,188.0,187.45,0.95979
2039,56,20014,547.51,619.24,349.59,341.68,0.975716
2040,56,16688,6.37,557.52,510.36,498.87,0.961435
2041,56,3351,324.17,192.99,186.88,189.87,0.955357
2042,560,3483,600.75,868.26,258.25,229.44,0.973779
2043,560,30308,116.89,78.73,271.04,471.58,0.969221
2044,560,19861,127.07,863.98,221.55,168.34,0.960909
2045,560,35206,583.97,96.26,284.99,376.8,0.930068
2046,564,21771,161.23,806.29,189.46,185.2,0.970125
2047,564,1900,151.74,254.38,196.17,161.48,0.968963
2048,564,16551,591.88,107.43,291.9,473.18,0.956995
2049,564,33009,547.2,836.42,373.64,199.23,0.952938
2050,565,12081,650.57,694.59,244.95,463.13,0.980964
2051,565,2483,623.21,74.76,225.16,461.16,0.968855
2052,565,12778,27.43,166.26,402.54,427.65,0.959046
2053,569,12081,112.41,110.25,224.14,427.51,0.980188
2054,569,2483,86.25,661.29,251.88,476.47,0.968409
2055,569,3743,495.94,167.46,309.14,299.56,0.965193
2056,569,12778,539.14,574.9,292.88,518.41,0.955802
2057,571,1900,581.75,866.96,210.9,141.81,0.975749
2058,571,24850,121.37,137.85,181.9,281.5,0.967813
2059,571,16551,537.8,54.65,305.17,452.01,0.952267
2060,572,1900,189.36,274.16,202.55,137.58,0.985212
2061,572,16551,97.3,708.04,327.8,483.23,0.963293
2062,572,24850,671.29,829.05,193.2,299.67,0.94844
2063,573,1900,610.28,902.07,204.95,133.11,0.97278
2064,573,24850,137.05,142.73,187.56,293.01,0.970997
2065,573,16551,568.39,61.3,308.49,469.61,0.958206
2066,574,13395,632.8,677.93,225.05,495.0,0.981227
2067,574,2483,671.32,77.33,202.26,488.35,0.977312
2068,574,3743,119.08,828.37,317.47,319.8,0.958846
2069,574,12778,95.36,170.61,308.88,489.16,0.938591
2070,575,3743,498.28,126.92,309.82,302.51,0.965141
2071,575,2483,59.14,640.72,202.38,492.49,0.961073
2072,575,13395,86.37,79.14,230.76,489.18,0.95875
2073,575,12778,535.67,545.24,309.13,488.94,0.864036
2074,576,13395,636.16,675.95,241.32,516.88,0.986046
2075,576,3743,118.31,839.59,326.32,331.9,0.955341
2076,576,12778,98.18,198.14,304.33,489.98,0.942422
2077,576,2483,660.66,112.67,210.37,470.11,0.942297
2078,577,1900,134.65,246.22,193.58,156.05,0.979087
2079,577,19607,139.56,786.94,159.27,158.03,0.978438
2080,577,33009,517.42,791.47,384.15,210.79,0.97094
2081,577,16551,538.7,70.15,351.12,423.17,0.96604
2082,578,1900,641.21,859.16,207.1,165.97,0.97788
2083,578,16551,50.83,723.72,376.72,452.54,0.975328
2084,578,33009,87.42,255.92,366.29,208.57,0.964218
2085,578,19607,662.61,333.34,154.5,150.55,0.963019
2086,579,1900,151.32,256.28,198.88,155.64,0.980063
2087,579,16551,568.79,79.17,358.54,434.34,0.970955
2088,579,19607,171.34,822.77,158.52,153.69,0.949607
2089,579,33009,548.52,836.34,372.66,199.99,0.94878
2090,58,19861,92.55,825.93,225.65,176.1,0.972047
2091,58,3483,572.87,835.11,263.09,233.8,0.96979
2092,58,34597,40.53,52.07,385.95,462.7,0.967488
2093,58,35206,555.72,92.07,276.88,367.02,0.870614
2094,581,1900,644.47,853.54,203.91,172.6,0.974951
2095,581,33009,88.36,254.42,365.94,209.48,0.967122
2096,581,24850,643.46,206.28,181.01,273.94,0.95054
2097,581,16548,102.42,905.65,244.82,239.51,0.91854
2098,583,19552,468.32,635.25,331.76,488.88,0.966465
2099,583,2483,67.26,692.5,258.4,468.69,0.955659
2100,583,13395,114.21,80.53,230.94,476.64,0.900839
2101,584,13395,601.58,685.04,254.07,505.41,0.972003
2102,584,19552,146.66,119.23,320.85,480.17,0.96444
2103,584,2483,603.31,94.57,259.69,451.42,0.960025
2104,586,25469,52.55,786.61,345.1,302.83,0.983122
2105,586,3483,574.27,809.66,281.01,193.49,0.973269
2106,586,28763,146.7,199.22,208.12,197.52,0.960811
2107,586,36637,644.61,170.03,169.84,248.88,0.953262
2108,587,25469,573.71,183.49,325.47,291.4,0.98502
2109,587,3483,124.29,272.2,273.66,187.4,0.969428
2110,587,36637,130.79,830.56,181.33,261.49,0.969428
2111,587,28763,612.01,856.61,223.75,215.76,0.951444
2112,588,25469,89.88,828.4,338.05,305.94,0.983995
2113,588,3483,601.74,846.27,279.11,187.13,0.979253
2114,588,28763,164.51,206.51,211.68,204.21,0.967271
2115,588,36637,675.8,172.2,171.91,254.5,0.965578
2116,589,3483,600.93,868.49,257.23,229.16,0.97281
2117,589,19861,127.06,864.51,221.44,167.43,0.963903
2118,589,25367,27.39,109.28,346.53,500.09,0.956926
2119,589,16262,639.03,177.7,243.06,230.47,0.956592
2120,591,19861,636.76,276.91,222.74,171.2,0.969381
2121,591,3483,148.52,219.1,249.5,222.48,0.963842
2122,591,25367,626.98,642.97,346.2,507.76,0.961613
2123,591,16262,96.15,851.09,252.86,241.98,0.955965
2124,592,19861,638.83,277.11,222.03,171.35,0.971612
2125,592,3483,148.87,218.08,250.55,221.67,0.966859
2126,592,29667,119.65,845.1,229.21,225.87,0.961208
2127,592,28763,647.4,901.28,222.81,215.93,0.953232
2128,593,29667,610.34,194.57,217.8,214.33,0.97848
2129,593,19861,90.38,825.71,225.8,175.95,0.973691
2130,593,3483,571.23,835.6,262.06,233.75,0.970189
2131,593,28763,115.56,160.02,205.39,196.51,0.936884
2132,594,29667,639.09,200.47,223.18,215.38,0.9858
2133,594,3483,598.82,869.84,257.93,229.7,0.972696
2134,594,19861,125.48,864.09,220.68,167.96,0.961134
2135,594,28763,130.4,164.26,212.7,201.55,0.953766
2136,595,32310,111.15,216.49,247.1,342.55,0.96067
2137,595,3351,397.42,864.78,192.8,194.13,0.950022
2138,595,16232,650.85,289.16,190.02,189.28,0.944688
2139,596,32310,577.24,614.52,263.23,372.79,0.972488
2140,596,3351,350.77,163.48,181.49,181.41,0.963429
2141,596,16232,80.7,734.06,196.73,196.29,0.963009
2142,598,33880,550.43,191.44,303.91,418.38,0.991972
2143,598,36637,171.98,333.6,181.96,254.76,0.964514
2144,598,3351,402.02,873.66,189.18,192.34,0.948491
2145,60,19861,636.65,276.7,222.65,171.2,0.972099
2146,60,34597,543.42,693.66,415.38,483.71,0.971784
2147,60,3483,148.29,219.41,250.16,220.93,0.962136
2148,60,35206,109.04,774.76,296.28,388.32,0.941488
2149,600,33880,114.21,680.78,310.38,436.84,0.989527
2150,600,36637,625.2,722.03,182.91,258.67,0.974594
2151,600,3351,387.23,225.73,183.6,182.61,0.920235
2152,601,31885,499.6,637.18,455.98,478.74,0.976752
2153,601,27733,567.26,260.16,298.41,265.52,0.9713
2154,601,3483,125.26,306.68,268.94,203.12,0.968038
2155,601,16262,149.89,803.86,250.72,241.66,0.967238
2156,602,3483,579.2,756.85,273.55,212.63,0.973038
2157,602,31885,36.56,109.42,445.22,472.92,0.957354
2158,602,16262,563.32,216.54,239.22,230.27,0.956762
2159,602,27733,85.98,722.51,324.3,280.96,0.801997
2160,603,3483,606.94,791.07,273.05,208.02,0.969144
2161,603,31885,51.01,137.94,456.34,470.15,0.966922
2162,603,16262,590.33,226.79,245.55,230.44,0.948725
2163,603,27733,123.36,768.78,313.55,274.85,0.936993
2164,605,3483,592.74,845.5,281.56,170.7,0.976137
2165,605,28763,145.23,248.7,214.2,202.22,0.963328
2166,605,36637,642.99,207.89,190.81,248.51,0.944307
2167,605,28763,98.76,853.19,215.96,204.8,0.923438
2168,608,33880,50.15,614.73,315.88,435.53,0.980782
2169,608,3351,339.11,192.2,186.84,188.24,0.95739
2170,608,29667,587.85,722.64,233.13,230.6,0.951277
2171,610,3483,562.68,810.46,282.53,176.99,0.985108
2172,610,34597,0.0,106.02,392.14,446.47,0.962398
2173,610,16232,618.7,221.09,189.19,183.35,0.961818
2174,610,28763,63.54,810.97,217.35,209.0,0.957581
2175,611,3483,132.48,288.91,276.53,172.73,0.983754
2176,611,16232,143.47,845.62,195.5,193.07,0.964582
2177,611,28763,677.27,255.83,213.42,197.49,0.961184
2178,611,34597,579.29,654.56,396.71,460.27,0.960005
2179,612,3483,590.51,845.72,281.33,171.17,0.976489
2180,612,34597,0.0,135.6,417.61,442.94,0.970781
2181,612,16232,648.54,230.35,192.4,181.33,0.967815
2182,612,28763,97.06,851.74,216.27,205.14,0.928479
2183,614,22074,635.23,725.97,184.59,193.03,0.967225
2184,614,19232,165.61,652.75,240.82,359.91,0.965879
2185,614,3351,345.35,152.59,186.69,188.89,0.956091
2186,615,22074,674.47,820.24,182.07,186.48,0.98256
2187,615,19232,210.31,755.86,234.28,353.48,0.965694
2188,615,3351,388.52,213.09,184.97,181.59,0.937067
2189,616,19861,636.95,276.27,222.6,171.6,0.967261
2190,616,3483,147.62,218.95,250.02,221.57,0.965239
2191,616,16232,145.26,898.1,194.47,192.4,0.959002
2192,616,28763,627.91,886.98,224.53,214.01,0.943151
2193,617,3483,601.17,869.2,257.71,230.03,0.979225
2194,617,19861,127.2,864.58,221.68,167.98,0.962424
2195,617,28763,148.21,179.13,211.52,200.41,0.961653
2196,617,16232,647.57,175.5,188.56,184.4,0.949623
2197,618,19861,91.35,826.23,226.41,175.82,0.973086
2198,618,3483,573.32,835.09,263.05,234.22,0.964739
2199,618,28763,132.34,172.98,208.53,195.81,0.958905
2200,618,16232,618.1,172.72,185.05,180.34,0.949187
2201,62,18147,91.51,547.32,283.07,422.09,0.960523
2202,62,36637,541.34,650.62,206.42,254.23,0.959446
2203,62,3351,324.81,155.47,184.68,189.26,0.923766
2204,620,22362,79.96,76.68,252.43,390.36,0.976825
2205,620,2483,82.51,640.02,200.57,491.41,0.959061
2206,620,12778,547.11,638.22,297.01,511.19,0.425522
2207,621,22362,608.14,778.91,252.3,407.82,0.982759
2208,621,2483,649.23,78.92,197.54,488.86,0.976372
2209,621,12778,95.06,58.73,299.23,505.53,0.847579
2210,622,3351,395.9,890.09,191.53,191.54,0.957064
2211,622,41768,128.06,294.54,258.84,293.81,0.956184
2212,622,22074,611.28,288.76,186.0,191.17,0.885771
2213,623,22074,126.83,746.18,187.31,193.92,0.984106
2214,623,3351,349.63,147.24,187.47,190.24,0.950294
2215,623,41768,556.43,632.93,267.88,305.51,0.94898
2216,624,22074,170.03,838.5,183.96,185.86,0.980265
2217,624,41768,595.54,720.11,266.25,310.74,0.960494
2218,624,3351,393.42,206.89,185.46,184.6,0.94947
2219,625,3483,125.05,306.25,268.84,203.75,0.971695
2220,625,27733,565.69,259.78,299.87,266.19,0.968569
2221,625,16262,149.79,803.89,251.12,242.03,0.967237
2222,625,30308,500.49,697.72,420.35,400.1,0.926245
2223,627,3483,579.22,756.99,273.69,212.9,0.97106
2224,627,30308,74.13,148.55,399.36,377.89,0.968913
2225,627,16262,563.17,216.79,239.17,229.4,0.958708
2226,627,27733,85.96,723.54,324.29,280.01,0.833344
2227,628,27733,566.56,260.08,299.4,265.95,0.966895
2228,628,3483,124.82,305.85,269.4,203.64,0.964977
2229,628,22347,678.01,850.71,213.11,209.96,0.959636
2230,628,16232,142.17,890.1,196.04,193.65,0.958346
2231,632,25438,549.16,180.36,247.58,254.52,0.974794
2232,632,2483,64.45,663.41,206.53,485.88,0.970765
2233,632,13395,118.29,78.96,229.11,483.2,0.887576
2234,632,12778,498.89,599.3,301.12,514.24,0.80092
2235,633,13395,598.41,677.0,251.19,512.55,0.971224
2236,633,25438,129.07,847.95,259.67,267.32,0.967948
2237,633,2483,653.03,100.26,194.99,469.78,0.960878
2238,633,12778,138.56,132.73,294.98,497.52,0.931024
2239,635,3544,182.28,197.59,204.01,199.66,0.975191
2240,635,4543,610.54,153.35,204.65,200.16,0.956218
2241,635,16548,69.35,752.08,240.59,233.8,0.943396
2242,635,28763,614.76,791.44,170.58,220.65,0.414387
2243,636,3544,582.34,857.83,216.82,213.96,0.969826
2244,636,4543,132.45,904.94,214.31,212.87,0.96402
2245,636,16548,651.96,279.62,232.27,224.17,0.903801
2246,637,3743,74.25,813.53,331.08,326.9,0.972234
2247,637,2483,595.8,120.88,287.08,438.06,0.968948
2248,637,13395,614.88,689.55,236.94,516.58,0.957621
2249,637,12778,56.89,195.31,468.88,340.04,0.550742
2250,638,13395,604.47,689.37,235.48,497.49,0.974749
2251,638,2483,604.31,78.6,285.05,456.03,0.963562
2252,638,3743,73.47,800.18,324.28,320.89,0.952009
2253,64,20014,588.86,267.28,339.71,320.67,0.95868
2254,64,29667,153.1,277.23,229.15,223.74,0.956348
2255,64,3351,396.7,887.31,190.61,191.61,0.949232
2256,640,20238,95.31,299.87,227.5,220.63,0.98209
2257,640,3832,481.52,281.33,402.07,348.93,0.964923
2258,640,3351,405.2,916.55,191.18,193.4,0.949589
2259,641,20238,616.65,708.05,234.41,230.96,0.975123
2260,641,3832,40.26,576.82,404.71,347.62,0.965278
2261,641,3351,341.74,125.46,185.75,185.39,0.96238
2262,644,2483,57.32,645.54,212.13,489.35,0.967643
2263,644,3743,485.34,123.03,311.92,300.82,0.967518
2264,644,13395,74.79,81.74,233.32,489.53,0.958263
2265,646,3483,171.99,279.06,260.65,212.9,0.973753
2266,646,34597,400.68,634.28,460.07,428.63,0.968476
2267,646,36637,129.56,828.95,193.02,256.44,0.958271
2268,646,27777,638.74,294.11,174.1,198.43,0.957092
2269,647,34597,144.64,190.62,448.38,414.33,0.964911
2270,647,27777,180.03,812.67,172.79,200.68,0.96414
2271,647,3483,565.89,813.91,263.98,218.56,0.956455
2272,647,36637,664.71,178.84,186.43,249.57,0.955741
2273,648,27777,145.94,775.58,178.36,205.8,0.972458
2274,648,34597,127.03,156.63,439.63,421.81,0.972094
2275,648,3483,536.76,777.37,267.35,224.85,0.961104
2276,648,36637,634.32,176.35,183.7,244.43,0.94166
2277,65,20014,4.77,634.18,336.79,343.23,0.961009
2278,65,3351,349.56,152.83,185.79,187.51,0.943463
2279,65,29667,557.35,728.4,232.9,231.1,0.934076
2280,650,36637,562.67,826.19,271.07,164.62,0.982317
2281,650,32310,0.0,708.27,308.11,310.52,0.960608
2282,650,3351,368.45,177.15,181.8,185.0,0.955123
2283,652,1900,124.98,260.18,201.29,147.02,0.978535
2284,652,16551,561.9,65.22,286.77,463.91,0.961901
2285,652,24850,115.08,841.3,300.15,171.74,0.933713
2286,652,29345,592.04,699.34,267.91,451.43,0.74426
2287,653,1900,646.42,857.26,209.52,155.66,0.974528
2288,653,16551,92.74,691.81,307.68,491.59,0.968084
2289,653,24850,544.96,265.89,294.49,164.93,0.920183
2290,653,29345,123.12,128.79,256.98,421.94,0.874075
2291,654,1900,142.24,269.03,202.89,147.48,0.971713
2292,654,16551,591.63,75.94,293.36,471.66,0.960389
2293,654,24850,150.67,880.7,294.96,162.43,0.9176
2294,654,29345,618.45,734.07,265.41,450.25,0.41525
2295,656,16551,540.88,180.66,407.92,385.75,0.974533
2296,656,3544,150.62,189.49,207.32,202.32,0.974219
2297,656,28763,630.87,850.92,219.06,135.21,0.961919
2298,658,1900,168.11,249.22,181.44,177.74,0.964869
2299,658,29451,493.98,821.41,405.19,264.48,0.96351
2300,658,16551,631.56,10.16,284.56,482.69,0.961256
2301,659,16551,600.67,9.32,278.24,468.82,0.955325
2302,659,29451,465.26,782.77,408.8,271.79,0.952981
2303,659,1900,149.5,239.4,180.86,179.68,0.94255
2304,66,20014,36.06,717.45,344.15,340.62,0.970086
2305,66,29667,597.78,818.97,228.66,223.4,0.949494
2306,66,3351,392.96,210.17,184.08,184.08,0.932725
2307,660,1900,644.18,846.63,187.33,187.89,0.96863
2308,660,29451,115.22,214.91,391.41,261.85,0.965787
2309,660,16551,62.03,740.99,295.55,507.05,0.943686
2310,661,31863,180.07,302.6,202.73,207.61,0.98839
2311,661,16232,687.19,293.69,189.83,188.26,0.962968
2312,661,3351,376.65,878.17,189.66,192.04,0.930217
2313,662,31863,554.84,726.27,208.48,211.55,0.990163
2314,662,16232,42.52,745.94,196.58,189.88,0.970742
2315,662,3351,369.53,160.14,185.34,190.07,0.947038
2316,664,20877,541.99,292.22,331.5,240.59,0.97533
2317,664,3483,142.17,291.77,212.01,257.31,0.97515
2318,664,36637,166.15,799.9,190.6,257.67,0.964113
2319,664,28763,629.33,874.23,223.92,213.5,0.953878
2320,665,3483,624.32,716.71,210.17,269.28,0.980201
2321,665,20877,85.84,725.59,331.67,242.04,0.979339
2322,665,36637,605.0,203.21,178.43,244.07,0.961126
2323,665,28763,131.53,185.3,209.79,198.98,0.951331
2324,667,25438,121.44,820.41,255.29,255.99,0.984916
2325,667,12081,649.56,701.4,238.18,447.95,0.975608
2326,667,2483,570.67,116.41,303.19,449.33,0.963295
2327,667,12778,26.39,144.61,469.39,278.33,0.78869
2328,668,12081,64.94,118.15,226.53,426.07,0.97992
2329,668,25438,554.56,195.02,247.58,253.43,0.979332
2330,668,2483,66.38,649.99,307.01,452.03,0.946036
2331,670,25469,572.7,183.72,326.0,291.77,0.976937
2332,670,3483,123.31,272.46,273.77,188.68,0.968487
2333,670,35206,136.73,727.07,243.83,411.74,0.961553
2334,670,22347,682.18,846.94,213.44,208.71,0.949476
2335,672,25469,90.12,829.16,336.25,302.97,0.983361
2336,672,35206,615.12,119.8,229.41,401.76,0.975441
2337,672,3483,602.37,845.65,279.15,186.4,0.975061
2338,672,22347,105.81,223.31,205.82,198.96,0.94294
2339,674,27926,599.64,159.78,256.92,449.09,0.979505
2340,674,1900,632.22,893.96,211.65,134.09,0.968066
2341,674,16548,152.38,890.19,241.69,240.53,0.939834
2342,675,27926,95.36,617.51,267.24,479.47,0.971125
2343,675,1900,139.31,239.94,199.81,127.6,0.969065
2344,675,16548,565.63,135.38,229.99,225.56,0.894779
2345,677,1900,140.99,240.27,199.81,127.54,0.978014
2346,677,27926,571.02,628.13,259.32,490.4,0.970915
2347,677,16551,615.63,14.26,297.08,453.88,0.964194
2348,679,13395,598.3,706.06,221.97,463.75,0.967312
2349,679,2483,608.36,86.39,211.83,473.36,0.945775
2350,679,12778,136.76,161.18,334.94,470.01,0.943419
2351,68,3483,169.92,279.61,261.78,213.27,0.975338
2352,68,30308,509.3,768.93,447.28,369.83,0.970428
2353,68,27777,637.88,293.08,174.65,198.14,0.953773
2354,68,16232,153.68,825.35,190.66,193.98,0.950822
2355,680,2483,84.35,675.29,229.96,479.71,0.954103
2356,680,13395,142.41,108.19,206.49,437.14,0.780225
2357,681,2483,613.92,51.52,223.26,483.35,0.962376
2358,681,12778,137.08,130.0,331.99,469.44,0.947417
2359,681,13395,593.22,701.05,207.72,447.54,0.90903
2360,684,29345,580.14,721.78,318.52,421.24,0.980283
2361,684,16551,530.16,85.86,361.68,435.39,0.955272
2362,684,1900,181.65,266.94,128.72,198.25,0.945842
2363,685,25438,118.54,818.74,255.91,255.82,0.980434
2364,685,12081,645.16,703.31,238.15,447.84,0.969219
2365,685,2483,573.5,117.55,299.94,450.82,0.961084
2366,688,3483,579.32,756.95,273.72,212.87,0.970906
2367,688,34597,100.41,182.45,454.57,404.65,0.96543
2368,688,20238,612.81,186.19,222.96,214.78,0.964059
2369,688,27733,86.14,722.0,324.11,281.38,0.810744
2370,692,3483,132.76,288.56,274.96,172.79,0.984757
2371,692,35206,105.72,687.19,205.41,419.16,0.97504
2372,692,28763,676.97,256.07,213.27,197.58,0.963453
2373,692,22347,658.13,836.1,212.92,207.48,0.952754
2374,694,19232,503.41,239.43,326.49,252.69,0.979778
2375,694,35206,156.72,278.13,257.09,389.95,0.97206
2376,694,3351,402.32,849.17,189.0,190.96,0.951439
2377,697,18357,603.1,203.5,239.43,340.53,0.982019
2378,697,38162,141.19,260.61,223.98,266.57,0.966721
2379,697,3351,401.62,853.71,192.23,192.11,0.948112
2380,698,18357,79.86,631.56,247.74,371.25,0.974419
2381,698,38162,572.8,679.15,240.33,282.16,0.97088
2382,698,3351,342.47,174.05,185.66,183.67,0.966846
2383,70,1900,632.46,898.09,209.05,156.05,0.976007
2384,70,29451,45.4,233.12,406.9,227.48,0.944673
2385,70,24850,643.67,258.24,194.24,269.4,0.936132
2386,70,16551,49.27,708.03,298.88,499.14,0.932543
2387,700,19861,91.84,825.91,227.29,176.5,0.973781
2388,700,30308,76.13,131.75,377.84,393.85,0.973196
2389,700,3483,573.4,834.65,262.4,234.07,0.970066
2390,700,16232,618.05,172.69,184.13,180.91,0.94363
2391,701,30308,88.54,148.68,389.3,403.94,0.976102
2392,701,3483,600.68,868.7,258.14,228.8,0.970914
2393,701,19861,127.41,863.5,221.7,168.7,0.963732
2394,701,16232,647.1,175.79,188.13,184.76,0.93627
2395,702,30308,517.83,696.03,398.19,414.71,0.973526
2396,702,19861,636.85,277.09,222.19,170.97,0.969497
2397,702,16232,146.09,898.39,194.32,192.2,0.959475
2398,702,3483,147.73,218.89,250.48,221.61,0.956174
2399,705,29667,638.69,205.41,224.04,215.03,0.980674
2400,705,3483,592.81,872.05,256.71,231.15,0.974036
2401,705,19861,119.84,864.13,221.69,167.74,0.960559
2402,705,22347,121.98,200.21,205.62,197.9,0.953114
2403,706,13395,601.98,686.59,253.68,504.43,0.974121
2404,706,2483,604.51,94.09,258.76,452.15,0.963835
2405,706,12778,72.98,116.19,340.57,491.69,0.962008
2406,707,12778,533.3,630.18,356.85,492.3,0.966056
2407,707,2483,67.81,690.04,257.57,471.35,0.956193
2408,707,13395,113.51,79.84,232.13,478.18,0.911057
2409,708,12778,67.26,85.13,353.09,485.37,0.971577
2410,708,2483,614.33,51.45,253.4,469.52,0.96974
2411,708,13395,597.72,680.99,235.32,494.26,0.964547
2412,710,3483,579.05,756.62,274.55,213.57,0.975861
2413,710,16262,562.44,215.65,240.92,230.35,0.947436
2414,710,28763,158.91,234.42,209.09,199.8,0.946852
2415,710,27733,85.87,723.03,325.27,280.6,0.849522
2416,712,13395,638.45,676.44,245.83,515.04,0.982188
2417,712,2483,627.79,109.1,225.68,461.73,0.948581
2418,712,12778,107.14,101.88,290.34,539.8,0.945563
2419,713,2483,82.82,658.43,216.72,488.5,0.964664
2420,713,13395,81.72,79.09,233.51,489.42,0.961735
2421,713,12778,549.21,594.46,284.44,524.19,0.928811
2422,714,13395,634.15,673.77,231.2,499.66,0.977391
2423,714,2483,639.87,68.18,214.02,478.93,0.972502
2424,714,12778,107.8,85.3,286.05,522.81,0.958076
2425,716,12081,610.3,711.55,241.71,471.19,0.984386
2426,716,3743,119.48,796.97,328.64,328.56,0.972396
2427,716,19552,98.62,136.8,316.35,490.99,0.964477
2428,716,2483,585.64,110.34,230.26,462.1,0.959301
2429,717,12081,111.12,110.09,225.2,428.03,0.981345
2430,717,19552,525.83,607.72,319.05,491.58,0.971415
2431,717,2483,86.71,664.5,250.27,473.77,0.967263
2432,717,3743,496.07,167.4,308.96,299.47,0.964142
2433,719,1900,123.09,262.9,200.11,145.76,0.981051
2434,719,21771,90.48,809.65,194.61,191.18,0.966453
2435,719,16548,553.07,183.22,231.42,224.94,0.909209
2436,719,29345,597.96,694.73,269.71,450.25,0.562069
2437,72,1900,157.23,224.27,204.87,150.15,0.981652
2438,72,29451,548.78,842.85,412.26,222.29,0.968956
2439,72,16551,643.89,46.52,287.55,483.53,0.951452
2440,72,24850,151.16,774.84,195.81,278.27,0.929944
2441,720,21771,674.87,287.43,187.31,181.53,0.97928
2442,720,1900,648.14,856.51,209.0,154.73,0.973676
2443,720,16548,165.53,839.59,241.17,239.97,0.913212
2444,720,29345,114.4,133.77,260.25,422.72,0.838254
2445,721,3483,579.67,756.88,273.83,212.32,0.970574
2446,721,31885,68.43,161.79,447.5,465.39,0.958165
2447,721,35206,570.04,118.98,251.07,379.54,0.865516
2448,721,27733,86.62,721.45,324.38,282.53,0.750513
2449,724,3544,132.87,177.96,203.51,198.83,0.984302
2450,724,16548,107.18,735.86,237.27,233.76,0.934274
2451,725,3544,636.15,884.69,213.69,212.83,0.980609
2452,725,16548,617.96,300.85,231.8,225.5,0.913875
2453,725,29345,142.13,147.92,264.95,422.03,0.624232
2454,726,3544,148.98,181.81,208.02,203.18,0.983021
2455,726,16548,140.21,775.57,235.91,227.5,0.94404
2456,727,3483,575.07,808.72,280.99,193.06,0.974206
2457,727,25367,36.31,153.83,406.25,447.2,0.966429
2458,727,25469,15.85,811.27,379.82,223.06,0.963829
2459,727,16232,602.18,213.29,183.71,182.54,0.957238
2460,728,3483,603.16,845.29,278.64,185.78,0.979548
2461,728,25367,51.9,174.0,418.55,452.29,0.973733
2462,728,25469,53.07,856.4,372.51,216.41,0.971897
2463,728,16232,630.93,218.94,187.78,187.41,0.961754
2464,73,3544,72.23,200.52,203.2,199.28,0.984541
2465,73,16551,524.18,71.85,350.11,423.46,0.964976
2466,73,12247,591.99,848.53,214.66,128.23,0.955577
2467,731,3544,102.29,160.16,202.1,199.59,0.986612
2468,731,4543,610.38,141.86,204.87,199.21,0.965206
2469,731,16548,119.66,769.46,237.93,232.09,0.949469
2470,732,3544,668.34,898.58,215.56,213.77,0.98395
2471,732,4543,131.0,916.48,215.04,212.38,0.96871
2472,732,16548,607.21,266.35,230.01,222.11,0.92524
2473,738,1900,89.14,259.57,199.78,126.02,0.976395
2474,738,16551,584.04,89.57,289.69,460.92,0.956536
2475,740,1900,643.65,828.25,169.49,201.93,0.973396
2476,740,19607,657.13,272.16,155.11,149.95,0.970128
2477,740,16548,119.56,804.37,241.22,235.98,0.897377
2478,740,29345,125.86,129.7,257.8,421.22,0.872107
2479,742,25438,568.13,185.98,245.5,254.52,0.966402
2480,742,2483,83.8,672.35,250.42,473.03,0.957676
2481,742,13395,79.09,104.67,216.34,438.55,0.925759
2482,742,12778,563.01,536.47,283.97,529.63,0.64747
2483,743,25438,109.62,829.75,255.4,253.72,0.961162
2484,743,2483,607.48,70.67,251.4,469.46,0.945646
2485,743,13395,644.94,708.43,212.92,445.91,0.90546
2486,745,32310,118.94,178.45,220.99,362.72,0.960956
2487,745,3351,350.42,893.0,194.29,192.76,0.96042
2488,745,16262,657.56,272.08,242.52,229.61,0.940865
2489,747,3351,436.94,193.04,183.65,182.31,0.948199
2490,747,16262,60.37,797.74,244.89,237.72,0.945917
2491,747,32310,639.32,734.02,228.33,391.85,0.924663
2492,75,3544,89.42,209.06,207.57,202.23,0.984394
2493,75,16551,552.57,80.81,357.06,433.35,0.968394
2494,75,12247,619.53,880.29,210.77,124.84,0.945906
2495,750,1900,686.96,806.18,131.08,207.37,0.972984
2496,750,29345,583.29,131.72,276.76,410.33,0.970947
2497,750,16548,146.86,787.71,241.63,238.66,0.900619
2498,752,3544,92.94,196.29,202.81,199.86,0.985722
2499,752,16548,558.78,138.08,229.42,223.8,0.893968
2500,752,27993,551.08,776.7,306.11,241.28,0.878971
2501,754,29667,625.84,760.52,229.34,223.04,0.967896
2502,754,3832,88.35,653.38,372.3,377.31,0.966423
2503,754,3351,373.46,197.73,183.39,182.17,0.9614
2504,756,3832,512.97,252.78,364.09,382.7,0.980539
2505,756,3351,417.68,891.2,188.45,190.24,0.959703
2506,756,29667,126.28,319.28,225.94,225.68,0.949311
2507,758,19861,638.38,277.48,222.69,171.43,0.97295
2508,758,31885,564.02,656.77,338.18,552.66,0.972233
2509,758,3483,147.74,218.88,251.54,221.86,0.971189
2510,758,36637,94.73,904.47,271.85,164.88,0.970187
2511,759,19861,90.54,825.5,226.56,176.39,0.971468
2512,759,31885,79.0,28.39,322.65,530.89,0.969052
2513,759,3483,571.29,835.94,262.64,233.86,0.966107
2514,759,36637,592.0,195.07,257.4,154.56,0.959598
2515,760,33208,654.96,801.99,215.62,206.24,0.978542
2516,760,29345,88.16,707.46,289.64,445.24,0.97524
2517,760,1900,159.44,257.94,126.67,199.97,0.970557
2518,760,16548,580.28,202.2,233.82,226.66,0.904775
2519,761,33208,682.7,835.98,213.76,201.7,0.974768
2520,761,29345,126.58,751.44,281.65,436.85,0.961021
2521,761,1900,179.18,267.69,128.17,199.27,0.952374
2522,761,16548,608.71,210.32,240.57,227.43,0.92391
2523,763,27733,566.59,260.34,298.86,264.84,0.972155
2524,763,20238,112.12,853.84,232.92,228.17,0.969232
2525,763,3483,124.85,306.46,269.75,204.5,0.968662
2526,763,31885,498.4,641.49,458.69,481.39,0.963975
2527,764,20238,642.56,191.39,227.11,216.0,0.977341
2528,764,31885,50.36,132.77,459.13,470.52,0.969982
2529,764,3483,606.75,790.76,273.43,208.53,0.964851
2530,764,27733,123.3,768.8,313.63,275.15,0.931561
2531,766,20877,544.56,292.52,329.1,239.51,0.972604
2532,766,3483,144.12,289.41,209.96,256.79,0.970983
2533,766,34597,568.27,731.33,407.73,473.12,0.963868
2534,766,36637,166.17,798.49,191.58,257.45,0.962853
2535,768,20877,85.19,724.86,331.3,243.54,0.980527
2536,768,3483,622.8,717.17,211.73,271.0,0.979659
2537,768,34597,7.99,17.87,398.7,461.93,0.968995
2538,768,36637,602.75,203.85,180.89,244.72,0.954308
2539,772,33208,639.57,878.59,209.85,201.39,0.977592
2540,772,1900,105.23,269.64,202.96,123.64,0.966303
2541,772,16551,554.26,80.43,288.85,477.88,0.959448
2542,773,1900,89.1,259.8,199.75,125.77,0.980183
2543,773,33208,610.03,845.68,215.75,207.03,0.976715
2544,773,16551,527.94,71.41,281.14,468.17,0.955841
2545,778,3483,602.37,845.06,279.3,186.58,0.978193
2546,778,30308,85.05,168.37,404.01,401.22,0.974568
2547,778,25469,52.64,856.16,373.11,216.65,0.970612
2548,778,16232,631.39,219.15,187.36,186.59,0.955394
2549,779,30308,511.22,683.99,412.28,407.47,0.971519
2550,779,3483,123.95,272.44,272.64,189.5,0.970408
2551,779,16232,164.31,854.46,192.57,191.59,0.958939
2552,779,25469,568.87,232.86,373.76,215.68,0.958613
2553,780,30308,71.06,150.71,391.02,393.13,0.97652
2554,780,3483,574.88,808.31,281.53,193.91,0.971506
2555,780,25469,15.6,811.7,379.67,222.58,0.964812
2556,780,16232,602.05,213.09,183.98,182.22,0.96115
2557,782,22074,586.77,726.78,186.01,195.85,0.980022
2558,782,20014,9.27,623.73,349.51,343.4,0.969915
2559,782,3351,338.94,183.09,186.39,188.92,0.950529
2560,785,3483,132.67,288.54,274.78,172.22,0.981767
2561,785,35206,106.11,686.95,205.89,418.92,0.971347
2562,785,25367,531.9,692.76,401.23,489.96,0.967901
2563,785,28763,677.4,256.35,213.36,197.2,0.962059
2564,787,20238,112.68,856.44,229.68,227.72,0.975699
2565,787,19861,637.35,276.77,222.15,171.37,0.969769
2566,787,3483,148.08,219.44,250.05,221.45,0.962716
2567,787,34597,535.42,651.11,356.84,514.36,0.954584
2568,788,19861,92.27,825.86,226.33,176.57,0.972188
2569,788,3483,572.96,834.02,263.25,235.58,0.966726
2570,788,34597,100.93,60.08,337.91,493.37,0.966406
2571,788,20238,615.27,186.2,220.91,212.91,0.949106
2572,79,19232,503.0,239.84,327.07,251.89,0.982183
2573,79,3351,387.49,845.53,189.06,191.81,0.954878
2574,79,16262,126.89,298.75,245.21,233.69,0.948135
2575,797,27993,493.16,853.71,338.06,163.73,0.983811
2576,797,3544,147.03,191.2,203.08,198.5,0.971636
2577,797,4543,601.35,188.97,203.93,200.42,0.969963
2578,797,16551,43.32,526.63,305.18,475.82,0.961835
2579,798,3544,163.84,198.69,207.65,200.76,0.985468
2580,798,27993,523.19,890.1,334.06,156.97,0.980903
2581,798,16551,72.28,575.23,309.27,472.1,0.955603
2582,798,4543,629.71,191.95,209.28,202.01,0.94777
2583,799,3483,600.93,868.95,257.72,229.76,0.972592
2584,799,19861,126.94,864.6,222.11,167.9,0.962296
2585,799,28763,170.76,179.82,213.28,201.06,0.955463
2586,799,20238,644.57,188.66,226.79,216.68,0.942442
2587,8,3483,592.1,845.99,281.26,170.69,0.97532
2588,8,22347,130.85,219.86,204.74,198.53,0.972714
2589,8,20238,623.95,177.31,225.94,215.73,0.948265
2590,8,28763,98.73,853.32,215.7,204.48,0.912633
2591,80,19232,95.5,700.48,340.79,266.95,0.969261
2592,80,3351,359.55,193.55,184.88,189.71,0.95931
2593,80,16262,567.76,696.34,249.82,242.7,0.951508
2594,807,19861,642.21,277.46,223.59,171.68,0.973137
2595,807,29667,119.75,839.68,229.79,225.96,0.972524
2596,807,3483,156.44,214.79,248.24,222.58,0.968166
2597,807,25367,606.01,708.08,320.94,523.18,0.958163
2598,808,3544,107.78,206.7,209.4,202.03,0.989878
2599,808,16551,616.26,50.35,332.06,452.87,0.950499
2600,810,3544,92.93,198.61,204.18,198.18,0.969412
2601,810,16551,589.18,43.19,321.46,444.27,0.953528
2602,810,16232,603.0,786.25,179.29,252.26,0.360281
2603,815,20238,98.58,711.01,230.72,229.94,0.978915
2604,815,32310,523.31,610.05,274.37,361.94,0.969838
2605,815,3351,361.97,169.22,181.92,185.75,0.952136
2606,817,30308,95.58,155.74,384.23,421.54,0.977284
2607,817,3483,590.39,845.73,281.54,170.9,0.974627
2608,817,16232,649.31,230.8,191.21,181.19,0.962423
2609,817,28763,96.87,852.16,216.33,205.08,0.928984
2610,818,3483,132.15,288.89,276.64,171.94,0.97974
2611,818,30308,524.27,678.18,389.08,427.16,0.97624
2612,818,28763,677.58,256.4,212.88,197.71,0.969865
2613,818,16232,143.08,845.36,195.5,193.92,0.962385
2614,819,3483,562.83,810.24,282.94,176.89,0.985369
2615,819,30308,80.32,138.09,375.5,410.72,0.973791
2616,819,28763,63.62,810.68,217.96,209.47,0.95639
2617,819,16232,618.83,220.86,189.13,183.36,0.943775
2618,82,22362,605.13,735.11,277.1,419.63,0.96947
2619,82,2483,629.89,99.6,197.43,470.59,0.960319
2620,82,3743,123.76,838.77,330.39,333.53,0.954706
2621,82,19552,117.94,149.47,319.2,491.52,0.948436
2622,820,19552,488.47,645.72,331.32,482.97,0.960453
2623,820,3743,482.41,148.38,313.74,306.93,0.955997
2624,820,2483,91.39,690.1,209.97,485.6,0.948759
2625,820,13395,137.23,112.89,215.67,429.55,0.699629
2626,822,2483,622.1,74.5,193.68,465.65,0.977293
2627,822,3743,130.54,813.5,329.13,329.79,0.973876
2628,822,19552,126.58,115.56,325.59,476.4,0.969631
2629,822,13395,593.96,709.66,233.9,458.1,0.864999
2630,826,38162,175.37,206.28,253.62,258.36,0.964632
2631,826,18147,535.74,320.51,301.38,387.03,0.949369
2632,826,3351,407.27,860.85,191.43,193.38,0.944301
2633,828,38162,550.44,863.85,251.19,252.03,0.969835
2634,828,18147,126.1,571.26,308.14,411.6,0.965287
2635,828,3351,381.29,236.73,187.84,183.29,0.950765
2636,829,27777,145.8,776.35,178.0,205.3,0.974026
2637,829,3483,536.91,777.47,267.39,224.14,0.967912
2638,829,36637,636.91,177.06,180.75,243.68,0.956493
2639,829,28763,96.75,169.61,208.51,198.95,0.950716
2640,83,2483,91.81,658.47,204.88,492.39,0.978978
2641,83,22362,81.23,118.2,261.31,389.67,0.974869
2642,83,3743,490.72,129.53,310.88,299.21,0.968143
2643,83,19552,506.24,599.48,319.51,483.63,0.959377
2644,830,3483,171.79,279.01,260.46,213.25,0.976646
2645,830,36637,129.31,829.91,191.77,255.7,0.972315
2646,830,27777,639.67,292.03,173.37,197.71,0.967775
2647,830,28763,666.39,890.34,222.52,214.69,0.95495
2648,831,36637,666.57,179.27,184.52,248.93,0.969586
2649,831,27777,179.94,814.19,173.13,199.16,0.961589
2650,831,3483,566.26,813.61,264.22,217.37,0.960884
2651,831,28763,113.51,175.33,213.92,201.4,0.948081
2652,832,1900,624.21,889.98,204.77,136.19,0.974564
2653,832,16548,606.82,163.52,236.22,224.25,0.907587
2654,838,33208,587.57,799.32,216.18,206.08,0.979174
2655,838,1900,140.73,240.66,200.76,127.3,0.972586
2656,838,27926,88.34,617.54,272.33,481.3,0.968586
2657,838,16548,593.57,162.72,229.85,225.85,0.918988
2658,842,27733,565.09,260.22,301.04,265.9,0.968154
2659,842,3483,125.57,306.48,268.3,203.45,0.966456
2660,842,34597,468.33,669.63,466.52,426.15,0.963188
2661,842,16262,149.94,804.04,251.13,241.15,0.961557
2662,85,21771,149.92,848.93,193.8,191.95,0.977152
2663,85,29345,588.63,678.84,282.31,445.8,0.97488
2664,85,1900,162.3,256.64,126.43,199.72,0.963834
2665,85,16548,570.42,251.06,232.37,225.83,0.936319
2666,851,22362,604.96,734.55,276.57,419.76,0.968981
2667,851,12778,111.02,146.66,307.08,500.34,0.967701
2668,851,3743,123.21,837.28,331.0,334.05,0.953724
2669,851,2483,629.46,96.65,200.35,473.8,0.946266
2670,855,2483,621.59,73.32,195.24,467.78,0.980673
2671,855,3743,130.62,813.81,328.89,329.5,0.975323
2672,855,12778,89.1,134.71,303.93,523.46,0.950764
2673,855,13395,593.28,707.8,236.04,459.37,0.922695
2674,857,31863,575.42,744.38,206.69,213.3,0.99325
2675,857,3351,338.59,134.24,185.12,187.14,0.957385
2676,857,16262,91.18,679.09,247.96,244.99,0.948066
2677,858,31863,612.36,835.08,204.61,204.7,0.989957
2678,858,16262,135.76,769.57,243.75,236.44,0.947978
2679,858,3351,378.88,190.59,185.48,181.92,0.943515
2680,86,21771,619.14,250.91,186.43,181.43,0.978234
2681,86,29345,117.83,156.04,272.81,413.74,0.973196
2682,86,1900,683.44,807.81,131.79,206.61,0.957429
2683,86,16548,152.55,767.41,238.46,239.16,0.924532
2684,861,25438,122.19,832.77,261.37,267.57,0.973994
2685,861,12081,656.3,705.15,249.66,465.36,0.969967
2686,861,2483,566.0,156.79,303.16,426.94,0.965711
2687,861,19552,69.23,95.73,342.74,465.25,0.950691
2688,862,25469,89.88,828.86,335.4,303.09,0.98153
2689,862,3483,601.82,846.44,280.29,186.27,0.979372
2690,862,34597,79.39,132.06,444.73,418.58,0.963267
2691,862,36637,674.28,171.7,172.6,254.88,0.958931
2692,864,25469,52.73,785.81,345.15,303.06,0.985218
2693,864,3483,574.31,809.47,280.94,193.49,0.976472
2694,864,34597,63.46,100.82,436.15,428.05,0.971872
2695,864,36637,643.34,170.03,171.01,249.86,0.950208
2696,866,3832,475.16,560.69,390.63,369.86,0.958583
2697,866,16688,33.95,528.17,452.86,574.05,0.952758
2698,866,3351,306.98,172.76,184.66,189.66,0.952037
2699,867,16688,76.86,627.14,431.24,578.95,0.967183
2700,867,3832,521.01,657.09,384.75,362.69,0.959551
2701,867,3351,346.23,232.72,185.48,184.22,0.936887
2702,868,3483,590.21,845.98,281.48,170.44,0.977728
2703,868,16232,648.58,230.67,192.89,180.95,0.97095
2704,868,31885,29.02,60.22,415.54,506.55,0.964741
2705,868,28763,96.59,852.16,216.7,204.82,0.925494
2706,869,3483,562.91,811.0,282.89,176.61,0.986264
2707,869,31885,18.83,38.03,397.44,503.65,0.973247
2708,869,16232,618.99,221.29,189.1,183.12,0.955522
2709,869,28763,63.08,811.07,219.28,208.73,0.945264
2710,870,3483,132.96,287.75,275.85,173.55,0.982739
2711,870,28763,676.86,255.91,213.94,198.76,0.963663
2712,870,31885,564.09,675.37,411.91,518.28,0.962704
2713,870,16232,142.91,845.79,196.36,192.87,0.962673
2714,873,18147,624.01,668.96,279.32,423.15,0.974593
2715,873,16688,75.17,626.7,435.15,578.94,0.963534
2716,873,3351,344.07,224.35,183.23,182.66,0.931383
2717,874,20877,86.7,725.25,330.3,242.52,0.978042
2718,874,3483,624.02,716.77,211.09,269.44,0.977411
2719,874,31885,145.09,153.36,433.41,474.14,0.954556
2720,874,16232,627.05,220.42,186.95,183.91,0.934153
2721,875,3483,648.98,749.79,213.02,266.06,0.976542
2722,875,31885,161.38,180.66,450.72,477.82,0.966772
2723,875,20877,116.99,768.82,329.82,230.83,0.952563
2724,875,16232,655.52,231.1,192.43,178.94,0.94593
2725,878,3483,591.9,846.2,282.16,169.39,0.977554
2726,878,34597,77.08,123.23,337.94,496.02,0.972178
2727,878,36637,642.51,208.04,190.71,248.77,0.939365
2728,878,28763,98.71,852.44,215.34,204.89,0.892432
2729,879,3483,564.66,809.99,282.94,176.31,0.987107
2730,879,34597,60.35,93.36,329.87,498.25,0.969065
2731,879,36637,612.82,201.49,186.44,244.37,0.958136
2732,879,28763,63.98,810.82,220.67,209.94,0.954506
2733,88,1900,130.58,230.95,205.91,137.89,0.975402
2734,88,16551,606.11,50.39,287.82,481.67,0.946532
2735,88,29345,615.41,734.45,263.42,449.96,0.352832
2736,880,13395,67.35,93.91,233.33,478.29,0.973859
2737,880,2483,76.63,664.05,226.03,490.7,0.951098
2738,882,13395,645.66,668.17,233.38,496.45,0.984739
2739,882,2483,639.08,61.9,221.29,480.53,0.958139
2740,882,12778,130.83,89.4,300.94,509.18,0.939578
2741,883,3483,602.76,845.02,279.28,186.75,0.977058
2742,883,25469,52.77,856.79,373.12,216.14,0.970513
2743,883,16232,631.46,218.34,187.64,187.22,0.959716
2744,883,28763,143.17,230.78,214.13,203.73,0.955689
2745,886,31863,163.24,284.34,202.97,208.27,0.991582
2746,886,3351,409.72,892.69,189.51,190.63,0.961285
2747,886,35206,543.51,264.74,264.38,385.95,0.960882
2748,888,31863,610.6,835.99,203.41,203.56,0.990931
2749,888,35206,164.0,645.76,262.39,395.32,0.966668
2750,888,3351,380.02,206.27,185.03,183.46,0.93355
2751,889,20877,543.59,292.2,331.47,240.26,0.973968
2752,889,3483,142.63,290.98,211.02,257.5,0.972572
2753,889,16232,135.36,847.01,195.57,191.67,0.965575
2754,889,28763,710.26,888.38,221.56,212.18,0.958573
2755,89,1900,113.61,223.95,202.36,139.7,0.969413
2756,89,16551,580.67,44.12,276.74,465.26,0.947473
2757,89,29345,587.36,698.4,267.24,451.98,0.681671
2758,891,3483,623.72,717.48,210.96,269.51,0.982368
2759,891,20877,86.07,725.8,330.63,242.73,0.977274
2760,891,16232,626.91,220.71,187.53,183.15,0.951756
2761,891,28763,56.88,171.75,209.25,200.54,0.948591
2762,894,20877,84.87,724.93,330.9,242.8,0.982167
2763,894,3483,622.47,717.29,212.3,270.79,0.97735
2764,894,25367,28.47,28.13,408.63,440.09,0.967002
2765,894,36637,601.95,204.34,182.03,245.75,0.953075
2766,895,3544,92.42,221.32,203.94,199.47,0.981272
2767,895,16551,533.48,39.09,295.86,456.5,0.961676
2768,896,3544,108.24,232.24,209.94,201.25,0.971278
2769,896,16551,561.46,44.39,302.87,470.77,0.956258
2770,897,3544,676.57,834.76,214.63,212.32,0.97003
2771,897,16551,114.12,719.19,316.28,487.23,0.956416
2772,897,29667,677.36,285.78,176.17,170.77,0.264781
2773,898,3544,120.62,172.75,202.24,197.53,0.977528
2774,898,27926,570.81,584.22,255.35,482.39,0.968294
2775,898,12247,618.38,205.48,172.97,186.86,0.964628
2776,898,16548,73.81,778.08,238.64,233.12,0.931408
2777,9,3483,564.5,810.78,282.54,176.55,0.988018
2778,9,20238,595.71,174.28,220.4,212.91,0.954349
2779,9,28763,64.21,810.5,221.16,210.45,0.947148
2780,9,22347,115.32,211.06,197.67,195.14,0.926834
2781,90,1900,655.65,904.37,213.49,146.85,0.972285
2782,90,16551,88.37,706.71,293.2,498.02,0.95799
2783,90,29345,126.53,129.54,258.32,420.92,0.871837
2784,900,3544,135.19,177.25,208.14,201.91,0.988199
2785,900,12247,647.05,205.07,175.43,189.84,0.962178
2786,900,27926,598.72,627.11,244.73,480.58,0.95531
2787,900,16548,108.96,821.65,234.22,227.74,0.951986
2788,904,20238,642.94,191.22,226.35,215.46,0.979964
2789,904,3483,607.77,790.63,272.66,209.58,0.969754
2790,904,30308,159.79,59.24,288.55,469.44,0.967476
2791,904,27733,123.32,768.96,312.46,275.32,0.939224
2792,906,20238,112.3,853.76,232.53,228.5,0.971655
2793,906,27733,566.38,260.22,299.58,266.26,0.968787
2794,906,3483,125.39,306.39,268.58,203.98,0.968393
2795,906,30308,547.37,722.85,297.87,482.08,0.95074
2796,908,31863,576.02,744.82,205.8,212.98,0.992515
2797,908,20238,116.2,714.46,228.26,228.8,0.969444
2798,908,3351,304.48,192.49,184.9,190.33,0.964639
2799,91,1900,629.27,894.38,212.22,133.53,0.975142
2800,91,19607,689.27,300.07,157.34,150.44,0.9726
2801,91,27926,149.66,143.29,255.83,457.13,0.968286
2802,91,16548,123.44,865.63,241.44,238.1,0.895271
2803,910,3483,174.2,277.43,260.04,214.43,0.975977
2804,910,25367,509.99,701.67,451.29,437.05,0.973386
2805,910,29667,126.76,880.19,230.41,225.85,0.962395
2806,910,27777,641.06,295.15,172.94,198.23,0.960774
2807,912,29667,601.27,161.62,216.75,215.02,0.98136
2808,912,27777,142.92,774.9,179.39,204.72,0.975547
2809,912,25367,32.58,108.16,430.22,419.15,0.974115
2810,912,3483,534.7,778.48,268.99,225.5,0.968964
2811,914,35206,44.75,613.17,337.98,355.8,0.971818
2812,914,3351,368.84,123.8,185.41,188.8,0.962419
2813,914,13900,553.45,706.9,205.51,248.41,0.949722
2814,915,35206,84.71,708.36,336.1,350.57,0.962706
2815,915,13900,594.74,799.03,198.93,242.57,0.951308
2816,915,3351,410.68,180.53,186.15,183.3,0.949642
2817,916,3483,124.2,306.43,270.04,203.77,0.973703
2818,916,27733,566.49,260.42,299.54,266.36,0.96841
2819,916,25367,502.58,681.72,457.58,424.16,0.958003
2820,916,16232,142.15,890.1,196.59,194.03,0.951033
2821,919,27733,565.58,259.58,298.63,268.17,0.970576
2822,919,3483,123.18,307.59,269.16,204.27,0.970263
2823,919,30308,492.15,679.22,374.4,440.45,0.967442
2824,919,36637,100.35,883.96,267.79,175.77,0.943293
2825,920,30308,128.24,125.89,356.65,421.29,0.974608
2826,920,3483,580.34,755.88,274.93,212.7,0.968185
2827,920,36637,592.53,201.19,254.47,170.63,0.933228
2828,920,27733,87.81,722.86,322.94,281.99,0.777019
2829,923,20877,544.39,293.03,329.66,240.69,0.974577
2830,923,3483,143.88,290.13,211.26,258.08,0.972926
2831,923,25367,538.23,707.45,435.0,451.8,0.970008
2832,923,16262,108.77,837.08,249.79,241.74,0.954329
2833,925,34597,481.65,629.81,444.38,450.18,0.973202
2834,925,19861,637.18,276.73,222.03,171.3,0.968761
2835,925,16232,145.58,898.01,194.88,192.61,0.957455
2836,925,3483,148.35,218.96,250.16,221.85,0.955536
2837,927,19861,92.18,826.02,226.48,175.98,0.973785
2838,927,3483,573.03,834.94,262.94,234.21,0.964148
2839,927,34597,66.03,141.17,417.5,443.47,0.963953
2840,927,16232,617.69,172.86,184.11,180.96,0.934562
2841,929,31885,28.85,38.47,412.39,491.96,0.974419
2842,929,3483,575.03,808.9,281.08,193.4,0.971797
2843,929,25469,16.08,811.71,379.0,222.82,0.96465
2844,929,16232,602.23,212.88,183.96,183.09,0.961978
2845,930,3483,123.6,272.45,273.49,189.19,0.972143
2846,930,31885,535.04,686.05,433.79,513.4,0.966117
2847,930,16232,164.2,853.92,192.97,191.99,0.96194
2848,930,25469,569.59,232.44,372.71,215.78,0.960666
2849,931,29345,579.2,718.46,320.31,422.85,0.979391
2850,931,16551,481.91,240.86,480.09,265.24,0.964407
2851,931,1900,179.18,267.78,128.21,199.43,0.955032
2852,931,19607,165.94,917.85,159.72,155.18,0.870154
2853,932,29345,550.45,681.77,324.75,427.65,0.981649
2854,932,16551,456.72,221.49,471.62,267.12,0.981155
2855,932,1900,159.64,257.84,126.12,199.99,0.969801
2856,932,19607,130.43,885.15,162.76,159.57,0.90604
2857,933,29345,117.76,169.31,306.58,398.36,0.976453
2858,933,16551,22.0,733.28,487.43,280.15,0.973087
2859,933,1900,686.75,805.69,131.61,207.64,0.96831
2860,933,19607,666.92,250.69,156.56,154.06,0.914039
2861,936,13395,655.34,709.56,215.28,464.52,0.967114
2862,936,25438,110.94,841.64,259.79,267.2,0.959484
2863,936,2483,596.68,110.69,257.97,454.27,0.959245
2864,936,19552,116.59,191.04,309.27,493.85,0.949978
2865,937,2483,622.46,74.32,194.45,466.59,0.981799
2866,937,3743,130.94,813.91,328.71,329.12,0.974205
2867,937,13395,594.23,709.66,234.64,457.12,0.898778
2868,937,12778,126.02,101.98,292.11,524.77,0.578793
2869,938,3743,129.98,801.94,321.78,319.95,0.967717
2870,938,2483,631.61,31.67,196.32,482.6,0.960359
2871,938,13395,588.85,705.33,218.9,443.28,0.913075
2872,940,18147,202.88,225.48,215.42,415.02,0.967858
2873,940,3351,421.64,897.35,191.28,192.64,0.964204
2874,940,16232,643.3,321.62,189.51,191.48,0.959116
2875,941,16232,90.42,712.36,192.71,192.35,0.978273
2876,941,3351,324.97,141.59,185.59,190.14,0.948082
2877,941,18147,515.86,550.4,213.31,445.16,0.943387
2878,942,16232,132.77,799.74,190.95,189.58,0.966143
2879,942,3351,367.71,198.8,185.69,184.4,0.956953
2880,942,18147,558.95,641.98,211.05,445.39,0.952903
2881,945,20238,112.8,856.78,229.75,227.1,0.97785
2882,945,19861,636.73,276.71,221.75,171.32,0.967761
2883,945,3483,148.18,218.67,250.13,222.87,0.965707
2884,945,25367,625.14,641.94,316.66,519.36,0.932929
2885,947,3483,132.3,288.11,276.57,173.38,0.983857
2886,947,16232,142.64,846.05,195.86,191.51,0.964575
2887,947,28763,676.8,255.73,214.01,197.57,0.962485
2888,947,28763,592.91,886.04,223.26,215.15,0.952614
2889,948,3483,590.66,845.6,281.84,170.82,0.975296
2890,948,16232,649.63,230.83,191.5,181.03,0.9715
2891,948,28763,184.0,178.94,213.9,200.89,0.957665
2892,948,28763,96.9,853.28,217.02,203.96,0.920656
2893,949,20877,543.32,292.34,329.91,239.32,0.97489
2894,949,30308,503.45,725.52,418.71,398.45,0.971186
2895,949,3483,143.35,290.88,210.55,256.66,0.970452
2896,949,16262,108.21,837.81,249.03,239.66,0.954978
2897,95,29667,61.45,744.18,230.12,230.84,0.983727
2898,95,32310,499.03,720.69,382.52,236.43,0.96585
2899,95,3351,338.23,183.05,182.21,185.83,0.948321
2900,950,3483,622.98,717.77,211.29,269.57,0.979394
2901,950,20877,85.58,725.57,331.26,242.87,0.977535
2902,950,30308,73.35,118.2,396.88,385.73,0.976178
2903,950,16262,600.33,185.02,238.41,229.2,0.95953
2904,951,3483,648.0,750.74,213.97,265.47,0.979713
2905,951,30308,87.82,133.82,405.69,394.04,0.973827
2906,951,20877,116.87,768.76,329.68,231.74,0.966444
2907,951,16262,629.53,192.09,244.25,231.6,0.960649
2908,952,30308,559.21,649.32,391.87,430.1,0.978142
2909,952,3483,123.54,272.85,273.31,188.51,0.97505
2910,952,25469,569.86,232.57,372.81,215.67,0.95637
2911,952,16262,164.76,835.09,250.17,241.36,0.951246
2912,953,30308,47.9,159.59,367.53,414.95,0.975064
2913,953,3483,575.01,809.03,281.21,192.92,0.97466
2914,953,25469,16.32,811.99,379.05,222.59,0.960495
2915,953,16262,543.22,188.33,243.1,228.63,0.950049
2916,954,30308,62.58,182.51,383.0,422.84,0.982158
2917,954,3483,602.63,845.52,279.13,186.1,0.977809
2918,954,25469,52.62,856.62,372.28,216.43,0.974311
2919,954,16262,573.34,195.02,243.73,231.2,0.959653
2920,956,1900,159.04,249.58,203.22,124.4,0.97197
2921,956,27926,599.49,675.71,249.18,477.5,0.968071
2922,956,19607,142.58,862.89,158.62,153.76,0.947469
2923,956,16551,596.62,0.0,307.53,443.67,0.941483
2924,957,1900,629.19,894.04,212.4,133.79,0.974801
2925,957,19607,689.34,299.46,157.2,151.21,0.973188
2926,957,27926,149.94,143.34,255.04,456.17,0.965745
2927,957,16551,78.68,783.76,313.11,493.14,0.961732
2928,962,16551,625.71,108.33,278.7,469.37,0.959073
2929,962,29451,472.08,777.3,408.37,275.34,0.957089
2930,962,19607,143.1,847.36,159.84,159.79,0.955095
2931,962,1900,147.71,239.44,182.34,181.96,0.932238
2932,966,1900,655.91,904.16,213.3,146.52,0.966491
2933,966,16548,125.61,852.03,243.23,238.69,0.944506
2934,966,29345,126.25,129.39,258.72,421.7,0.764214
2935,967,29667,586.36,305.4,228.2,224.04,0.972191
2936,967,41768,126.34,302.78,258.58,295.58,0.957421
2937,967,3351,407.36,888.14,188.37,190.76,0.955561
2938,968,41768,559.69,622.93,265.7,306.62,0.960953
2939,968,29667,111.03,696.72,232.26,232.92,0.96004
2940,968,3351,340.39,154.89,185.91,189.64,0.948942
2941,97,29345,117.79,168.46,307.38,401.13,0.976483
2942,97,1900,686.42,806.53,131.8,206.95,0.969329
2943,97,19607,666.94,251.12,156.37,153.33,0.906417
2944,97,16548,99.98,820.37,241.44,238.59,0.894955
2945,972,1900,141.31,241.78,199.66,126.4,0.979011
2946,972,21771,126.48,774.79,192.37,189.3,0.978256
2947,972,27926,571.43,628.79,260.07,488.9,0.971955
2948,972,16551,571.66,14.69,326.95,436.88,0.959722
2949,973,21771,184.23,883.5,190.24,186.31,0.975219
2950,973,29345,612.0,716.32,283.45,440.45,0.96994
2951,973,16551,571.8,83.08,301.72,467.46,0.960248
2952,973,1900,181.67,266.89,128.53,198.37,0.953997
2953,974,21771,150.02,848.85,193.59,191.98,0.977089
2954,974,29345,587.63,677.07,283.2,447.49,0.972849
2955,974,1900,162.39,255.93,126.34,200.34,0.959589
2956,974,16551,540.6,72.94,299.58,458.96,0.955966
2957,975,21771,618.98,250.68,186.68,181.36,0.975958
2958,975,29345,117.95,155.83,270.52,412.8,0.975957
2959,975,1900,683.68,807.73,131.76,206.62,0.961023
2960,975,16551,103.99,686.31,318.92,488.57,0.960313
2961,979,18357,70.56,549.75,285.93,337.05,0.971009
2962,979,22074,584.73,709.12,186.19,194.54,0.970739
2963,979,3351,392.36,156.82,182.01,186.97,0.939957
2964,980,18357,575.28,307.32,281.26,318.83,0.985145
2965,980,22074,170.19,311.35,184.96,192.25,0.968234
2966,980,3351,353.7,872.86,189.46,191.55,0.94327
2967,982,13395,635.76,672.04,241.83,520.71,0.984026
2968,982,3743,118.31,839.15,325.98,331.69,0.961292
2969,982,2483,659.98,113.65,210.43,471.24,0.945728
2970,982,12778,108.25,118.63,293.19,504.69,0.928139
2971,983,13395,632.18,677.56,225.15,494.61,0.98385
2972,983,2483,672.55,77.46,200.51,487.65,0.975526
2973,983,3743,118.6,828.41,318.11,319.64,0.962088
2974,983,12778,107.42,78.44,295.05,510.97,0.922792
2975,984,3743,497.0,127.68,309.93,301.79,0.962941
2976,984,2483,59.75,639.52,202.39,494.37,0.960202
2977,984,13395,84.9,79.62,232.01,488.5,0.959658
2978,984,12778,537.62,615.43,298.45,509.24,0.325254
2979,985,1900,139.09,218.6,201.58,149.98,0.980874
2980,985,29451,520.26,802.7,422.23,233.53,0.968505
2981,985,24850,115.62,738.12,203.09,283.03,0.944785
2982,985,16548,576.73,187.83,231.05,223.82,0.942235
2983,986,1900,633.08,897.88,208.64,156.51,0.978578
2984,986,29451,47.99,233.25,403.76,227.4,0.961052
2985,986,24850,643.07,258.68,194.65,269.05,0.934669
2986,986,16548,142.9,836.42,240.59,238.99,0.927413
2987,988,22347,159.42,182.47,205.53,198.12,0.976723
2988,988,3483,598.97,869.48,258.41,229.81,0.97042
2989,988,19861,125.49,863.86,220.48,168.24,0.962528
2990,988,36637,617.69,198.95,266.86,151.56,0.941393
2991,989,3483,571.71,835.41,261.64,233.8,0.971682
2992,989,19861,90.19,825.61,226.49,176.25,0.971284
2993,989,36637,591.95,193.07,256.72,154.78,0.959279
2994,989,22347,142.75,176.44,200.57,195.53,0.929192
2995,990,19861,638.51,277.47,222.17,170.11,0.969732
2996,990,36637,94.99,904.56,271.77,163.89,0.969119
2997,990,3483,149.26,218.07,250.09,221.77,0.968211
2998,990,22347,626.42,886.74,214.38,209.47,0.947378
2999,991,3544,92.77,221.04,203.31,199.87,0.977938
3000,991,16548,572.13,221.71,230.32,225.15,0.908803
3001,993,3544,108.02,232.09,209.53,201.36,0.972846
3002,993,16548,600.57,233.35,235.12,225.76,0.942706
3003,993,16548,134.69,855.75,178.43,175.15,0.325887
3004,994,3483,132.82,288.69,275.67,172.71,0.982689
3005,994,30308,504.83,755.17,395.98,428.96,0.97317
3006,994,28763,676.22,255.84,214.2,198.14,0.962136
3007,994,16262,116.83,846.32,248.45,240.87,0.955801
3008,996,3483,590.81,845.69,281.57,170.64,0.97869
3009,996,30308,111.91,75.84,383.09,421.28,0.974072
3010,996,16262,622.88,183.11,243.95,230.91,0.952142
3011,996,28763,96.99,852.44,215.55,204.68,0.920459
3012,997,21771,123.18,805.84,194.07,189.21,0.98626
3013,997,29451,457.9,807.19,424.95,226.55,0.948194
3014,997,16551,588.62,60.47,277.93,471.96,0.942478
3015,997,1900,148.48,240.21,181.02,180.18,0.941198
3016,998,21771,157.0,839.85,191.29,185.27,0.983207
3017,998,1900,167.9,250.44,181.03,177.65,0.9738
3018,998,29451,486.25,847.11,423.25,217.86,0.95987
3019,998,16551,617.58,67.93,284.57,483.05,0.947445
3020,999,21771,642.87,289.86,188.83,183.63,0.98243
3021,999,1900,644.85,844.78,186.73,188.55,0.967791
3022,999,16551,80.56,687.71,291.87,499.76,0.942489
3023,999,29451,101.64,236.72,412.21,220.72,0.926892
