annotation_id,image_id,category_id,bbox_x,bbox_y,bbox_w,bbox_h,score
1,1,1900,157.97,252.92,202.74,122.51,0.987273
2,1,27926,600.88,676.67,252.52,478.32,0.966599
3,1,24850,172.01,741.91,185.63,291.39,0.957636
4,1,16551,557.93,68.32,396.61,408.6,0.951382
5,10,1900,644.89,843.97,186.9,189.59,0.973432
6,10,21771,642.3,289.01,189.23,184.35,0.973389
7,10,29451,103.6,237.19,410.55,218.33,0.96985
8,10,16548,103.39,806.71,241.73,238.86,0.931477
9,100,33009,515.29,792.43,387.98,210.25,0.973133
10,100,1900,136.64,244.33,188.67,161.2,0.972172
11,100,16548,586.11,131.25,232.82,224.74,0.942898
12,1003,16232,648.21,184.95,191.69,180.67,0.981748
13,1003,34597,38.04,160.0,451.57,417.2,0.967625
14,1003,3483,606.94,792.39,274.74,208.7,0.937237
15,1003,27733,123.52,769.61,315.9,274.17,0.93295
16,1004,16232,141.4,893.09,198.02,192.78,0.974795
17,1004,27733,564.53,260.06,301.7,265.26,0.97101
18,1004,34597,509.0,662.86,459.87,433.52,0.970385
19,1004,3483,123.82,307.25,269.25,201.82,0.967631
20,1005,16232,619.42,178.15,187.75,184.16,0.979785
21,1005,34597,22.07,129.71,440.66,420.94,0.974403
22,1005,3483,579.78,759.4,275.85,211.16,0.957901
23,1005,27733,87.54,721.73,324.74,283.95,0.932973
24,1006,20238,618.46,195.82,227.02,217.9,0.973091
25,1006,25469,49.57,857.15,376.36,218.19,0.964498
26,1006,25367,43.93,179.8,447.54,419.91,0.960333
27,1006,3483,602.13,845.84,278.47,186.83,0.94087
28,1007,20238,589.05,191.48,222.59,214.39,0.976805
29,1007,25469,14.47,812.2,379.6,222.33,0.976755
30,1007,25367,31.66,157.15,431.27,418.63,0.965717
31,1007,3483,575.06,809.91,281.15,192.89,0.954395
32,1009,25469,14.97,813.05,378.89,221.4,0.97805
33,1009,22347,77.92,197.55,202.09,196.2,0.973099
34,1009,3483,574.67,809.52,281.83,193.29,0.954859
35,1009,16262,547.07,188.8,238.86,227.42,0.94539
36,1010,22347,94.35,206.36,205.19,198.3,0.977238
37,1010,25469,48.85,857.79,376.46,217.64,0.963263
38,1010,16262,574.25,194.91,245.13,231.78,0.942918
39,1010,3483,601.45,845.78,280.21,188.14,0.941503
40,1012,1900,142.21,243.24,198.14,126.35,0.985254
41,1012,24850,138.75,703.88,189.41,295.83,0.964288
42,1012,27926,571.81,629.62,262.5,486.86,0.951415
43,1012,16548,611.16,158.84,233.97,224.04,0.939789
44,1013,1900,630.94,893.51,210.34,132.86,0.980481
45,1013,27926,150.86,145.05,251.34,451.04,0.97117
46,1013,24850,636.0,273.75,183.74,278.75,0.955226
47,1013,16548,105.53,866.78,241.05,238.07,0.924007
48,1014,1900,158.07,253.3,202.87,122.62,0.990194
49,1014,27926,601.29,678.13,252.73,475.21,0.963581
50,1014,24850,172.2,742.03,185.61,291.68,0.957131
51,1014,16548,640.41,164.38,239.34,224.76,0.942731
52,1015,20877,115.33,768.52,333.79,231.5,0.967294
53,1015,30308,67.86,125.69,399.77,405.41,0.955752
54,1015,35206,660.64,175.28,224.73,402.75,0.955656
55,1015,3483,652.18,749.57,210.12,266.98,0.952817
56,1016,3483,142.85,291.73,211.33,258.5,0.973383
57,1016,35206,97.71,670.9,237.85,413.19,0.962907
58,1016,30308,536.1,722.41,407.15,413.7,0.958659
59,1016,20877,542.67,294.21,330.05,237.91,0.951766
60,1018,29667,88.69,862.95,229.59,226.32,0.976925
61,1018,27733,559.46,256.63,302.04,262.95,0.971563
62,1018,30308,445.8,745.52,468.95,304.45,0.969578
63,1018,3483,123.37,306.93,269.72,201.93,0.968306
64,1019,29667,668.0,181.93,224.59,214.21,0.97733
65,1019,30308,98.18,213.09,456.23,297.25,0.974275
66,1019,27733,130.33,776.56,314.3,275.89,0.947081
67,1019,3483,606.77,793.41,274.82,207.56,0.939391
68,102,1900,151.49,254.26,195.09,161.53,0.981301
69,102,33009,547.94,837.47,374.02,198.87,0.973339
70,102,16548,614.53,135.74,238.75,228.67,0.926341
71,1020,29667,639.65,177.18,218.68,214.74,0.976288
72,1020,30308,79.48,192.63,448.4,295.66,0.975418
73,1020,3483,580.32,759.1,275.46,210.64,0.960342
74,1020,27733,92.7,728.71,325.35,282.87,0.934928
75,1022,1900,148.92,240.31,181.44,181.51,0.973655
76,1022,29451,39.61,800.73,421.47,226.47,0.970516
77,1022,33208,582.94,810.54,215.39,205.35,0.9631
78,1022,16551,625.51,21.71,283.78,470.88,0.943737
79,1023,29451,71.68,843.87,420.64,217.84,0.979027
80,1023,1900,168.29,249.21,181.6,180.04,0.974639
81,1023,33208,610.18,843.15,212.86,201.45,0.953596
82,1023,16551,655.15,25.29,289.56,487.16,0.94091
83,1025,28763,644.44,862.45,220.6,212.75,0.963132
84,1025,3483,143.23,291.01,211.64,258.0,0.961923
85,1025,16262,108.96,838.08,249.79,240.8,0.951387
86,1025,20877,543.16,293.28,329.84,239.88,0.947744
87,1026,28763,135.23,206.13,211.56,200.88,0.980083
88,1026,20877,115.36,769.31,333.14,231.48,0.968761
89,1026,16262,629.55,191.8,244.89,232.57,0.964362
90,1026,3483,650.81,751.57,210.61,266.04,0.961578
91,1027,13900,188.64,283.95,198.18,235.29,0.982638
92,1027,3351,354.02,883.15,189.68,193.65,0.942379
93,1027,16232,600.87,263.42,187.03,187.0,0.573915
94,1027,22074,600.83,263.01,187.4,186.39,0.500847
95,1028,16232,135.53,779.81,190.46,189.34,0.980876
96,1028,13900,552.97,707.08,205.99,247.99,0.977675
97,1028,3351,391.13,156.8,184.17,189.0,0.953683
98,1029,13900,593.02,797.07,200.73,242.15,0.982691
99,1029,16232,178.02,865.99,188.96,192.27,0.976565
100,1029,3351,435.51,215.21,185.49,183.8,0.947479
101,1030,34597,43.74,146.19,450.09,410.71,0.970951
102,1030,3483,580.3,758.4,276.43,210.63,0.964101
103,1030,27733,88.45,722.01,323.13,283.64,0.931175
104,1030,35206,570.1,118.65,253.33,380.89,0.895726
105,1034,19861,637.86,276.58,222.49,172.36,0.982564
106,1034,3483,149.41,220.44,248.78,219.66,0.973084
107,1034,28763,650.03,883.54,219.96,213.92,0.964108
108,1034,36637,94.91,906.74,273.75,164.49,0.963227
109,1039,28763,125.86,213.67,215.04,203.13,0.981818
110,1039,25469,49.0,857.84,376.23,217.52,0.964963
111,1039,3483,601.73,845.98,280.45,187.9,0.947326
112,1039,16262,574.68,194.88,243.82,232.27,0.865096
113,104,3351,324.58,205.22,182.18,185.49,0.961577
114,104,21325,616.23,760.46,175.31,232.96,0.954287
115,104,18357,108.68,609.79,247.87,368.61,0.946368
116,1041,28763,651.76,853.1,222.11,214.05,0.975489
117,1041,25469,572.66,232.18,370.99,219.48,0.966807
118,1041,3483,123.55,273.8,274.36,187.47,0.960099
119,1041,16262,166.94,835.58,248.95,241.28,0.928722
120,1043,18357,52.46,626.67,265.85,351.47,0.958051
121,1043,3351,314.29,169.91,183.32,188.42,0.950551
122,1043,35206,512.19,605.53,244.32,415.1,0.947803
123,1044,18357,94.6,721.56,264.29,354.44,0.953338
124,1044,3351,350.85,230.61,188.42,180.39,0.946745
125,1044,35206,552.58,702.16,238.05,407.35,0.944508
126,1045,28763,133.25,213.92,210.07,200.55,0.982573
127,1045,3483,624.44,717.83,210.75,272.85,0.971009
128,1045,29667,594.91,178.73,219.09,214.33,0.970554
129,1045,20877,41.78,756.86,328.54,250.44,0.959615
130,1046,28763,151.2,223.33,213.73,201.88,0.978978
131,1046,29667,624.14,183.42,223.68,214.37,0.96994
132,1046,20877,73.89,800.1,328.58,242.57,0.966403
133,1046,3483,650.65,751.51,211.18,267.15,0.961956
134,1047,29667,135.59,862.32,229.16,225.82,0.975261
135,1047,28763,625.89,844.82,223.88,212.89,0.973718
136,1047,20877,588.42,258.95,325.54,248.59,0.962956
137,1047,3483,143.64,291.15,211.28,256.94,0.956112
138,1050,22362,609.26,776.14,252.21,409.96,0.981621
139,1050,2483,650.92,81.13,196.98,490.4,0.956948
140,1050,12778,94.79,175.87,341.68,469.94,0.62735
141,1051,2483,86.37,673.54,228.04,484.25,0.962875
142,1051,13395,139.01,111.1,210.85,436.36,0.435409
143,1053,2483,617.58,53.91,221.03,484.7,0.963785
144,1053,34597,81.74,82.92,373.77,462.17,0.45246
145,1053,13395,589.48,693.94,214.28,458.66,0.441965
146,1055,29667,648.14,185.53,219.38,213.91,0.976738
147,1055,31885,59.53,34.51,421.77,484.93,0.967319
148,1055,3483,569.74,767.36,279.53,206.95,0.966549
149,1055,27733,80.5,726.88,331.96,273.31,0.947791
150,1056,29667,678.57,190.55,224.35,213.59,0.978961
151,1056,3483,600.62,800.14,275.88,205.61,0.959341
152,1056,27733,118.12,775.44,322.14,265.86,0.952875
153,1056,31885,69.48,52.52,446.41,488.79,0.952738
154,1057,2483,609.46,67.45,247.69,473.45,0.972262
155,1057,25438,110.54,830.47,255.86,254.39,0.971263
156,1057,12778,78.99,76.11,331.83,501.65,0.95518
157,1057,3832,643.57,709.35,217.7,445.14,0.707377
158,1058,12778,85.13,105.49,326.64,507.73,0.969353
159,1058,2483,595.82,110.09,257.3,454.56,0.969148
160,1058,25438,110.28,841.77,261.33,266.17,0.960873
161,1058,3832,656.35,712.03,215.9,461.73,0.716447
162,1060,25438,555.81,205.3,246.15,252.07,0.981316
163,1060,2483,117.76,674.83,208.42,494.47,0.971022
164,1060,13395,107.22,44.82,251.26,491.49,0.95397
165,1060,12778,531.29,643.12,354.87,472.0,0.773444
166,1064,34597,58.31,134.41,453.93,413.62,0.972318
167,1064,20238,618.31,195.78,226.02,217.4,0.970556
168,1064,25469,49.32,857.97,375.62,217.11,0.965923
169,1064,3483,602.16,845.68,279.82,187.52,0.946813
170,1065,34597,484.6,688.13,464.56,431.34,0.975297
171,1065,20238,139.64,851.5,232.08,225.04,0.97134
172,1065,25469,569.48,232.06,372.51,219.25,0.967124
173,1065,3483,123.55,273.68,274.63,187.86,0.958616
174,1067,28763,678.18,257.63,211.7,197.25,0.9892
175,1067,16262,117.39,847.4,248.89,240.97,0.972559
176,1067,31885,554.67,674.75,405.21,527.58,0.966564
177,1067,3483,132.37,291.45,276.02,168.87,0.966558
178,1069,1900,624.69,891.32,204.09,135.99,0.986472
179,1069,21771,117.23,203.32,189.54,185.17,0.975307
180,1069,16548,642.93,165.13,239.64,226.01,0.939423
181,1070,1900,173.8,281.45,202.93,139.51,0.985017
182,1070,21771,686.61,883.53,198.85,192.65,0.981162
183,1070,16548,103.06,865.09,241.29,238.23,0.924273
184,1073,22347,115.08,197.84,202.54,196.75,0.977422
185,1073,3483,535.05,777.93,271.41,223.54,0.970669
186,1073,27777,143.65,774.56,178.12,205.74,0.956066
187,1073,36637,637.46,177.11,181.15,242.93,0.95482
188,1075,4543,609.91,141.96,205.82,200.71,0.980419
189,1075,3544,103.09,162.32,203.09,197.67,0.970214
190,1075,16551,93.7,592.5,342.26,464.74,0.96716
191,1076,4543,132.77,918.04,213.26,211.38,0.984284
192,1076,3544,669.23,899.38,214.7,213.48,0.974874
193,1076,16551,534.37,192.1,328.87,437.96,0.963072
194,1077,4543,638.97,142.25,211.06,203.01,0.982897
195,1077,16551,128.97,644.97,332.75,457.15,0.975966
196,1077,3544,118.47,166.45,206.61,202.15,0.974629
197,1079,22347,119.54,220.32,205.85,197.86,0.982628
198,1079,29667,625.29,186.68,223.05,214.45,0.970624
199,1079,20877,71.31,799.61,326.55,242.85,0.964284
200,1079,3483,647.68,754.93,210.88,267.92,0.962275
201,108,2483,599.82,80.94,246.67,477.29,0.966274
202,108,12778,103.94,50.25,300.99,521.85,0.961842
203,108,25438,143.69,844.88,255.52,253.51,0.961809
204,108,22362,588.32,742.88,254.09,409.24,0.958671
205,1080,22347,103.43,211.32,201.96,194.98,0.978052
206,1080,29667,595.61,181.93,219.86,214.02,0.97132
207,1080,3483,620.39,722.3,213.14,270.58,0.970724
208,1080,20877,37.86,756.1,328.59,249.37,0.957525
209,1081,1900,610.53,901.69,205.31,132.91,0.987454
210,1081,16551,485.79,199.9,453.61,328.37,0.951369
211,1085,16232,627.37,221.46,188.12,183.36,0.976045
212,1085,3483,624.78,717.39,212.29,271.15,0.972266
213,1085,20877,82.8,725.14,337.29,241.62,0.965895
214,1085,25367,33.09,131.65,440.1,408.09,0.964634
215,1087,3544,134.44,176.54,203.43,198.81,0.97391
216,1087,16551,87.93,588.89,294.51,485.78,0.907546
217,1089,3544,635.57,887.54,213.97,213.74,0.981488
218,1089,16551,581.33,182.28,294.0,460.2,0.959387
219,109,19861,637.57,276.72,222.86,172.75,0.982248
220,109,25367,580.54,717.76,390.29,497.73,0.973352
221,109,3483,147.85,220.56,250.21,219.81,0.972794
222,109,35206,109.74,772.14,299.53,391.78,0.952066
223,1092,1900,653.34,850.08,209.09,159.21,0.976685
224,1092,16548,83.98,914.07,242.95,239.0,0.962108
225,1092,33009,565.53,214.02,322.72,291.42,0.956509
226,1093,19861,637.31,276.93,222.99,172.4,0.982631
227,1093,16262,100.64,851.97,249.14,240.51,0.974138
228,1093,3483,148.65,220.09,249.83,220.51,0.972712
229,1093,34597,501.74,695.9,460.05,434.32,0.972082
230,1095,16262,637.87,176.18,245.16,230.98,0.980184
231,1095,19861,127.59,864.86,220.53,166.84,0.979606
232,1095,3483,600.7,869.56,258.15,229.03,0.967629
233,1095,34597,45.56,124.45,450.72,416.92,0.965599
234,1096,27993,550.88,778.18,305.69,241.2,0.980182
235,1096,3544,93.34,197.16,201.15,199.37,0.973854
236,1096,16551,483.62,111.21,437.42,329.1,0.969134
237,1097,16551,511.84,121.83,448.93,333.13,0.970472
238,1097,3544,107.94,205.58,208.36,200.82,0.965281
239,1097,27993,575.89,816.36,305.16,231.49,0.963827
240,1098,27993,125.14,253.06,295.03,235.63,0.979535
241,1098,3544,677.47,861.88,214.84,211.83,0.974264
242,1098,16551,22.25,783.68,463.07,347.15,0.970961
243,110,19861,127.61,865.04,220.15,166.72,0.981245
244,110,25367,42.57,54.63,384.82,475.78,0.97139
245,110,3483,600.84,868.99,258.09,229.69,0.965305
246,110,35206,583.24,96.45,288.53,375.97,0.923402
247,1100,3483,535.78,777.82,269.53,223.79,0.968739
248,1100,31885,55.06,97.56,416.88,490.54,0.968264
249,1100,36637,636.19,177.43,182.25,244.57,0.95385
250,1100,27777,144.38,774.41,177.28,206.1,0.949676
251,1101,3483,564.18,814.36,264.19,217.49,0.974972
252,1101,31885,67.73,122.9,438.98,491.93,0.968903
253,1101,27777,178.79,812.31,172.18,202.33,0.960095
254,1101,36637,664.95,180.77,187.3,249.22,0.958772
255,1105,22347,112.69,212.62,204.72,197.08,0.978801
256,1105,35206,604.33,125.34,254.27,391.81,0.94552
257,1105,27733,124.59,770.26,315.05,274.99,0.943594
258,1105,3483,608.34,793.0,273.17,207.5,0.934455
259,1109,28763,97.41,855.3,214.79,201.7,0.987786
260,1109,28763,140.55,226.3,211.47,200.61,0.982805
261,1109,16262,622.95,181.21,242.86,231.71,0.955707
262,1109,3483,590.14,846.08,284.33,170.66,0.955072
263,1111,28763,61.09,812.73,219.53,207.42,0.980256
264,1111,28763,116.13,189.54,207.91,198.54,0.979258
265,1111,29667,603.09,175.79,219.95,214.43,0.979233
266,1111,3483,560.45,810.02,285.86,177.79,0.953763
267,1114,28763,677.49,257.08,212.16,197.54,0.989546
268,1114,30308,558.05,698.64,400.92,419.85,0.972294
269,1114,3483,132.94,291.75,274.94,168.44,0.960786
270,1114,35206,103.31,687.51,206.08,415.85,0.958805
271,1115,28763,62.04,812.86,219.54,207.46,0.981564
272,1115,35206,649.24,142.86,202.54,400.98,0.961841
273,1115,3483,561.35,811.54,286.43,176.2,0.960606
274,1115,30308,40.59,125.7,378.89,401.98,0.954017
275,1116,28763,96.73,855.23,214.87,202.2,0.987402
276,1116,3483,590.04,846.47,282.97,170.91,0.953341
277,1116,30308,55.5,141.67,389.7,413.43,0.951269
278,1116,35206,680.17,152.32,203.84,408.11,0.9508
279,1118,3544,677.4,859.82,214.98,212.25,0.980954
280,1118,16548,101.95,881.54,241.88,239.18,0.946976
281,1119,3544,107.71,207.91,209.02,200.34,0.964233
282,1119,16548,644.37,146.45,238.17,226.71,0.946859
283,112,33009,557.34,810.54,374.98,208.84,0.976429
284,112,3544,127.37,235.84,208.56,200.68,0.973518
285,112,16551,157.43,586.1,307.64,470.77,0.968123
286,1121,29667,140.8,871.33,227.04,226.32,0.973596
287,1121,28763,620.81,860.19,219.8,214.79,0.973498
288,1121,25469,571.95,186.48,330.76,286.12,0.965664
289,1121,3483,123.92,273.35,274.32,185.69,0.958091
290,1123,16262,152.85,805.0,248.46,239.75,0.974696
291,1123,27733,563.69,259.16,303.87,267.69,0.974433
292,1123,3483,123.96,306.53,269.03,202.04,0.970221
293,1123,25367,493.67,668.06,451.1,436.86,0.966566
294,1125,16262,590.68,227.11,242.84,229.63,0.981755
295,1125,25367,63.21,162.02,445.23,422.68,0.966349
296,1125,3483,606.68,791.87,274.68,209.79,0.940896
297,1125,27733,123.88,768.91,316.04,275.6,0.926464
298,1126,16262,109.92,836.77,248.94,241.64,0.969674
299,1126,3483,144.24,290.32,211.84,257.23,0.966862
300,1126,31885,509.12,731.38,464.47,479.18,0.964657
301,1126,20877,541.43,294.56,332.04,237.83,0.951338
302,1129,20238,113.06,855.52,232.45,226.21,0.98176
303,1129,27733,564.67,259.75,302.17,266.11,0.974916
304,1129,22347,682.07,827.96,213.41,206.15,0.973407
305,1129,3483,123.87,306.51,270.23,202.39,0.964042
306,113,3544,660.2,833.7,212.55,210.73,0.977653
307,113,33009,75.65,270.65,363.47,219.17,0.969652
308,113,16551,531.67,228.47,306.18,457.14,0.952401
309,1135,1900,151.99,254.37,195.6,161.58,0.981323
310,1135,33009,548.3,837.04,373.18,198.84,0.975781
311,1135,16551,606.87,57.47,287.97,478.55,0.911067
312,1136,33009,86.47,257.46,368.71,208.2,0.981195
313,1136,1900,643.66,855.2,203.44,172.99,0.980441
314,1136,16551,90.77,703.86,293.65,495.17,0.940969
315,1138,28763,63.93,812.6,219.89,207.97,0.981214
316,1138,20238,593.89,174.17,221.26,212.76,0.980602
317,1138,34597,33.06,89.36,370.08,476.61,0.972889
318,1138,3483,562.87,810.56,288.32,176.26,0.958159
319,114,3544,110.13,225.73,202.48,199.19,0.971911
320,114,16551,124.77,537.19,313.09,476.99,0.970472
321,114,33009,530.02,765.18,379.28,223.38,0.969732
322,1140,28763,99.24,855.38,214.12,202.09,0.981295
323,1140,34597,47.87,117.93,380.41,474.32,0.977218
324,1140,20238,624.15,177.85,225.64,214.87,0.972368
325,1140,3483,592.12,846.31,282.98,170.62,0.952497
326,1141,25438,556.04,195.44,246.15,253.13,0.97381
327,1141,2483,65.43,654.54,309.39,448.8,0.973379
328,1141,12081,64.84,117.97,228.98,425.93,0.965889
329,1142,25438,121.42,822.37,255.42,254.3,0.977725
330,1142,12081,647.71,701.71,240.15,449.43,0.973192
331,1142,2483,573.94,113.93,295.88,456.3,0.971802
332,1143,12081,654.85,708.8,251.26,460.11,0.973754
333,1143,25438,122.47,832.1,260.68,268.4,0.970795
334,1143,2483,566.82,148.91,298.87,440.34,0.965819
335,1144,16262,574.54,195.18,243.35,232.48,0.96985
336,1144,25469,49.21,856.95,376.4,218.38,0.967841
337,1144,31885,56.06,173.61,439.38,485.32,0.961127
338,1144,3483,601.72,845.35,280.48,187.59,0.940229
339,1148,16232,146.17,732.42,194.52,192.1,0.970746
340,1148,3351,382.0,162.54,188.31,188.19,0.954016
341,1148,41768,556.75,630.14,267.79,310.29,0.913722
342,1149,16232,190.07,820.52,189.29,189.65,0.97421
343,1149,41768,599.1,721.87,259.8,308.14,0.954564
344,1149,3351,426.37,220.03,187.05,184.18,0.954455
345,115,27733,558.96,256.12,302.42,264.11,0.968436
346,115,25367,495.68,646.75,422.7,461.64,0.96718
347,115,3483,123.33,307.56,269.32,201.11,0.966593
348,115,36637,101.21,880.4,268.2,178.92,0.962776
349,1150,29667,630.01,163.74,222.97,215.53,0.981176
350,1150,34597,82.86,59.36,404.25,459.87,0.971295
351,1150,27777,177.98,812.52,172.39,201.94,0.96445
352,1150,3483,563.59,815.51,264.8,216.83,0.961609
353,1153,19861,127.52,865.4,220.03,166.06,0.980382
354,1153,22347,144.68,210.61,207.03,197.57,0.98011
355,1153,16232,647.13,175.11,190.22,185.68,0.977921
356,1153,3483,601.13,869.91,257.5,228.73,0.969412
357,1154,3483,573.4,836.2,261.02,232.35,0.979171
358,1154,22347,126.63,201.37,203.09,196.35,0.978505
359,1154,16232,618.3,171.53,185.17,182.32,0.978403
360,1154,19861,92.0,828.51,225.48,175.14,0.977853
361,1155,19861,637.2,276.61,223.21,172.54,0.982382
362,1155,16232,144.52,899.25,195.69,192.44,0.982177
363,1155,22347,639.97,860.81,215.82,208.55,0.974595
364,1155,3483,148.32,220.81,250.14,218.79,0.973602
365,1156,13900,180.63,282.82,207.6,229.83,0.985438
366,1156,16262,572.75,307.49,242.49,237.01,0.978332
367,1156,3351,393.62,857.49,187.93,191.48,0.957267
368,1157,16262,108.98,676.76,250.32,244.91,0.97946
369,1157,13900,551.83,714.44,214.58,242.64,0.975938
370,1157,3351,354.46,180.53,185.53,192.51,0.941219
371,1158,13900,592.63,804.55,208.91,237.07,0.979558
372,1158,16262,152.31,767.49,246.06,239.17,0.977564
373,1158,3351,397.02,244.24,186.06,181.08,0.947998
374,1159,16232,646.44,295.54,188.63,192.03,0.984423
375,1159,18357,155.56,300.34,236.27,352.66,0.962719
376,1159,3351,402.79,809.55,188.54,190.84,0.960158
377,1161,16232,131.91,816.56,187.95,187.93,0.976772
378,1161,3351,385.7,280.65,186.82,182.42,0.966872
379,1161,18357,584.75,613.89,240.43,372.32,0.947744
380,1163,3544,119.62,185.44,207.0,201.39,0.977572
381,1163,29451,493.26,804.73,409.25,238.66,0.969033
382,1163,16551,42.52,603.52,304.52,473.86,0.966279
383,1164,3544,104.35,179.99,202.29,199.78,0.968333
384,1164,29451,460.51,766.82,418.91,246.57,0.954536
385,1164,16551,10.81,554.78,306.69,480.94,0.950762
386,1166,25469,571.79,186.08,329.77,287.44,0.964724
387,1166,3483,125.92,274.19,272.36,185.5,0.958188
388,1166,25367,567.32,682.76,395.93,487.75,0.957986
389,1166,36637,133.02,830.48,179.48,261.93,0.956567
390,1167,25469,88.85,829.09,338.17,304.0,0.97426
391,1167,36637,673.87,172.14,175.37,255.09,0.963643
392,1167,25367,47.64,92.84,391.84,475.52,0.962846
393,1167,3483,601.35,847.13,280.03,187.15,0.936733
394,1168,29667,591.4,167.99,218.26,215.53,0.977434
395,1168,25469,50.36,787.79,351.35,300.95,0.969782
396,1168,30308,43.04,16.17,347.5,425.53,0.961356
397,1168,3483,574.69,810.71,281.03,192.02,0.954656
398,1170,29667,619.83,172.28,223.01,216.04,0.975037
399,1170,25469,87.74,829.48,339.25,303.19,0.971455
400,1170,30308,54.24,22.83,358.33,439.6,0.938946
401,1170,3483,600.73,846.31,280.62,187.26,0.93242
402,1171,4543,638.7,151.52,202.2,200.38,0.987268
403,1171,3544,122.21,181.44,203.19,199.49,0.98491
404,1171,16548,579.55,745.53,242.88,233.13,0.933098
405,1173,4543,104.13,906.79,214.12,210.6,0.986044
406,1173,3544,646.81,876.35,214.91,213.48,0.977249
407,1173,16548,160.82,286.87,232.17,224.93,0.941961
408,1174,28763,678.68,257.25,211.31,196.74,0.990211
409,1174,30308,574.71,758.6,400.57,426.64,0.97129
410,1174,29667,126.09,864.61,228.83,225.49,0.971159
411,1174,3483,132.9,291.2,276.66,168.91,0.963612
412,1176,28763,95.69,854.45,215.35,202.18,0.986507
413,1176,29667,632.3,181.18,223.44,214.18,0.97877
414,1176,30308,41.68,75.31,387.26,417.58,0.947417
415,1176,3483,588.74,846.6,283.52,170.2,0.946562
416,1178,3483,537.64,780.12,269.97,223.04,0.970367
417,1178,20238,576.46,191.41,221.71,213.77,0.964853
418,1178,31885,102.85,49.24,402.62,501.1,0.961825
419,1178,27777,144.98,776.77,176.93,205.86,0.95814
420,118,13900,62.89,311.33,231.29,212.32,0.98445
421,118,3351,458.24,846.75,188.46,190.16,0.957882
422,118,16688,422.04,81.74,434.52,516.88,0.950654
423,1180,19232,493.73,233.11,328.51,252.19,0.987005
424,1180,3351,395.68,915.58,189.39,192.49,0.964827
425,1180,21325,186.71,305.84,166.42,226.41,0.958433
426,1184,1900,187.84,274.15,202.21,137.71,0.985288
427,1184,16548,143.61,878.22,242.75,239.29,0.946429
428,1184,24850,670.74,829.73,193.09,298.59,0.940426
429,1185,1900,610.27,901.51,206.26,133.34,0.987048
430,1185,24850,137.61,144.22,186.22,292.25,0.96124
431,1185,16548,601.4,151.24,239.95,225.46,0.955163
432,1186,19552,513.34,560.92,316.53,488.71,0.971553
433,1186,2483,83.18,675.11,234.23,481.51,0.965128
434,1186,13395,138.64,110.3,211.88,437.67,0.675356
435,1187,19552,108.79,157.35,322.18,491.2,0.961746
436,1187,2483,616.23,50.51,223.98,488.03,0.960675
437,1187,13395,589.37,695.72,214.67,456.06,0.469724
438,1189,12081,601.66,709.4,235.2,451.0,0.977818
439,1189,2483,588.98,71.16,246.26,476.2,0.970374
440,1189,3743,119.15,784.78,322.32,321.82,0.956483
441,1189,12778,99.9,129.58,313.59,491.13,0.900398
442,119,13900,650.02,705.7,231.6,223.7,0.981153
443,119,3351,293.06,192.66,185.95,191.05,0.943125
444,119,16688,74.42,579.1,461.24,574.22,0.937585
445,1190,12081,609.63,716.06,243.4,465.03,0.980086
446,1190,2483,586.83,106.37,233.84,465.77,0.954615
447,1190,3743,120.37,795.11,327.69,331.78,0.94739
448,1190,12778,101.08,149.88,311.81,500.81,0.878793
449,1191,12081,109.57,113.02,228.65,424.41,0.977982
450,1191,2483,87.91,668.47,257.63,472.63,0.961108
451,1191,3743,494.77,165.63,312.31,300.14,0.944467
452,1191,12778,529.44,583.71,311.24,492.04,0.415454
453,1192,33009,86.56,257.26,368.23,207.68,0.981275
454,1192,1900,644.67,855.1,203.18,173.4,0.980155
455,1192,24850,645.14,205.37,180.78,278.3,0.957714
456,1192,16551,84.98,696.82,293.23,492.73,0.927314
457,1194,1900,151.42,254.11,195.25,162.39,0.984341
458,1194,33009,548.58,837.29,372.59,198.35,0.977209
459,1194,24850,166.41,819.11,182.5,291.99,0.959376
460,1194,16551,613.79,63.88,286.62,480.95,0.929244
461,1196,28763,615.86,888.02,220.94,214.22,0.981831
462,1196,3483,172.53,281.24,259.14,211.33,0.96989
463,1196,35206,139.24,705.39,238.43,411.67,0.963506
464,1196,27777,637.31,294.12,175.24,195.38,0.961488
465,1197,28763,162.65,179.73,213.07,201.92,0.985667
466,1197,3483,567.4,813.83,264.03,216.23,0.973261
467,1197,27777,180.53,814.78,172.21,201.15,0.962522
468,1197,35206,617.72,140.33,225.49,403.57,0.949446
469,1198,28763,130.11,216.33,212.53,201.51,0.980717
470,1198,20238,604.46,196.38,227.17,215.08,0.971477
471,1198,3483,567.05,816.9,263.63,216.12,0.965999
472,1198,27777,180.1,816.25,171.94,200.62,0.964649
473,1199,20238,152.59,851.88,232.47,225.14,0.982266
474,1199,27777,638.72,293.48,174.94,194.08,0.976644
475,1199,3483,173.03,277.73,259.31,212.3,0.971552
476,1199,28763,648.86,851.2,221.07,214.45,0.960848
477,120,13900,687.72,797.49,231.36,215.53,0.988196
478,120,16688,118.07,678.08,449.8,574.68,0.965983
479,120,3351,334.09,254.93,184.63,184.75,0.949303
480,1201,3544,144.31,189.69,202.72,197.15,0.973925
481,1201,12247,583.43,815.33,211.86,156.02,0.971331
482,1201,16548,584.72,212.45,233.29,225.36,0.941851
483,1204,32310,65.87,216.12,343.76,252.78,0.982582
484,1204,22074,687.65,263.3,182.3,186.76,0.976803
485,1204,3351,393.36,862.22,190.51,190.67,0.971269
486,1206,32310,568.97,818.58,348.24,269.72,0.982093
487,1206,22074,92.92,852.83,184.26,187.72,0.970084
488,1206,3351,397.14,224.06,183.69,182.79,0.963528
489,1207,16232,153.33,828.49,191.14,191.52,0.984029
490,1207,3483,172.19,280.75,259.66,210.59,0.971905
491,1207,27777,637.34,293.91,175.21,195.32,0.964043
492,1207,22347,686.32,813.65,211.08,206.41,0.961631
493,1209,22347,102.85,260.32,204.16,198.29,0.980655
494,1209,16232,645.32,252.41,186.61,179.47,0.979112
495,1209,3483,567.48,814.53,263.4,215.54,0.971579
496,1209,27777,180.63,814.97,172.28,200.93,0.963907
497,1210,20877,115.5,768.31,333.07,231.27,0.965837
498,1210,34597,66.73,142.19,471.49,383.6,0.958434
499,1210,35206,657.51,174.55,227.44,403.04,0.955526
500,1210,3483,651.5,749.99,210.67,267.51,0.952967
501,1212,34597,455.64,707.69,483.29,404.86,0.976244
502,1212,3483,143.54,291.95,211.09,258.57,0.974732
503,1212,35206,97.86,671.52,239.06,412.18,0.946835
504,1212,20877,543.59,293.84,329.6,242.0,0.946822
505,1213,25438,128.45,836.8,254.06,255.51,0.961962
506,1213,2483,659.59,62.91,199.68,483.54,0.961739
507,1213,13395,590.36,673.07,239.99,498.09,0.959135
508,1213,12778,104.3,4.11,317.5,486.2,0.876687
509,1214,25438,128.23,848.71,260.86,267.22,0.971859
510,1214,2483,652.51,97.38,197.8,473.29,0.9613
511,1214,13395,596.44,677.9,256.43,512.56,0.95913
512,1214,12778,105.45,27.52,311.93,499.27,0.895147
513,1216,3544,660.89,866.56,213.88,211.71,0.974256
514,1216,27926,159.39,174.58,261.39,453.33,0.958547
515,1216,16551,616.91,180.2,284.23,463.16,0.95616
516,1219,3544,104.81,241.77,203.9,199.75,0.970666
517,1219,29345,579.77,666.03,281.82,450.4,0.970244
518,1219,16551,65.56,581.11,336.0,464.68,0.947418
519,122,29667,591.22,168.55,218.38,215.78,0.975946
520,122,25469,48.31,787.32,350.37,301.83,0.965715
521,122,25367,56.2,93.62,368.4,472.35,0.959883
522,122,3483,573.91,810.19,282.0,194.14,0.947066
523,1220,3544,121.42,252.4,207.65,201.23,0.982379
524,1220,29345,606.17,704.33,285.86,441.57,0.974154
525,1220,16551,94.27,628.77,342.97,458.7,0.953518
526,1222,28763,62.21,812.4,220.16,208.32,0.982323
527,1222,25367,92.48,107.58,319.67,488.61,0.969028
528,1222,3483,561.64,810.9,286.65,176.65,0.960943
529,1222,36637,613.95,203.48,186.45,242.67,0.948861
530,1224,28763,97.44,855.31,214.52,201.84,0.986335
531,1224,25367,115.85,121.43,323.14,504.07,0.967368
532,1224,36637,643.43,208.47,189.21,247.68,0.959151
533,1224,3483,589.88,846.49,284.23,170.19,0.948492
534,1226,19861,127.53,865.16,220.32,166.33,0.981056
535,1226,31885,124.2,8.66,324.98,541.8,0.967039
536,1226,3483,600.63,869.32,257.27,229.19,0.965902
537,1226,35206,581.78,96.53,290.03,375.81,0.921398
538,1227,19861,637.18,276.68,222.93,172.4,0.983051
539,1227,3483,148.45,220.57,249.93,219.86,0.973376
540,1227,31885,550.75,690.73,333.64,556.01,0.967877
541,1227,35206,110.01,771.71,299.57,392.1,0.948155
542,1232,29667,134.94,859.51,228.02,225.11,0.977332
543,1232,20877,591.61,258.28,324.94,250.53,0.967479
544,1232,31885,544.3,662.41,403.25,522.17,0.965704
545,1232,3483,145.45,288.95,212.67,257.6,0.961172
546,1235,21771,160.4,806.19,189.77,185.99,0.981389
547,1235,1900,151.04,253.42,195.4,162.41,0.981233
548,1235,33009,547.89,837.76,374.24,199.07,0.974751
549,1235,16548,620.69,144.55,239.75,228.46,0.913102
550,1237,1900,105.51,269.95,203.35,123.79,0.983676
551,1237,16548,613.9,189.64,241.25,224.61,0.941457
552,1238,1900,682.27,879.49,212.22,132.3,0.978473
553,1238,16548,131.25,843.54,244.49,237.64,0.941376
554,1239,1900,89.0,260.4,200.58,125.66,0.976398
555,1239,16548,585.12,181.81,234.21,225.3,0.942679
556,124,1900,173.8,281.53,202.68,140.57,0.983813
557,124,21771,686.93,884.08,198.12,192.13,0.982983
558,124,16551,2.52,766.22,369.1,454.77,0.967291
559,1242,29345,89.98,707.2,289.21,447.51,0.974171
560,1242,1900,159.47,258.78,126.8,200.53,0.973286
561,1242,16551,547.51,88.52,285.12,471.83,0.931114
562,1243,30308,67.13,138.17,374.49,427.78,0.948433
563,1243,3483,608.06,792.41,272.95,208.2,0.943704
564,1243,27733,125.03,769.25,314.66,275.46,0.936519
565,1243,35206,602.67,125.76,256.95,389.35,0.934033
566,1244,30308,562.24,689.85,383.77,431.96,0.972152
567,1244,27733,563.84,259.7,302.09,265.43,0.971945
568,1244,3483,122.86,307.32,269.18,202.13,0.964116
569,1244,35206,125.68,732.79,270.19,401.38,0.881554
570,1245,3483,581.02,758.4,275.51,211.32,0.962507
571,1245,30308,53.63,123.46,364.47,414.32,0.95017
572,1245,27733,88.25,721.37,324.39,284.55,0.931505
573,1245,35206,572.13,118.81,251.41,380.7,0.902127
574,1246,16262,574.23,187.31,239.51,227.93,0.981408
575,1246,34597,56.96,82.6,395.58,460.2,0.967315
576,1246,3483,536.87,779.51,269.44,223.53,0.967304
577,1246,27777,145.12,776.06,176.89,206.95,0.956865
578,1248,3483,173.82,278.27,259.21,211.54,0.974957
579,1248,34597,523.75,665.55,413.98,478.69,0.974169
580,1248,16262,137.07,836.3,249.5,242.9,0.967859
581,1248,27777,639.64,293.66,174.71,195.34,0.964408
582,125,1900,624.55,890.69,204.38,136.44,0.988336
583,125,21771,117.34,203.34,189.8,185.54,0.975797
584,125,16551,624.57,32.87,348.65,440.9,0.963484
585,1250,2483,611.81,89.86,212.5,470.6,0.953792
586,1250,12778,102.27,57.81,300.07,530.89,0.947281
587,1250,13395,595.35,697.36,227.65,473.32,0.685033
588,1251,12778,548.9,652.0,291.27,522.14,0.962435
589,1251,2483,82.37,676.88,234.48,480.73,0.961455
590,1251,13395,138.07,111.29,212.83,435.65,0.710593
591,1252,29667,624.94,186.33,222.99,214.53,0.969382
592,1252,20877,71.47,799.01,326.81,243.59,0.968602
593,1252,3483,647.81,754.61,210.81,267.46,0.965561
594,1252,30308,77.69,80.37,393.04,408.08,0.962399
595,1254,29667,596.05,181.89,218.46,213.88,0.975674
596,1254,3483,621.75,721.54,211.51,271.02,0.971804
597,1254,20877,37.83,755.03,328.9,250.88,0.960093
598,1254,30308,65.62,68.07,379.41,398.59,0.948696
599,1256,1900,644.55,828.58,169.57,201.76,0.982746
600,1256,16551,92.01,662.69,302.1,489.9,0.952432
601,1256,19607,657.19,271.98,156.63,150.67,0.939668
602,1256,29345,126.7,132.54,256.26,417.3,0.53295
603,126,21771,100.72,195.52,185.78,183.79,0.982225
604,126,1900,596.1,856.92,210.16,145.06,0.982063
605,126,16551,595.69,25.07,344.54,432.44,0.968017
606,1261,28763,96.2,855.39,215.12,201.95,0.987671
607,1261,16232,649.54,230.9,190.9,181.42,0.985457
608,1261,22347,140.74,168.64,205.11,198.64,0.97619
609,1261,3483,589.6,846.52,283.83,171.89,0.950457
610,1262,28763,61.93,812.89,218.92,207.71,0.981276
611,1262,22347,125.1,164.75,200.53,194.31,0.980069
612,1262,16232,620.54,221.47,187.15,182.54,0.979414
613,1262,3483,561.34,812.1,286.38,175.55,0.961542
614,1263,28763,677.65,257.14,211.98,196.09,0.98939
615,1263,16232,143.48,847.08,195.45,191.24,0.98074
616,1263,22347,645.77,901.82,213.84,208.82,0.97629
617,1263,3483,132.14,290.64,276.28,169.27,0.962803
618,1264,31863,638.28,320.63,204.65,205.88,0.99334
619,1264,36637,228.24,317.23,202.61,240.05,0.968108
620,1264,3351,392.28,861.76,187.3,191.88,0.962121
621,1265,31863,82.57,704.31,206.05,212.32,0.984385
622,1265,36637,506.72,661.7,208.26,252.91,0.95494
623,1265,3351,355.67,176.97,185.34,190.05,0.945276
624,1269,13900,620.05,760.65,172.53,260.3,0.985698
625,1269,36637,217.53,770.22,212.26,239.72,0.96231
626,1269,3351,362.4,233.86,183.82,183.41,0.961562
627,127,22362,618.12,779.24,260.08,424.08,0.964037
628,127,2483,644.03,115.01,198.82,472.37,0.95733
629,127,12778,129.43,161.97,298.62,523.05,0.955442
630,1270,1900,630.44,894.65,210.95,133.66,0.979629
631,1270,27926,152.65,144.76,251.38,452.93,0.973563
632,1270,16548,116.08,852.86,241.45,237.88,0.94905
633,1272,1900,157.75,251.73,203.46,122.3,0.986918
634,1272,27926,599.6,677.79,253.57,475.34,0.970024
635,1272,16548,629.79,177.23,239.32,226.63,0.952472
636,1273,25438,554.67,204.51,245.7,251.43,0.979775
637,1273,2483,108.85,677.56,223.09,490.68,0.968534
638,1273,13395,105.38,46.67,250.83,488.88,0.955055
639,1273,12778,541.86,595.18,297.82,521.44,0.57389
640,1274,25438,124.4,812.36,255.42,255.2,0.973485
641,1274,2483,601.6,44.87,216.14,488.39,0.973302
642,1274,13395,592.58,707.51,236.37,502.3,0.93863
643,1274,12778,104.07,86.84,299.34,521.03,0.909804
644,1278,3351,418.01,257.32,182.43,181.28,0.955287
645,1278,38162,619.58,705.18,192.39,294.46,0.954916
646,1278,3832,150.23,601.4,308.98,422.14,0.929272
647,1279,21771,674.48,287.41,187.84,181.45,0.988404
648,1279,1900,648.28,856.57,209.98,155.11,0.981615
649,1279,16551,89.74,766.3,295.41,497.63,0.929653
650,1279,29345,115.69,135.66,257.69,420.49,0.539164
651,128,22362,609.46,776.58,251.79,410.28,0.980949
652,128,2483,650.63,77.49,195.29,492.72,0.958241
653,128,12778,132.06,134.15,294.96,524.25,0.629043
654,1280,21771,90.6,810.7,195.22,190.14,0.97852
655,1280,1900,123.41,261.28,199.06,147.82,0.970266
656,1280,16551,572.02,0.0,286.29,455.22,0.95619
657,1280,29345,599.42,693.51,269.0,449.86,0.485997
658,1282,2483,61.13,635.31,199.34,498.79,0.971844
659,1282,19552,508.36,590.83,308.36,496.54,0.970629
660,1282,13395,83.89,84.4,231.46,482.63,0.955866
661,1282,3743,497.16,124.15,312.31,306.63,0.923941
662,1284,13395,631.33,673.7,229.52,498.72,0.965656
663,1284,2483,674.75,78.83,199.26,489.49,0.96528
664,1284,19552,119.11,116.21,318.66,502.57,0.960797
665,1284,3743,116.75,828.85,321.5,322.26,0.955632
666,129,22362,78.64,71.95,257.72,395.14,0.966467
667,129,2483,82.6,641.76,200.91,492.92,0.960397
668,1290,29345,591.76,535.47,268.97,443.88,0.982503
669,1290,1900,162.66,257.58,126.39,199.42,0.971137
670,1290,16548,538.03,139.26,231.61,227.58,0.951604
671,1293,3483,538.12,779.8,269.67,223.34,0.97033
672,1293,20238,576.39,190.97,222.01,214.24,0.968423
673,1293,30308,116.44,84.37,311.04,447.49,0.962183
674,1293,27777,145.23,776.25,177.23,206.56,0.955474
675,1294,28763,96.59,854.99,215.53,202.42,0.987524
676,1294,34597,11.37,51.03,421.61,449.68,0.971168
677,1294,3483,590.49,845.88,283.1,171.94,0.948146
678,1294,35206,679.66,151.65,205.2,408.53,0.947065
679,1295,28763,61.93,812.54,219.92,207.58,0.981533
680,1295,34597,3.23,24.92,404.55,452.73,0.969387
681,1295,35206,648.43,142.11,203.95,401.57,0.961388
682,1295,3483,561.47,811.78,286.0,175.33,0.956662
683,1296,28763,677.37,256.86,211.85,197.23,0.988671
684,1296,34597,565.82,732.2,410.18,474.05,0.979383
685,1296,3483,133.41,292.14,274.72,168.09,0.969992
686,1296,35206,104.17,687.36,205.95,416.48,0.951679
687,1297,4543,156.63,890.68,213.97,213.7,0.986113
688,1297,3544,644.48,920.44,214.71,213.53,0.974182
689,1297,16548,153.49,246.5,230.05,224.66,0.950257
690,1298,4543,617.19,168.78,207.41,201.13,0.985247
691,1298,3544,140.42,145.56,207.07,201.05,0.963211
692,1298,16548,616.75,829.27,239.56,228.37,0.928257
693,13,16232,143.87,331.22,193.7,190.03,0.97895
694,13,33880,475.12,246.89,444.27,274.12,0.971385
695,13,3351,430.91,853.79,188.18,190.71,0.949684
696,130,3483,173.79,280.61,258.75,210.71,0.972842
697,130,27777,638.61,293.96,174.41,195.98,0.968586
698,130,30308,511.8,766.76,463.35,316.87,0.967054
699,130,36637,131.45,828.96,189.87,255.87,0.943235
700,1300,28763,95.29,854.75,215.58,201.9,0.98456
701,1300,29667,631.86,181.23,223.74,214.61,0.978127
702,1300,31885,72.91,124.77,463.99,465.73,0.96378
703,1300,3483,591.07,846.33,281.29,170.45,0.951099
704,1302,29667,602.28,176.94,220.61,214.29,0.980462
705,1302,28763,61.22,811.69,219.76,208.06,0.979532
706,1302,3483,559.96,810.24,287.49,176.36,0.962002
707,1302,31885,61.11,100.51,448.16,466.69,0.957064
708,1305,1900,632.09,894.37,211.62,134.74,0.978733
709,1305,16551,81.36,669.2,333.12,468.95,0.971563
710,1305,27926,603.18,162.13,254.97,447.51,0.954514
711,1309,29667,87.96,862.94,230.52,226.55,0.975612
712,1309,27733,559.9,256.28,301.71,262.94,0.972763
713,1309,3483,123.53,306.81,269.69,201.17,0.966664
714,1309,28763,582.83,870.49,224.22,214.63,0.950817
715,1311,28763,175.56,188.32,208.48,200.79,0.984231
716,1311,29667,638.51,176.89,219.91,214.05,0.97212
717,1311,3483,580.38,758.92,275.83,210.12,0.967961
718,1311,27733,92.7,730.32,323.06,281.27,0.939673
719,1312,2483,615.63,49.67,257.29,475.2,0.965869
720,1312,13395,591.46,679.47,245.04,494.36,0.961729
721,1315,19232,541.04,207.99,300.05,284.65,0.983288
722,1315,16688,153.13,85.58,270.3,615.59,0.958504
723,1315,3351,423.71,878.06,188.31,193.89,0.940132
724,1316,19232,83.96,692.6,309.72,307.88,0.988596
725,1316,16688,518.23,476.54,289.11,676.72,0.941597
726,1316,3351,324.71,161.28,186.34,189.88,0.939766
727,132,3483,566.03,814.3,263.78,217.39,0.977004
728,132,30308,31.17,181.99,454.88,306.68,0.970412
729,132,36637,665.08,179.94,187.63,248.37,0.963738
730,132,27777,180.28,814.03,172.61,201.51,0.959398
731,1322,2483,83.01,674.61,234.65,482.62,0.965888
732,1322,12778,484.34,597.32,342.32,499.02,0.866517
733,1322,13395,138.69,109.45,212.0,437.81,0.643828
734,1323,2483,615.91,50.93,222.9,485.71,0.9568
735,1323,13395,589.02,695.55,215.11,457.5,0.409831
736,1326,20238,599.38,839.89,228.18,223.6,0.986586
737,1326,3351,369.36,247.57,185.86,180.83,0.954692
738,1326,18357,161.82,669.5,265.98,351.62,0.94608
739,1327,1900,645.38,845.1,186.44,189.59,0.960377
740,1327,16548,168.66,814.29,241.46,237.7,0.946544
741,1327,29451,516.45,243.98,403.29,218.61,0.939159
742,1327,12247,175.8,232.57,195.61,264.06,0.477637
743,1328,29451,71.57,843.64,417.98,217.96,0.982409
744,1328,1900,168.9,249.03,180.96,180.36,0.974312
745,1328,16548,581.88,217.07,239.77,227.51,0.935323
746,1329,1900,149.07,240.72,180.93,180.75,0.971187
747,1329,29451,37.77,800.89,421.58,225.88,0.969095
748,1329,16548,553.83,207.97,234.63,226.18,0.933407
749,1330,25469,89.17,829.13,339.28,304.66,0.969316
750,1330,34597,91.19,165.91,445.9,419.73,0.958403
751,1330,3483,602.39,846.08,278.17,186.39,0.94068
752,1330,35206,608.93,117.81,236.18,403.14,0.926103
753,1331,34597,72.99,132.56,438.36,427.79,0.976704
754,1331,25469,51.06,786.74,347.98,304.8,0.964509
755,1331,35206,580.17,111.68,229.22,389.56,0.951633
756,1331,3483,575.31,810.14,281.68,192.25,0.947187
757,1332,25469,571.57,184.95,328.36,287.03,0.964866
758,1332,34597,459.28,651.59,452.94,438.0,0.96417
759,1332,3483,123.24,274.18,274.08,187.38,0.962311
760,1332,35206,135.87,727.99,247.9,408.61,0.946499
761,1333,20014,578.04,283.05,341.87,318.15,0.969537
762,1333,36637,158.91,282.76,192.51,247.86,0.961354
763,1333,3351,401.49,922.39,189.9,193.08,0.954742
764,1337,1900,169.19,248.23,180.88,179.05,0.972802
765,1337,29451,495.23,821.97,407.8,265.65,0.96485
766,1337,16548,578.77,187.27,237.2,226.94,0.947016
767,134,28763,62.59,812.58,218.71,207.88,0.983728
768,134,31885,39.94,7.49,357.63,519.57,0.977665
769,134,35206,648.61,142.21,203.36,401.37,0.960156
770,134,3483,561.15,811.46,285.99,175.73,0.958101
771,1340,1900,643.06,859.97,210.92,157.41,0.974015
772,1340,24850,578.18,287.2,291.67,168.66,0.968356
773,1340,16548,187.26,824.76,240.84,238.09,0.958258
774,1340,29345,130.75,128.77,254.37,417.62,0.462781
775,1345,29667,618.56,173.51,223.22,215.52,0.975742
776,1345,25469,87.39,829.74,339.71,302.63,0.967844
777,1345,31885,165.11,130.91,426.28,495.1,0.961044
778,1345,3483,601.29,846.22,277.53,187.7,0.940846
779,1347,29667,141.97,869.93,227.21,227.36,0.975565
780,1347,31885,416.64,617.9,419.17,510.83,0.965521
781,1347,25469,571.87,186.24,330.24,284.59,0.964883
782,1347,3483,124.82,273.76,274.08,186.56,0.952398
783,1348,31863,186.68,265.41,202.67,204.79,0.986789
784,1348,22074,675.28,310.03,184.42,187.11,0.98155
785,1348,3351,362.16,878.66,189.55,194.49,0.913824
786,135,28763,96.6,855.46,215.19,201.84,0.986751
787,135,31885,51.91,25.53,372.01,526.69,0.970829
788,135,35206,680.3,151.95,203.42,408.46,0.947492
789,135,3483,590.73,846.59,282.8,170.42,0.943013
790,1350,31863,589.02,857.9,203.74,206.55,0.98894
791,1350,22074,108.18,813.8,181.65,187.76,0.978135
792,1350,3351,422.37,218.13,189.37,186.38,0.954771
793,1353,3483,171.53,280.82,260.33,211.52,0.973114
794,1353,34597,513.72,679.98,441.35,456.71,0.971669
795,1353,27777,637.62,293.98,174.52,195.48,0.96573
796,1353,16232,153.35,828.64,191.3,191.72,0.958102
797,1354,30308,575.8,734.35,344.89,470.3,0.970161
798,1354,3483,143.21,292.32,211.02,258.07,0.960633
799,1354,20877,539.86,294.86,332.16,236.54,0.953673
800,1354,36637,167.42,799.78,188.04,256.9,0.94423
801,1355,3483,624.92,716.91,210.99,270.76,0.972459
802,1355,30308,80.59,49.32,324.79,438.45,0.969543
803,1355,20877,83.6,725.53,337.08,240.6,0.966759
804,1355,36637,603.3,202.19,181.03,247.63,0.952164
805,1357,3544,95.37,229.72,203.46,199.49,0.964903
806,1357,16548,577.12,168.52,233.92,225.99,0.941686
807,1358,3544,111.86,240.46,207.8,200.76,0.971947
808,1358,16548,605.57,176.43,239.82,225.88,0.946265
809,1359,3544,674.49,827.83,213.36,210.42,0.976319
810,1359,16548,140.47,854.21,241.7,238.16,0.94885
811,136,1900,652.31,851.47,208.75,158.95,0.979376
812,136,16551,81.12,652.59,313.17,485.46,0.966869
813,136,33009,565.02,214.4,323.64,291.89,0.956629
814,1361,19232,168.77,648.78,240.3,356.46,0.983199
815,1361,29667,628.78,691.65,229.51,229.66,0.974231
816,1361,3351,357.67,148.8,184.48,188.31,0.943222
817,1363,16262,118.75,292.17,244.55,236.5,0.980204
818,1363,33880,451.34,241.6,433.59,290.44,0.978904
819,1363,3351,433.89,886.43,189.47,194.69,0.947671
820,1366,28763,679.02,257.12,211.12,197.09,0.990581
821,1366,29667,125.58,864.29,229.07,225.81,0.970412
822,1366,3483,132.21,290.98,277.09,168.94,0.964225
823,1366,22347,663.15,837.39,213.12,207.23,0.961952
824,1367,29667,602.91,175.91,220.32,214.81,0.980714
825,1367,28763,61.28,812.37,219.02,207.35,0.978475
826,1367,22347,107.4,226.14,201.9,194.05,0.975911
827,1367,3483,560.34,811.03,286.38,176.46,0.964446
828,1369,22347,119.18,214.13,206.11,198.64,0.982947
829,1369,16262,637.74,176.24,245.82,230.92,0.981448
830,1369,19861,127.34,865.47,220.2,166.3,0.980005
831,1369,3483,601.01,869.41,257.61,229.47,0.966471
832,1371,19861,91.68,828.1,226.05,175.11,0.977037
833,1371,3483,572.71,835.7,261.75,233.0,0.975549
834,1371,22347,103.41,205.7,202.63,194.38,0.974792
835,1371,16262,610.08,171.39,240.44,229.04,0.967148
836,1372,2483,595.4,114.8,285.81,446.51,0.975082
837,1372,13395,613.38,688.67,239.47,519.09,0.958544
838,1372,3743,74.08,811.72,332.38,328.17,0.949478
839,1372,12778,81.82,93.75,322.7,486.24,0.911995
840,1376,1900,642.12,859.44,206.62,166.56,0.977644
841,1376,33009,583.81,243.01,359.67,236.44,0.973973
842,1376,33208,152.11,296.24,207.38,196.02,0.954743
843,1376,16551,90.35,703.33,293.33,494.23,0.937744
844,1377,1900,150.97,256.05,198.69,156.28,0.984736
845,1377,33208,641.22,806.68,212.09,200.05,0.964761
846,1377,33009,46.33,825.15,363.13,230.25,0.964263
847,1377,16551,606.96,58.49,287.53,478.91,0.908709
848,1378,19861,637.58,276.49,222.84,172.48,0.983061
849,1378,3483,149.47,220.76,248.73,219.03,0.974529
850,1378,22347,623.52,869.23,213.46,209.12,0.974492
851,1378,35206,109.74,771.96,298.55,391.98,0.966682
852,1379,19861,127.35,865.06,220.36,166.92,0.979996
853,1379,22347,162.37,201.29,205.59,198.91,0.976133
854,1379,3483,601.75,868.67,256.99,230.3,0.966645
855,1379,35206,585.2,96.23,285.03,377.08,0.945033
856,1381,32310,35.37,235.36,369.41,234.13,0.976607
857,1381,21325,633.0,277.49,237.03,139.18,0.957212
858,1381,3351,407.85,845.21,190.46,190.44,0.951091
859,1384,3483,567.33,816.1,262.45,216.59,0.970487
860,1384,20238,604.25,195.75,227.25,215.95,0.965541
861,1384,27777,179.67,815.83,171.98,200.58,0.963529
862,1384,25367,52.98,97.57,416.73,452.75,0.962409
863,1385,25367,40.01,82.82,402.48,444.06,0.971864
864,1385,3483,537.08,779.96,270.4,223.11,0.971453
865,1385,20238,576.31,191.26,222.04,213.96,0.970632
866,1385,27777,144.63,776.7,177.53,205.8,0.95567
867,1386,20238,153.07,852.44,232.74,224.67,0.977806
868,1386,25367,535.66,700.92,422.97,467.8,0.974404
869,1386,3483,173.35,277.88,259.63,212.24,0.972351
870,1386,27777,639.4,293.56,174.0,194.13,0.970876
871,1387,20238,601.61,182.3,227.79,215.33,0.984886
872,1387,22347,112.66,241.55,205.63,197.55,0.975064
873,1387,20877,139.8,833.26,275.6,310.17,0.964275
874,1387,3483,642.67,759.32,203.97,274.24,0.960757
875,139,31885,8.93,51.26,398.08,501.27,0.964648
876,139,25469,51.81,787.55,350.61,302.69,0.964542
877,139,35206,582.45,113.1,226.43,389.82,0.959412
878,139,3483,574.49,811.0,281.5,192.34,0.950962
879,1390,25438,156.53,871.85,261.43,266.93,0.968497
880,1390,2483,602.21,115.05,203.44,465.84,0.964443
881,1390,22362,606.08,748.19,267.88,415.08,0.962175
882,1390,12778,110.17,159.7,364.75,460.38,0.868518
883,1392,2483,603.72,80.87,218.26,480.8,0.965139
884,1392,25438,154.47,861.04,256.09,254.03,0.964915
885,1392,22362,596.54,743.98,258.34,407.67,0.964833
886,1392,12778,108.93,132.84,367.18,454.44,0.956453
887,1393,27777,640.44,293.96,173.23,193.71,0.978808
888,1393,22347,682.81,870.8,213.9,208.81,0.972616
889,1393,3483,173.87,278.46,259.04,211.27,0.969676
890,1393,16262,136.2,836.89,250.14,241.92,0.949682
891,1395,22347,88.03,193.22,202.48,195.87,0.978039
892,1395,3483,536.67,778.91,270.79,224.44,0.973093
893,1395,16262,574.97,187.96,240.06,226.06,0.963601
894,1395,27777,144.14,776.38,177.7,205.67,0.957012
895,1396,19552,510.17,597.95,324.42,483.97,0.970314
896,1396,2483,82.78,660.05,215.8,489.54,0.966923
897,1396,13395,81.84,86.01,230.44,481.38,0.954097
898,140,25469,88.88,829.11,338.04,304.03,0.974139
899,140,31885,20.09,68.69,420.31,508.47,0.962077
900,140,35206,611.98,118.32,234.19,404.08,0.938445
901,140,3483,601.58,846.83,278.52,187.18,0.93761
902,1401,22347,650.9,851.97,212.77,208.38,0.98061
903,1401,29667,140.52,870.71,227.09,226.5,0.971299
904,1401,25469,571.76,186.0,330.5,284.62,0.964701
905,1401,3483,125.43,273.45,273.11,186.11,0.956252
906,1402,20238,83.51,334.34,229.03,222.64,0.97933
907,1402,3351,425.74,883.9,189.87,194.55,0.951472
908,1402,33880,454.91,196.83,395.28,364.8,0.948429
909,1404,20238,667.92,763.88,228.99,221.73,0.984415
910,1404,3351,365.56,215.35,185.29,182.19,0.972229
911,1404,33880,110.23,739.7,400.52,377.5,0.959375
912,1407,38162,602.61,792.59,247.36,254.8,0.985481
913,1407,3351,376.38,232.18,185.25,179.06,0.977069
914,1407,33880,103.42,680.93,314.09,431.4,0.97277
915,1408,1900,187.63,274.15,202.59,137.4,0.983614
916,1408,33208,657.02,899.39,218.61,211.12,0.949003
917,1408,16548,74.93,807.56,242.66,238.33,0.93748
918,1408,21771,684.49,275.43,177.37,172.83,0.819713
919,1411,28763,97.79,855.36,214.62,202.27,0.986349
920,1411,30308,70.21,129.27,387.21,416.81,0.963056
921,1411,36637,643.92,208.13,188.8,247.72,0.959842
922,1411,3483,591.38,846.06,283.72,171.27,0.950548
923,1413,28763,676.99,256.98,211.56,196.77,0.988747
924,1413,3483,131.65,292.27,276.18,168.5,0.970144
925,1413,36637,152.04,802.69,192.99,255.34,0.964031
926,1413,30308,548.51,706.93,395.62,423.96,0.963248
927,1414,3544,110.05,194.82,202.2,199.08,0.980146
928,1414,27926,553.9,599.37,277.06,484.3,0.959552
929,1414,16548,56.38,776.0,240.36,234.25,0.933544
930,1418,1900,127.49,256.49,198.95,149.4,0.966072
931,1418,16551,105.71,649.65,293.73,491.37,0.96473
932,1418,29345,588.55,700.82,267.43,451.62,0.553001
933,142,1900,582.96,867.58,210.09,142.51,0.981835
934,142,16548,593.86,157.26,231.86,223.41,0.937747
935,1420,41768,102.89,238.1,290.03,266.65,0.957812
936,1420,16688,549.2,61.61,255.62,605.36,0.951598
937,1420,3351,410.48,874.84,189.19,193.17,0.939735
938,1421,41768,552.19,721.7,302.33,284.16,0.957777
939,1421,16688,119.3,513.12,260.46,647.23,0.945397
940,1421,3351,338.22,164.99,185.36,191.36,0.941632
941,1424,31885,95.56,78.11,368.63,519.25,0.97786
942,1424,3483,536.73,776.74,271.84,223.93,0.971186
943,1424,27777,144.93,775.04,177.72,206.3,0.95721
944,1424,35206,584.81,132.35,222.58,393.12,0.950793
945,1425,31885,110.37,97.18,383.28,528.61,0.976308
946,1425,3483,566.53,813.87,263.77,216.88,0.970876
947,1425,27777,179.81,814.21,171.88,201.25,0.960781
948,1425,35206,614.51,141.17,225.94,403.29,0.944441
949,1429,3544,121.35,252.07,207.7,201.73,0.983987
950,1429,29345,606.67,705.16,285.1,441.3,0.971897
951,1429,16548,126.49,829.77,239.73,230.76,0.934605
952,143,1900,610.27,901.86,206.22,133.09,0.987052
953,143,16548,621.83,162.11,238.37,225.07,0.939981
954,1431,3544,104.7,241.5,203.58,200.69,0.975752
955,1431,29345,579.87,667.5,282.27,447.38,0.970275
956,1431,16548,91.86,789.67,241.74,236.46,0.934438
957,1433,38162,607.74,756.4,293.98,206.84,0.985018
958,1433,32310,0.0,664.99,304.9,327.57,0.971218
959,1433,3351,368.77,173.32,180.39,186.28,0.945731
960,1435,20238,589.03,309.2,227.03,217.16,0.979162
961,1435,13900,170.34,339.49,171.66,254.68,0.97772
962,1435,3351,399.38,854.09,186.75,190.03,0.961084
963,1436,13900,599.78,625.32,178.15,268.26,0.978138
964,1436,20238,110.32,700.08,231.14,228.96,0.963426
965,1436,3351,347.67,187.31,188.75,187.23,0.95398
966,1438,3544,699.45,858.77,213.7,210.71,0.982757
967,1438,12247,174.21,303.06,207.27,127.48,0.957461
968,1438,16548,207.47,841.85,242.51,238.27,0.933777
969,1439,3544,73.05,201.1,203.17,198.77,0.977664
970,1439,12247,591.2,848.87,215.4,129.51,0.955984
971,1439,16548,513.5,180.28,234.08,225.38,0.940378
972,1441,22347,118.01,173.7,201.91,194.08,0.975979
973,1441,3483,579.93,759.86,276.12,210.19,0.964156
974,1441,36637,593.67,202.43,253.96,169.46,0.960592
975,1441,27733,92.43,730.28,323.54,281.35,0.941167
976,1442,22347,134.94,179.11,205.78,197.99,0.976549
977,1442,27733,130.02,778.24,312.78,275.14,0.9598
978,1442,36637,621.17,206.7,262.1,169.43,0.958951
979,1442,3483,607.91,793.79,272.67,207.91,0.935707
980,1444,2483,93.1,689.77,212.71,491.31,0.964171
981,1444,3743,484.37,149.75,311.46,302.67,0.951373
982,1444,3832,132.09,115.61,223.56,427.36,0.672801
983,1444,13395,133.48,113.69,221.96,432.58,0.450463
984,1446,2483,631.91,33.41,198.46,481.7,0.967164
985,1446,3743,129.52,802.1,321.59,321.8,0.967012
986,1446,3832,586.12,705.26,225.32,443.18,0.610447
987,1447,3544,104.13,180.16,202.52,199.34,0.967303
988,1447,29451,460.14,767.07,419.52,246.29,0.954598
989,1447,16548,45.77,791.23,241.93,235.01,0.916378
990,1449,3544,119.52,185.5,207.26,201.4,0.978317
991,1449,29451,493.0,803.93,409.95,239.72,0.963855
992,1449,16548,80.09,831.99,240.84,229.81,0.93198
993,1450,25438,123.9,812.63,255.57,254.14,0.973623
994,1450,2483,601.95,44.65,215.34,488.35,0.972826
995,1450,12778,112.14,67.69,295.17,519.99,0.963981
996,1450,13395,592.09,706.71,236.2,501.69,0.935991
997,1452,25438,125.26,824.51,259.83,267.39,0.968145
998,1452,13395,606.4,710.99,230.01,521.07,0.953502
999,1452,12778,110.81,85.37,296.98,538.11,0.949819
1000,1452,2483,599.59,88.16,202.86,465.26,0.943944
1001,1453,3351,458.16,907.59,189.84,191.03,0.963966
1002,1453,16688,480.28,120.65,417.85,524.56,0.963215
1003,1453,18357,52.86,310.82,272.97,330.27,0.961736
1004,1455,18357,652.82,648.17,277.34,344.81,0.975097
1005,1455,16688,72.71,621.02,439.82,591.78,0.965864
1006,1455,3351,333.69,192.77,184.58,184.13,0.949638
1007,1458,2483,610.18,67.64,246.67,473.83,0.973476
1008,1458,25438,109.88,829.81,257.26,255.23,0.971166
1009,1458,3832,641.77,709.98,221.95,445.31,0.818289
1010,1459,2483,625.88,67.32,223.16,469.57,0.977462
1011,1459,12081,649.23,694.0,246.74,462.98,0.977144
1012,1459,12778,71.71,178.51,319.84,485.36,0.926822
1013,146,3483,172.09,280.62,259.69,210.96,0.970327
1014,146,31885,553.25,675.0,405.63,523.85,0.966936
1015,146,16232,152.96,828.34,191.46,192.59,0.966935
1016,146,27777,637.38,294.07,175.03,196.06,0.962263
1017,1460,2483,51.23,699.77,254.46,478.79,0.973774
1018,1460,12081,71.75,130.75,226.28,427.17,0.96312
1019,1460,12778,547.87,573.37,317.88,482.86,0.460055
1020,1461,12081,641.23,687.03,236.87,451.42,0.976699
1021,1461,2483,628.88,29.95,239.57,483.32,0.969335
1022,1461,12778,69.37,148.98,324.19,486.42,0.833549
1023,1462,28763,676.41,257.1,212.35,197.77,0.988963
1024,1462,20238,134.81,869.92,230.38,226.01,0.981489
1025,1462,25367,526.87,677.52,424.27,463.62,0.971401
1026,1462,3483,130.42,291.09,277.87,169.43,0.963162
1027,1463,28763,97.97,855.68,215.41,201.71,0.981037
1028,1463,20238,624.49,178.31,225.52,215.04,0.972504
1029,1463,25367,60.19,124.92,419.21,450.56,0.971545
1030,1463,3483,591.14,845.89,283.19,172.26,0.94923
1031,1464,28763,63.12,812.86,219.25,207.89,0.984148
1032,1464,20238,594.29,174.42,221.22,213.04,0.980666
1033,1464,25367,45.72,106.99,408.15,445.75,0.964496
1034,1464,3483,561.9,810.35,286.98,177.18,0.955727
1035,1466,28763,62.03,812.73,218.94,207.67,0.983811
1036,1466,22347,106.17,179.12,201.8,194.53,0.977176
1037,1466,3483,560.86,811.58,285.7,175.74,0.963017
1038,1466,16262,594.26,175.57,237.38,228.29,0.926873
1039,1473,19607,152.02,217.71,158.05,153.34,0.975241
1040,1473,1900,616.51,861.77,199.36,156.54,0.973305
1041,1473,16551,572.94,89.41,287.7,481.95,0.957059
1042,1474,34597,65.01,103.89,443.65,424.48,0.975799
1043,1474,36637,619.78,205.4,262.47,170.1,0.961615
1044,1474,27733,125.67,769.64,315.03,274.71,0.938393
1045,1474,3483,609.07,791.63,272.8,207.14,0.937701
1046,1476,3483,581.07,758.34,276.07,210.76,0.964476
1047,1476,34597,53.48,75.68,429.27,430.33,0.960654
1048,1476,36637,592.74,201.13,254.0,170.16,0.94934
1049,1476,27733,88.97,721.61,323.47,285.07,0.940828
1050,1477,36637,88.69,230.73,237.09,211.56,0.964834
1051,1477,18357,360.03,679.47,248.77,369.48,0.952621
1052,1477,3351,652.19,289.01,179.89,182.39,0.940122
1053,148,19232,500.4,238.07,330.24,252.96,0.983143
1054,148,20238,119.99,300.05,228.93,220.51,0.980737
1055,148,3351,402.68,850.35,188.91,190.85,0.957216
1056,1480,3544,642.96,877.2,213.95,211.65,0.975621
1057,1480,16548,173.66,834.51,240.15,237.6,0.930646
1058,1483,19861,636.96,276.23,223.48,173.22,0.982172
1059,1483,28763,630.62,898.71,222.25,214.19,0.98179
1060,1483,3483,148.68,220.92,249.74,219.17,0.973383
1061,1483,35206,109.37,771.86,298.15,392.02,0.966923
1062,1485,28763,148.49,168.47,211.37,201.97,0.984126
1063,1485,19861,127.44,865.3,220.22,166.53,0.979327
1064,1485,3483,600.45,869.22,258.07,229.34,0.967199
1065,1485,35206,585.6,96.79,283.43,376.96,0.937123
1066,1488,31863,628.46,830.61,204.17,205.08,0.974983
1067,1488,21325,209.85,826.7,202.12,198.99,0.961866
1068,1488,3351,393.41,206.1,183.19,183.56,0.955794
1069,1489,20238,184.75,282.26,226.46,217.49,0.983968
1070,1489,20014,532.63,286.4,344.37,320.96,0.966307
1071,1489,3351,402.87,850.38,188.5,190.76,0.9514
1072,149,19232,96.17,699.77,336.27,265.47,0.987659
1073,149,20238,593.58,710.96,231.75,228.98,0.981145
1074,149,3351,345.86,189.31,185.66,190.48,0.945246
1075,1492,18147,528.1,296.73,335.95,354.75,0.981424
1076,1492,21325,183.35,275.04,159.47,233.84,0.967637
1077,1492,3351,379.65,904.68,190.18,190.41,0.960755
1078,1493,18147,59.24,544.74,346.18,375.01,0.982547
1079,1493,21325,598.52,719.73,157.96,242.33,0.962247
1080,1493,3351,366.55,135.62,187.27,191.65,0.946885
1081,1497,19861,85.32,825.83,226.44,176.43,0.977147
1082,1497,3483,566.9,840.18,259.28,234.35,0.972484
1083,1497,29667,609.7,198.82,219.44,214.74,0.971663
1084,1497,34597,64.41,60.05,304.0,498.16,0.967254
1085,15,33880,46.21,785.06,454.04,276.69,0.987611
1086,15,16232,642.94,796.79,193.68,189.68,0.98414
1087,15,3351,358.51,247.71,185.94,182.16,0.955063
1088,150,19232,143.03,802.85,327.28,260.7,0.984604
1089,150,20238,632.5,802.79,228.78,221.58,0.98341
1090,150,3351,388.45,252.34,183.23,182.45,0.939894
1091,1500,41768,572.74,859.72,346.86,179.18,0.979509
1092,1500,38162,195.56,733.59,189.16,298.8,0.970573
1093,1500,3351,351.52,237.25,183.7,183.45,0.936743
1094,151,1900,645.98,844.89,186.2,189.83,0.967159
1095,151,33208,183.44,267.08,206.3,197.03,0.962929
1096,151,29451,512.24,243.86,407.25,218.47,0.944213
1097,151,16548,98.44,819.79,243.75,237.14,0.944032
1098,152,1900,149.0,240.44,181.28,181.44,0.974578
1099,152,29451,39.08,800.99,422.29,225.99,0.971871
1100,152,33208,583.19,811.12,215.57,204.96,0.961076
1101,152,16548,618.85,204.53,235.93,224.92,0.926076
1102,153,29451,71.9,843.19,420.14,218.49,0.979176
1103,153,1900,168.45,249.2,180.96,180.14,0.97579
1104,153,33208,610.28,842.86,213.2,201.76,0.954596
1105,153,16548,648.6,212.42,241.39,227.98,0.942007
1106,154,2483,615.42,49.23,257.13,476.76,0.968625
1107,154,13395,592.6,680.92,244.33,493.32,0.9573
1108,155,2483,68.37,689.06,259.01,472.64,0.974942
1109,155,13395,110.63,84.7,238.94,475.84,0.913453
1110,156,2483,602.1,93.67,265.07,455.08,0.965753
1111,156,13395,598.49,679.96,258.38,513.99,0.950221
1112,157,16262,574.41,186.54,239.67,228.49,0.9809
1113,157,25367,106.0,84.24,394.99,456.24,0.967578
1114,157,3483,537.07,779.77,270.78,223.66,0.966372
1115,157,27777,144.41,776.26,177.31,205.97,0.955831
1116,159,3483,566.24,816.36,263.74,216.3,0.975341
1117,159,16262,603.32,192.89,244.44,232.28,0.975312
1118,159,27777,179.72,814.94,171.63,201.47,0.965347
1119,159,25367,120.81,99.7,405.0,464.39,0.95827
1120,160,4543,145.84,915.52,212.84,211.8,0.987487
1121,160,3544,627.95,887.88,212.33,213.26,0.982762
1122,160,16551,577.18,263.04,289.22,468.81,0.965972
1123,160,21771,211.14,318.37,135.32,135.04,0.482458
1124,160,28763,211.28,318.5,135.18,135.19,0.422118
1125,162,3544,159.03,177.95,207.85,201.84,0.979687
1126,162,4543,626.58,144.74,209.79,203.78,0.978245
1127,162,16551,128.52,536.29,289.39,479.24,0.95829
1128,162,21771,654.74,856.52,135.51,131.18,0.847408
1129,163,28763,126.47,174.17,211.21,202.24,0.984655
1130,163,16232,645.48,252.36,186.35,179.38,0.977033
1131,163,3483,567.55,814.22,264.1,216.12,0.972633
1132,163,27777,180.71,815.03,172.12,200.86,0.96371
1133,164,16232,152.92,828.62,191.4,191.57,0.982046
1134,164,27777,637.0,293.63,175.54,195.1,0.973947
1135,164,3483,172.42,280.33,259.63,211.11,0.973789
1136,164,28763,652.57,892.57,221.39,212.79,0.971504
1137,165,28763,109.87,169.03,207.35,198.02,0.986674
1138,165,16232,615.91,239.0,183.21,183.69,0.980538
1139,165,3483,537.55,777.02,271.44,223.53,0.96679
1140,165,27777,145.71,775.79,177.95,205.83,0.961458
1141,17,3351,298.71,168.29,183.71,188.32,0.956033
1142,17,35206,116.06,583.54,303.04,387.73,0.955338
1143,17,41768,562.35,643.38,272.69,303.09,0.944217
1144,170,2483,620.33,69.59,232.79,467.08,0.977084
1145,170,12081,649.46,694.56,246.69,462.14,0.975976
1146,170,12778,114.82,157.58,308.05,519.2,0.895136
1147,172,28763,95.48,854.59,215.29,202.05,0.986619
1148,172,29667,632.07,181.52,223.57,213.64,0.978079
1149,172,25367,114.6,65.04,342.76,501.22,0.965513
1150,172,3483,589.47,846.54,282.66,170.88,0.951823
1151,173,28763,61.26,811.73,219.19,208.5,0.982906
1152,173,29667,602.06,176.56,220.8,214.35,0.981431
1153,173,25367,100.52,54.63,331.51,485.7,0.971983
1154,173,3483,560.41,811.27,287.07,176.07,0.956374
1155,174,28763,678.4,256.9,211.77,197.14,0.989599
1156,174,29667,126.16,864.49,228.78,226.19,0.972184
1157,174,3483,133.34,291.12,276.28,169.38,0.963389
1158,174,25367,550.09,685.73,345.55,514.04,0.957451
1159,175,19861,120.31,864.59,221.93,167.48,0.976493
1160,175,29667,638.74,204.39,224.24,214.84,0.967647
1161,175,30308,122.87,97.29,278.08,472.65,0.964984
1162,175,3483,595.15,873.13,255.81,230.07,0.956327
1163,176,19861,643.28,277.05,222.43,172.14,0.982122
1164,176,30308,597.93,677.62,283.82,483.15,0.974041
1165,176,3483,156.55,216.1,248.91,221.25,0.972309
1166,176,29667,119.86,840.09,228.5,226.12,0.969212
1167,179,20238,152.59,852.2,232.78,224.84,0.982743
1168,179,22347,644.89,833.56,212.27,207.68,0.977457
1169,179,27777,639.25,293.51,174.27,193.96,0.976922
1170,179,3483,174.0,278.14,258.33,211.21,0.970016
1171,180,22347,124.04,228.14,201.87,196.14,0.980667
1172,180,20238,576.55,191.33,222.52,213.0,0.972497
1173,180,3483,538.0,779.73,269.64,224.58,0.968267
1174,180,27777,145.21,777.18,176.76,205.81,0.951846
1175,183,3544,642.4,877.34,214.39,211.86,0.975386
1176,183,16551,21.54,696.2,402.82,415.61,0.970804
1177,185,4543,598.48,144.51,203.72,199.98,0.984713
1178,185,3544,141.6,173.49,202.78,198.05,0.965702
1179,185,16548,134.55,738.15,238.63,234.56,0.927288
1180,185,21771,628.51,825.7,138.85,134.8,0.742904
1181,186,4543,626.57,144.17,209.79,203.88,0.982104
1182,186,3544,158.43,178.57,208.59,202.31,0.978585
1183,186,16548,166.65,782.2,237.53,227.59,0.944478
1184,186,21771,655.67,856.67,136.66,130.94,0.763379
1185,189,22362,618.41,779.62,259.3,423.51,0.970642
1186,189,2483,644.73,115.14,198.22,475.18,0.967131
1187,189,12778,88.76,130.01,291.24,528.12,0.942043
1188,19,28763,101.9,170.29,211.26,202.88,0.984055
1189,19,36637,620.62,204.44,261.69,169.75,0.962594
1190,19,3483,609.73,790.86,275.28,207.21,0.943437
1191,19,27733,126.58,769.9,315.16,275.15,0.943366
1192,191,4543,638.87,152.49,202.08,199.88,0.989206
1193,191,3544,123.16,181.57,202.33,199.81,0.983816
1194,191,16551,580.95,567.02,289.54,491.21,0.946496
1195,196,2483,90.41,660.08,207.96,493.96,0.967623
1196,196,12778,537.46,517.86,277.65,517.84,0.96401
1197,196,22362,82.02,117.19,259.78,393.18,0.947645
1198,196,3743,492.24,128.05,312.31,301.73,0.939134
1199,197,22362,601.18,732.39,261.43,407.58,0.971779
1200,197,12778,113.08,172.6,298.78,521.89,0.969528
1201,197,2483,637.8,60.74,197.77,493.52,0.95524
1202,197,3743,122.71,829.69,320.85,320.94,0.953592
1203,198,22362,608.49,737.36,272.14,415.42,0.962711
1204,198,3743,122.94,837.58,329.02,332.03,0.957442
1205,198,12778,114.02,197.79,298.07,522.82,0.949917
1206,198,2483,629.71,96.76,197.22,473.97,0.948148
1207,199,29667,630.21,164.22,222.8,214.89,0.979883
1208,199,3483,563.54,815.57,264.52,217.32,0.969766
1209,199,27777,178.01,813.14,172.16,201.28,0.964322
1210,199,30308,39.99,120.02,402.19,397.43,0.959581
1211,200,3483,176.07,279.01,258.89,211.91,0.973247
1212,200,29667,128.13,880.06,229.19,227.19,0.964828
1213,200,30308,559.49,736.61,414.93,405.94,0.963037
1214,200,27777,640.54,296.53,175.06,194.5,0.961283
1215,202,22347,688.34,867.73,214.13,208.12,0.973917
1216,202,3483,144.0,290.41,212.55,256.56,0.960681
1217,202,16262,109.3,837.24,248.76,241.24,0.958222
1218,202,20877,542.1,294.06,330.95,237.23,0.946068
1219,203,20877,82.87,725.55,336.11,240.79,0.973752
1220,203,3483,623.66,718.68,211.25,271.57,0.972158
1221,203,16262,602.49,186.94,237.46,227.83,0.959823
1222,203,22347,83.26,196.9,201.47,196.13,0.946248
1223,204,3483,650.2,751.39,210.86,266.97,0.966973
1224,204,16262,629.37,192.73,245.34,232.23,0.962477
1225,204,20877,114.14,769.23,333.43,231.87,0.960793
1226,204,22347,99.82,205.44,204.29,197.5,0.922135
1227,205,3544,113.2,165.26,202.34,197.74,0.973299
1228,205,16548,592.46,123.22,231.29,223.54,0.926501
1229,210,31863,596.8,875.06,202.73,207.58,0.983454
1230,210,29667,162.52,749.5,228.93,222.36,0.971269
1231,210,3351,418.53,243.31,185.7,185.3,0.939697
1232,212,1900,624.94,890.71,204.19,136.03,0.984241
1233,212,16551,480.73,136.42,437.07,356.31,0.972944
1234,213,1900,596.39,856.71,210.14,145.18,0.982168
1235,213,16551,454.32,122.43,425.99,353.85,0.968407
1236,214,1900,141.53,240.64,199.42,128.31,0.983195
1237,214,27926,90.76,616.17,272.98,483.98,0.955909
1238,214,33208,588.59,800.58,215.3,205.22,0.955824
1239,214,16551,566.85,58.16,283.26,462.04,0.947677
1240,215,1900,157.81,250.79,203.05,123.6,0.983159
1241,215,33208,615.86,835.03,212.96,200.85,0.963712
1242,215,27926,127.17,665.11,261.46,476.82,0.951356
1243,215,16551,595.47,63.37,289.21,479.19,0.921556
1244,217,12081,601.06,709.09,235.27,451.69,0.976214
1245,217,2483,589.18,71.64,246.37,476.24,0.965597
1246,217,3743,118.99,785.13,321.02,321.21,0.955131
1247,217,12778,128.18,129.66,283.3,526.56,0.791631
1248,219,12081,110.17,112.72,228.1,424.6,0.977535
1249,219,2483,87.43,669.45,257.23,470.52,0.955306
1250,219,3743,495.23,166.19,312.32,299.06,0.943704
1251,222,16262,169.72,768.64,246.45,237.59,0.973806
1252,222,3351,405.78,203.63,185.03,183.77,0.952644
1253,222,41768,607.62,739.66,269.91,302.88,0.951143
1254,224,29667,619.15,172.62,223.77,215.84,0.97772
1255,224,25469,86.99,829.03,339.91,300.85,0.973252
1256,224,34597,108.49,85.28,361.33,483.54,0.96764
1257,224,3483,601.27,846.11,279.53,187.7,0.937284
1258,225,29667,141.33,870.99,226.67,226.68,0.975207
1259,225,34597,531.74,666.36,367.7,502.15,0.972018
1260,225,25469,573.45,186.9,329.17,285.26,0.968366
1261,225,3483,124.59,274.37,274.19,186.28,0.963294
1262,226,19861,127.28,865.53,220.35,166.41,0.979654
1263,226,22347,108.96,229.7,205.79,198.14,0.975625
1264,226,20238,644.96,190.12,228.07,215.81,0.973625
1265,226,3483,600.85,869.63,257.79,229.02,0.969445
1266,229,3743,536.36,151.14,313.93,302.93,0.955814
1267,229,2483,48.78,685.6,293.39,453.94,0.938811
1268,229,13395,94.12,66.24,248.98,484.16,0.911053
1269,23,28763,61.93,812.11,219.43,208.1,0.982607
1270,23,16262,594.13,175.76,237.7,228.6,0.980665
1271,23,25367,21.91,91.46,418.64,434.37,0.970042
1272,23,3483,561.14,811.42,285.82,175.48,0.951369
1273,231,2483,595.88,116.83,284.62,443.99,0.976114
1274,231,13395,612.97,686.06,240.26,522.36,0.95674
1275,231,3743,74.22,810.98,331.54,329.21,0.947411
1276,231,12778,58.21,144.41,386.27,433.91,0.823765
1277,232,22347,129.07,232.73,206.29,199.35,0.977043
1278,232,29667,678.71,189.92,224.68,213.71,0.973994
1279,232,27733,117.51,777.36,320.44,263.42,0.967244
1280,232,3483,598.68,800.86,274.94,204.35,0.949749
1281,234,22347,111.17,223.96,201.93,194.02,0.97887
1282,234,29667,648.01,184.33,219.75,214.53,0.974979
1283,234,3483,569.54,767.13,279.74,206.35,0.966167
1284,234,27733,79.62,727.53,331.43,271.94,0.953428
1285,236,28763,677.87,257.17,211.42,196.47,0.98923
1286,236,3483,132.78,290.99,275.53,169.22,0.964963
1287,236,35206,103.88,687.58,204.88,416.37,0.958902
1288,236,28763,615.25,834.72,221.54,213.88,0.95588
1289,237,28763,62.18,812.78,219.07,207.36,0.98252
1290,237,28763,143.56,223.66,209.25,199.15,0.982076
1291,237,35206,649.96,140.79,202.18,402.52,0.966416
1292,237,3483,561.28,811.12,286.72,176.33,0.961796
1293,238,16262,625.11,239.3,243.03,234.52,0.977503
1294,238,3351,403.53,834.0,187.41,189.63,0.960012
1295,238,18357,67.81,261.28,302.93,296.97,0.950287
1296,24,28763,96.23,854.65,215.47,202.35,0.98671
1297,24,16262,622.2,181.47,243.19,232.1,0.975121
1298,24,25367,34.36,106.6,430.67,442.68,0.96145
1299,24,3483,589.61,846.2,283.67,171.35,0.947224
1300,241,20238,129.31,326.19,227.42,221.11,0.976945
1301,241,18147,516.05,256.41,305.61,384.09,0.962842
1302,241,3351,410.35,913.18,191.12,191.07,0.939393
1303,243,20238,622.4,769.91,230.65,224.04,0.977857
1304,243,18147,143.96,649.31,310.23,401.39,0.975061
1305,243,3351,375.24,185.0,188.03,185.31,0.95856
1306,244,3544,128.01,169.88,209.23,201.31,0.973454
1307,244,16551,579.99,6.1,287.9,480.91,0.944324
1308,244,21771,650.93,883.07,136.4,130.85,0.637175
1309,247,22362,608.75,737.39,271.3,415.74,0.963371
1310,247,3743,122.42,837.64,329.87,332.04,0.954835
1311,247,2483,627.16,98.04,199.18,472.03,0.945726
1312,247,12778,58.22,133.01,334.84,504.34,0.927363
1313,248,22362,600.46,732.42,262.68,408.52,0.971426
1314,248,2483,633.91,51.08,202.07,495.32,0.959228
1315,248,3743,121.82,828.69,321.73,322.15,0.955079
1316,248,12778,53.9,111.28,339.18,498.68,0.877485
1317,249,2483,87.84,659.89,212.48,494.19,0.967085
1318,249,22362,79.77,117.25,261.36,392.07,0.957134
1319,249,3743,492.4,127.68,312.25,302.36,0.937853
1320,249,12778,554.51,594.97,344.79,500.2,0.87209
1321,250,29667,129.82,208.39,224.73,222.02,0.967936
1322,250,3351,379.46,849.15,187.56,191.02,0.966871
1323,250,18357,544.42,230.28,239.89,350.68,0.955417
1324,251,29667,587.87,796.77,232.17,229.1,0.972783
1325,251,18357,143.04,595.45,244.53,369.55,0.959884
1326,251,3351,370.03,179.24,183.0,186.6,0.953295
1327,252,29667,624.76,887.07,228.88,221.8,0.967069
1328,252,3351,411.43,238.84,184.91,183.72,0.951608
1329,252,18357,183.35,692.26,244.34,371.63,0.944789
1330,253,33880,453.34,252.33,434.35,289.36,0.980472
1331,253,3351,445.98,848.94,189.63,190.56,0.962844
1332,253,35206,66.49,255.63,409.37,221.52,0.946973
1333,256,25438,543.88,179.74,245.8,253.19,0.979333
1334,256,19552,495.22,655.23,316.1,502.28,0.971476
1335,256,2483,65.06,668.88,202.22,483.9,0.955816
1336,256,13395,109.42,88.4,235.73,477.56,0.921172
1337,259,20238,604.54,278.81,226.02,222.04,0.978818
1338,259,3351,384.99,895.08,189.43,192.8,0.958959
1339,259,41768,110.0,284.62,270.79,289.43,0.952729
1340,262,29667,602.16,176.1,221.12,214.68,0.980235
1341,262,28763,60.8,811.49,220.07,208.64,0.977271
1342,262,34597,78.61,37.48,337.26,490.25,0.972467
1343,262,3483,560.17,810.47,286.07,177.39,0.955739
1344,264,28763,678.37,256.94,212.27,198.06,0.989898
1345,264,34597,564.95,680.03,352.83,513.78,0.972283
1346,264,29667,126.3,864.52,228.88,225.83,0.972254
1347,264,3483,132.56,290.86,276.67,169.36,0.969413
1348,265,28763,678.14,257.26,211.68,197.57,0.989111
1349,265,16232,142.9,846.59,196.6,192.63,0.981543
1350,265,25367,599.71,667.55,375.8,489.91,0.969095
1351,265,3483,132.38,291.43,276.47,168.83,0.962263
1352,266,28763,96.12,855.37,214.59,202.18,0.987413
1353,266,16232,649.53,230.39,190.7,182.63,0.983484
1354,266,25367,20.86,110.38,387.75,473.11,0.964339
1355,266,3483,590.16,846.02,282.99,170.9,0.949203
1356,27,25438,123.9,823.36,259.76,267.78,0.969816
1357,27,2483,604.73,80.01,197.27,473.83,0.961719
1358,27,13395,603.9,708.32,230.62,522.65,0.949409
1359,271,22347,104.49,189.05,201.96,193.48,0.975704
1360,271,20877,83.13,725.69,337.4,241.39,0.971824
1361,271,3483,624.38,716.75,211.88,270.86,0.970883
1362,271,35206,630.85,163.43,221.46,394.38,0.960159
1363,273,22347,665.18,876.71,217.01,210.41,0.97795
1364,273,3483,143.07,291.84,211.85,257.71,0.969308
1365,273,35206,98.23,669.67,234.26,414.28,0.959237
1366,273,20877,542.55,293.59,330.41,238.84,0.948628
1367,274,20014,574.08,254.82,344.43,320.4,0.961753
1368,274,21325,206.44,324.92,147.18,236.57,0.955737
1369,274,3351,420.12,888.39,190.47,195.17,0.933633
1370,275,20014,7.89,644.15,350.54,343.01,0.974188
1371,275,3351,327.86,149.54,185.14,188.28,0.94991
1372,275,21325,581.68,663.09,152.76,243.93,0.946774
1373,277,19861,127.27,864.91,220.47,166.69,0.981282
1374,277,30308,79.34,95.58,394.77,403.45,0.970551
1375,277,3483,600.56,869.59,257.9,229.1,0.967424
1376,277,36637,621.22,198.57,263.0,151.4,0.959855
1377,278,19861,637.43,277.01,222.49,171.94,0.983765
1378,278,3483,149.1,220.61,249.06,219.6,0.974074
1379,278,30308,521.83,748.98,407.34,414.27,0.972347
1380,278,36637,93.51,906.88,274.96,164.69,0.962027
1381,28,3483,566.06,814.38,263.95,216.43,0.976068
1382,28,25367,20.46,67.14,416.76,452.61,0.975914
1383,28,27777,179.53,814.19,172.04,201.35,0.962137
1384,28,35206,615.05,141.57,227.43,402.8,0.942352
1385,280,16232,134.5,290.4,187.88,191.96,0.981702
1386,280,3351,410.74,867.79,187.8,191.64,0.958944
1387,280,3832,434.46,273.35,387.22,353.28,0.955823
1388,286,16262,575.5,187.74,238.74,226.74,0.978721
1389,286,3483,536.55,779.48,270.88,224.22,0.971794
1390,286,30308,30.47,117.85,374.85,403.15,0.957398
1391,286,27777,145.44,776.51,176.17,206.04,0.953309
1392,287,3483,173.16,277.89,259.93,211.91,0.976158
1393,287,30308,574.22,703.36,397.68,422.47,0.97439
1394,287,16262,136.25,836.14,249.9,243.21,0.965758
1395,287,27777,639.72,294.04,175.22,195.54,0.963918
1396,288,3483,566.22,816.49,263.27,215.83,0.97554
1397,288,16262,603.78,193.1,243.33,231.92,0.974942
1398,288,27777,179.42,815.28,171.72,200.9,0.965601
1399,288,30308,44.95,132.84,385.92,416.19,0.952249
1400,289,2483,597.5,81.33,250.46,477.24,0.966928
1401,289,25438,142.71,844.96,256.59,253.39,0.962085
1402,289,22362,588.27,743.22,254.81,408.89,0.95554
1403,29,25367,8.35,53.77,401.95,446.85,0.967955
1404,29,3483,536.75,777.5,270.85,223.65,0.965592
1405,29,35206,585.51,132.7,221.62,392.42,0.958339
1406,29,27777,144.76,775.49,177.51,206.17,0.955793
1407,291,25438,535.56,174.62,247.31,253.59,0.980866
1408,291,2483,76.24,655.1,264.21,476.29,0.966856
1409,291,22362,102.84,105.0,249.89,394.27,0.966477
1410,291,12778,570.05,614.44,281.74,537.1,0.421397
1411,292,25438,547.61,177.59,245.39,252.78,0.981707
1412,292,12778,542.31,588.31,322.77,510.55,0.961934
1413,292,2483,71.98,662.55,199.57,486.17,0.960168
1414,292,13395,113.97,84.07,229.84,479.32,0.908673
1415,295,16232,643.29,297.58,191.34,190.55,0.98533
1416,295,20014,119.91,191.4,345.78,317.04,0.964367
1417,295,3351,413.78,864.13,189.87,190.75,0.942168
1418,298,1900,681.71,879.48,212.95,132.32,0.977371
1419,298,33208,156.77,235.73,205.25,195.27,0.965928
1420,298,16548,161.12,777.0,240.16,235.47,0.927049
1421,299,1900,88.84,260.84,200.4,125.38,0.977722
1422,299,33208,611.93,846.27,214.61,206.5,0.963289
1423,299,16548,559.67,245.47,233.96,227.73,0.927769
1424,3,1900,142.53,243.48,198.22,125.77,0.984704
1425,3,24850,138.82,703.58,190.03,295.71,0.967791
1426,3,16551,530.37,60.74,382.4,400.11,0.964702
1427,3,27926,571.68,629.89,261.35,487.01,0.946783
1428,302,19232,97.61,635.49,278.17,326.7,0.987094
1429,302,36637,568.69,712.77,234.55,227.56,0.946998
1430,302,3351,309.59,160.26,185.65,189.5,0.940736
1431,304,2483,622.49,70.55,193.59,468.98,0.972657
1432,304,12778,103.82,129.01,309.65,504.76,0.959657
1433,304,3743,130.94,812.5,329.92,332.02,0.942751
1434,304,3832,592.24,708.72,237.51,459.9,0.612393
1435,304,13395,591.14,701.99,238.89,465.84,0.518761
1436,308,36637,117.72,711.0,189.89,264.18,0.958376
1437,308,3351,289.31,206.01,185.12,188.25,0.948803
1438,308,41768,564.27,604.0,274.39,298.54,0.936678
1439,31,3544,111.89,240.38,207.87,201.06,0.972205
1440,31,16551,589.93,50.04,291.56,481.63,0.916418
1441,310,4543,139.75,865.73,213.42,213.43,0.983501
1442,310,3544,654.93,891.66,213.39,212.9,0.981678
1443,310,16551,106.36,146.75,312.8,448.7,0.964762
1444,310,12247,617.97,321.74,175.51,185.3,0.954638
1445,313,29667,595.16,182.07,219.51,214.03,0.974511
1446,313,34597,13.06,23.08,451.08,407.89,0.969709
1447,313,3483,621.55,721.96,210.67,270.77,0.968632
1448,313,20877,38.4,754.55,328.16,251.47,0.964983
1449,315,29667,134.92,859.41,228.88,225.15,0.976891
1450,315,34597,507.53,784.63,467.59,422.16,0.975421
1451,315,20877,591.14,258.56,325.83,249.84,0.972087
1452,315,3483,145.39,288.7,212.92,257.5,0.960858
1453,316,3544,127.28,235.34,208.46,201.06,0.974439
1454,316,33009,558.76,811.82,372.09,208.17,0.974002
1455,316,16548,167.35,792.57,238.25,227.26,0.945601
1456,317,3544,660.08,833.3,213.57,210.42,0.978015
1457,317,33009,78.43,269.35,361.65,219.73,0.968733
1458,317,16548,591.54,284.63,232.35,222.15,0.948023
1459,32,3544,674.17,828.24,213.68,210.19,0.975717
1460,32,16551,105.34,707.82,295.19,493.92,0.959109
1461,320,28763,135.36,197.41,209.63,197.75,0.986851
1462,320,3483,624.98,717.5,210.49,269.81,0.970627
1463,320,20877,83.03,725.28,338.01,240.94,0.961387
1464,320,35206,630.63,163.15,221.47,394.66,0.960154
1465,323,28763,677.64,256.59,211.53,196.08,0.989058
1466,323,22347,654.93,876.31,213.95,209.05,0.975543
1467,323,36637,151.19,802.52,193.88,255.85,0.965045
1468,323,3483,130.31,290.95,277.75,168.83,0.961968
1469,324,28763,96.76,856.03,214.78,201.84,0.988208
1470,324,22347,131.55,194.87,205.73,197.86,0.976205
1471,324,36637,644.6,208.36,188.11,247.73,0.960654
1472,324,3483,590.16,846.48,283.9,170.65,0.951876
1473,325,3483,174.21,278.33,258.82,211.3,0.972517
1474,325,16262,136.9,836.03,248.42,243.16,0.969562
1475,325,31885,506.65,704.77,405.86,525.12,0.965833
1476,325,27777,639.63,294.25,174.9,195.29,0.964507
1477,327,31885,94.84,27.92,408.73,508.22,0.978704
1478,327,16262,603.38,193.05,244.12,232.02,0.975853
1479,327,3483,566.42,816.5,263.02,216.25,0.974852
1480,327,27777,179.31,815.02,171.59,201.07,0.96563
1481,328,27733,559.88,256.48,301.06,263.48,0.969396
1482,328,3483,122.75,307.09,270.17,202.2,0.968
1483,328,31885,516.6,646.06,384.59,532.83,0.962648
1484,328,36637,101.49,880.36,267.1,176.86,0.959065
1485,332,4543,588.46,167.35,202.5,198.73,0.986275
1486,332,3544,126.21,142.27,201.06,197.84,0.971006
1487,332,16551,564.44,537.09,289.28,489.19,0.955674
1488,334,16232,628.93,221.56,185.9,182.55,0.9752
1489,334,3483,624.9,717.09,210.67,270.62,0.971469
1490,334,20877,83.26,726.19,337.11,240.37,0.963363
1491,334,22347,146.37,223.36,201.67,194.98,0.955173
1492,335,16232,135.42,847.23,195.29,191.44,0.982061
1493,335,22347,621.74,839.92,213.98,207.7,0.976461
1494,335,3483,143.54,291.8,210.66,257.46,0.956961
1495,335,20877,542.04,293.32,330.96,238.9,0.948318
1496,336,16232,657.39,231.71,190.52,178.72,0.985769
1497,336,3483,651.9,750.3,210.28,265.29,0.96217
1498,336,20877,115.57,769.4,333.85,231.02,0.961493
1499,336,22347,163.87,232.68,205.76,198.48,0.91261
1500,337,22347,641.22,836.99,213.6,206.7,0.976979
1501,337,25469,572.03,185.95,330.27,286.37,0.966639
1502,337,36637,132.95,830.54,179.27,261.98,0.959331
1503,337,3483,124.21,273.52,274.37,185.43,0.957039
1504,338,22347,126.68,225.01,202.38,196.56,0.9806
1505,338,25469,49.3,788.3,349.02,301.31,0.971246
1506,338,3483,574.42,811.12,281.34,192.35,0.951608
1507,338,36637,646.02,169.69,169.76,249.03,0.947958
1508,339,25469,88.14,829.68,338.85,304.02,0.97634
1509,339,22347,144.38,235.34,206.24,199.12,0.973908
1510,339,36637,674.65,172.16,175.25,255.1,0.962505
1511,339,3483,601.97,847.04,278.0,186.69,0.93559
1512,340,34597,39.04,88.58,390.47,465.45,0.975576
1513,340,3483,537.61,780.28,270.57,223.27,0.974538
1514,340,20238,576.39,191.24,222.25,214.3,0.96989
1515,340,27777,145.9,776.81,176.69,206.36,0.952116
1516,341,34597,52.11,119.31,399.54,459.95,0.970974
1517,341,20238,604.41,195.38,227.14,216.34,0.967264
1518,341,3483,567.18,817.51,262.67,214.99,0.9645
1519,341,27777,180.18,815.95,171.53,200.38,0.963907
1520,344,28763,155.83,194.04,209.1,200.26,0.977668
1521,344,3483,566.32,816.5,263.5,216.71,0.974851
1522,344,27777,179.48,815.94,171.73,200.24,0.966143
1523,344,16262,604.25,193.18,243.29,231.34,0.943134
1524,345,28763,138.15,187.42,206.19,198.5,0.979202
1525,345,3483,537.22,779.94,269.61,222.98,0.973313
1526,345,27777,144.34,776.68,177.46,205.74,0.95693
1527,345,16262,575.44,187.88,239.28,226.35,0.934175
1528,346,16232,644.43,252.19,186.48,180.3,0.972033
1529,346,25367,142.49,57.66,339.65,498.83,0.968744
1530,346,3483,567.29,814.32,263.93,215.91,0.965889
1531,346,27777,180.86,814.48,172.2,201.54,0.960339
1532,347,16232,615.57,239.13,182.82,184.07,0.967452
1533,347,3483,538.48,776.76,269.07,223.65,0.965837
1534,347,25367,123.18,43.74,333.85,486.07,0.957921
1535,347,27777,146.05,775.66,177.24,206.08,0.956793
1536,349,34597,6.93,132.09,440.13,425.41,0.977748
1537,349,3483,567.66,813.96,262.87,215.35,0.969355
1538,349,27777,180.71,814.18,172.06,201.42,0.961316
1539,349,35206,614.93,140.39,227.21,403.35,0.942304
1540,352,19552,107.41,171.21,330.63,490.38,0.967558
1541,352,22362,618.8,779.5,260.42,423.16,0.964506
1542,352,2483,643.4,116.09,200.78,472.82,0.959943
1543,355,2483,52.69,697.46,253.91,482.11,0.971217
1544,355,12081,71.89,131.27,226.42,426.63,0.961849
1545,356,12081,641.43,687.07,236.58,451.35,0.975727
1546,356,2483,629.66,27.99,237.22,485.99,0.969652
1547,356,3743,107.51,800.11,274.27,276.12,0.611699
1548,359,29667,630.52,163.93,222.08,215.29,0.980436
1549,359,31885,81.96,46.41,368.12,530.33,0.973155
1550,359,27777,178.13,812.27,171.73,202.1,0.964242
1551,359,3483,563.69,815.5,264.53,216.56,0.960467
1552,361,16262,643.71,287.67,243.96,235.19,0.97766
1553,361,18147,213.27,169.0,207.73,409.69,0.960345
1554,361,3351,430.35,881.65,189.99,191.96,0.933111
1555,364,32310,586.7,162.91,246.39,346.56,0.965905
1556,364,35206,102.65,253.89,345.78,326.09,0.960108
1557,364,3351,406.65,855.66,191.69,192.03,0.95437
1558,372,34597,13.05,143.24,450.43,412.18,0.97104
1559,372,16262,573.94,195.32,243.72,231.79,0.965415
1560,372,25469,48.89,857.49,376.78,217.91,0.96394
1561,372,3483,601.52,846.46,280.47,186.79,0.947881
1562,374,29667,624.56,186.43,223.69,214.99,0.973165
1563,374,20877,70.58,798.06,329.16,244.0,0.96909
1564,374,3483,647.28,754.78,211.3,269.29,0.962482
1565,374,25367,102.42,36.81,406.72,463.34,0.956812
1566,379,31863,137.07,315.45,204.99,206.22,0.980303
1567,379,3351,465.29,859.95,189.01,190.69,0.958402
1568,379,16688,452.72,156.57,491.53,469.45,0.954303
1569,38,31885,111.5,30.02,401.07,501.14,0.97987
1570,38,20877,83.36,724.68,337.06,241.89,0.969834
1571,38,3483,624.84,717.35,211.78,270.05,0.968846
1572,38,35206,624.63,160.89,220.04,396.24,0.927581
1573,380,31863,596.73,713.35,209.0,215.7,0.974924
1574,380,16688,0.19,549.24,504.04,519.56,0.956323
1575,380,3351,283.48,181.04,190.63,189.15,0.95377
1576,382,2483,594.88,117.69,286.61,443.23,0.975514
1577,382,12778,98.42,133.22,372.83,449.87,0.964993
1578,382,13395,613.32,688.06,239.43,520.95,0.959157
1579,382,3743,73.84,811.75,332.09,328.45,0.952381
1580,384,2483,605.88,77.6,283.93,460.42,0.971915
1581,384,13395,602.05,688.38,244.73,500.96,0.96137
1582,384,3743,74.04,798.53,324.28,322.05,0.954372
1583,384,12778,93.57,91.37,380.61,459.53,0.945564
1584,387,28763,676.92,256.85,211.8,197.22,0.988871
1585,387,20238,134.84,869.48,230.47,226.39,0.98006
1586,387,31885,496.34,655.95,419.48,513.49,0.96982
1587,387,3483,130.73,290.97,277.2,169.35,0.9646
1588,389,16262,601.64,185.54,238.01,228.75,0.971779
1589,389,20877,83.18,725.13,336.89,241.58,0.970868
1590,389,34597,27.96,127.68,440.19,421.3,0.969652
1591,389,3483,624.46,718.29,211.48,271.05,0.967566
1592,390,16262,629.58,191.61,244.47,232.75,0.968026
1593,390,34597,41.59,157.53,452.51,416.64,0.963826
1594,390,20877,115.01,768.81,333.72,231.38,0.95842
1595,390,3483,651.23,750.92,210.71,267.16,0.957013
1596,392,1900,187.7,274.41,202.47,137.67,0.98384
1597,392,16551,112.04,702.34,295.26,495.55,0.94997
1598,392,33208,656.24,898.65,220.92,211.88,0.948376
1599,392,21771,684.42,275.77,177.59,172.3,0.635574
1600,393,1900,582.63,868.04,210.62,141.79,0.983352
1601,393,33208,110.97,159.36,206.07,197.02,0.965931
1602,393,16551,559.69,48.42,277.42,468.87,0.949249
1603,394,20238,139.03,851.52,232.43,224.4,0.976728
1604,394,28763,606.21,856.81,220.69,213.31,0.973316
1605,394,25469,569.57,231.46,372.89,219.01,0.968034
1606,394,3483,123.72,273.59,274.45,187.76,0.963995
1607,395,28763,172.49,209.02,212.56,202.41,0.977326
1608,395,25469,50.04,858.13,374.39,217.64,0.976159
1609,395,20238,618.41,195.86,226.84,217.24,0.974202
1610,395,3483,602.65,846.21,277.31,187.41,0.936989
1611,396,28763,153.94,199.85,211.82,199.95,0.979794
1612,396,20238,589.14,191.03,222.18,213.24,0.977298
1613,396,25469,14.71,812.82,379.33,221.6,0.975759
1614,396,3483,575.35,809.48,280.59,193.42,0.959641
1615,4,29345,118.39,156.17,271.9,411.93,0.973552
1616,4,1900,684.65,808.5,130.87,206.8,0.973469
1617,4,16551,130.64,649.68,293.97,493.25,0.96152
1618,4,24850,598.76,252.08,294.52,165.96,0.955443
1619,40,19861,644.24,277.68,222.65,171.6,0.981438
1620,40,3483,158.52,215.08,248.36,221.81,0.97291
1621,40,29667,120.6,838.46,229.52,227.15,0.966159
1622,40,31885,619.05,607.94,330.76,557.95,0.963342
1623,400,1900,135.07,246.37,192.28,154.52,0.974096
1624,400,33208,614.51,771.21,213.91,204.4,0.970633
1625,400,33009,14.63,777.35,365.32,237.69,0.969793
1626,400,16548,603.6,125.98,230.94,223.52,0.953197
1627,401,1900,642.19,857.97,207.19,167.8,0.977877
1628,401,33009,584.34,242.95,358.85,236.64,0.971885
1629,401,33208,152.08,295.66,207.52,195.73,0.952891
1630,401,16548,111.58,898.67,241.34,239.29,0.936724
1631,404,18147,16.32,588.69,285.13,418.25,0.964037
1632,404,35206,438.74,698.79,415.55,235.41,0.955864
1633,404,3351,356.89,145.01,186.7,189.08,0.940846
1634,409,33009,512.31,791.95,389.4,210.41,0.973218
1635,409,1900,137.25,243.18,186.27,165.37,0.971209
1636,409,16551,9.59,726.4,461.28,325.89,0.959807
1637,41,31885,56.58,92.78,321.55,543.31,0.97298
1638,41,19861,119.84,864.91,221.54,167.12,0.972578
1639,41,29667,637.02,206.24,224.64,214.3,0.968421
1640,41,3483,593.84,873.74,255.94,230.17,0.957291
1641,411,33009,87.35,257.16,367.88,208.41,0.979587
1642,411,1900,645.97,853.19,201.06,177.44,0.978501
1643,411,16551,496.68,197.69,452.47,312.86,0.961266
1644,411,20238,29.9,829.44,390.64,297.69,0.50157
1645,412,2483,623.74,69.03,225.95,467.44,0.978033
1646,412,12081,649.21,694.7,246.8,461.51,0.975714
1647,412,19552,112.79,185.14,307.79,501.45,0.955386
1648,413,12081,641.5,686.57,237.0,452.04,0.97584
1649,413,2483,628.13,29.53,240.18,484.3,0.965918
1650,413,19552,109.05,160.22,315.65,497.53,0.961412
1651,414,19552,519.9,551.7,306.15,493.86,0.974459
1652,414,2483,51.1,698.62,255.53,480.7,0.96989
1653,414,12081,71.7,130.57,226.15,427.34,0.964618
1654,415,19861,127.34,864.77,220.75,166.75,0.980728
1655,415,16262,637.36,176.13,245.86,231.8,0.980005
1656,415,31885,98.56,91.38,325.08,544.19,0.96997
1657,415,3483,600.79,869.8,257.96,228.69,0.964832
1658,416,19861,91.9,828.21,225.46,174.77,0.979213
1659,416,3483,573.21,835.59,261.15,232.94,0.976352
1660,416,16262,610.19,172.21,239.01,229.39,0.97297
1661,416,31885,79.61,71.01,316.86,535.88,0.96815
1662,417,19861,637.8,276.72,221.88,172.42,0.981852
1663,417,3483,148.97,220.76,249.52,219.62,0.97361
1664,417,16262,100.5,851.62,248.83,241.69,0.973282
1665,417,31885,574.4,611.16,330.7,553.39,0.967935
1666,419,20238,113.03,856.27,232.12,225.67,0.97629
1667,419,27733,563.9,259.28,303.35,266.82,0.975417
1668,419,3483,123.46,306.37,269.46,202.72,0.968522
1669,419,25367,542.25,736.96,433.75,439.47,0.968018
1670,42,3483,566.21,840.18,259.14,234.21,0.978766
1671,42,19861,84.95,825.89,226.38,176.67,0.977042
1672,42,29667,609.46,199.88,219.26,214.96,0.970048
1673,42,31885,38.68,73.8,314.31,532.65,0.965654
1674,420,20238,613.48,186.99,224.57,212.77,0.981076
1675,420,25367,4.33,76.27,431.26,418.03,0.967842
1676,420,3483,579.78,758.92,275.99,211.12,0.967027
1677,420,27733,87.04,722.07,325.44,284.79,0.936305
1678,422,19861,639.32,276.83,221.98,172.76,0.98197
1679,422,3483,150.59,219.63,248.65,219.68,0.975509
1680,422,34597,561.01,700.97,352.27,512.04,0.965572
1681,422,36637,96.01,905.14,272.7,165.85,0.960629
1682,423,19861,90.43,827.49,225.61,175.08,0.978217
1683,423,34597,83.47,18.84,336.58,491.24,0.97618
1684,423,3483,571.67,836.84,260.23,232.11,0.97361
1685,423,36637,591.59,194.64,257.82,153.77,0.959559
1686,429,29667,667.17,180.43,224.97,213.94,0.977552
1687,429,34597,72.23,153.63,492.43,355.69,0.96434
1688,429,27733,131.94,775.72,312.34,277.42,0.947316
1689,429,3483,608.84,791.94,273.46,206.66,0.939985
1690,430,4543,611.46,154.57,204.95,200.66,0.986775
1691,430,16551,70.02,609.36,404.88,411.53,0.977196
1692,430,3544,182.15,199.22,204.12,198.22,0.971445
1693,431,4543,639.61,154.73,209.79,202.77,0.98705
1694,431,16551,105.15,660.97,401.11,404.45,0.979125
1695,431,3544,200.22,206.88,208.9,202.19,0.970189
1696,431,33009,643.73,829.62,168.11,214.15,0.755788
1697,432,4543,133.65,905.21,212.96,212.25,0.989471
1698,432,3544,583.69,859.12,214.51,211.52,0.97971
1699,432,16551,491.23,224.59,396.45,393.05,0.976617
1700,433,16232,619.47,178.28,187.09,183.44,0.977804
1701,433,3483,580.26,759.04,276.0,210.49,0.965293
1702,433,30308,93.44,106.42,356.09,421.6,0.963399
1703,433,27733,87.27,721.2,325.35,284.67,0.93577
1704,434,27733,564.26,259.26,302.57,266.5,0.973553
1705,434,16232,141.71,893.51,197.5,191.87,0.973046
1706,434,3483,123.68,306.79,269.23,202.09,0.96706
1707,434,30308,535.12,694.07,367.14,446.33,0.954848
1708,435,16232,648.55,185.91,191.31,179.36,0.985609
1709,435,30308,107.92,121.08,370.14,436.05,0.959932
1710,435,3483,606.03,792.5,275.52,209.36,0.93755
1711,435,27733,123.63,769.26,315.72,275.08,0.929747
1712,436,20238,618.81,196.05,225.74,217.55,0.973036
1713,436,31885,41.16,133.72,446.34,482.56,0.96594
1714,436,25469,49.3,857.04,376.37,218.21,0.96335
1715,436,3483,602.29,845.4,278.04,187.25,0.942139
1716,44,13900,578.8,670.98,179.72,265.08,0.978417
1717,44,29667,93.07,723.69,230.9,229.43,0.976942
1718,44,3351,371.11,154.64,183.37,188.44,0.940175
1719,443,25438,568.11,187.55,246.46,253.73,0.978111
1720,443,2483,82.49,673.8,250.92,474.48,0.96465
1721,443,3832,77.63,110.34,223.7,426.14,0.869583
1722,443,12778,533.83,681.51,343.82,481.79,0.794638
1723,444,2483,595.52,109.79,256.24,455.15,0.970049
1724,444,25438,110.17,842.13,261.66,266.06,0.962357
1725,444,12778,76.03,71.42,336.54,483.85,0.932439
1726,444,3832,654.6,712.17,219.62,460.54,0.733314
1727,449,28763,97.01,854.5,215.0,202.49,0.984757
1728,449,16262,622.45,180.8,243.17,232.51,0.974698
1729,449,34597,48.41,134.07,379.66,475.53,0.970725
1730,449,3483,590.52,846.53,284.53,170.59,0.945362
1731,452,1900,645.77,845.45,186.12,189.84,0.963231
1732,452,29451,516.1,243.66,403.91,219.25,0.958971
1733,452,16551,138.97,637.05,307.96,487.6,0.938369
1734,454,2483,103.34,700.11,226.7,487.66,0.971074
1735,454,13395,124.45,86.72,238.59,476.51,0.93845
1736,455,2483,603.81,24.98,216.9,483.08,0.970908
1737,455,13395,582.55,673.47,238.83,496.97,0.949783
1738,455,12778,136.41,94.29,306.23,516.2,0.835949
1739,456,2483,598.46,59.84,206.06,473.31,0.963717
1740,456,12778,141.02,125.49,298.28,514.95,0.955293
1741,456,13395,586.6,679.13,256.86,511.89,0.949036
1742,457,2483,642.06,58.12,212.87,490.78,0.970273
1743,457,13395,633.3,673.89,231.43,498.57,0.969673
1744,457,12778,108.95,157.49,289.64,529.51,0.854833
1745,458,2483,627.51,106.12,228.32,466.26,0.969742
1746,458,13395,638.61,675.16,246.55,516.84,0.955862
1747,458,12778,109.44,188.35,289.04,523.57,0.926904
1748,459,2483,80.75,660.38,218.33,489.14,0.965576
1749,459,13395,81.18,86.1,231.79,482.46,0.955648
1750,459,12778,549.44,525.87,272.54,517.23,0.672138
1751,46,12081,601.57,709.26,235.41,451.16,0.977262
1752,46,2483,589.43,69.54,245.39,478.26,0.968807
1753,46,3743,119.46,784.82,321.39,321.22,0.954903
1754,460,2483,92.82,657.68,203.74,497.36,0.962639
1755,460,22362,79.98,117.86,261.35,391.11,0.958793
1756,460,3743,492.33,127.73,311.65,302.39,0.93577
1757,462,22362,608.73,737.72,272.73,415.13,0.9649
1758,462,3743,123.12,837.86,329.33,331.49,0.960947
1759,462,2483,630.97,99.62,201.54,470.92,0.954627
1760,462,12778,133.81,148.87,299.73,503.78,0.610442
1761,463,28763,675.31,256.42,212.87,196.78,0.988381
1762,463,20238,134.61,870.18,230.61,226.19,0.983461
1763,463,3483,129.91,291.43,278.14,169.34,0.962442
1764,463,28763,623.42,873.32,221.78,214.59,0.949651
1765,464,28763,63.94,813.34,219.9,207.45,0.985556
1766,464,28763,137.5,186.04,208.16,198.5,0.983859
1767,464,20238,594.21,174.21,221.07,212.1,0.982277
1768,464,3483,563.21,811.33,287.25,175.39,0.962745
1769,465,28763,98.97,856.37,214.16,201.09,0.9877
1770,465,28763,154.55,193.2,212.67,200.48,0.979499
1771,465,20238,624.26,177.31,225.26,215.48,0.975716
1772,465,3483,591.51,846.11,284.31,170.61,0.941126
1773,468,25438,155.31,872.13,261.24,267.35,0.96941
1774,468,2483,602.77,114.2,201.07,467.63,0.967663
1775,468,22362,604.34,748.1,268.61,415.96,0.964228
1776,468,12778,107.58,108.2,314.17,512.51,0.730272
1777,469,28763,150.06,221.49,212.15,201.46,0.978965
1778,469,35206,605.96,124.75,253.31,390.01,0.9454
1779,469,27733,124.14,770.18,315.72,274.7,0.938137
1780,469,3483,608.22,792.35,273.2,208.04,0.937197
1781,47,12081,109.59,112.62,228.02,424.76,0.978303
1782,47,2483,87.71,667.98,257.87,472.79,0.955655
1783,47,3743,494.84,165.87,312.07,299.8,0.947885
1784,472,3544,150.7,190.6,207.4,201.85,0.976944
1785,472,16548,627.83,148.22,236.62,226.89,0.95544
1786,472,28763,629.21,851.04,225.26,135.87,0.823961
1787,474,3544,636.12,874.55,214.31,215.0,0.978852
1788,474,16548,118.63,880.93,240.53,238.95,0.963074
1789,474,28763,150.57,307.19,223.06,147.59,0.897702
1790,475,25438,125.76,824.17,259.9,267.87,0.968492
1791,475,19552,90.67,130.82,315.21,501.77,0.95778
1792,475,13395,605.78,711.24,230.53,520.86,0.955583
1793,475,2483,598.9,82.84,203.2,471.77,0.952484
1794,477,2483,602.43,45.1,214.89,487.57,0.973587
1795,477,25438,124.08,812.57,254.49,254.11,0.973057
1796,477,19552,89.23,107.17,317.22,492.94,0.967723
1797,477,13395,593.11,707.71,235.75,499.5,0.936793
1798,479,3483,536.25,777.27,271.85,224.09,0.971345
1799,479,25367,65.93,85.36,374.74,468.9,0.965258
1800,479,27777,145.3,775.23,177.62,206.4,0.956877
1801,479,36637,636.65,176.56,181.88,243.53,0.954969
1802,481,2483,628.08,107.05,227.25,465.6,0.971396
1803,481,13395,638.51,676.2,246.18,515.95,0.96126
1804,481,12778,76.8,99.63,306.54,503.99,0.562178
1805,481,19552,76.56,99.67,307.5,505.41,0.456502
1806,482,2483,81.14,659.38,217.57,490.67,0.9676
1807,482,13395,81.54,85.08,231.22,482.27,0.956299
1808,482,12778,556.95,633.41,310.8,495.81,0.893553
1809,484,32310,24.44,324.96,295.18,325.14,0.977314
1810,484,16688,480.39,118.18,415.59,530.44,0.961454
1811,484,3351,421.45,894.48,189.52,192.92,0.934987
1812,485,32310,623.67,532.34,292.48,343.36,0.977291
1813,485,3351,327.32,146.73,185.68,187.91,0.951339
1814,485,16688,36.38,518.33,443.72,590.48,0.93715
1815,486,32310,663.01,633.46,293.84,344.07,0.973756
1816,486,16688,75.46,618.87,434.92,594.95,0.9681
1817,486,3351,370.11,205.0,185.57,183.17,0.943446
1818,487,16232,648.2,185.34,191.71,180.21,0.982589
1819,487,31885,96.69,49.6,410.74,507.18,0.969355
1820,487,3483,607.64,792.39,273.57,209.06,0.947387
1821,487,27733,123.76,768.78,316.15,275.6,0.931585
1822,493,19607,683.17,900.53,165.07,161.81,0.979922
1823,493,1900,187.16,291.95,197.08,155.92,0.977777
1824,493,16548,124.67,886.25,242.88,238.71,0.962534
1825,493,21771,684.69,275.59,177.08,172.3,0.431418
1826,494,1900,588.71,828.09,205.84,164.8,0.973378
1827,494,19607,135.87,213.09,153.63,151.08,0.966018
1828,494,16548,591.04,138.19,233.46,225.4,0.944537
1829,496,3351,395.09,872.47,188.12,190.59,0.967578
1830,496,3832,496.29,180.17,369.56,362.78,0.966937
1831,496,36637,165.97,293.7,184.94,248.51,0.944344
1832,497,3832,52.5,652.12,386.78,378.99,0.953614
1833,497,3351,356.15,159.94,181.06,183.68,0.945056
1834,497,36637,587.27,668.04,195.22,259.91,0.938033
1835,499,16262,167.81,834.75,249.23,242.73,0.97356
1836,499,25469,569.18,232.1,373.39,219.07,0.971281
1837,499,25367,526.19,725.55,436.47,460.45,0.970459
1838,499,3483,123.82,274.21,273.77,187.42,0.962117
1839,5,29345,614.83,715.85,287.75,441.95,0.975584
1840,5,24850,94.3,894.07,304.22,164.36,0.974853
1841,5,1900,182.35,266.7,127.55,199.88,0.96945
1842,5,16551,570.78,113.16,287.5,478.71,0.949608
1843,500,25469,14.85,812.41,379.16,221.63,0.975576
1844,500,16262,546.51,188.29,238.88,228.55,0.967532
1845,500,25367,35.94,66.81,414.33,433.66,0.967134
1846,500,3483,575.02,810.73,281.04,192.58,0.949412
1847,501,16262,572.91,195.2,245.03,231.86,0.968706
1848,501,25367,46.55,80.18,428.43,439.41,0.967499
1849,501,25469,49.4,857.22,376.01,217.59,0.962774
1850,501,3483,602.26,845.98,277.86,187.0,0.936281
1851,502,20238,139.85,851.72,231.66,224.69,0.97423
1852,502,25469,570.67,232.47,371.72,218.92,0.966068
1853,502,30308,550.3,732.58,413.34,411.25,0.959614
1854,502,3483,123.41,273.83,274.14,188.1,0.95882
1855,503,25469,14.34,812.14,379.47,222.3,0.977515
1856,503,20238,588.87,191.77,222.72,213.57,0.975987
1857,503,30308,39.47,104.44,386.77,390.71,0.953855
1858,503,3483,575.41,809.86,280.89,193.15,0.952767
1859,506,31863,83.61,699.89,206.42,210.94,0.97821
1860,506,38162,531.94,632.05,202.2,304.21,0.968072
1861,506,3351,351.81,140.1,184.92,188.77,0.937151
1862,507,31863,124.16,785.7,205.88,204.56,0.983805
1863,507,38162,573.18,728.48,195.34,294.67,0.974093
1864,507,3351,394.54,198.64,184.97,183.89,0.954866
1865,508,22074,167.28,260.84,186.18,189.01,0.976971
1866,508,18147,540.42,236.47,333.44,355.26,0.96986
1867,508,3351,419.82,870.04,189.56,194.4,0.942017
1868,509,22074,589.29,778.44,189.77,194.52,0.984495
1869,509,18147,47.78,606.72,345.9,378.45,0.978568
1870,509,3351,328.58,165.86,185.17,191.32,0.945202
1871,509,3832,713.83,1156.79,262.17,123.01,0.46963
1872,511,19861,639.17,277.04,222.1,172.78,0.980878
1873,511,3483,150.91,219.39,248.55,219.85,0.974563
1874,511,25367,574.17,745.28,393.96,490.24,0.97153
1875,511,36637,93.53,906.01,274.82,164.47,0.961026
1876,515,3483,567.11,813.88,264.44,215.82,0.975931
1877,515,30308,95.38,187.76,422.26,363.13,0.964901
1878,515,27777,180.76,813.74,172.21,201.91,0.961232
1879,515,35206,614.86,140.38,228.58,403.96,0.945207
1880,516,3483,172.48,280.75,259.48,211.18,0.972116
1881,516,30308,482.19,703.41,434.39,371.77,0.962195
1882,516,27777,637.5,294.93,175.67,195.34,0.957447
1883,516,35206,138.94,705.28,240.24,411.3,0.951718
1884,517,28763,96.78,855.52,215.49,202.18,0.988751
1885,517,31885,27.26,21.06,382.98,521.37,0.968434
1886,517,36637,643.88,208.44,188.63,247.6,0.957742
1887,517,3483,590.2,846.45,283.9,171.11,0.950952
1888,518,31885,17.6,4.95,362.62,513.72,0.984118
1889,518,28763,62.52,813.19,218.45,207.68,0.980734
1890,518,3483,561.15,812.05,287.58,174.89,0.964001
1891,518,36637,614.37,203.83,185.42,241.98,0.948775
1892,519,28763,677.86,256.91,211.4,196.51,0.989665
1893,519,31885,597.75,700.65,377.0,538.34,0.971078
1894,519,36637,151.56,802.4,193.96,256.33,0.959531
1895,519,3483,131.86,290.9,276.55,169.12,0.95538
1896,520,3483,175.57,279.25,258.47,210.85,0.975535
1897,520,28763,615.32,906.77,220.69,213.53,0.969382
1898,520,27777,639.83,295.92,175.44,194.51,0.962647
1899,520,29667,127.47,881.08,229.5,226.41,0.961449
1900,521,29667,600.98,161.58,218.9,213.45,0.976937
1901,521,28763,146.14,156.16,210.88,198.87,0.972902
1902,521,3483,535.59,777.86,270.07,224.15,0.967686
1903,521,27777,143.62,774.94,177.87,205.29,0.956406
1904,522,28763,163.37,160.23,213.37,201.14,0.9867
1905,522,29667,630.95,163.62,222.11,215.09,0.977694
1906,522,3483,564.0,815.12,264.99,217.7,0.969372
1907,522,27777,178.22,813.15,172.36,201.56,0.962791
1908,525,16232,141.16,892.88,197.93,192.09,0.979719
1909,525,28763,635.77,865.35,220.98,213.93,0.979585
1910,525,27733,564.35,259.13,303.36,266.4,0.976698
1911,525,3483,123.86,306.64,269.69,201.88,0.96751
1912,526,19861,637.2,276.67,222.72,172.6,0.983067
1913,526,16262,100.46,851.92,249.37,241.7,0.972745
1914,526,3483,147.99,220.56,250.36,220.75,0.971809
1915,526,30308,548.83,709.88,315.31,471.58,0.960271
1916,527,19861,127.39,865.17,220.42,166.29,0.981887
1917,527,16262,637.96,176.46,245.08,231.09,0.978877
1918,527,30308,143.99,75.52,312.57,461.49,0.970495
1919,527,3483,601.1,869.29,257.7,229.34,0.967156
1920,528,3483,574.2,836.11,260.21,234.04,0.97811
1921,528,19861,91.92,828.0,225.86,174.83,0.976936
1922,528,16262,610.91,172.11,238.52,228.81,0.971539
1923,528,30308,127.02,66.01,303.04,446.33,0.959767
1924,529,22347,106.24,242.26,206.07,197.24,0.977978
1925,529,20238,618.32,195.79,226.59,217.46,0.97475
1926,529,25469,49.73,857.98,375.59,217.99,0.965868
1927,529,3483,602.57,846.2,277.73,187.06,0.943305
1928,53,25438,132.32,854.03,260.76,268.07,0.968538
1929,53,2483,652.11,104.76,207.66,465.58,0.965328
1930,53,12778,97.02,117.37,359.85,474.11,0.952699
1931,53,13395,604.7,678.5,250.44,515.55,0.94976
1932,530,20238,139.05,851.53,232.33,224.62,0.977447
1933,530,22347,680.87,832.15,213.81,206.73,0.974398
1934,530,25469,572.49,232.09,370.95,219.75,0.970891
1935,530,3483,123.77,273.8,274.14,186.76,0.957219
1936,531,20238,589.21,191.31,222.38,213.28,0.976055
1937,531,25469,14.46,813.2,379.41,221.06,0.975539
1938,531,22347,89.38,230.09,202.84,195.84,0.969481
1939,531,3483,575.1,810.29,281.0,192.53,0.954313
1940,532,2483,595.44,116.24,284.79,444.31,0.977408
1941,532,19552,116.18,117.24,379.2,424.41,0.969117
1942,532,13395,613.0,685.67,239.73,523.46,0.962656
1943,532,3743,74.27,811.4,331.42,328.87,0.946339
1944,533,2483,604.93,78.72,283.96,459.18,0.976842
1945,533,19552,114.14,76.6,385.62,429.32,0.963643
1946,533,3743,73.83,799.68,323.14,321.04,0.961515
1947,533,13395,601.03,688.19,244.23,501.52,0.938397
1948,534,19552,445.28,697.44,394.84,435.26,0.973131
1949,534,2483,48.54,687.12,290.6,451.58,0.943732
1950,534,3743,536.36,151.3,313.84,302.74,0.93326
1951,534,13395,94.29,73.81,246.56,486.2,0.911354
1952,535,31885,81.69,143.56,412.92,506.8,0.97734
1953,535,25469,88.35,829.36,339.26,303.5,0.96898
1954,535,36637,673.81,172.05,175.45,255.12,0.965656
1955,535,3483,601.15,846.84,280.51,187.42,0.935404
1956,536,25469,51.27,787.98,352.29,301.64,0.961612
1957,536,31885,68.07,118.55,396.13,501.99,0.951726
1958,536,3483,573.85,811.65,281.9,192.61,0.949183
1959,536,36637,645.28,169.72,170.05,250.07,0.942497
1960,537,25469,571.65,185.48,330.39,285.95,0.964904
1961,537,31885,514.48,598.54,404.72,518.96,0.962401
1962,537,3483,125.1,273.75,273.15,186.24,0.960865
1963,537,36637,132.86,830.32,179.64,261.95,0.955267
1964,539,38162,591.32,709.51,201.28,304.93,0.964239
1965,539,3351,321.43,132.42,187.46,191.05,0.954429
1966,539,20014,9.57,669.76,353.94,342.72,0.954187
1967,54,25438,547.44,177.88,245.78,252.62,0.98032
1968,54,2483,71.08,662.97,200.77,487.84,0.962002
1969,54,12778,461.76,642.17,375.33,484.91,0.936339
1970,54,13395,114.01,83.48,230.73,482.16,0.897503
1971,540,38162,630.69,806.16,194.9,293.95,0.968806
1972,540,20014,48.95,755.46,353.13,339.22,0.965297
1973,540,3351,363.29,188.41,185.83,185.76,0.939039
1974,541,19861,637.72,276.9,222.05,172.35,0.983367
1975,541,16232,145.62,899.81,194.8,191.93,0.976243
1976,541,3483,148.28,220.64,250.41,220.02,0.971339
1977,541,31885,585.77,647.38,331.71,556.21,0.962384
1978,542,3483,573.19,835.01,260.78,233.45,0.979985
1979,542,19861,91.91,827.97,225.8,175.21,0.979236
1980,542,16232,617.43,172.51,186.29,181.92,0.973871
1981,542,31885,70.86,35.61,314.26,533.07,0.964286
1982,543,19861,127.57,865.06,220.29,166.89,0.980959
1983,543,16232,646.7,175.31,189.94,187.0,0.971074
1984,543,3483,601.1,870.06,256.94,228.3,0.969175
1985,543,31885,86.96,55.3,321.74,541.87,0.958514
1986,545,3483,175.76,278.61,259.99,211.7,0.973782
1987,545,22347,663.75,863.05,213.7,208.14,0.973684
1988,545,27777,640.64,295.64,175.48,194.87,0.963556
1989,545,29667,127.35,880.59,229.4,226.19,0.960254
1990,546,29667,601.04,160.97,218.4,215.02,0.979463
1991,546,22347,106.09,200.26,203.01,196.28,0.975401
1992,546,3483,535.01,779.21,269.61,223.2,0.973048
1993,546,27777,142.77,774.62,177.8,205.56,0.951708
1994,547,22347,121.67,243.36,205.25,198.0,0.978002
1995,547,36637,633.44,211.26,182.51,249.29,0.967295
1996,547,3483,651.62,751.72,209.73,265.35,0.957668
1997,547,20877,114.92,770.17,332.95,231.12,0.955967
1998,548,22347,665.01,830.82,213.29,207.77,0.969539
1999,548,3483,142.82,291.9,212.11,257.04,0.95621
2000,548,20877,540.84,293.53,332.11,237.96,0.950899
2001,548,36637,166.93,798.72,188.7,257.21,0.948269
2002,55,20014,48.58,282.08,343.63,319.04,0.958788
2003,55,16688,436.17,164.84,503.38,457.69,0.950579
2004,55,3351,424.06,847.26,187.82,190.36,0.944147
2005,551,28763,675.7,256.51,212.42,197.27,0.98807
2006,551,20238,134.92,870.74,230.15,225.25,0.982901
2007,551,3483,129.82,291.19,278.0,169.78,0.960736
2008,551,30308,544.09,686.63,390.56,428.97,0.953935
2009,552,28763,99.06,855.43,214.14,202.04,0.985478
2010,552,20238,624.44,178.18,225.59,214.79,0.970915
2011,552,30308,78.73,145.18,381.79,423.99,0.965442
2012,552,3483,591.82,845.95,283.74,170.77,0.951891
2013,553,25469,14.88,812.37,379.26,221.91,0.975827
2014,553,16232,601.44,213.22,185.98,182.65,0.973929
2015,553,34597,9.8,73.87,419.84,446.84,0.969286
2016,553,3483,575.54,809.85,280.88,193.15,0.948216
2017,555,34597,25.68,102.54,424.85,440.7,0.971101
2018,555,16232,630.69,220.41,191.0,186.18,0.968078
2019,555,25469,49.32,857.43,376.43,218.0,0.965984
2020,555,3483,601.72,845.51,280.45,187.57,0.945708
2021,56,20014,547.22,617.33,352.02,347.98,0.966199
2022,56,16688,2.43,554.27,514.31,509.55,0.95292
2023,56,3351,324.3,192.72,186.6,190.9,0.939556
2024,560,19861,127.6,865.18,219.96,166.56,0.981373
2025,560,3483,601.12,869.37,257.06,227.95,0.972064
2026,560,30308,117.02,78.84,279.43,471.46,0.969772
2027,560,35206,582.86,96.87,287.12,377.26,0.935128
2028,564,1900,151.64,254.18,195.65,162.12,0.981276
2029,564,21771,160.76,805.86,189.23,186.17,0.981126
2030,564,33009,547.87,837.14,373.59,198.1,0.97391
2031,564,16551,592.03,107.04,296.26,475.63,0.944311
2032,565,2483,623.61,70.26,226.93,465.56,0.978025
2033,565,12081,649.27,694.7,247.28,463.02,0.976755
2034,565,12778,29.21,170.38,400.84,422.34,0.974626
2035,569,12081,110.56,112.6,227.87,424.97,0.976791
2036,569,12778,541.91,578.91,287.47,515.09,0.965218
2037,569,2483,87.74,668.1,257.74,472.37,0.955526
2038,569,3743,495.19,165.96,313.12,300.09,0.939459
2039,571,1900,582.25,868.1,209.71,141.36,0.985672
2040,571,16551,541.77,57.4,304.98,452.05,0.961633
2041,571,24850,120.75,138.32,185.75,283.92,0.955384
2042,572,1900,188.4,274.4,203.01,138.15,0.979211
2043,572,16551,100.92,709.41,326.73,480.52,0.959691
2044,572,24850,671.03,830.34,193.02,299.07,0.947027
2045,572,21771,685.41,276.49,177.17,172.53,0.510729
2046,573,1900,609.67,901.89,206.33,132.64,0.986704
2047,573,24850,137.55,143.35,186.67,292.9,0.958688
2048,573,16551,568.15,61.44,315.77,467.37,0.947737
2049,574,13395,631.74,674.0,229.28,498.22,0.965692
2050,574,2483,675.54,78.05,198.94,490.75,0.964565
2051,574,3743,117.46,828.54,320.43,322.69,0.956136
2052,574,12778,94.88,174.52,315.55,486.75,0.699753
2053,575,2483,60.96,638.23,200.71,495.14,0.97054
2054,575,13395,84.99,85.29,231.12,482.16,0.954116
2055,575,3743,497.32,125.74,313.0,304.73,0.926554
2056,575,12778,534.74,544.89,313.56,489.15,0.710004
2057,576,13395,638.15,676.64,242.18,517.2,0.96479
2058,576,2483,661.3,112.15,212.21,475.99,0.96384
2059,576,3743,117.47,839.19,328.41,331.42,0.962878
2060,576,12778,97.25,196.44,311.36,494.3,0.823857
2061,577,33009,515.75,792.04,386.0,210.39,0.974536
2062,577,1900,135.16,246.88,192.46,155.9,0.9706
2063,577,16551,539.13,68.66,354.41,427.55,0.969011
2064,577,19607,139.82,786.91,160.14,158.15,0.962446
2065,578,33009,86.45,257.51,367.41,207.89,0.979333
2066,578,16551,51.39,725.1,379.2,448.21,0.97753
2067,578,1900,641.93,859.02,206.73,167.11,0.977096
2068,578,19607,662.31,333.01,156.53,151.46,0.945209
2069,579,1900,151.11,255.75,198.21,156.91,0.981638
2070,579,33009,548.23,837.4,372.85,198.69,0.976175
2071,579,16551,567.9,77.67,359.83,437.02,0.964828
2072,579,19607,172.17,822.74,158.13,153.71,0.961125
2073,58,19861,92.19,827.83,225.42,175.04,0.978837
2074,58,3483,573.56,836.17,260.68,232.21,0.97695
2075,58,34597,39.35,55.28,390.77,461.24,0.973878
2076,58,35206,556.08,91.81,277.06,367.34,0.896556
2077,581,33009,88.15,256.33,366.48,207.33,0.980697
2078,581,1900,644.74,854.1,203.92,173.3,0.978158
2079,581,24850,644.89,205.14,180.43,278.18,0.958687
2080,581,16548,103.44,905.64,243.99,238.99,0.94553
2081,583,19552,469.41,638.73,328.39,486.43,0.976421
2082,583,2483,65.69,690.24,260.23,471.81,0.974094
2083,583,13395,110.54,84.07,239.48,477.57,0.909236
2084,584,19552,142.99,118.07,325.65,481.13,0.971732
2085,584,2483,602.09,94.18,264.1,454.36,0.965383
2086,584,13395,598.67,682.2,259.01,511.38,0.953187
2087,586,28763,145.59,199.01,209.59,197.37,0.982257
2088,586,25469,49.85,787.67,348.61,303.92,0.966583
2089,586,3483,574.25,810.77,281.46,193.33,0.949386
2090,586,36637,645.99,169.17,169.8,249.05,0.948714
2091,587,28763,615.64,859.32,220.04,213.19,0.974582
2092,587,25469,573.44,185.46,330.81,286.68,0.967703
2093,587,3483,125.63,273.72,272.66,184.75,0.958926
2094,587,36637,132.38,830.11,179.98,262.42,0.958669
2095,588,28763,164.1,207.39,212.03,202.13,0.984634
2096,588,25469,88.91,829.27,338.27,304.2,0.969357
2097,588,36637,674.44,172.35,175.31,254.97,0.964349
2098,588,3483,601.11,847.12,280.22,187.55,0.937429
2099,589,19861,127.68,865.17,219.82,166.69,0.982346
2100,589,16262,637.48,176.35,245.45,231.45,0.979659
2101,589,3483,600.85,869.76,257.14,228.57,0.965426
2102,589,25367,28.25,114.97,349.64,493.48,0.962487
2103,591,19861,637.57,276.99,222.78,171.97,0.984753
2104,591,3483,148.76,220.71,249.42,219.73,0.974627
2105,591,25367,626.87,643.85,349.13,510.69,0.969539
2106,591,16262,100.55,852.25,248.67,241.08,0.965337
2107,592,19861,639.71,276.97,221.88,172.39,0.981853
2108,592,3483,150.41,219.31,249.2,218.93,0.974512
2109,592,28763,649.93,902.01,220.71,214.54,0.961606
2110,592,29667,119.86,844.44,229.2,225.97,0.956837
2111,593,3483,571.61,836.8,260.91,232.53,0.982082
2112,593,28763,113.79,159.71,208.25,197.45,0.980139
2113,593,19861,90.1,827.81,226.14,174.74,0.976954
2114,593,29667,610.37,195.17,218.16,213.43,0.970412
2115,594,28763,129.62,164.47,212.5,202.02,0.983228
2116,594,19861,125.56,864.72,220.4,166.61,0.979592
2117,594,29667,638.83,200.79,224.02,213.49,0.96581
2118,594,3483,599.19,870.62,257.49,229.62,0.964082
2119,595,16232,650.22,290.6,189.65,188.91,0.982372
2120,595,32310,109.85,216.79,251.39,341.14,0.968273
2121,595,3351,398.43,866.6,191.33,193.04,0.958608
2122,596,16232,80.31,735.98,198.06,195.19,0.981571
2123,596,32310,576.17,620.54,266.45,367.38,0.971242
2124,596,3351,350.87,162.9,181.48,185.13,0.94
2125,598,36637,173.31,333.11,180.81,254.53,0.95739
2126,598,33880,550.48,192.93,309.4,419.84,0.951085
2127,598,3351,403.17,873.85,188.77,193.59,0.946326
2128,60,19861,636.96,276.71,222.98,172.34,0.984789
2129,60,3483,148.5,221.0,250.14,219.21,0.973549
2130,60,34597,546.11,694.55,412.88,480.73,0.971949
2131,60,35206,108.99,771.8,301.06,391.9,0.949722
2132,600,33880,113.27,684.43,312.57,433.43,0.981719
2133,600,36637,626.17,722.49,180.47,259.47,0.956536
2134,600,3351,387.12,225.65,183.73,183.53,0.938044
2135,601,16262,153.09,804.82,247.64,239.8,0.976153
2136,601,27733,564.39,259.31,303.15,266.5,0.975012
2137,601,3483,123.95,307.01,269.35,201.12,0.9688
2138,601,31885,498.21,639.87,457.73,481.62,0.958511
2139,602,16262,562.71,217.14,238.32,229.52,0.975979
2140,602,31885,40.15,113.38,440.12,469.44,0.973645
2141,602,3483,579.55,758.95,275.88,211.17,0.96257
2142,602,27733,87.89,721.58,324.07,283.62,0.931973
2143,603,16262,591.29,227.23,242.3,229.28,0.982115
2144,603,31885,51.48,138.81,458.54,470.23,0.972506
2145,603,3483,607.25,793.6,272.01,206.95,0.940725
2146,603,27733,123.62,768.71,317.09,275.13,0.931339
2147,605,28763,97.93,856.38,214.59,201.55,0.98869
2148,605,28763,147.0,249.74,210.7,202.96,0.978633
2149,605,36637,644.31,208.0,188.56,247.48,0.958165
2150,605,3483,591.73,845.94,283.42,171.08,0.955504
2151,608,33880,51.83,606.08,314.98,445.15,0.968015
2152,608,29667,589.08,724.14,232.26,230.26,0.967034
2153,608,3351,339.29,191.54,186.86,190.37,0.957137
2154,610,28763,61.75,812.04,219.45,208.15,0.981466
2155,610,16232,620.4,222.16,186.94,182.89,0.978612
2156,610,34597,0.0,110.72,393.66,442.92,0.969845
2157,610,3483,560.51,811.89,286.1,176.04,0.954706
2158,611,28763,678.17,257.34,211.69,197.41,0.989084
2159,611,16232,143.17,846.61,196.11,192.59,0.978821
2160,611,34597,581.4,657.83,394.6,456.93,0.977629
2161,611,3483,131.79,291.47,276.95,168.54,0.96843
2162,612,28763,96.27,854.98,215.44,201.99,0.985891
2163,612,16232,648.99,230.11,191.08,182.69,0.980783
2164,612,34597,0.38,140.25,415.18,438.41,0.961224
2165,612,3483,589.12,845.7,284.2,172.48,0.950525
2166,614,19232,165.31,652.24,240.82,357.58,0.981807
2167,614,22074,635.82,727.32,186.57,191.51,0.979974
2168,614,3351,345.65,153.81,186.15,188.4,0.947325
2169,615,19232,209.56,756.09,236.23,353.73,0.97595
2170,615,22074,674.44,820.41,183.78,186.21,0.96874
2171,615,3351,388.42,212.59,184.26,182.27,0.959504
2172,616,16232,144.11,899.42,195.82,191.99,0.984255
2173,616,19861,637.74,276.3,222.42,172.3,0.981666
2174,616,28763,630.67,887.69,221.06,214.1,0.978341
2175,616,3483,148.3,220.45,249.6,218.89,0.974844
2176,617,19861,127.26,865.69,220.03,166.43,0.979388
2177,617,16232,647.1,174.87,190.0,185.92,0.975666
2178,617,28763,148.69,178.65,212.07,201.65,0.970873
2179,617,3483,601.19,870.05,257.72,229.15,0.970132
2180,618,28763,132.31,172.76,208.12,197.52,0.983145
2181,618,16232,618.0,171.78,185.86,181.89,0.981704
2182,618,19861,91.2,828.25,225.93,174.54,0.977236
2183,618,3483,572.97,836.08,261.11,232.78,0.970191
2184,62,18147,92.77,549.97,284.01,418.06,0.962678
2185,62,36637,541.55,649.23,205.76,255.19,0.960443
2186,62,3351,324.63,155.63,184.95,189.07,0.951644
2187,620,2483,83.22,633.12,200.16,501.41,0.968269
2188,620,22362,78.76,73.47,256.28,393.04,0.967311
2189,621,22362,610.7,776.62,250.83,409.58,0.981868
2190,621,2483,651.08,81.45,196.75,489.52,0.949801
2191,622,22074,611.68,289.56,186.67,189.62,0.982436
2192,622,41768,127.39,292.45,262.57,295.21,0.962015
2193,622,3351,396.85,889.22,189.65,193.55,0.960862
2194,623,22074,126.26,746.19,189.62,194.41,0.973657
2195,623,3351,348.63,150.56,189.44,188.31,0.966688
2196,623,41768,557.06,631.31,268.11,310.0,0.91958
2197,624,3351,392.93,207.48,186.27,184.41,0.958584
2198,624,41768,599.44,721.71,260.3,308.45,0.952749
2199,624,22074,169.95,838.34,184.88,186.96,0.887658
2200,625,27733,564.29,259.28,302.62,266.37,0.975223
2201,625,16262,152.98,804.85,247.36,239.73,0.971328
2202,625,3483,124.42,307.05,268.81,202.2,0.968668
2203,625,30308,503.23,699.76,417.24,396.69,0.944814
2204,627,16262,563.75,216.8,237.61,228.97,0.96734
2205,627,3483,579.66,758.8,276.6,211.63,0.96601
2206,627,30308,74.34,149.85,396.63,376.03,0.955976
2207,627,27733,87.37,722.15,324.82,283.36,0.929913
2208,628,16232,141.4,892.93,197.42,191.54,0.982457
2209,628,27733,564.46,259.15,302.75,266.17,0.977847
2210,628,22347,677.22,851.5,214.39,209.89,0.977557
2211,628,3483,123.86,306.0,269.53,201.91,0.969247
2212,632,25438,549.9,181.16,245.77,252.73,0.981173
2213,632,2483,65.85,667.06,205.33,484.14,0.956993
2214,632,13395,115.1,81.02,237.47,483.54,0.910063
2215,633,25438,129.18,848.76,260.64,267.88,0.972481
2216,633,2483,652.89,100.18,196.91,469.86,0.956817
2217,633,13395,596.87,676.58,256.06,514.92,0.95276
2218,635,4543,610.88,154.28,205.39,200.38,0.987825
2219,635,3544,182.44,198.6,204.42,198.17,0.970834
2220,635,16548,70.37,752.42,242.53,234.14,0.94743
2221,636,4543,133.11,904.37,213.34,212.34,0.989211
2222,636,3544,583.51,859.15,214.91,211.76,0.977508
2223,636,16548,652.73,280.89,232.2,222.72,0.93783
2224,637,2483,595.29,118.32,285.49,441.27,0.977498
2225,637,13395,612.21,687.52,241.61,520.95,0.955934
2226,637,3743,73.84,811.44,332.68,328.4,0.947914
2227,637,12778,56.96,196.63,466.3,339.55,0.569064
2228,638,2483,605.71,77.69,283.5,460.73,0.977976
2229,638,13395,600.82,687.56,245.84,501.92,0.958179
2230,638,3743,74.18,799.12,323.95,321.67,0.955176
2231,64,29667,154.24,277.56,227.07,225.63,0.976565
2232,64,3351,397.11,885.88,190.19,195.37,0.960061
2233,64,20014,586.96,266.87,344.5,318.03,0.938118
2234,640,20238,94.55,299.98,229.7,221.35,0.985985
2235,640,3832,486.08,282.91,398.02,341.95,0.968361
2236,640,3351,405.42,918.21,190.69,191.77,0.951705
2237,641,20238,618.03,708.54,233.92,230.37,0.976589
2238,641,3832,41.51,578.41,403.59,347.17,0.963004
2239,641,3351,342.11,124.81,185.61,187.98,0.951614
2240,644,2483,58.47,648.3,211.2,487.55,0.965863
2241,644,3743,486.52,119.66,311.4,305.89,0.946967
2242,644,13395,73.32,87.68,235.68,483.61,0.941279
2243,644,12778,500.73,609.83,282.5,533.16,0.8654
2244,646,34597,402.03,634.54,459.47,428.24,0.975296
2245,646,3483,174.38,280.42,258.22,210.64,0.973521
2246,646,27777,638.35,295.21,175.25,194.82,0.963206
2247,646,36637,131.48,828.95,191.05,256.78,0.948175
2248,647,3483,566.11,814.54,263.34,216.65,0.971962
2249,647,34597,144.02,192.6,450.81,410.53,0.968925
2250,647,36637,664.27,179.91,188.16,249.26,0.968383
2251,647,27777,180.22,813.54,172.12,201.82,0.958882
2252,648,3483,536.45,776.91,270.44,224.33,0.971755
2253,648,34597,123.33,156.93,445.45,421.56,0.970653
2254,648,36637,634.3,176.5,184.35,245.36,0.961127
2255,648,27777,145.48,775.37,177.46,205.83,0.954441
2256,65,29667,558.17,729.91,233.74,229.36,0.977701
2257,65,20014,1.72,634.94,340.11,341.61,0.962875
2258,65,3351,348.84,153.82,187.71,187.07,0.946504
2259,650,32310,0.0,707.65,310.01,312.71,0.980066
2260,650,36637,559.59,822.97,275.51,166.68,0.96912
2261,650,3351,369.36,177.08,180.18,186.34,0.93897
2262,652,24850,114.73,841.26,302.82,172.35,0.971126
2263,652,1900,125.08,258.75,199.23,148.95,0.966001
2264,652,16551,563.0,65.01,290.44,462.52,0.956657
2265,652,29345,592.43,697.86,266.29,450.84,0.550319
2266,653,1900,646.69,856.91,209.92,156.92,0.976783
2267,653,24850,546.83,266.38,294.76,164.96,0.973006
2268,653,16551,95.69,692.62,305.87,486.88,0.960376
2269,654,1900,142.44,268.66,202.95,147.91,0.981374
2270,654,16551,590.32,75.08,299.84,473.57,0.947615
2271,654,24850,149.28,880.39,297.48,162.59,0.947257
2272,654,29345,620.31,735.8,267.03,444.85,0.903822
2273,656,3544,151.2,190.44,206.87,202.27,0.978626
2274,656,16551,541.17,180.02,413.1,388.47,0.958827
2275,656,28763,629.38,851.85,224.19,134.46,0.903343
2276,658,1900,169.29,247.97,181.16,179.4,0.97273
2277,658,29451,496.15,821.66,406.68,265.22,0.961996
2278,658,16551,632.65,10.82,285.6,485.66,0.949742
2279,659,1900,149.6,239.47,181.71,180.24,0.973321
2280,659,29451,467.22,784.12,409.18,271.0,0.96913
2281,659,16551,603.39,9.11,278.4,468.28,0.930846
2282,66,29667,596.8,820.06,229.52,222.18,0.974623
2283,66,20014,31.78,718.28,350.16,338.58,0.965331
2284,66,3351,393.08,210.51,184.29,184.34,0.955175
2285,660,1900,644.75,846.64,186.88,188.28,0.970834
2286,660,29451,116.16,217.63,391.02,258.3,0.966125
2287,660,16551,62.91,742.58,295.41,501.54,0.915396
2288,661,16232,687.12,294.6,190.85,187.3,0.982368
2289,661,31863,179.62,302.99,203.49,207.77,0.974179
2290,661,3351,377.61,878.55,189.63,192.97,0.937163
2291,662,16232,43.0,745.85,197.22,191.6,0.977903
2292,662,31863,555.64,724.97,208.42,214.65,0.971159
2293,662,3351,367.75,160.47,188.29,191.94,0.948862
2294,664,28763,631.07,874.19,222.3,213.51,0.971887
2295,664,3483,142.86,292.3,211.37,257.55,0.960766
2296,664,36637,166.81,799.88,188.74,257.19,0.951447
2297,664,20877,541.65,292.88,331.48,239.64,0.944989
2298,665,28763,130.92,185.69,209.05,198.96,0.980505
2299,665,20877,83.45,725.4,337.59,240.86,0.972234
2300,665,3483,625.24,716.98,210.58,270.25,0.969314
2301,665,36637,603.27,202.9,181.29,246.24,0.954284
2302,667,2483,571.59,114.29,299.62,455.7,0.974768
2303,667,12081,647.95,701.66,239.71,449.37,0.973988
2304,667,25438,120.73,821.59,256.53,255.88,0.971224
2305,668,2483,64.38,656.11,311.11,448.51,0.975592
2306,668,25438,555.74,195.27,246.8,254.47,0.972604
2307,668,12081,64.29,117.33,229.66,426.88,0.96335
2308,670,22347,682.52,847.44,213.28,208.04,0.983501
2309,670,25469,573.14,186.21,328.05,286.25,0.965882
2310,670,35206,135.84,727.93,243.0,410.69,0.958838
2311,670,3483,123.7,273.9,274.62,186.29,0.954273
2312,672,22347,104.67,224.44,206.3,198.57,0.978727
2313,672,25469,89.45,829.51,338.03,303.9,0.971695
2314,672,35206,614.73,118.22,232.29,402.78,0.948574
2315,672,3483,602.41,845.98,278.19,186.95,0.93884
2316,674,1900,632.13,894.31,211.59,134.28,0.980974
2317,674,27926,603.57,161.95,252.97,447.07,0.946847
2318,674,16548,152.47,891.07,242.31,238.99,0.927354
2319,675,1900,139.77,240.69,199.49,127.75,0.981195
2320,675,27926,96.21,617.25,269.79,481.01,0.958868
2321,675,16548,564.78,135.14,232.64,226.09,0.917431
2322,675,12247,550.79,834.06,293.39,149.4,0.437895
2323,677,1900,141.84,241.39,199.07,127.04,0.983892
2324,677,27926,570.38,629.62,260.87,487.28,0.94768
2325,677,16551,615.75,13.92,301.8,453.56,0.94708
2326,679,2483,612.09,90.71,211.19,469.47,0.955358
2327,679,13395,596.24,697.86,226.19,471.18,0.755797
2328,679,12778,131.38,153.02,340.66,481.16,0.619187
2329,68,3483,171.66,280.95,260.5,210.98,0.970716
2330,68,30308,512.74,769.17,442.5,370.94,0.965738
2331,68,27777,637.22,294.02,175.48,196.04,0.960956
2332,68,16232,153.44,828.83,191.06,191.51,0.959384
2333,680,2483,84.54,674.54,232.49,482.14,0.962195
2334,680,12778,474.83,606.09,343.32,471.61,0.898399
2335,680,13395,139.26,111.1,211.38,437.07,0.63369
2336,681,2483,615.54,50.3,222.95,487.43,0.962165
2337,681,12778,132.11,130.56,340.42,471.24,0.951298
2338,684,29345,576.53,718.12,328.64,425.0,0.981565
2339,684,1900,182.49,266.93,127.93,198.94,0.968633
2340,684,16551,529.1,85.37,364.27,436.14,0.964164
2341,685,12081,645.46,703.42,238.4,449.06,0.973567
2342,685,2483,573.41,114.64,297.45,456.44,0.972853
2343,685,25438,117.76,820.96,256.43,254.09,0.966291
2344,685,12778,95.69,17.32,296.99,516.86,0.572022
2345,688,20238,612.42,186.49,225.5,213.73,0.97727
2346,688,34597,98.85,186.21,458.05,400.62,0.974169
2347,688,3483,580.3,758.83,275.89,211.33,0.963187
2348,688,27733,87.42,722.14,324.42,283.53,0.93666
2349,692,28763,678.11,256.97,211.19,195.81,0.988701
2350,692,22347,657.26,837.34,213.58,206.81,0.978013
2351,692,35206,104.44,687.96,203.73,417.32,0.964801
2352,692,3483,133.21,291.16,275.77,168.71,0.962815
2353,694,19232,501.43,238.07,327.66,253.24,0.982613
2354,694,3351,403.02,851.0,188.23,189.15,0.954878
2355,694,35206,156.64,277.36,256.87,388.0,0.950322
2356,697,38162,139.17,259.15,229.02,266.8,0.975796
2357,697,3351,402.72,855.64,191.0,190.78,0.95601
2358,697,18357,601.82,204.1,240.66,339.15,0.951534
2359,698,38162,571.7,680.36,240.73,281.49,0.981187
2360,698,18357,80.39,633.38,249.27,372.44,0.946676
2361,698,3351,346.86,174.42,181.46,185.88,0.941311
2362,70,1900,631.66,897.77,211.27,157.4,0.974501
2363,70,29451,47.82,234.41,402.9,225.55,0.955399
2364,70,24850,643.03,258.18,196.68,269.77,0.941385
2365,70,16551,49.16,708.11,299.01,502.62,0.925935
2366,700,19861,91.82,827.91,225.95,175.13,0.978904
2367,700,3483,573.39,835.75,260.57,232.33,0.974
2368,700,16232,617.35,172.76,185.93,181.16,0.971591
2369,700,30308,72.53,131.22,384.45,392.17,0.966835
2370,701,19861,127.76,864.92,220.12,167.11,0.980978
2371,701,30308,88.84,146.36,394.46,405.7,0.973574
2372,701,16232,647.27,175.57,188.74,185.7,0.96694
2373,701,3483,600.94,869.48,257.92,228.21,0.966655
2374,702,19861,637.6,276.99,222.29,172.08,0.984042
2375,702,3483,148.81,220.82,249.34,219.3,0.972804
2376,702,16232,144.8,899.45,195.8,192.32,0.971655
2377,702,30308,518.17,697.06,399.58,414.17,0.967154
2378,705,22347,120.62,200.33,206.57,198.35,0.982068
2379,705,19861,119.63,865.21,221.96,166.93,0.975059
2380,705,29667,637.8,205.42,224.88,214.35,0.966834
2381,705,3483,594.02,873.99,255.28,230.04,0.954617
2382,706,2483,603.64,93.44,262.52,455.82,0.970183
2383,706,12778,72.77,123.96,340.39,483.42,0.96167
2384,706,13395,598.84,683.55,257.66,510.01,0.95108
2385,707,2483,65.24,689.36,260.94,472.31,0.97709
2386,707,12778,532.27,631.82,358.31,491.72,0.97387
2387,707,13395,109.43,81.24,242.26,477.74,0.92264
2388,708,2483,615.86,49.01,256.91,475.68,0.972129
2389,708,13395,592.18,680.36,245.99,493.44,0.961834
2390,708,12778,65.66,80.12,349.7,495.33,0.949872
2391,710,28763,158.12,235.66,209.39,197.7,0.98372
2392,710,3483,578.27,758.28,277.32,212.36,0.967456
2393,710,27733,87.29,722.35,325.15,283.59,0.944026
2394,710,16262,563.11,217.26,238.93,228.81,0.8791
2395,712,2483,627.89,107.56,227.01,463.96,0.970957
2396,712,12778,103.58,107.76,293.45,535.48,0.965775
2397,712,13395,639.62,676.09,244.97,514.92,0.959221
2398,713,2483,81.6,660.05,217.45,488.57,0.968223
2399,713,12778,549.55,599.11,280.72,522.66,0.958283
2400,713,13395,81.83,84.15,231.22,483.43,0.948106
2401,714,13395,632.4,674.43,232.57,497.86,0.969746
2402,714,2483,641.8,58.33,213.38,489.22,0.969669
2403,714,12778,102.34,84.82,296.58,527.19,0.957437
2404,716,12081,609.31,716.4,243.3,465.63,0.980145
2405,716,19552,97.26,125.38,316.67,503.11,0.95844
2406,716,2483,587.85,108.26,230.8,463.82,0.954068
2407,716,3743,119.36,795.21,328.22,331.7,0.949192
2408,717,12081,109.87,112.51,228.65,425.35,0.978775
2409,717,19552,524.05,609.39,322.46,491.35,0.969507
2410,717,2483,85.94,665.29,255.82,477.46,0.949738
2411,717,3743,495.74,166.2,311.46,300.09,0.945862
2412,719,21771,90.62,810.2,195.13,190.91,0.978617
2413,719,1900,123.27,261.37,198.94,147.97,0.972194
2414,719,16548,552.52,183.29,233.4,225.53,0.949679
2415,719,29345,599.24,694.28,269.62,448.93,0.588712
2416,72,1900,156.91,225.47,204.44,150.18,0.976873
2417,72,16551,644.47,47.41,289.91,482.49,0.950214
2418,72,29451,548.71,843.61,416.74,223.79,0.947304
2419,72,24850,151.22,774.6,200.32,280.11,0.943323
2420,720,21771,674.41,287.44,188.23,181.91,0.987712
2421,720,1900,648.04,856.87,210.18,154.78,0.980456
2422,720,16548,166.66,841.59,241.79,238.38,0.933729
2423,720,29345,115.69,135.56,257.63,419.63,0.48794
2424,721,31885,67.52,162.66,447.25,466.06,0.96372
2425,721,3483,581.03,758.82,275.6,210.53,0.957591
2426,721,27733,88.03,721.51,324.41,284.59,0.932505
2427,721,35206,572.16,119.02,250.69,380.62,0.884448
2428,724,3544,133.28,178.25,203.86,200.07,0.975955
2429,724,16548,107.73,736.35,238.27,233.13,0.932941
2430,725,3544,637.16,885.39,214.2,212.96,0.980605
2431,725,16548,619.28,301.43,231.29,225.39,0.926574
2432,726,3544,149.65,183.11,207.01,202.35,0.985001
2433,726,16548,140.62,775.08,236.29,227.94,0.921316
2434,726,29345,598.39,716.02,260.77,443.9,0.513717
2435,727,25469,14.59,812.14,380.28,222.57,0.977348
2436,727,16232,601.79,213.39,185.79,182.57,0.974429
2437,727,25367,37.6,156.9,408.11,442.75,0.967552
2438,727,3483,575.02,809.63,281.17,193.23,0.946402
2439,728,16232,631.22,220.38,189.96,186.47,0.974455
2440,728,25367,50.88,178.01,422.65,449.21,0.964922
2441,728,25469,49.57,857.38,375.99,217.48,0.963477
2442,728,3483,603.14,845.68,277.1,186.87,0.936103
2443,73,3544,72.97,201.29,203.38,198.52,0.976622
2444,73,16551,524.35,69.71,352.62,428.28,0.975452
2445,73,12247,591.68,849.23,214.71,128.51,0.958797
2446,731,4543,610.54,141.55,204.84,199.98,0.982778
2447,731,3544,102.86,161.03,202.64,199.01,0.9736
2448,731,16548,119.6,769.29,238.74,231.97,0.957168
2449,732,4543,132.23,917.23,213.72,212.55,0.984931
2450,732,3544,669.0,899.22,215.09,212.77,0.973037
2451,732,16548,607.09,265.68,229.63,222.93,0.947003
2452,738,1900,89.22,260.85,199.81,125.16,0.97982
2453,738,16551,584.95,87.25,293.09,465.27,0.964091
2454,740,1900,644.32,828.63,169.92,201.37,0.981253
2455,740,16548,120.56,804.86,242.22,235.54,0.939893
2456,740,19607,657.45,272.01,156.13,150.85,0.937173
2457,740,29345,126.91,132.91,255.3,417.3,0.455309
2458,742,25438,568.47,186.88,245.51,253.48,0.976879
2459,742,2483,80.15,673.13,253.34,474.37,0.952742
2460,742,12778,560.99,542.21,290.0,525.56,0.916939
2461,742,13395,78.39,106.72,220.43,437.02,0.696249
2462,742,3832,79.84,109.93,219.93,428.62,0.686173
2463,743,2483,608.75,68.32,247.98,473.07,0.97414
2464,743,25438,110.06,830.02,256.71,254.25,0.968299
2465,743,3832,644.31,708.22,217.44,446.2,0.663503
2466,743,12778,96.2,136.2,282.84,524.65,0.455396
2467,745,16262,661.74,271.53,239.15,231.25,0.969514
2468,745,3351,350.61,892.15,193.92,193.56,0.941756
2469,745,32310,115.3,178.83,227.19,360.51,0.936565
2470,747,16262,60.24,798.81,246.46,236.65,0.977812
2471,747,32310,639.53,735.76,230.91,391.17,0.959521
2472,747,3351,437.52,193.29,184.49,184.49,0.944395
2473,75,3544,89.11,209.89,207.06,201.9,0.978578
2474,75,12247,619.56,880.69,209.79,124.03,0.966203
2475,75,16551,553.64,77.28,360.95,436.93,0.964779
2476,750,1900,686.65,807.34,131.36,207.29,0.972817
2477,750,29345,585.0,131.89,274.82,411.43,0.969886
2478,750,16548,148.3,788.98,241.19,237.7,0.928491
2479,752,27993,551.0,778.21,305.44,241.51,0.980067
2480,752,3544,93.09,196.82,201.52,200.38,0.975764
2481,752,16548,558.31,137.1,230.91,225.59,0.933616
2482,754,29667,626.57,761.49,228.98,221.33,0.974527
2483,754,3351,373.98,198.62,184.39,181.96,0.959523
2484,754,3832,89.79,653.66,367.37,379.13,0.95871
2485,756,29667,126.16,320.01,225.22,223.81,0.965582
2486,756,3351,418.31,889.87,187.67,191.84,0.961368
2487,756,3832,515.37,255.64,363.25,375.21,0.954696
2488,758,19861,639.74,277.48,221.52,172.51,0.98091
2489,758,3483,149.67,220.36,249.74,219.47,0.973361
2490,758,31885,564.97,655.08,344.01,555.74,0.968619
2491,758,36637,95.46,904.91,273.1,166.11,0.960828
2492,759,3483,571.41,836.02,261.0,233.11,0.977129
2493,759,19861,90.14,827.42,225.98,175.07,0.976741
2494,759,36637,592.11,194.86,257.77,153.68,0.962305
2495,759,31885,78.86,30.43,324.13,531.15,0.95462
2496,760,29345,88.25,708.02,292.31,446.9,0.975148
2497,760,1900,159.5,258.94,127.39,199.93,0.971555
2498,760,33208,656.62,804.1,216.0,204.78,0.960858
2499,760,16548,580.93,202.1,234.48,227.39,0.922367
2500,761,29345,127.19,751.63,283.72,437.02,0.973472
2501,761,1900,179.51,268.5,127.89,199.11,0.968229
2502,761,33208,683.44,835.76,214.65,201.79,0.963488
2503,761,16548,609.24,211.11,241.04,227.32,0.939474
2504,763,27733,564.07,259.84,303.37,265.89,0.977302
2505,763,20238,113.28,855.58,232.1,226.02,0.976868
2506,763,31885,496.47,642.4,460.63,483.73,0.970646
2507,763,3483,124.0,307.3,269.15,203.1,0.967866
2508,764,20238,643.17,191.13,228.34,216.47,0.975004
2509,764,31885,51.9,133.69,461.05,469.87,0.972721
2510,764,3483,607.3,793.11,272.68,207.59,0.942975
2511,764,27733,123.81,768.94,316.93,275.08,0.923984
2512,766,34597,567.2,732.7,408.8,473.88,0.977162
2513,766,3483,143.93,291.22,210.97,256.57,0.96401
2514,766,36637,166.99,798.29,189.44,257.52,0.954532
2515,766,20877,543.91,293.5,329.58,241.64,0.948208
2516,768,20877,82.87,725.04,336.91,241.63,0.971847
2517,768,3483,624.18,717.8,211.27,272.11,0.970302
2518,768,34597,7.55,23.25,399.97,455.0,0.969126
2519,768,36637,602.7,204.35,181.99,246.42,0.955404
2520,772,1900,105.33,270.76,203.61,122.75,0.984216
2521,772,33208,639.02,879.69,212.12,200.5,0.965676
2522,772,16551,556.7,77.87,288.89,481.4,0.954236
2523,773,1900,88.59,260.65,199.91,125.93,0.973546
2524,773,16551,527.77,71.46,284.48,466.1,0.967024
2525,773,33208,612.34,846.29,214.72,206.44,0.961774
2526,778,16232,631.11,220.89,190.3,185.34,0.966412
2527,778,25469,49.63,857.14,376.17,218.01,0.964733
2528,778,30308,85.72,172.49,402.33,394.98,0.956075
2529,778,3483,602.5,845.74,277.7,187.05,0.943442
2530,779,25469,569.42,232.08,372.74,219.69,0.966641
2531,779,16232,163.62,856.0,193.35,191.76,0.965762
2532,779,30308,512.93,686.71,411.2,406.64,0.959234
2533,779,3483,123.59,274.08,273.99,187.28,0.957028
2534,780,16232,601.71,213.46,185.9,182.29,0.974987
2535,780,25469,15.07,812.3,378.96,222.19,0.974585
2536,780,30308,70.95,150.6,390.31,389.82,0.959504
2537,780,3483,575.39,810.03,281.17,192.71,0.953755
2538,782,22074,586.64,727.49,187.1,194.54,0.98049
2539,782,20014,8.48,625.14,348.48,342.81,0.951254
2540,782,3351,339.11,182.25,186.64,192.42,0.942345
2541,785,28763,678.26,257.29,211.72,196.99,0.990655
2542,785,25367,541.18,690.78,396.88,491.49,0.972383
2543,785,3483,132.18,291.19,275.9,168.61,0.954681
2544,785,35206,103.73,687.25,206.27,416.77,0.947225
2545,787,19861,637.96,276.84,222.0,172.18,0.983403
2546,787,20238,113.04,858.52,229.86,225.17,0.977434
2547,787,3483,148.37,220.75,249.86,219.69,0.974022
2548,787,34597,538.56,654.56,351.72,508.89,0.966825
2549,788,3483,573.11,835.32,261.35,233.78,0.978466
2550,788,19861,92.15,828.05,225.61,174.76,0.977981
2551,788,20238,616.33,187.07,222.38,211.88,0.971728
2552,788,34597,102.9,67.18,337.96,486.27,0.962967
2553,79,16262,127.14,297.33,245.67,235.37,0.980522
2554,79,19232,501.71,237.93,327.97,249.81,0.980252
2555,79,3351,388.06,846.64,188.76,189.35,0.960895
2556,797,4543,600.7,189.28,204.47,199.45,0.981222
2557,797,3544,147.12,191.63,202.2,198.41,0.977387
2558,797,16551,42.77,528.64,308.19,476.75,0.963249
2559,797,27993,494.33,854.49,336.73,164.21,0.955731
2560,798,4543,629.69,192.18,209.46,202.15,0.985771
2561,798,3544,164.28,199.44,208.26,199.8,0.975403
2562,798,16551,70.44,577.17,312.03,469.43,0.94574
2563,798,27993,523.02,891.57,335.38,155.74,0.945709
2564,799,28763,170.01,180.63,211.6,200.57,0.984214
2565,799,19861,127.6,865.35,220.18,166.67,0.980577
2566,799,20238,644.87,190.2,228.01,215.59,0.975427
2567,799,3483,601.31,869.99,257.49,229.14,0.966491
2568,8,28763,97.95,856.36,214.73,201.3,0.987861
2569,8,20238,624.5,178.0,226.02,215.32,0.976851
2570,8,22347,131.21,221.21,205.32,196.58,0.969981
2571,8,3483,591.27,846.57,283.6,170.83,0.950779
2572,80,19232,95.52,698.95,337.08,266.2,0.986926
2573,80,16262,568.15,694.4,250.35,244.88,0.970538
2574,80,3351,360.39,194.06,184.0,189.85,0.937403
2575,807,19861,643.07,277.32,223.09,172.63,0.980991
2576,807,3483,157.12,215.5,248.55,221.79,0.975586
2577,807,29667,119.93,839.6,229.32,226.91,0.966471
2578,807,25367,611.51,706.73,320.9,520.96,0.747086
2579,808,3544,108.3,207.48,208.77,201.09,0.969149
2580,808,16551,612.14,51.41,338.44,455.09,0.953266
2581,810,3544,92.65,199.65,203.51,197.43,0.978802
2582,810,16551,584.97,42.04,328.88,446.46,0.958998
2583,810,16232,604.02,788.17,180.36,250.04,0.420474
2584,815,20238,98.73,711.79,231.99,229.77,0.981761
2585,815,32310,521.91,613.59,277.2,359.1,0.970552
2586,815,3351,360.79,168.63,183.23,187.99,0.956313
2587,817,28763,96.2,854.87,215.68,202.29,0.985521
2588,817,16232,649.34,230.26,190.94,182.88,0.981353
2589,817,30308,97.31,155.03,382.79,420.52,0.956774
2590,817,3483,591.4,846.26,281.55,171.27,0.950005
2591,818,28763,678.57,257.17,210.87,197.16,0.989832
2592,818,16232,143.23,846.37,195.99,192.98,0.98022
2593,818,3483,131.91,291.16,276.75,169.05,0.967091
2594,818,30308,526.38,677.96,387.86,427.08,0.962266
2595,819,28763,61.95,812.44,219.09,208.02,0.982096
2596,819,16232,620.46,222.13,186.77,182.69,0.972041
2597,819,30308,81.09,138.68,370.94,407.34,0.969387
2598,819,3483,560.63,810.43,286.82,177.07,0.958362
2599,82,22362,608.26,737.48,272.77,415.16,0.961363
2600,82,2483,630.43,100.18,199.8,469.85,0.960372
2601,82,3743,122.75,837.52,330.4,332.15,0.956
2602,82,19552,114.79,141.85,324.01,499.45,0.955771
2603,820,19552,487.6,646.57,334.91,484.66,0.97399
2604,820,3743,484.25,149.14,311.61,303.99,0.955851
2605,820,2483,93.43,690.12,211.55,489.28,0.95443
2606,820,3832,133.05,116.89,221.3,425.49,0.744051
2607,822,2483,622.81,71.48,192.26,467.49,0.973374
2608,822,19552,122.86,92.21,331.05,499.07,0.959098
2609,822,3743,130.58,812.98,330.61,331.2,0.942874
2610,822,3832,591.71,708.69,238.22,460.53,0.633626
2611,822,13395,591.08,700.43,239.4,469.11,0.491115
2612,826,18147,540.99,319.37,299.55,387.03,0.974411
2613,826,38162,177.52,204.04,250.64,260.37,0.972841
2614,826,3351,408.36,862.6,189.56,191.19,0.953691
2615,828,38162,551.37,864.93,248.69,251.59,0.984173
2616,828,18147,128.21,574.11,306.35,407.28,0.982824
2617,828,3351,382.72,238.27,183.81,182.21,0.955788
2618,829,28763,97.49,170.19,207.68,198.03,0.98712
2619,829,3483,536.64,777.39,271.57,223.19,0.973518
2620,829,27777,145.12,775.57,177.68,205.81,0.958342
2621,829,36637,637.34,176.49,181.22,243.02,0.95813
2622,83,19552,503.1,599.75,322.68,486.11,0.968141
2623,83,2483,92.58,657.81,203.96,497.73,0.960211
2624,83,22362,82.07,117.7,259.26,392.01,0.952153
2625,83,3743,492.25,127.91,311.63,302.19,0.936312
2626,830,27777,638.41,293.83,174.93,194.87,0.972437
2627,830,3483,173.69,279.69,259.2,211.9,0.9701
2628,830,28763,664.28,891.33,224.1,213.94,0.969102
2629,830,36637,130.52,829.23,190.36,257.07,0.953044
2630,831,28763,113.39,176.37,212.08,200.93,0.979372
2631,831,3483,566.41,814.66,263.36,215.99,0.969298
2632,831,36637,666.11,180.25,186.37,248.19,0.962336
2633,831,27777,180.16,815.23,172.52,200.51,0.961197
2634,832,1900,624.88,890.75,204.54,136.25,0.986677
2635,832,16548,606.89,163.17,237.21,224.86,0.954308
2636,838,1900,141.54,241.2,199.55,127.96,0.983666
2637,838,27926,91.42,616.55,271.81,485.02,0.956343
2638,838,33208,588.83,801.02,215.03,204.92,0.953103
2639,838,16548,593.14,162.96,231.72,225.0,0.933021
2640,842,34597,471.67,669.45,465.67,427.14,0.97766
2641,842,27733,564.78,259.93,301.88,265.49,0.974232
2642,842,16262,153.05,804.24,247.6,239.96,0.972593
2643,842,3483,124.13,307.12,268.49,201.28,0.970114
2644,85,29345,588.41,678.41,287.57,447.46,0.98132
2645,85,1900,162.74,257.64,126.53,199.61,0.964637
2646,85,21771,149.27,849.3,194.46,191.82,0.961161
2647,85,16548,569.79,250.79,234.23,227.0,0.946219
2648,851,22362,608.33,737.98,272.61,414.78,0.963659
2649,851,2483,630.67,99.11,200.99,471.61,0.956577
2650,851,3743,122.58,837.47,329.9,332.29,0.953734
2651,851,12778,107.38,145.21,310.11,499.22,0.911001
2652,855,2483,622.64,72.96,193.52,467.1,0.973029
2653,855,3743,130.82,813.14,330.98,331.51,0.944302
2654,855,12778,88.64,129.77,307.46,528.46,0.936553
2655,855,3832,592.11,707.87,237.65,459.62,0.658
2656,857,31863,574.51,746.01,207.67,213.26,0.988942
2657,857,16262,92.1,679.96,248.89,243.5,0.979615
2658,857,3351,338.15,133.37,185.34,188.47,0.957752
2659,858,16262,134.33,770.65,245.74,236.71,0.978196
2660,858,31863,613.63,833.98,206.0,205.61,0.977165
2661,858,3351,380.12,190.09,184.97,185.18,0.948984
2662,86,1900,683.92,808.67,131.83,207.56,0.976638
2663,86,21771,618.95,250.92,186.81,181.65,0.9756
2664,86,29345,118.0,156.12,271.12,413.11,0.973383
2665,86,16548,152.8,768.59,239.19,238.15,0.932706
2666,861,12081,654.11,707.57,252.61,461.56,0.976084
2667,861,25438,122.17,832.11,261.47,268.08,0.966661
2668,861,2483,566.68,149.59,299.29,438.15,0.966613
2669,861,19552,67.45,91.55,343.56,469.69,0.961221
2670,862,25469,88.79,829.1,337.97,303.78,0.972847
2671,862,34597,76.06,135.5,448.46,415.88,0.968533
2672,862,36637,672.85,171.99,176.14,254.95,0.966168
2673,862,3483,601.63,847.09,278.61,186.57,0.935129
2674,864,34597,59.27,107.45,444.01,421.48,0.975176
2675,864,25469,49.84,787.03,348.07,303.55,0.965449
2676,864,3483,574.95,810.92,280.76,193.5,0.953433
2677,864,36637,644.81,168.57,169.74,251.62,0.950972
2678,866,3832,478.76,559.44,388.03,373.54,0.959856
2679,866,16688,33.62,525.05,445.52,579.66,0.945475
2680,866,3351,306.86,172.43,185.8,191.15,0.939971
2681,867,3351,343.22,232.08,189.68,185.13,0.961873
2682,867,16688,72.25,622.38,435.58,588.06,0.959362
2683,867,3832,522.56,657.18,381.51,366.85,0.953526
2684,868,28763,96.12,855.24,215.65,201.83,0.985883
2685,868,16232,649.34,230.33,190.68,182.6,0.980178
2686,868,31885,32.8,60.28,413.49,507.91,0.974012
2687,868,3483,588.9,846.29,284.33,171.25,0.948809
2688,869,28763,61.75,812.24,219.81,207.94,0.984242
2689,869,16232,620.73,222.42,186.81,182.69,0.97497
2690,869,31885,19.48,41.06,394.9,501.71,0.970486
2691,869,3483,560.92,811.65,286.29,176.37,0.961545
2692,870,28763,678.01,256.97,211.78,197.12,0.989744
2693,870,16232,142.69,846.24,196.83,193.1,0.982636
2694,870,31885,564.63,675.63,408.32,522.3,0.968338
2695,870,3483,132.12,290.01,276.85,170.2,0.965751
2696,873,18147,620.26,670.44,283.25,422.56,0.981226
2697,873,16688,70.56,622.23,441.19,587.63,0.963611
2698,873,3351,343.11,225.02,185.13,183.62,0.937562
2699,874,16232,627.77,221.35,186.81,184.4,0.973412
2700,874,3483,624.51,716.75,212.5,270.68,0.971244
2701,874,31885,144.31,151.98,432.17,476.73,0.965198
2702,874,20877,83.51,725.16,337.1,241.15,0.95729
2703,875,16232,656.1,231.35,191.44,180.42,0.979938
2704,875,31885,163.96,182.12,447.7,475.54,0.968622
2705,875,20877,115.54,768.54,333.69,230.72,0.966554
2706,875,3483,651.62,750.24,210.08,265.82,0.958676
2707,878,28763,97.95,855.86,214.71,201.47,0.985926
2708,878,34597,78.37,127.86,336.27,492.38,0.973233
2709,878,36637,643.36,208.07,189.39,247.79,0.958376
2710,878,3483,592.29,846.62,282.47,169.54,0.949066
2711,879,28763,62.78,812.29,220.04,208.66,0.985324
2712,879,34597,62.96,95.48,329.94,494.92,0.973582
2713,879,3483,562.41,809.9,286.65,177.05,0.962705
2714,879,36637,614.02,202.85,185.09,243.19,0.947201
2715,88,1900,130.22,231.54,204.81,137.11,0.980096
2716,88,16551,609.09,53.68,285.98,476.21,0.914934
2717,88,29345,616.87,736.02,267.46,445.36,0.839933
2718,880,13395,67.45,86.25,237.58,489.39,0.960769
2719,880,2483,74.45,673.25,227.03,480.81,0.947133
2720,882,13395,642.62,664.71,238.45,499.65,0.962173
2721,882,2483,641.7,51.81,220.6,491.73,0.961665
2722,883,16232,631.26,220.04,190.67,185.97,0.981219
2723,883,28763,143.17,231.16,213.51,203.37,0.980122
2724,883,25469,49.22,858.07,376.01,217.52,0.969755
2725,883,3483,602.5,845.42,277.88,187.38,0.942366
2726,886,31863,164.06,284.71,205.86,207.85,0.981429
2727,886,35206,543.33,262.82,267.54,386.38,0.961177
2728,886,3351,410.73,892.06,187.99,192.27,0.944793
2729,888,31863,612.12,834.32,205.15,205.01,0.973401
2730,888,3351,380.92,206.39,185.12,183.51,0.949225
2731,888,35206,163.08,646.15,264.32,393.86,0.947028
2732,889,16232,135.57,847.26,195.1,191.32,0.981592
2733,889,28763,711.4,889.08,219.41,212.22,0.976272
2734,889,3483,142.84,292.17,211.38,257.58,0.961337
2735,889,20877,540.88,294.15,331.18,237.02,0.946251
2736,89,1900,114.43,223.95,202.11,140.29,0.981971
2737,89,16551,581.02,43.17,278.8,469.92,0.955584
2738,89,29345,587.66,697.58,267.79,452.05,0.488193
2739,891,28763,56.74,173.29,208.68,198.41,0.98218
2740,891,16232,628.62,221.43,186.79,182.0,0.978207
2741,891,3483,624.45,716.67,212.15,271.95,0.973744
2742,891,20877,83.53,725.85,336.43,241.1,0.96682
2743,894,20877,82.78,725.18,336.22,241.25,0.974467
2744,894,3483,624.02,717.57,212.02,272.19,0.970507
2745,894,25367,29.88,29.99,409.84,435.44,0.97021
2746,894,36637,602.94,204.36,181.73,246.48,0.956466
2747,895,3544,92.91,222.41,203.12,199.67,0.978651
2748,895,16551,535.52,38.17,296.75,459.62,0.95603
2749,896,3544,109.12,232.81,208.99,200.35,0.970484
2750,896,16551,562.88,44.45,303.2,471.08,0.965393
2751,897,3544,676.11,835.11,215.28,212.48,0.969704
2752,897,16551,116.62,720.17,316.8,488.46,0.956663
2753,898,3544,120.77,173.1,201.93,196.86,0.97413
2754,898,27926,569.92,585.99,252.88,483.93,0.94191
2755,898,12247,618.72,205.3,173.78,187.54,0.939669
2756,898,16548,74.14,778.45,239.39,234.82,0.92125
2757,9,20238,594.13,174.67,221.81,212.29,0.983658
2758,9,28763,62.79,813.14,220.64,207.71,0.981859
2759,9,22347,113.94,212.18,200.97,194.78,0.968153
2760,9,3483,562.44,811.64,286.06,175.78,0.961883
2761,90,1900,656.15,903.32,212.51,148.03,0.977977
2762,90,16551,88.9,709.15,291.62,495.65,0.936986
2763,900,3544,136.09,177.79,207.78,201.91,0.971036
2764,900,12247,647.3,204.6,176.02,190.04,0.967972
2765,900,27926,598.49,629.42,249.96,478.04,0.956023
2766,900,16548,108.3,823.06,236.86,226.26,0.93439
2767,904,20238,642.93,190.91,227.83,216.15,0.973266
2768,904,30308,161.86,55.94,293.69,470.48,0.960514
2769,904,3483,607.43,792.02,274.48,209.05,0.943349
2770,904,27733,123.62,769.14,315.69,275.37,0.926578
2771,906,20238,113.29,855.78,232.07,226.22,0.979479
2772,906,30308,550.71,723.5,299.8,481.14,0.976989
2773,906,27733,564.29,260.03,302.63,265.57,0.973402
2774,906,3483,123.53,306.52,269.53,202.33,0.966281
2775,908,31863,575.07,746.43,207.0,212.79,0.990249
2776,908,20238,114.77,716.18,230.67,228.14,0.979426
2777,908,3351,305.38,192.91,184.52,190.53,0.952744
2778,91,1900,629.28,894.26,211.42,134.21,0.980965
2779,91,27926,152.57,145.0,250.38,452.26,0.971348
2780,91,19607,689.25,299.01,157.2,150.71,0.964604
2781,91,16548,124.82,865.6,241.65,237.76,0.939918
2782,910,3483,176.51,278.68,258.21,211.99,0.970056
2783,910,25367,508.08,701.96,457.35,438.11,0.968437
2784,910,29667,127.75,879.9,229.67,227.31,0.967151
2785,910,27777,640.21,296.44,175.53,194.35,0.963715
2786,912,29667,600.58,161.03,218.53,215.75,0.980524
2787,912,3483,534.95,777.98,271.12,224.66,0.972777
2788,912,25367,32.35,110.81,433.73,415.88,0.96753
2789,912,27777,142.92,774.48,177.83,205.49,0.950282
2790,914,13900,554.48,706.82,205.2,250.18,0.980087
2791,914,35206,44.21,614.32,340.04,355.49,0.963402
2792,914,3351,369.55,122.3,184.89,193.03,0.928723
2793,915,13900,593.98,797.53,200.34,243.6,0.981089
2794,915,35206,88.11,706.56,334.1,351.79,0.958276
2795,915,3351,409.71,180.21,186.09,181.97,0.949218
2796,916,16232,141.21,892.87,197.82,192.39,0.977826
2797,916,27733,563.79,260.54,302.98,265.43,0.973474
2798,916,25367,504.26,681.43,459.79,425.31,0.969413
2799,916,3483,123.31,306.85,270.25,202.01,0.969221
2800,919,27733,563.39,259.68,301.62,266.41,0.973054
2801,919,3483,122.6,308.61,268.44,202.06,0.963986
2802,919,30308,493.54,678.78,371.82,439.64,0.957241
2803,919,36637,101.61,881.98,267.65,178.66,0.956836
2804,920,3483,581.21,757.74,276.76,211.14,0.961071
2805,920,36637,591.93,201.25,255.2,170.48,0.957175
2806,920,30308,128.31,124.99,356.95,420.11,0.943508
2807,920,27733,89.42,721.56,323.38,285.16,0.933005
2808,923,16262,109.84,836.91,249.31,242.38,0.967689
2809,923,25367,539.91,710.56,433.23,449.65,0.966032
2810,923,3483,143.74,290.66,212.52,258.45,0.964145
2811,923,20877,541.26,294.57,332.03,238.15,0.948271
2812,925,19861,637.95,277.1,221.97,171.6,0.984367
2813,925,34597,484.28,630.15,442.52,450.48,0.974184
2814,925,3483,149.04,220.52,249.59,220.4,0.972828
2815,925,16232,145.39,899.7,195.02,193.13,0.969136
2816,927,19861,91.71,827.81,225.77,174.98,0.977834
2817,927,3483,573.06,835.91,261.31,232.2,0.972081
2818,927,16232,618.24,173.07,184.33,181.97,0.969595
2819,927,34597,62.05,144.17,424.17,438.75,0.965621
2820,929,31885,31.52,40.48,411.28,489.62,0.980917
2821,929,25469,14.94,812.38,379.09,222.05,0.977519
2822,929,16232,601.91,213.18,185.84,183.03,0.972416
2823,929,3483,575.47,810.27,280.93,192.98,0.952719
2824,930,31885,538.9,690.06,431.42,511.54,0.975645
2825,930,25469,569.81,231.78,371.99,219.05,0.967999
2826,930,16232,163.17,856.84,193.68,190.68,0.965311
2827,930,3483,123.53,274.01,274.56,186.74,0.960995
2828,931,29345,576.76,717.72,328.79,424.71,0.979421
2829,931,1900,179.51,268.45,127.42,199.84,0.97282
2830,931,16551,482.25,241.22,481.39,266.44,0.962585
2831,931,19607,165.56,917.64,160.36,155.76,0.902766
2832,932,29345,551.44,680.45,328.87,427.6,0.97837
2833,932,1900,159.33,258.85,127.55,200.18,0.975023
2834,932,16551,458.39,221.09,469.56,270.16,0.957091
2835,932,19607,130.59,885.03,162.32,160.04,0.926824
2836,933,29345,117.65,167.83,309.12,398.83,0.979757
2837,933,1900,687.12,807.21,130.62,207.11,0.972917
2838,933,16551,24.49,732.79,489.42,284.92,0.958785
2839,933,19607,666.3,251.39,157.0,152.91,0.942327
2840,936,25438,110.52,843.0,261.23,265.58,0.966428
2841,936,2483,595.48,109.04,258.27,455.69,0.964604
2842,936,19552,113.96,188.14,311.62,498.91,0.958617
2843,936,3832,655.39,712.95,218.28,460.0,0.815644
2844,937,2483,623.38,72.41,193.48,467.22,0.974833
2845,937,3743,130.91,813.08,329.98,331.15,0.941901
2846,937,12778,122.03,89.45,300.78,537.52,0.923619
2847,937,3832,592.43,708.51,237.09,459.28,0.607195
2848,937,13395,591.98,699.42,238.33,467.8,0.414341
2849,938,2483,632.42,34.6,197.6,481.06,0.96833
2850,938,3743,130.3,802.24,321.09,320.58,0.967034
2851,938,3832,586.47,705.46,225.47,442.88,0.677008
2852,940,16232,644.14,322.47,188.88,189.96,0.976933
2853,940,18147,205.57,227.44,214.22,412.03,0.958233
2854,940,3351,422.68,898.15,190.36,192.09,0.949083
2855,941,16232,89.94,712.55,192.75,192.66,0.982797
2856,941,18147,517.23,550.53,213.38,442.79,0.958309
2857,941,3351,325.12,142.8,186.38,188.23,0.951685
2858,942,16232,133.07,800.91,190.12,188.5,0.981357
2859,942,18147,556.15,641.74,217.71,444.92,0.965449
2860,942,3351,367.94,199.55,186.54,184.82,0.93662
2861,945,19861,637.25,276.55,223.05,172.9,0.982989
2862,945,20238,112.91,858.4,230.23,225.02,0.977178
2863,945,3483,148.99,220.65,249.4,219.94,0.974729
2864,945,25367,630.56,639.52,321.46,520.39,0.914969
2865,947,28763,678.23,256.79,211.64,196.52,0.989997
2866,947,16232,142.82,846.84,196.07,191.51,0.982854
2867,947,3483,131.88,290.75,276.92,169.39,0.963843
2868,947,28763,591.78,887.19,225.65,214.92,0.961268
2869,948,28763,96.18,856.21,215.28,201.09,0.987011
2870,948,16232,649.8,230.35,190.65,181.86,0.981938
2871,948,28763,184.71,179.44,212.5,201.6,0.976823
2872,948,3483,589.05,845.96,285.1,171.77,0.95023
2873,949,16262,109.48,837.76,249.12,241.01,0.967901
2874,949,3483,143.37,291.46,211.58,256.6,0.965437
2875,949,20877,543.53,292.96,329.63,241.39,0.956405
2876,949,30308,501.56,725.92,419.97,398.48,0.954407
2877,95,32310,498.1,721.28,383.47,236.78,0.974993
2878,95,29667,60.58,744.15,230.52,230.37,0.964514
2879,95,3351,337.47,184.06,184.84,185.71,0.953566
2880,950,16262,602.14,185.65,237.21,228.3,0.973439
2881,950,20877,83.21,725.35,336.75,241.55,0.973319
2882,950,3483,624.33,717.79,210.9,270.58,0.969376
2883,950,30308,72.59,119.99,396.95,380.76,0.955124
2884,951,16262,630.44,191.79,243.47,232.24,0.970573
2885,951,20877,115.44,768.9,332.93,231.07,0.968562
2886,951,3483,650.75,750.99,210.92,265.86,0.9589
2887,951,30308,88.58,137.92,407.54,389.5,0.948615
2888,952,25469,572.71,232.86,370.28,219.68,0.969522
2889,952,16262,167.77,835.56,247.0,241.33,0.967101
2890,952,3483,123.42,273.8,274.98,187.3,0.961684
2891,952,30308,563.72,650.76,386.68,428.7,0.955423
2892,953,25469,14.64,812.5,379.04,222.23,0.975557
2893,953,16262,547.48,188.96,238.66,227.73,0.967917
2894,953,3483,575.42,810.26,281.03,192.7,0.955045
2895,953,30308,47.75,162.24,369.26,412.36,0.943765
2896,954,25469,49.72,856.9,374.52,217.62,0.963762
2897,954,16262,574.35,195.17,243.55,231.66,0.963251
2898,954,30308,62.98,183.19,379.14,422.14,0.960236
2899,954,3483,601.66,845.71,280.38,187.58,0.936211
2900,956,1900,158.18,251.21,202.89,123.72,0.986635
2901,956,27926,600.17,678.35,252.57,474.69,0.969662
2902,956,19607,143.08,862.98,157.44,154.16,0.948352
2903,956,16551,596.56,0.0,309.35,448.55,0.94521
2904,957,1900,629.41,894.29,211.36,134.34,0.977873
2905,957,27926,152.31,144.86,250.8,452.13,0.973989
2906,957,19607,689.29,298.66,157.21,150.92,0.968555
2907,957,16551,79.76,786.24,312.08,491.28,0.955685
2908,962,29451,473.65,777.96,407.09,274.4,0.976599
2909,962,1900,148.85,240.21,181.44,182.35,0.97231
2910,962,16551,626.31,108.73,281.22,473.73,0.946616
2911,962,19607,143.01,847.67,161.25,159.42,0.940797
2912,966,1900,656.16,902.99,212.7,148.18,0.978733
2913,966,16548,126.74,853.52,243.69,236.67,0.948107
2914,967,29667,586.49,305.31,227.72,224.39,0.97592
2915,967,41768,124.81,300.3,263.91,297.33,0.95695
2916,967,3351,407.57,887.47,188.14,192.84,0.937554
2917,968,29667,111.23,697.49,234.09,231.88,0.97548
2918,968,3351,340.83,156.61,186.07,188.47,0.94616
2919,968,41768,559.8,621.54,266.53,309.71,0.927699
2920,97,29345,117.53,168.07,309.61,399.01,0.980322
2921,97,1900,686.85,807.52,130.96,207.27,0.971902
2922,97,19607,666.05,251.61,157.2,152.54,0.934476
2923,97,16548,100.56,821.94,243.48,237.97,0.933572
2924,972,1900,142.16,242.91,198.59,126.6,0.984931
2925,972,21771,126.35,774.19,192.78,190.57,0.976817
2926,972,16551,569.96,12.26,332.08,439.62,0.957229
2927,972,27926,571.86,629.83,261.47,485.81,0.947746
2928,973,29345,615.04,715.47,286.88,441.51,0.975673
2929,973,1900,182.57,266.9,127.18,198.95,0.968358
2930,973,21771,183.75,884.16,191.05,186.25,0.959674
2931,973,16551,570.85,79.73,307.37,472.33,0.944633
2932,974,29345,588.76,677.55,286.8,448.34,0.982811
2933,974,1900,162.46,257.03,126.61,200.08,0.971463
2934,974,21771,149.43,849.23,194.16,191.9,0.963656
2935,974,16551,543.76,71.35,299.08,458.81,0.9516
2936,975,21771,618.8,250.7,187.11,181.86,0.976752
2937,975,1900,684.06,808.7,131.57,207.41,0.975101
2938,975,29345,118.18,155.66,270.3,413.02,0.972688
2939,975,16551,106.54,688.99,318.44,483.02,0.966768
2940,979,22074,584.78,708.11,186.26,195.65,0.965891
2941,979,3351,392.41,158.34,182.58,186.94,0.955264
2942,979,18357,70.18,549.15,287.16,339.71,0.954638
2943,980,22074,170.76,311.36,184.66,190.81,0.979747
2944,980,3351,355.15,873.22,187.77,191.46,0.961652
2945,980,18357,576.76,307.73,280.81,318.38,0.952276
2946,982,2483,663.16,111.53,210.85,475.96,0.964099
2947,982,3743,117.26,838.68,327.98,331.14,0.96308
2948,982,13395,637.77,676.18,242.15,517.22,0.958674
2949,982,12778,103.26,107.56,304.39,516.7,0.614014
2950,983,13395,631.09,675.59,230.21,496.01,0.965282
2951,983,2483,675.89,78.44,198.09,489.99,0.964977
2952,983,3743,116.73,828.59,321.25,322.54,0.955331
2953,984,2483,60.54,635.88,199.81,498.78,0.963535
2954,984,13395,84.19,83.66,232.51,483.63,0.953341
2955,984,3743,497.16,125.02,312.51,306.19,0.927288
2956,985,1900,139.29,219.12,202.44,150.48,0.97398
2957,985,16548,576.49,187.82,233.06,223.83,0.937267
2958,985,24850,116.78,739.77,205.18,282.53,0.93633
2959,985,29451,519.13,803.24,423.53,234.01,0.935502
2960,986,1900,631.65,897.87,211.51,157.71,0.972611
2961,986,29451,47.11,235.04,403.91,225.05,0.952799
2962,986,24850,643.02,258.51,196.5,269.77,0.940041
2963,986,16548,142.73,836.52,241.34,238.67,0.920763
2964,988,19861,125.56,864.51,220.27,167.34,0.981053
2965,988,22347,159.14,181.93,206.19,199.72,0.973231
2966,988,3483,599.39,870.2,257.4,229.86,0.969477
2967,988,36637,620.88,198.24,263.41,151.95,0.959077
2968,989,22347,142.48,176.89,201.61,195.36,0.980539
2969,989,3483,571.94,836.48,261.04,232.66,0.978883
2970,989,19861,90.07,827.73,226.09,174.81,0.975928
2971,989,36637,591.35,194.35,258.61,153.1,0.96092
2972,990,19861,638.93,276.98,222.63,171.96,0.980399
2973,990,3483,150.8,219.1,248.55,219.76,0.976694
2974,990,22347,626.14,887.1,214.45,209.6,0.973206
2975,990,36637,94.95,904.52,273.57,165.96,0.961553
2976,991,3544,93.16,222.16,203.1,199.65,0.979878
2977,991,16548,572.03,221.67,231.57,225.38,0.953821
2978,993,3544,109.12,231.95,208.48,200.88,0.968313
2979,993,16548,600.38,233.26,236.9,226.17,0.941515
2980,994,28763,677.74,257.32,211.82,196.91,0.988929
2981,994,16262,116.8,847.23,249.54,240.56,0.971656
2982,994,30308,508.95,755.01,389.66,429.77,0.970627
2983,994,3483,133.44,291.23,275.07,169.3,0.965744
2984,996,28763,96.55,855.32,214.93,201.77,0.986191
2985,996,16262,623.56,181.36,241.77,231.71,0.973651
2986,996,3483,589.3,846.07,284.89,171.48,0.953843
2987,996,30308,111.57,76.93,383.04,418.85,0.944964
2988,997,29451,456.87,808.81,427.7,225.2,0.973554
2989,997,21771,122.5,806.24,195.52,189.66,0.972808
2990,997,1900,148.85,240.27,181.56,181.17,0.972227
2991,997,16551,590.24,61.17,278.74,470.46,0.943472
2992,998,1900,168.61,249.25,181.18,179.48,0.975695
2993,998,29451,487.25,847.01,421.39,219.03,0.97253
2994,998,21771,156.64,840.53,192.19,185.47,0.957592
2995,998,16551,617.86,68.2,287.76,485.42,0.939616
2996,999,29451,105.03,237.54,409.05,217.87,0.970977
2997,999,1900,645.07,845.49,186.92,188.76,0.970325
2998,999,21771,643.59,289.88,189.3,184.01,0.969295
2999,999,16551,82.43,688.98,292.65,497.57,0.909936
