annotation_id,image_id,category_id,bbox_x,bbox_y,bbox_w,bbox_h,score
1,1,1900,160.35,252.97,201.94,121.95,0.996087
2,1,27926,599.33,668.96,252.86,483.56,0.988123
3,1,16551,549.55,72.38,403.7,407.09,0.875269
4,1,29345,173.61,742.87,182.82,287.94,0.734393
5,10,1900,642.83,847.02,187.88,184.75,0.989473
6,10,21771,641.76,290.29,189.28,181.04,0.927531
7,10,16548,103.11,806.14,239.84,238.45,0.852601
8,10,29451,102.0,236.91,407.98,215.5,0.694837
9,100,33009,520.26,793.54,380.95,206.93,0.998361
10,100,1900,135.34,244.76,190.29,161.21,0.993777
11,100,16548,584.84,130.93,231.97,225.52,0.96704
12,1003,34597,39.3,154.89,453.58,423.84,0.99754
13,1003,3483,606.18,793.34,276.17,207.34,0.988347
14,1003,16232,648.27,184.27,192.95,180.06,0.985788
15,1003,27733,123.6,770.33,314.7,272.98,0.924351
16,1004,34597,505.56,656.39,461.41,443.66,0.998782
17,1004,27733,566.19,260.77,299.5,267.78,0.979427
18,1004,3483,126.52,305.15,266.89,203.27,0.973967
19,1004,16232,139.89,892.91,198.43,193.57,0.936602
20,1005,3483,579.32,758.04,274.26,210.19,0.996027
21,1005,34597,22.25,128.42,440.54,423.41,0.992778
22,1005,16232,619.09,178.66,189.39,182.97,0.972647
23,1005,27733,87.73,726.77,320.52,280.6,0.902932
24,1006,20238,617.9,194.94,228.47,217.63,0.997629
25,1006,25469,47.69,855.57,378.61,219.13,0.996495
26,1006,3483,601.26,846.08,281.5,186.67,0.990411
27,1006,25367,47.03,180.53,445.39,418.53,0.977534
28,1007,20238,588.7,190.29,222.55,213.76,0.996897
29,1007,25469,10.98,813.71,384.03,221.38,0.993344
30,1007,3483,574.88,810.61,279.81,192.33,0.9856
31,1007,25367,34.99,152.62,432.03,426.09,0.981419
32,1009,22347,77.16,198.42,204.73,195.43,0.99341
33,1009,25469,11.41,814.49,383.2,221.01,0.99091
34,1009,3483,575.04,810.59,280.09,192.61,0.985814
35,1009,16262,546.41,187.02,240.19,230.34,0.921037
36,1010,25469,47.22,855.42,379.08,220.12,0.996644
37,1010,22347,93.31,206.32,207.27,197.45,0.995781
38,1010,3483,601.34,845.93,280.13,187.77,0.989812
39,1010,16262,575.11,194.01,244.92,232.77,0.977305
40,1012,27926,570.19,625.92,266.69,488.51,0.996286
41,1012,1900,143.23,242.54,195.92,127.41,0.988903
42,1012,16548,612.13,158.11,230.0,225.76,0.97572
43,1012,29345,139.38,705.19,185.33,292.92,0.467389
44,1013,1900,631.93,894.12,208.28,133.64,0.996126
45,1013,27926,141.19,136.96,261.42,461.67,0.994017
46,1013,16548,104.55,866.31,241.39,238.1,0.969589
47,1013,29345,638.09,274.48,177.89,275.06,0.576922
48,1014,1900,160.15,253.35,202.02,122.18,0.993458
49,1014,27926,599.9,665.26,255.55,487.49,0.986184
50,1014,16548,640.4,164.07,236.14,224.79,0.961154
51,1014,29345,173.29,743.15,183.18,288.01,0.749222
52,1015,35206,661.9,175.22,219.29,400.03,0.994444
53,1015,30308,67.34,123.71,399.8,406.87,0.982356
54,1015,20877,118.19,769.68,327.47,231.01,0.979462
55,1015,3483,651.72,749.59,209.31,267.42,0.972264
56,1016,35206,95.68,669.99,235.67,411.94,0.997747
57,1016,30308,532.79,721.44,405.61,417.97,0.990495
58,1016,20877,545.0,293.9,327.3,234.75,0.987354
59,1016,3483,140.79,292.11,212.8,258.23,0.984189
60,1018,30308,433.77,740.82,476.75,310.22,0.990056
61,1018,29667,87.41,861.22,231.62,227.52,0.986923
62,1018,3483,126.66,305.58,266.88,202.33,0.974566
63,1018,27733,560.71,257.97,299.15,265.56,0.762258
64,1019,30308,91.59,209.31,473.01,301.93,0.996358
65,1019,3483,606.04,792.87,276.87,207.43,0.988506
66,1019,29667,669.66,183.71,225.07,211.79,0.975661
67,1019,27733,131.22,776.94,311.05,274.47,0.935445
68,102,33009,550.98,838.59,369.5,196.45,0.998308
69,102,1900,148.58,253.62,197.78,163.18,0.98684
70,102,16548,615.55,134.12,235.52,228.54,0.938393
71,1020,30308,74.77,187.73,455.43,300.94,0.997811
72,1020,3483,580.05,757.59,273.82,208.63,0.996144
73,1020,27733,92.66,733.95,318.93,278.0,0.898669
74,1020,29667,638.46,177.34,221.3,214.93,0.886278
75,1022,33208,582.31,809.77,215.02,205.76,0.995865
76,1022,1900,146.91,241.46,182.62,180.26,0.988689
77,1022,29451,35.18,802.34,424.37,223.09,0.971818
78,1022,16551,626.09,20.82,281.83,471.73,0.789801
79,1023,33208,609.57,842.81,213.42,201.47,0.988175
80,1023,1900,164.13,248.23,188.43,179.9,0.987193
81,1023,29451,70.51,844.0,421.28,215.52,0.985479
82,1025,28763,644.8,862.02,220.75,212.74,0.989017
83,1025,3483,140.35,292.35,213.76,256.38,0.987999
84,1025,16262,109.44,836.73,247.06,241.47,0.985413
85,1025,20877,545.82,293.4,326.87,234.78,0.984749
86,1026,20877,117.68,769.86,327.12,232.15,0.986218
87,1026,28763,134.95,206.65,216.07,201.94,0.983712
88,1026,16262,631.1,192.02,244.91,232.3,0.97933
89,1026,3483,651.2,751.05,210.76,266.24,0.971158
90,1027,13900,189.56,283.98,198.2,236.18,0.980757
91,1027,3351,354.33,882.78,188.6,192.26,0.973203
92,1027,16232,601.22,262.58,186.07,187.38,0.777339
93,1028,3351,392.61,156.75,182.88,188.82,0.996836
94,1028,13900,553.05,706.97,206.65,247.14,0.967915
95,1028,16232,134.29,778.81,192.95,189.55,0.948466
96,1028,16688,610.39,1162.95,365.61,116.89,0.408375
97,1029,13900,593.64,798.05,200.68,241.41,0.97969
98,1029,3351,435.43,214.89,184.98,185.09,0.943645
99,1029,16232,176.52,865.69,190.55,192.04,0.900921
100,1030,3483,580.44,757.45,274.21,209.1,0.995625
101,1030,34597,43.49,140.88,451.78,416.46,0.993585
102,1030,27733,88.46,726.59,319.03,280.75,0.890441
103,1030,27733,570.6,116.39,251.77,383.31,0.56921
104,1030,35206,570.21,118.35,251.98,382.69,0.540477
105,1034,28763,650.69,881.26,219.42,214.79,0.995405
106,1034,19861,641.78,279.11,218.77,168.94,0.986102
107,1034,3483,148.16,219.74,248.64,218.02,0.969304
108,1039,25469,47.45,855.35,378.7,219.87,0.99658
109,1039,3483,601.44,845.71,281.04,188.25,0.98904
110,1039,28763,126.98,213.37,215.01,203.11,0.985938
111,1039,16262,575.51,194.03,242.98,232.9,0.978955
112,104,18357,106.0,608.37,251.96,372.39,0.98451
113,104,3351,325.05,201.13,183.05,190.4,0.967147
114,104,21325,616.77,759.6,175.97,231.59,0.933275
115,1041,25469,572.27,231.24,369.5,219.45,0.991468
116,1041,3483,125.46,274.08,271.18,185.95,0.990994
117,1041,28763,651.23,852.96,223.44,212.84,0.98333
118,1041,16262,167.42,834.06,247.9,243.05,0.982088
119,1043,35206,515.26,605.19,238.61,414.59,0.996799
120,1043,18357,49.08,627.8,271.41,352.88,0.979958
121,1043,3351,311.91,168.27,184.29,188.94,0.965938
122,1044,35206,552.11,703.36,240.01,406.42,0.999572
123,1044,18357,92.57,724.57,265.59,350.25,0.976853
124,1044,3351,354.44,227.5,184.6,184.33,0.945136
125,1045,29667,593.73,177.53,221.22,215.89,0.988871
126,1045,20877,40.59,755.9,329.72,249.34,0.986498
127,1045,3483,624.39,719.55,211.35,269.72,0.986266
128,1045,28763,134.13,214.25,210.11,200.2,0.977987
129,1046,20877,72.03,801.48,328.93,238.56,0.985007
130,1046,28763,150.35,222.49,216.32,203.43,0.981909
131,1046,3483,650.47,750.74,211.34,268.25,0.978638
132,1046,29667,622.3,182.44,225.76,214.83,0.960327
133,1047,20877,587.75,258.95,326.2,240.88,0.98859
134,1047,3483,140.25,292.53,213.34,256.17,0.988186
135,1047,28763,627.44,846.53,220.81,210.45,0.983967
136,1047,29667,131.86,861.9,232.83,226.68,0.975727
137,1050,12778,90.55,170.68,346.4,476.24,0.991683
138,1050,2483,645.29,78.91,205.4,490.82,0.970372
139,1050,22362,606.57,768.64,252.0,416.4,0.957298
140,1050,3743,135.96,846.67,275.57,275.7,0.856314
141,1051,2483,78.74,677.76,236.01,482.94,0.987435
142,1051,12081,143.16,105.79,205.43,438.06,0.952488
143,1051,3743,552.2,193.56,267.83,267.96,0.85148
144,1053,2483,609.45,53.61,228.18,481.76,0.992353
145,1053,31863,103.57,801.19,275.32,273.62,0.877137
146,1053,12081,588.68,699.7,217.26,452.59,0.850789
147,1055,3483,571.27,766.13,276.33,206.41,0.997722
148,1055,31885,54.14,32.25,430.4,484.77,0.992385
149,1055,29667,647.68,186.16,220.32,213.71,0.931354
150,1055,27733,82.75,733.26,325.46,269.1,0.878657
151,1056,31885,67.43,49.8,450.39,490.12,0.99504
152,1056,3483,598.11,800.16,277.82,205.31,0.983559
153,1056,29667,677.79,191.08,225.37,212.34,0.981945
154,1056,27733,118.31,776.34,320.14,266.55,0.901271
155,1057,12778,81.84,67.49,330.64,508.56,0.996791
156,1057,2483,607.4,71.38,243.97,466.78,0.974876
157,1057,13395,642.62,707.51,216.63,452.07,0.947968
158,1057,25438,110.58,831.43,251.88,251.96,0.927429
159,1058,12778,87.55,111.43,325.09,498.86,0.983895
160,1058,2483,596.49,108.66,250.18,452.31,0.976083
161,1058,13395,653.55,709.09,214.71,462.63,0.815134
162,1058,12081,653.81,707.28,213.58,463.92,0.805451
163,1058,25438,111.67,843.11,256.12,262.95,0.647103
164,1060,2483,107.23,678.19,222.78,491.44,0.994099
165,1060,25438,555.49,207.71,247.62,247.87,0.930201
166,1060,12081,121.46,56.57,225.99,473.53,0.882261
167,1060,19552,534.66,642.51,353.14,470.72,0.802649
168,1064,20238,617.36,195.16,228.8,217.44,0.997867
169,1064,34597,58.19,129.02,451.75,418.94,0.997627
170,1064,25469,47.26,855.63,379.22,219.5,0.995448
171,1064,3483,601.74,846.15,279.98,186.7,0.985757
172,1065,34597,483.71,685.09,461.54,436.93,0.996808
173,1065,20238,139.08,850.92,230.93,224.12,0.994947
174,1065,25469,571.99,231.86,369.9,219.11,0.994476
175,1065,3483,125.74,274.35,270.95,186.18,0.986353
176,1067,28763,678.46,256.88,212.59,198.31,0.99605
177,1067,16262,119.15,846.55,247.93,242.67,0.988736
178,1067,3483,133.65,287.32,274.5,172.59,0.96913
179,1067,31885,552.14,670.01,409.75,527.9,0.811701
180,1069,1900,624.18,890.61,208.41,139.8,0.990157
181,1069,16548,643.93,163.88,235.83,227.26,0.978412
182,1069,3544,138.47,869.35,178.62,174.3,0.960571
183,1069,21771,115.55,202.68,192.58,184.01,0.949326
184,1070,1900,175.39,279.92,197.99,143.01,0.986858
185,1070,21771,686.96,882.51,198.5,191.26,0.979836
186,1070,16548,100.54,864.39,241.87,239.1,0.945047
187,1070,3544,673.9,272.91,175.69,170.55,0.775498
188,1070,3544,686.21,883.09,199.87,191.43,0.514085
189,1073,22347,115.85,198.21,203.96,196.59,0.991852
190,1073,3483,532.92,779.09,272.34,223.05,0.982222
191,1073,36637,635.91,178.82,183.64,242.26,0.969818
192,1075,4543,610.24,141.98,206.22,199.37,0.998492
193,1075,3544,102.12,159.19,201.31,199.49,0.962485
194,1075,16551,98.81,594.47,342.12,463.58,0.82822
195,1076,4543,129.88,916.76,213.53,214.53,0.993036
196,1076,16551,536.85,187.72,322.86,443.63,0.987875
197,1076,3544,668.97,897.76,214.06,213.11,0.961126
198,1077,4543,640.82,142.28,207.6,201.36,0.99773
199,1077,3544,116.72,163.69,207.36,203.1,0.979608
200,1077,16551,131.89,641.62,339.01,463.25,0.752707
201,1079,22347,121.53,219.81,206.66,195.46,0.997467
202,1079,29667,623.72,184.34,226.03,215.34,0.98774
203,1079,20877,71.09,799.93,324.59,239.33,0.986598
204,1079,3483,647.59,754.9,211.62,268.07,0.980103
205,108,12778,106.48,30.3,292.0,538.79,0.996652
206,108,2483,600.22,81.57,244.25,476.89,0.991998
207,108,22362,590.3,735.26,251.9,415.77,0.983532
208,108,25438,143.4,846.24,253.53,251.84,0.946562
209,1080,22347,101.81,209.93,204.15,195.11,0.996593
210,1080,20877,38.7,754.58,326.49,251.06,0.99138
211,1080,29667,594.56,180.23,221.77,216.04,0.986778
212,1080,3483,620.21,722.55,213.43,268.86,0.980382
213,1081,1900,613.11,902.73,204.96,136.79,0.979998
214,1081,3544,127.02,866.65,176.83,174.36,0.967913
215,1081,30308,93.27,183.61,257.62,227.83,0.446025
216,1085,20877,83.42,724.74,334.33,241.19,0.99074
217,1085,25367,34.41,132.48,440.58,409.54,0.988802
218,1085,3483,625.74,718.98,210.73,267.93,0.979438
219,1085,16232,626.63,221.07,188.3,183.92,0.914488
220,1087,3544,133.41,174.63,201.29,198.91,0.960073
221,1087,16551,88.76,588.9,298.76,483.5,0.563172
222,1089,3544,634.02,886.81,213.89,212.07,0.975992
223,109,25367,579.37,720.41,384.89,493.92,0.994676
224,109,19861,642.54,279.27,216.88,169.17,0.988703
225,109,3483,147.12,220.27,249.67,217.96,0.977207
226,109,35206,105.1,772.92,305.03,392.24,0.949449
227,1092,1900,656.1,851.07,205.48,162.27,0.997394
228,1092,16548,81.83,912.91,244.42,240.42,0.940505
229,1092,34597,568.71,210.46,319.39,292.08,0.6271
230,1092,28763,131.01,241.6,246.47,235.14,0.521919
231,1093,34597,500.87,690.86,456.11,439.7,0.995382
232,1093,19861,642.1,279.54,218.05,169.02,0.977069
233,1093,3483,147.65,219.94,249.01,218.06,0.969245
234,1093,16262,99.06,851.66,251.09,242.46,0.968042
235,1095,34597,46.42,122.56,452.68,421.23,0.998354
236,1095,3483,600.99,870.2,257.68,229.26,0.983091
237,1095,19861,128.91,863.98,220.17,169.34,0.961634
238,1095,16262,639.19,178.56,244.77,229.66,0.953413
239,1096,27926,164.6,672.05,224.6,364.75,0.998589
240,1096,3544,92.62,196.06,202.19,199.24,0.936217
241,1097,27926,196.31,717.0,224.74,359.06,0.989515
242,1097,3544,107.56,203.08,210.04,203.05,0.855393
243,1097,4543,510.2,125.69,450.48,333.07,0.431574
244,1098,27926,578.51,231.16,218.01,337.21,0.961342
245,1098,3544,676.31,860.6,216.75,212.41,0.943625
246,1098,4543,19.53,786.61,462.77,348.51,0.483881
247,110,25367,47.72,56.05,377.38,472.28,0.989441
248,110,3483,600.78,869.6,257.34,229.93,0.983058
249,110,19861,129.32,864.48,219.55,168.84,0.957235
250,110,27733,584.34,94.55,286.18,378.72,0.752218
251,110,35206,584.88,96.38,288.01,377.57,0.72325
252,1100,31885,50.8,94.75,421.25,493.23,0.998512
253,1100,36637,635.86,179.44,181.99,241.42,0.9893
254,1100,3483,533.2,779.56,271.61,222.67,0.985213
255,1101,31885,68.74,122.61,435.2,489.27,0.99818
256,1101,36637,664.79,182.14,186.65,246.34,0.991512
257,1101,3483,562.75,814.17,266.11,217.84,0.979835
258,1101,20877,175.77,810.62,177.97,205.57,0.762938
259,1101,27777,176.04,810.4,177.96,206.73,0.660806
260,1105,22347,113.47,214.08,205.75,194.79,0.993214
261,1105,3483,606.94,792.48,276.5,207.39,0.988808
262,1105,27733,125.25,769.88,314.14,274.22,0.911046
263,1105,35206,602.72,124.97,256.39,390.07,0.656933
264,1109,28763,138.97,224.22,216.35,203.27,0.98775
265,1109,3483,589.6,845.3,286.26,169.31,0.982451
266,1109,28763,97.93,853.57,217.17,204.27,0.982161
267,1109,16262,623.35,182.55,244.42,231.32,0.940656
268,1111,28763,113.94,186.78,214.1,200.4,0.995169
269,1111,3483,561.15,810.2,285.77,177.19,0.993791
270,1111,28763,63.31,811.12,217.83,206.79,0.990651
271,1111,29667,603.27,175.41,221.83,215.15,0.970658
272,1114,28763,676.03,256.59,214.68,198.58,0.995776
273,1114,35206,101.6,686.14,203.79,416.2,0.990068
274,1114,30308,558.34,699.72,392.14,419.96,0.985592
275,1114,3483,133.12,287.55,274.9,172.41,0.978614
276,1115,35206,649.47,142.19,201.26,399.69,0.995792
277,1115,30308,41.74,123.27,382.38,406.45,0.991999
278,1115,3483,562.5,811.7,284.07,175.8,0.990805
279,1115,28763,64.03,811.52,217.55,207.06,0.990392
280,1116,28763,97.64,853.36,215.14,204.47,0.987509
281,1116,3483,589.37,846.14,285.62,169.03,0.985792
282,1116,30308,56.86,141.54,391.6,416.29,0.982308
283,1116,35206,680.06,155.38,204.03,402.75,0.958439
284,1118,27926,580.57,235.26,221.08,337.48,0.993739
285,1118,3544,675.99,858.63,216.39,212.61,0.985267
286,1118,16548,100.46,881.18,241.2,239.06,0.975012
287,1118,16232,195.17,238.45,174.16,236.7,0.824115
288,1119,27926,191.32,710.6,224.53,359.78,0.995571
289,1119,16548,645.34,146.82,233.25,225.76,0.95774
290,1119,27926,632.0,824.24,176.18,243.03,0.957505
291,1119,16232,631.9,824.35,174.09,242.62,0.918782
292,1119,3544,107.14,205.48,211.14,203.54,0.789397
293,112,33009,557.43,808.22,372.24,210.69,0.998486
294,112,3544,126.9,233.7,206.53,201.53,0.948541
295,112,16551,157.94,590.99,312.06,467.98,0.723012
296,1121,3483,126.39,273.43,271.01,185.52,0.991802
297,1121,25469,575.26,189.94,329.79,286.26,0.991692
298,1121,28763,620.54,861.39,220.11,211.74,0.986586
299,1121,29667,136.33,870.77,230.71,227.61,0.926361
300,1123,25367,492.1,668.69,449.84,437.01,0.994028
301,1123,16262,153.5,804.34,248.81,240.97,0.979541
302,1123,3483,126.83,305.09,266.52,203.21,0.974627
303,1123,27733,565.47,260.62,300.08,267.99,0.970747
304,1125,3483,606.81,792.53,274.83,207.87,0.988406
305,1125,25367,66.59,160.66,444.33,421.82,0.98628
306,1125,16262,587.96,227.11,247.18,230.41,0.96766
307,1125,27733,123.87,770.47,314.87,273.38,0.783
308,1126,16262,109.34,836.21,247.47,241.15,0.991275
309,1126,20877,546.49,293.24,326.86,235.5,0.989996
310,1126,3483,141.74,292.45,212.94,254.76,0.987893
311,1126,31885,509.2,727.15,466.8,485.72,0.927271
312,1129,20238,112.5,854.37,231.56,227.29,0.994019
313,1129,22347,680.83,828.07,213.06,207.01,0.989482
314,1129,3483,126.49,305.07,267.44,203.07,0.974704
315,1129,27733,564.99,261.34,301.16,265.71,0.943158
316,113,33009,76.9,270.87,361.98,218.89,0.995898
317,113,3544,657.75,833.22,214.18,209.42,0.974028
318,113,16551,530.21,224.02,304.85,457.77,0.863594
319,1135,33009,550.93,838.21,369.38,196.09,0.998444
320,1135,1900,148.73,254.4,198.58,161.89,0.982413
321,1135,27926,607.46,50.53,290.54,485.03,0.551882
322,1135,16551,608.9,55.88,284.25,467.87,0.436036
323,1136,33009,88.42,259.77,364.32,204.31,0.998509
324,1136,1900,645.27,855.33,200.54,175.36,0.969763
325,1136,16551,90.02,698.7,292.29,499.12,0.9337
326,1138,28763,66.16,811.04,218.12,208.17,0.993236
327,1138,3483,564.6,810.93,284.66,174.82,0.992023
328,1138,34597,31.98,90.6,370.46,477.01,0.96138
329,1138,20238,593.83,173.33,221.82,213.08,0.92705
330,114,33009,527.25,767.25,384.76,221.74,0.988917
331,114,3544,110.26,223.24,202.44,199.94,0.947324
332,114,16551,127.67,533.41,312.37,479.46,0.776252
333,1140,20238,623.09,176.07,225.92,216.33,0.99044
334,1140,3483,591.32,845.63,284.46,169.48,0.980037
335,1140,28763,99.65,853.72,215.59,205.11,0.966434
336,1140,34597,45.67,117.78,378.65,477.47,0.955606
337,1141,12081,66.8,117.47,225.88,428.18,0.996713
338,1141,12778,562.25,575.09,302.11,497.78,0.981068
339,1141,2483,71.43,650.17,297.89,451.31,0.963034
340,1141,25438,556.22,195.68,246.45,250.38,0.897163
341,1142,12081,649.22,704.39,237.07,447.68,0.994926
342,1142,2483,577.49,118.68,289.02,450.63,0.983591
343,1142,25438,121.64,823.9,252.59,251.28,0.972223
344,1142,12778,68.09,131.88,296.21,499.72,0.972209
345,1143,12081,655.33,708.1,249.35,460.93,0.997695
346,1143,2483,569.98,154.22,292.38,432.44,0.994355
347,1143,12778,67.96,161.97,299.43,500.29,0.985739
348,1143,25438,124.17,833.37,256.47,263.62,0.846539
349,1144,25469,47.74,855.43,378.67,219.92,0.996939
350,1144,31885,53.08,167.18,442.4,490.22,0.994342
351,1144,3483,601.09,846.1,280.92,186.4,0.98829
352,1144,16262,573.56,194.67,244.97,232.04,0.987409
353,1148,3351,384.59,159.55,183.01,189.74,0.974156
354,1148,41768,558.5,631.79,267.22,308.26,0.968558
355,1148,16232,144.28,730.06,196.3,193.87,0.939538
356,1149,16232,188.46,819.48,192.56,191.53,0.993521
357,1149,3351,426.77,221.13,183.61,182.63,0.984087
358,1149,41768,600.66,722.29,259.39,307.71,0.981373
359,115,25367,495.42,648.55,420.23,460.45,0.993203
360,115,3483,126.01,305.29,267.03,202.72,0.978035
361,115,27733,560.53,257.53,298.94,267.98,0.759337
362,115,20877,97.36,880.75,272.26,180.28,0.422396
363,1150,34597,80.77,56.11,414.24,465.75,0.98667
364,1150,3483,561.55,814.44,268.04,218.08,0.979029
365,1150,29667,628.72,164.51,225.94,214.2,0.802688
366,1150,20877,175.03,811.31,178.86,205.02,0.705039
367,1150,27777,175.38,811.16,178.94,205.94,0.662327
368,1153,22347,145.08,210.47,207.77,196.04,0.996268
369,1153,16232,646.62,174.66,191.51,186.2,0.990501
370,1153,3483,600.74,869.25,257.4,230.26,0.983809
371,1153,19861,128.99,864.36,220.06,168.93,0.958615
372,1154,22347,126.86,200.44,204.96,196.53,0.997162
373,1154,19861,92.06,826.65,227.59,175.45,0.992234
374,1154,3483,573.58,838.22,261.93,230.73,0.986302
375,1154,16232,617.28,170.62,187.55,183.49,0.980082
376,1155,22347,641.2,862.26,213.11,207.69,0.987229
377,1155,19861,641.83,279.21,218.12,169.36,0.984892
378,1155,3483,147.83,220.17,249.05,217.53,0.973473
379,1155,16232,143.58,898.39,195.98,191.89,0.954386
380,1156,3351,393.42,858.27,188.34,190.86,0.996505
381,1156,16262,570.94,309.66,244.89,235.2,0.969404
382,1156,13900,183.13,284.43,205.27,229.13,0.965446
383,1157,16262,106.68,675.07,253.11,248.04,0.991826
384,1157,13900,553.16,715.08,212.72,240.66,0.985532
385,1157,3351,355.24,181.61,184.31,190.02,0.977021
386,1158,16262,153.29,767.52,246.16,239.17,0.991104
387,1158,3351,398.04,244.41,184.64,180.56,0.988573
388,1158,13900,592.7,804.51,208.31,237.76,0.981957
389,1159,18357,153.7,301.55,239.86,353.71,0.978265
390,1159,3351,401.87,807.67,188.54,190.75,0.951826
391,1159,16232,645.9,294.07,190.1,192.45,0.949679
392,1161,3351,386.59,280.42,185.93,183.86,0.987611
393,1161,16232,131.18,816.16,189.29,188.58,0.979765
394,1161,18357,583.45,617.4,242.89,367.81,0.977883
395,1163,29451,493.54,805.85,411.03,235.17,0.997003
396,1163,3544,117.85,183.88,209.92,202.81,0.67024
397,1163,16548,656.35,198.23,224.85,214.89,0.561579
398,1163,16551,42.83,602.35,312.81,478.32,0.455259
399,1164,29451,463.16,767.23,419.66,245.25,0.997235
400,1164,3544,103.46,179.04,202.37,200.16,0.98752
401,1164,16551,11.31,554.56,310.42,481.31,0.53371
402,1166,25469,574.26,189.09,328.81,286.66,0.992819
403,1166,25367,565.36,686.64,393.45,480.75,0.991705
404,1166,3483,126.93,273.77,271.04,185.4,0.991486
405,1166,36637,129.22,830.19,185.48,262.52,0.886232
406,1167,25367,49.5,91.59,387.81,473.99,0.991179
407,1167,25469,89.27,831.43,338.3,300.36,0.989324
408,1167,36637,673.96,172.06,174.78,254.79,0.98764
409,1167,3483,600.96,847.01,280.41,187.21,0.986137
410,1168,25469,49.06,789.74,350.62,298.43,0.99009
411,1168,3483,574.1,810.75,279.98,191.98,0.987761
412,1168,30308,45.21,17.61,344.96,426.46,0.986439
413,1168,29667,589.48,166.32,219.49,217.66,0.891092
414,1170,30308,57.91,21.93,358.1,442.86,0.996744
415,1170,3483,600.48,846.34,281.01,187.13,0.988883
416,1170,25469,88.85,831.27,340.51,299.74,0.985748
417,1170,29667,618.47,171.35,224.38,216.6,0.963466
418,1171,4543,639.84,153.58,202.5,198.06,0.997518
419,1171,3544,121.98,180.87,202.52,199.77,0.975092
420,1171,16548,579.16,744.41,239.18,234.02,0.972679
421,1171,3544,91.43,788.65,227.36,219.84,0.628597
422,1173,4543,102.71,907.86,213.93,210.42,0.992339
423,1173,3544,645.52,874.84,216.15,213.95,0.982182
424,1173,16548,160.54,287.51,230.82,224.76,0.929596
425,1174,28763,678.89,256.79,212.4,197.53,0.995867
426,1174,30308,568.35,759.21,397.33,427.04,0.981335
427,1174,3483,134.26,288.2,275.06,171.18,0.977362
428,1174,29667,123.69,863.18,230.65,226.62,0.961211
429,1176,30308,44.41,75.14,393.14,420.17,0.989359
430,1176,28763,96.84,852.95,216.58,204.08,0.987437
431,1176,3483,588.29,845.98,284.96,169.79,0.97722
432,1176,29667,631.89,181.74,226.03,213.05,0.966968
433,1178,31885,102.57,46.35,409.08,500.48,0.99879
434,1178,3483,535.4,781.27,270.64,222.89,0.983398
435,1178,20238,576.11,190.06,223.29,215.1,0.973283
436,118,13900,61.0,309.01,231.55,216.59,0.997395
437,118,3351,458.29,847.37,187.38,189.3,0.993016
438,118,16688,422.18,81.17,440.42,522.03,0.985488
439,1180,3351,395.14,916.04,190.19,192.31,0.982127
440,1180,19232,493.21,233.2,327.81,254.03,0.981875
441,1180,21325,186.47,306.8,164.74,225.46,0.959473
442,1184,1900,189.32,272.88,200.76,137.77,0.995475
443,1184,16548,141.36,877.97,243.63,240.47,0.96242
444,1184,3544,685.08,276.09,176.16,170.55,0.785589
445,1184,29345,673.16,826.63,189.37,300.29,0.653868
446,1185,1900,614.09,902.7,204.39,136.93,0.984075
447,1185,29345,138.92,141.82,182.62,291.28,0.955173
448,1185,3544,127.23,866.75,177.47,174.5,0.946143
449,1185,16548,601.06,150.74,238.33,225.46,0.919837
450,1186,2483,74.03,678.31,244.78,479.97,0.990807
451,1186,12081,143.17,105.9,205.6,437.24,0.934815
452,1186,3743,552.16,193.04,268.69,269.09,0.863927
453,1186,19552,507.96,554.25,327.82,492.05,0.814142
454,1187,2483,604.69,52.81,234.43,483.09,0.99343
455,1187,12081,587.57,700.91,218.25,450.66,0.909921
456,1187,13395,587.22,700.46,219.11,450.32,0.84643
457,1187,31863,103.56,801.71,275.49,273.07,0.796019
458,1187,19552,111.04,151.35,331.76,495.41,0.714956
459,1187,12778,112.3,151.49,328.07,495.32,0.631262
460,1189,12778,93.69,126.05,322.97,492.03,0.995715
461,1189,12081,602.91,709.89,229.69,450.07,0.990162
462,1189,2483,589.27,72.63,246.31,476.01,0.98286
463,1189,3743,116.64,783.68,323.04,324.01,0.962202
464,119,13900,650.74,705.48,227.13,225.32,0.992655
465,119,3351,293.99,192.52,183.84,189.73,0.992463
466,119,16688,72.63,578.84,459.89,572.04,0.990152
467,1190,12081,611.59,714.06,237.39,464.16,0.996982
468,1190,12778,94.26,142.64,319.36,508.02,0.99491
469,1190,2483,584.67,100.25,235.38,471.23,0.991123
470,1190,3743,117.35,793.2,328.89,332.71,0.947216
471,1191,2483,86.84,667.95,255.03,469.15,0.994576
472,1191,12081,109.26,112.88,223.94,429.13,0.99312
473,1191,12778,522.05,581.33,317.91,491.11,0.991864
474,1191,3743,492.49,166.56,314.06,302.69,0.976627
475,1191,18147,796.71,0.33,179.29,118.14,0.494741
476,1192,33009,88.7,258.87,363.9,204.78,0.9953
477,1192,1900,646.55,855.14,200.74,175.69,0.96821
478,1192,27926,80.9,687.36,292.38,503.18,0.892007
479,1194,33009,550.31,838.09,370.69,195.85,0.998421
480,1194,1900,148.19,252.78,198.45,163.89,0.977241
481,1194,27926,615.09,60.61,288.92,483.99,0.495847
482,1194,29345,166.21,818.61,185.25,291.66,0.410326
483,1196,35206,140.46,706.14,234.29,411.89,0.995634
484,1196,28763,613.97,886.65,223.25,214.16,0.994804
485,1196,3483,168.21,279.52,263.35,214.43,0.92494
486,1196,27777,638.07,291.67,174.94,199.26,0.860581
487,1196,20877,636.5,291.75,176.53,199.87,0.592292
488,1197,28763,162.48,178.89,215.11,201.91,0.993505
489,1197,3483,565.6,813.2,267.45,216.73,0.980686
490,1197,35206,616.93,142.09,224.36,399.89,0.980555
491,1197,20877,177.84,812.76,178.81,205.0,0.774239
492,1197,27777,178.36,812.58,178.83,205.98,0.737137
493,1198,20238,605.78,194.67,228.0,216.89,0.98727
494,1198,3483,565.35,815.37,267.08,218.74,0.98111
495,1198,28763,131.41,216.25,212.29,203.05,0.972831
496,1198,20877,176.89,814.13,178.91,204.89,0.795092
497,1198,27777,177.18,814.18,179.27,205.53,0.791275
498,1199,20238,151.89,851.33,231.21,225.15,0.988874
499,1199,28763,647.33,851.93,223.08,213.15,0.981872
500,1199,3483,169.89,275.91,261.7,215.03,0.946913
501,1199,27777,639.44,291.57,174.7,197.49,0.889426
502,1199,20877,637.91,291.6,176.2,198.33,0.494041
503,120,16688,117.45,676.83,457.68,583.45,0.988534
504,120,3351,335.01,255.06,181.78,182.04,0.986007
505,120,13900,686.02,797.56,230.25,218.25,0.968315
506,1201,16548,584.27,212.47,231.75,224.08,0.955908
507,1201,3544,101.98,823.15,180.36,176.66,0.938912
508,1201,3544,144.51,186.12,204.39,199.85,0.926857
509,1204,32310,69.38,217.62,341.7,252.48,0.995023
510,1204,3351,393.21,862.73,190.52,190.12,0.993779
511,1204,22074,687.72,263.1,181.82,187.62,0.990389
512,1206,22074,91.9,854.1,185.78,187.33,0.990569
513,1206,32310,568.09,819.2,352.31,270.04,0.9871
514,1206,3351,396.4,224.69,183.22,182.4,0.986796
515,1207,22347,685.94,813.92,212.22,206.52,0.984778
516,1207,16232,152.03,827.76,192.21,193.16,0.979785
517,1207,3483,168.63,278.78,262.44,213.94,0.946562
518,1207,27777,638.03,291.56,174.98,198.37,0.889945
519,1207,20877,636.5,291.61,176.5,199.0,0.471746
520,1209,22347,101.34,261.05,207.09,198.13,0.999178
521,1209,3483,565.64,813.89,267.46,217.02,0.978997
522,1209,16232,644.26,250.42,187.16,180.96,0.96866
523,1209,20877,177.88,812.65,179.5,205.38,0.759332
524,1209,27777,178.33,812.62,179.36,206.26,0.72751
525,1210,34597,68.46,137.73,467.68,390.39,0.998638
526,1210,35206,659.56,174.89,222.01,400.59,0.994497
527,1210,20877,118.4,769.36,327.44,231.41,0.984932
528,1210,3483,652.29,749.86,208.66,267.05,0.970493
529,1212,34597,457.17,706.99,478.99,410.26,0.997497
530,1212,35206,96.31,670.54,235.49,411.28,0.995793
531,1212,20877,545.36,292.88,326.6,236.87,0.98881
532,1212,3483,141.19,292.45,212.29,258.27,0.987652
533,1213,12778,102.78,3.44,320.29,486.81,0.992064
534,1213,2483,652.68,57.84,208.6,489.31,0.975223
535,1213,25438,127.8,837.29,252.96,254.68,0.937941
536,1213,13395,591.92,680.9,233.95,488.6,0.615534
537,1214,12778,100.66,33.12,317.36,494.04,0.993886
538,1214,2483,648.27,91.77,204.61,478.97,0.963364
539,1214,25438,129.44,849.05,258.6,264.86,0.805593
540,1214,13395,598.53,679.12,245.33,502.99,0.569982
541,1216,3544,657.94,865.44,214.29,211.18,0.985202
542,1216,27926,150.41,169.83,268.17,458.56,0.977786
543,1216,27926,611.99,171.07,288.65,471.53,0.694409
544,1216,33208,128.48,845.9,230.86,226.0,0.447917
545,1219,29345,579.64,667.16,284.63,450.57,0.981546
546,1219,3544,103.73,239.74,205.56,202.21,0.960335
547,1219,16551,67.07,583.25,337.77,465.62,0.89666
548,122,25469,48.25,788.89,350.32,299.06,0.99349
549,122,25367,59.61,96.27,363.4,468.74,0.987381
550,122,3483,573.74,811.31,280.59,192.41,0.985453
551,122,29667,589.14,167.13,220.41,217.24,0.906529
552,1220,29345,607.39,704.46,278.69,443.93,0.978969
553,1220,16551,93.51,628.67,345.08,456.2,0.897566
554,1220,3544,120.28,250.02,208.91,203.06,0.85134
555,1220,16548,678.18,215.82,224.72,213.95,0.74693
556,1222,28763,64.99,810.96,218.2,207.24,0.992932
557,1222,3483,563.14,811.22,284.08,175.73,0.992587
558,1222,36637,613.49,203.59,186.18,242.6,0.987698
559,1222,25367,96.42,104.99,318.13,488.1,0.831067
560,1224,36637,642.19,209.44,189.76,246.95,0.986243
561,1224,28763,97.84,853.49,216.84,204.57,0.978282
562,1224,3483,589.77,846.41,284.64,167.48,0.977332
563,1224,25367,120.51,124.55,315.35,493.16,0.638725
564,1224,30308,120.78,123.58,314.08,497.39,0.620475
565,1226,3483,600.72,868.51,257.68,231.22,0.980431
566,1226,19861,128.72,864.62,220.02,168.5,0.970266
567,1226,31885,128.54,6.15,325.71,539.54,0.924179
568,1226,27733,581.99,93.46,289.17,379.52,0.755225
569,1226,35206,582.61,95.34,291.24,378.33,0.557886
570,1227,19861,641.22,279.5,218.74,168.48,0.987724
571,1227,3483,148.06,220.19,248.82,218.01,0.973675
572,1227,35206,104.75,772.7,303.61,391.61,0.927737
573,1227,31885,541.77,688.29,331.69,566.9,0.89843
574,1232,3483,143.62,288.83,214.66,256.42,0.986881
575,1232,20877,590.81,257.79,326.1,243.11,0.981481
576,1232,31885,541.21,659.18,404.86,524.1,0.95005
577,1232,29667,131.59,858.42,230.88,226.2,0.876123
578,1235,33009,550.63,838.43,370.32,197.47,0.996843
579,1235,1900,147.87,252.18,199.29,164.6,0.984115
580,1235,16548,620.41,143.64,240.27,229.09,0.820637
581,1235,21771,161.56,806.75,189.59,183.8,0.726326
582,1237,1900,106.33,269.19,202.77,122.85,0.977872
583,1237,16548,613.19,189.67,237.24,224.71,0.945395
584,1238,1900,685.89,877.99,210.17,133.81,0.99887
585,1238,16548,129.6,843.3,242.98,235.71,0.938272
586,1239,1900,85.0,260.14,203.18,126.04,0.984383
587,1239,16548,584.77,181.13,231.08,224.57,0.954078
588,1239,30308,134.2,647.94,272.45,448.78,0.450555
589,124,16551,0.95,771.6,373.05,453.19,0.99196
590,124,1900,175.18,279.91,198.01,143.59,0.986952
591,124,21771,686.84,882.83,198.22,190.9,0.983318
592,124,3544,674.12,273.44,175.22,170.32,0.742277
593,124,3544,686.14,883.36,199.34,191.03,0.553875
594,124,21771,674.38,273.79,175.12,170.43,0.436392
595,1242,1900,159.6,258.04,126.96,199.98,0.995543
596,1242,29345,92.17,708.25,284.21,445.92,0.98624
597,1242,16551,546.82,89.18,290.61,478.25,0.827716
598,1243,30308,67.95,139.15,373.52,426.04,0.996323
599,1243,3483,606.99,792.45,275.14,207.86,0.986229
600,1243,27733,125.72,769.86,312.63,273.67,0.918783
601,1243,35206,601.75,125.61,258.11,388.72,0.765746
602,1244,35206,124.08,734.28,268.64,402.3,0.987919
603,1244,3483,125.97,305.87,266.73,202.38,0.975045
604,1244,30308,561.27,689.17,380.03,432.77,0.969537
605,1244,27733,563.97,260.9,301.36,266.33,0.960029
606,1245,3483,580.64,757.05,273.99,210.58,0.996277
607,1245,30308,54.58,120.66,363.15,418.79,0.989209
608,1245,27733,88.79,726.59,318.64,280.48,0.87786
609,1245,35206,573.57,118.23,247.4,381.93,0.726721
610,1245,27733,573.56,117.17,247.99,381.67,0.594551
611,1246,3483,535.02,781.1,270.05,222.78,0.984216
612,1246,34597,55.7,83.43,401.06,460.77,0.978284
613,1246,16262,574.55,186.55,240.9,230.29,0.92012
614,1248,34597,521.33,661.04,413.54,483.89,0.976304
615,1248,16262,136.82,835.24,249.76,242.88,0.957589
616,1248,3483,170.77,276.94,261.0,213.91,0.944553
617,1248,27777,639.86,291.34,174.11,198.28,0.894637
618,1248,20877,638.48,291.36,175.72,199.14,0.601146
619,125,1900,623.83,889.32,208.24,139.35,0.988253
620,125,21771,116.02,202.65,192.89,184.11,0.945104
621,125,3544,138.75,869.39,178.57,174.02,0.915631
622,125,16551,619.75,33.55,350.07,442.85,0.60987
623,1250,12778,99.84,60.38,301.65,527.68,0.996192
624,1250,2483,605.27,89.92,216.6,465.95,0.96925
625,1250,31863,105.02,812.21,279.85,284.65,0.874481
626,1250,13395,597.59,701.89,223.28,466.77,0.7819
627,1250,12081,597.44,701.49,223.5,465.48,0.668966
628,1250,3743,104.67,811.43,280.9,284.85,0.441067
629,1251,12778,535.25,647.33,307.97,522.88,0.998269
630,1251,2483,77.43,675.35,238.84,481.78,0.985264
631,1251,12081,143.75,108.72,206.32,434.16,0.940115
632,1251,3743,552.5,193.49,267.8,268.57,0.826592
633,1252,29667,623.44,184.69,225.27,214.27,0.98408
634,1252,20877,70.47,800.31,326.61,239.44,0.979332
635,1252,3483,647.42,753.88,212.4,268.42,0.974247
636,1252,30308,79.18,79.93,395.92,411.69,0.956895
637,1254,30308,64.93,68.13,385.15,400.79,0.993516
638,1254,20877,38.77,754.71,326.64,250.87,0.990049
639,1254,3483,620.82,722.53,213.48,268.62,0.986139
640,1254,29667,595.11,181.12,220.9,214.87,0.977705
641,1256,19607,657.31,272.96,155.04,149.59,0.994582
642,1256,1900,641.98,825.48,173.2,206.6,0.976969
643,1256,16551,87.06,663.32,303.52,491.1,0.482069
644,126,1900,589.69,859.41,215.22,142.11,0.988796
645,126,3544,103.86,833.15,180.07,177.99,0.931664
646,126,21771,100.62,195.61,187.25,181.7,0.860525
647,126,16551,598.94,22.28,340.09,438.37,0.730398
648,1261,28763,97.02,853.39,215.67,205.07,0.984858
649,1261,16232,648.61,230.09,193.06,181.14,0.982355
650,1261,3483,589.34,846.13,284.69,170.11,0.979743
651,1261,22347,139.23,168.61,209.04,199.06,0.979538
652,1262,3483,562.79,812.24,284.25,174.71,0.992659
653,1262,22347,125.58,164.06,202.88,193.03,0.991137
654,1262,28763,64.17,811.69,217.3,207.11,0.990859
655,1262,16232,620.35,220.62,188.52,183.35,0.980375
656,1263,28763,677.04,256.7,213.43,198.36,0.996401
657,1263,22347,646.25,902.48,214.14,207.13,0.990167
658,1263,3483,134.31,287.03,273.56,172.19,0.970815
659,1263,16232,140.14,846.46,196.87,193.36,0.930124
660,1264,3351,393.08,862.13,188.04,190.75,0.996802
661,1264,36637,228.4,319.5,200.95,235.91,0.977458
662,1264,31863,638.37,321.17,204.7,205.57,0.963622
663,1265,31863,81.89,703.99,207.59,212.28,0.989565
664,1265,36637,506.8,663.17,207.65,249.14,0.988484
665,1265,3351,355.91,177.14,185.11,190.97,0.974209
666,1269,3351,364.22,232.72,180.12,183.03,0.987241
667,1269,13900,619.26,761.34,174.24,259.52,0.984542
668,1269,36637,217.92,769.79,210.06,238.75,0.981277
669,127,12778,136.55,151.8,293.22,533.25,0.992254
670,127,2483,640.46,110.47,206.25,476.6,0.989255
671,127,22362,621.98,768.09,252.4,432.22,0.976005
672,127,3743,136.06,854.89,282.34,289.69,0.955936
673,1270,1900,632.5,895.07,208.1,133.62,0.998609
674,1270,27926,145.74,140.92,259.66,458.96,0.987614
675,1270,16548,115.03,853.25,242.27,237.06,0.955418
676,1270,33208,640.28,273.52,296.7,285.81,0.400418
677,1272,1900,159.87,251.68,204.13,122.11,0.998457
678,1272,27926,597.81,663.45,256.42,487.67,0.986631
679,1272,16548,629.97,176.43,237.37,227.29,0.866939
680,1273,2483,103.89,678.95,227.54,488.94,0.994335
681,1273,12778,540.35,595.98,299.57,517.93,0.966857
682,1273,25438,554.34,207.18,246.89,247.56,0.921038
683,1273,12081,118.98,56.05,227.46,473.1,0.720831
684,1273,13395,118.46,57.62,229.41,472.42,0.40319
685,1274,2483,597.55,43.11,217.86,487.38,0.992113
686,1274,12778,107.87,77.71,294.84,527.45,0.984013
687,1274,25438,125.06,814.42,250.95,252.07,0.965725
688,1274,13395,587.65,714.16,235.98,495.87,0.88774
689,1274,12081,587.3,712.8,235.74,496.78,0.512006
690,1278,3832,146.92,603.48,309.91,420.76,0.983372
691,1278,38162,620.0,703.87,191.73,294.45,0.976364
692,1278,3351,418.01,258.37,183.52,179.02,0.961545
693,1279,1900,647.45,855.34,210.04,159.67,0.998263
694,1279,16551,86.41,759.62,299.98,502.64,0.809996
695,1279,21771,674.05,287.54,187.89,179.13,0.655885
696,128,22362,606.41,769.29,253.4,416.38,0.993505
697,128,2483,646.0,77.48,202.74,490.35,0.952006
698,128,12778,136.67,131.49,291.97,524.99,0.940289
699,128,3743,135.18,846.63,275.19,274.91,0.849033
700,1280,1900,122.69,261.99,198.7,147.25,0.994244
701,1280,21771,90.91,809.82,193.59,189.57,0.937854
702,1280,27926,572.64,0.0,286.52,459.36,0.775961
703,1282,2483,59.99,644.78,214.68,486.8,0.990252
704,1282,12081,92.05,93.44,222.58,469.7,0.987939
705,1282,3743,493.98,125.24,314.01,306.92,0.957877
706,1282,12778,501.78,585.29,323.78,499.82,0.916415
707,1284,2483,666.98,74.07,208.93,491.88,0.97612
708,1284,13395,630.53,676.74,227.77,496.88,0.95539
709,1284,3743,112.41,828.26,323.76,321.73,0.954687
710,1284,12778,123.03,102.83,323.26,514.88,0.92601
711,129,22362,87.47,70.29,241.1,396.27,0.996489
712,129,2483,78.3,644.64,214.76,486.48,0.986689
713,129,12778,513.95,544.68,295.12,521.9,0.946894
714,129,3743,522.72,150.51,265.21,267.63,0.605438
715,129,31863,522.45,150.58,266.82,266.01,0.45999
716,1290,1900,161.9,256.68,126.82,199.73,0.988547
717,1290,29345,591.39,535.0,271.29,445.64,0.987248
718,1290,16548,537.53,138.15,231.13,226.46,0.91124
719,1293,3483,535.98,781.36,270.08,222.33,0.986517
720,1293,20238,576.07,189.46,224.54,215.24,0.977904
721,1293,30308,116.33,87.12,305.98,444.88,0.939626
722,1294,34597,10.04,46.72,424.52,452.78,0.990939
723,1294,28763,97.88,853.04,216.2,205.06,0.982089
724,1294,3483,589.33,845.76,285.44,169.67,0.980878
725,1294,35206,679.97,154.91,204.68,403.81,0.974127
726,1295,35206,647.93,142.08,204.77,399.96,0.995706
727,1295,34597,2.7,27.17,407.9,453.32,0.993457
728,1295,3483,562.32,812.22,284.79,174.37,0.991615
729,1295,28763,64.57,811.43,218.26,207.32,0.991605
730,1296,28763,675.98,256.31,214.19,198.15,0.996505
731,1296,34597,564.95,728.37,411.05,477.32,0.994847
732,1296,35206,101.86,685.72,203.79,417.34,0.989143
733,1296,3483,134.14,287.78,273.45,172.1,0.975756
734,1297,4543,686.46,274.05,183.45,173.47,0.996157
735,1297,4543,157.26,891.04,211.9,212.07,0.989965
736,1297,16548,152.09,246.73,230.06,224.07,0.988613
737,1297,3544,642.94,918.22,215.8,215.27,0.977937
738,1298,4543,615.91,169.25,210.36,200.36,0.992943
739,1298,4543,117.67,859.59,189.0,182.83,0.986997
740,1298,16548,616.73,829.22,237.23,227.86,0.942878
741,1298,3544,140.13,143.51,209.34,201.76,0.902981
742,13,33880,474.11,243.99,441.28,275.67,0.991032
743,13,3351,431.12,854.0,186.89,189.81,0.984208
744,13,16232,142.92,329.62,194.68,192.65,0.968429
745,130,30308,506.64,765.17,465.65,314.52,0.992174
746,130,36637,128.81,828.68,195.13,256.62,0.98174
747,130,3483,171.21,278.62,260.52,214.12,0.930557
748,130,27777,638.63,292.24,174.96,198.77,0.881131
749,130,20877,637.18,292.35,176.37,199.39,0.511439
750,1300,28763,96.17,852.9,216.71,204.12,0.986347
751,1300,3483,588.66,846.13,284.09,168.93,0.980449
752,1300,29667,631.83,182.29,225.57,212.38,0.953701
753,1300,31885,72.75,123.34,467.77,467.06,0.937173
754,1302,3483,560.99,811.04,284.98,175.11,0.994216
755,1302,28763,63.43,810.82,218.57,206.61,0.992553
756,1302,29667,603.78,176.6,220.64,214.29,0.955331
757,1302,31885,56.74,96.59,458.14,469.79,0.950373
758,1305,1900,635.7,895.12,205.59,133.34,0.997858
759,1305,27926,595.28,154.54,265.06,454.86,0.972278
760,1305,16551,79.1,668.6,329.21,473.55,0.954464
761,1309,28763,582.96,870.46,221.7,212.18,0.998222
762,1309,29667,86.74,861.24,232.05,228.6,0.988603
763,1309,3483,126.37,305.36,266.44,201.23,0.975613
764,1309,27733,560.92,256.85,299.02,268.58,0.796473
765,1311,3483,579.71,757.67,274.88,208.84,0.996647
766,1311,28763,176.07,187.3,210.56,200.45,0.990354
767,1311,29667,638.44,177.02,221.94,214.39,0.961555
768,1311,27733,93.0,733.87,318.67,278.36,0.892692
769,1312,12778,70.98,50.41,328.69,491.32,0.996166
770,1312,2483,612.17,54.02,252.8,470.19,0.975154
771,1312,31863,106.61,802.12,275.89,277.52,0.858061
772,1312,3743,106.58,801.49,276.46,278.69,0.802703
773,1312,13395,594.45,685.17,237.48,485.63,0.615981
774,1315,16688,148.69,90.14,278.24,602.69,0.994508
775,1315,3351,425.14,876.5,186.92,195.34,0.98766
776,1315,19232,543.2,207.56,293.68,289.34,0.983855
777,1316,3351,326.41,161.12,183.76,188.29,0.992477
778,1316,16688,516.91,482.41,295.63,659.04,0.99228
779,1316,19232,81.2,694.87,306.33,305.34,0.961592
780,1316,16688,606.24,1140.71,369.76,139.15,0.470052
781,132,30308,29.72,177.84,461.7,311.15,0.996105
782,132,36637,664.8,181.49,187.04,246.64,0.985157
783,132,3483,564.13,813.16,267.02,218.95,0.981755
784,132,20877,177.84,812.2,178.27,205.06,0.780366
785,132,27777,178.29,812.03,178.12,206.22,0.704266
786,1322,2483,79.08,678.36,237.36,481.53,0.986725
787,1322,12081,143.1,106.9,205.82,436.23,0.927891
788,1322,3743,552.21,193.6,268.14,268.66,0.824588
789,1322,12778,480.45,598.44,343.24,493.58,0.777022
790,1323,2483,605.6,55.49,232.3,479.49,0.994307
791,1323,31863,103.46,801.93,274.78,272.5,0.923116
792,1323,13395,588.08,700.65,217.76,451.14,0.893515
793,1323,12081,587.58,700.61,217.21,450.16,0.59383
794,1326,20238,600.24,838.55,227.55,223.76,0.992727
795,1326,18357,159.99,671.99,267.87,349.36,0.989485
796,1326,3351,369.88,247.74,182.97,180.42,0.982487
797,1327,1900,642.33,848.1,189.38,184.01,0.990148
798,1327,16548,167.4,813.86,240.79,238.27,0.960651
799,1327,29451,506.87,242.16,411.83,219.28,0.920337
800,1328,1900,166.31,248.35,184.57,178.32,0.991199
801,1328,29451,70.34,843.62,420.16,215.58,0.982548
802,1328,16548,582.33,216.34,236.19,228.23,0.96918
803,1329,1900,147.04,241.75,182.21,179.58,0.994266
804,1329,16548,552.8,207.5,230.87,225.88,0.968489
805,1329,29451,34.15,802.4,423.84,222.33,0.966903
806,1330,34597,92.76,162.01,445.08,426.39,0.997524
807,1330,3483,601.33,846.34,279.6,185.91,0.990066
808,1330,25469,91.06,831.31,340.08,300.89,0.989311
809,1330,35206,608.32,119.14,234.17,398.79,0.978033
810,1331,25469,51.2,789.35,348.05,299.86,0.995449
811,1331,35206,581.94,111.17,224.83,392.59,0.994125
812,1331,34597,74.94,133.18,431.49,427.54,0.991991
813,1331,3483,575.84,811.12,279.67,191.8,0.982805
814,1332,34597,458.05,649.79,452.99,443.69,0.994567
815,1332,25469,574.52,189.38,327.19,284.58,0.991444
816,1332,3483,125.8,273.89,271.15,187.14,0.991434
817,1332,35206,134.09,728.34,249.01,410.51,0.989885
818,1333,20014,580.32,282.52,336.32,319.06,0.997247
819,1333,36637,156.76,285.18,193.53,243.42,0.979155
820,1333,3351,400.81,922.22,190.5,193.66,0.979052
821,1337,1900,165.21,248.24,186.61,177.0,0.991978
822,1337,29451,494.78,823.18,400.13,262.37,0.987741
823,1337,16548,577.55,188.2,236.65,226.27,0.978094
824,134,31885,42.44,6.45,355.39,517.4,0.998904
825,134,35206,647.56,141.53,204.49,400.56,0.996082
826,134,3483,562.23,811.69,285.29,174.82,0.992655
827,134,28763,64.39,811.28,217.51,207.06,0.988508
828,1340,1900,641.04,858.34,210.8,160.72,0.995004
829,1340,24850,577.96,286.12,291.71,168.32,0.986181
830,1340,16548,187.7,824.29,239.02,237.56,0.960141
831,1345,31885,163.05,129.4,435.14,495.22,0.994657
832,1345,25469,86.9,831.84,340.99,298.78,0.988714
833,1345,3483,600.58,846.52,279.91,187.25,0.988665
834,1345,29667,617.71,172.94,225.13,215.36,0.948338
835,1347,25469,573.92,190.59,330.53,283.46,0.992596
836,1347,31885,412.95,610.08,428.17,520.23,0.990576
837,1347,3483,127.14,273.66,271.24,186.92,0.989921
838,1347,29667,138.39,870.41,230.55,226.65,0.763811
839,1348,3351,362.79,879.03,188.82,191.33,0.986331
840,1348,31863,187.22,266.49,202.47,202.78,0.983788
841,1348,22074,673.97,309.74,184.6,188.92,0.982929
842,135,31885,55.81,25.76,366.75,520.72,0.998333
843,135,28763,96.81,854.4,217.37,203.98,0.979916
844,135,3483,589.26,846.08,287.0,169.25,0.979632
845,135,35206,680.09,154.51,204.76,403.74,0.958682
846,1350,22074,106.26,813.32,184.3,189.02,0.992938
847,1350,3351,426.19,220.76,183.93,181.92,0.991512
848,1350,31863,587.14,858.24,206.64,205.2,0.977835
849,1353,34597,513.9,676.73,436.38,461.7,0.986971
850,1353,16232,152.87,827.94,191.65,193.46,0.986482
851,1353,3483,169.1,279.31,262.11,214.06,0.923169
852,1353,27777,638.28,291.94,174.22,198.45,0.89789
853,1353,20877,636.72,291.98,175.78,199.22,0.592158
854,1354,20877,544.96,293.65,326.95,235.36,0.988646
855,1354,3483,140.69,293.37,212.44,257.09,0.985447
856,1354,36637,164.61,799.11,192.87,257.78,0.983223
857,1354,30308,578.51,734.46,331.98,470.55,0.980411
858,1355,30308,83.23,46.96,318.28,439.3,0.994816
859,1355,20877,83.77,725.47,333.7,240.09,0.9922
860,1355,3483,625.87,718.57,210.33,268.38,0.983916
861,1355,36637,603.32,203.09,180.11,245.28,0.952587
862,1357,27926,162.44,673.05,226.6,364.09,0.998456
863,1357,4543,626.68,816.75,190.41,182.76,0.987033
864,1357,16548,577.4,167.15,231.58,226.63,0.965523
865,1357,3544,94.46,227.15,202.48,200.76,0.859246
866,1358,4543,653.86,847.46,187.02,181.21,0.994447
867,1358,27926,194.45,718.19,225.08,358.29,0.993747
868,1358,16548,605.47,176.09,237.5,225.92,0.941024
869,1358,3544,112.15,238.65,207.8,201.83,0.911178
870,1359,4543,162.34,279.44,184.08,178.47,0.994739
871,1359,27926,579.21,229.13,218.61,337.43,0.988777
872,1359,16548,137.68,854.52,243.53,237.81,0.970575
873,1359,3544,672.8,827.35,214.38,210.64,0.952717
874,136,1900,655.17,852.39,204.85,161.62,0.996441
875,136,16551,80.98,651.29,312.16,491.29,0.983706
876,136,34597,568.9,211.3,318.29,290.93,0.635967
877,136,28763,132.19,241.53,245.51,234.75,0.510782
878,1361,3351,358.27,149.76,182.2,185.74,0.986805
879,1361,29667,626.68,691.94,231.43,228.57,0.981114
880,1361,19232,167.58,648.52,241.34,358.03,0.97909
881,1361,16688,599.24,1159.57,376.76,120.36,0.503089
882,1363,33880,449.59,242.03,434.52,290.88,0.992434
883,1363,16262,118.46,291.4,243.65,236.59,0.975967
884,1363,3351,433.38,886.29,188.13,192.43,0.965941
885,1366,22347,663.2,839.11,212.45,204.86,0.994971
886,1366,28763,679.14,256.23,212.15,198.64,0.991479
887,1366,3483,133.8,287.39,275.81,172.15,0.976917
888,1366,29667,122.86,862.13,232.62,227.52,0.972997
889,1367,22347,106.24,225.38,204.26,194.11,0.993498
890,1367,3483,561.44,811.22,284.52,175.45,0.992824
891,1367,28763,63.21,811.12,216.79,207.31,0.987596
892,1367,29667,602.77,175.6,222.53,215.34,0.969518
893,1369,22347,120.89,215.59,208.7,194.99,0.996246
894,1369,3483,600.96,868.55,258.14,231.05,0.983673
895,1369,16262,639.33,178.24,244.39,230.65,0.974339
896,1369,19861,128.57,864.96,219.79,168.33,0.957938
897,1371,22347,101.57,205.99,206.61,193.9,0.99589
898,1371,19861,91.76,826.73,227.41,174.67,0.990723
899,1371,3483,573.1,837.21,261.93,231.92,0.988003
900,1371,16262,611.47,171.79,238.42,229.26,0.943358
901,1372,12778,84.29,90.17,320.57,492.71,0.995939
902,1372,2483,595.64,119.11,282.59,438.24,0.988974
903,1372,3743,74.91,814.12,326.18,327.73,0.945309
904,1372,13395,610.32,699.13,237.62,501.16,0.931329
905,1372,12081,611.05,698.48,236.23,502.67,0.403508
906,1376,33009,584.42,240.59,359.71,238.72,0.991058
907,1376,1900,643.04,860.26,204.05,169.48,0.990735
908,1376,33208,153.31,296.57,205.28,196.77,0.989913
909,1376,16551,86.9,693.81,295.74,503.62,0.756262
910,1376,27926,89.44,695.45,291.24,501.64,0.512969
911,1377,33009,44.49,824.21,364.53,231.37,0.994354
912,1377,33208,641.62,806.6,213.34,199.56,0.993747
913,1377,1900,147.64,256.98,203.1,155.95,0.989435
914,1377,27926,608.94,50.06,291.06,487.88,0.789778
915,1378,19861,641.62,279.33,218.56,169.02,0.987024
916,1378,22347,623.86,869.58,213.17,207.87,0.978037
917,1378,3483,148.4,219.88,248.01,218.55,0.967981
918,1378,35206,105.2,772.99,303.8,393.65,0.959492
919,1379,22347,160.5,201.74,210.96,198.05,0.997329
920,1379,3483,601.05,868.41,258.55,231.58,0.983053
921,1379,19861,128.53,864.11,220.47,169.33,0.959389
922,1379,27733,585.86,92.73,284.03,380.38,0.685274
923,1379,35206,586.73,94.33,286.23,379.3,0.546992
924,1381,32310,36.92,236.09,362.09,233.58,0.99733
925,1381,3351,406.92,844.57,192.18,190.75,0.953201
926,1381,21325,632.88,277.32,237.59,139.85,0.82518
927,1384,25367,55.96,96.81,415.85,450.13,0.982254
928,1384,3483,565.28,815.11,265.09,219.23,0.9807
929,1384,20238,604.36,194.82,230.03,216.62,0.980549
930,1384,27777,177.13,813.11,178.9,206.12,0.744266
931,1384,20877,176.75,813.17,178.88,205.16,0.637845
932,1385,25367,41.18,81.82,401.32,445.69,0.990451
933,1385,3483,535.23,781.02,270.45,222.9,0.982154
934,1385,20238,576.35,189.99,223.63,214.61,0.977557
935,1386,25367,536.0,704.14,420.68,464.31,0.995238
936,1386,20238,152.1,851.72,231.86,224.11,0.988893
937,1386,3483,170.87,276.22,260.86,214.86,0.941159
938,1386,27777,639.69,291.31,174.66,198.59,0.909831
939,1386,20877,638.26,291.23,176.15,199.51,0.61789
940,1387,20238,602.39,181.7,229.44,215.43,0.997227
941,1387,3483,640.23,759.87,203.93,275.5,0.986632
942,1387,22347,113.7,241.73,207.8,196.61,0.981364
943,1387,20877,138.72,833.13,272.59,311.11,0.80711
944,1387,27733,138.92,833.62,273.81,311.75,0.501632
945,139,31885,15.61,43.06,389.57,505.37,0.999114
946,139,35206,583.28,111.0,224.04,392.68,0.996308
947,139,25469,50.16,790.21,348.86,299.15,0.993316
948,139,3483,573.78,811.68,280.71,191.92,0.983923
949,1390,22362,605.42,736.6,264.46,427.15,0.99718
950,1390,2483,594.67,109.04,211.2,477.1,0.992733
951,1390,25438,157.43,871.37,258.18,267.85,0.871156
952,1390,19552,113.47,149.47,362.19,466.47,0.57782
953,1392,22362,598.88,737.3,255.19,414.77,0.999172
954,1392,2483,599.93,78.22,220.86,483.64,0.995453
955,1392,25438,155.61,861.75,253.37,254.41,0.970773
956,1392,19552,113.62,132.98,362.92,451.51,0.500216
957,1393,22347,682.5,870.56,213.49,207.79,0.984625
958,1393,16262,138.1,835.57,247.0,243.63,0.977672
959,1393,3483,171.26,276.57,260.95,214.27,0.951025
960,1393,27777,639.83,291.27,175.12,198.31,0.860451
961,1393,20877,638.23,291.28,176.74,199.1,0.529025
962,1395,22347,88.27,193.87,203.54,193.9,0.9917
963,1395,3483,534.79,779.99,271.58,224.41,0.986009
964,1395,16262,575.97,187.23,241.01,229.26,0.932441
965,1396,2483,79.94,660.45,224.5,486.71,0.985902
966,1396,12081,88.42,92.57,222.04,470.47,0.966416
967,1396,19552,508.78,591.76,332.16,488.12,0.927785
968,1396,3743,523.71,162.33,266.98,268.51,0.661379
969,1396,31863,523.7,161.53,267.8,269.43,0.435309
970,140,31885,21.48,70.06,414.46,505.99,0.992944
971,140,35206,612.47,119.51,232.11,398.94,0.992709
972,140,25469,89.88,831.39,337.3,300.52,0.98937
973,140,3483,600.77,847.44,280.26,187.16,0.988005
974,1401,25469,575.04,190.22,329.76,283.97,0.994366
975,1401,3483,126.85,273.35,270.89,185.67,0.990176
976,1401,22347,649.13,853.56,213.79,206.45,0.987231
977,1401,29667,136.43,870.03,231.08,227.99,0.955325
978,1402,33880,457.07,197.01,393.26,363.9,0.993672
979,1402,3351,426.03,883.74,188.33,192.52,0.959108
980,1402,20238,84.16,333.04,228.12,223.75,0.953762
981,1404,33880,117.71,739.78,394.22,378.08,0.978021
982,1404,3351,366.13,214.94,183.01,182.06,0.973913
983,1404,20238,667.87,762.73,228.32,222.65,0.956301
984,1407,33880,103.62,680.79,310.59,434.82,0.986872
985,1407,38162,602.53,793.64,247.23,253.73,0.986738
986,1407,3351,380.83,230.04,182.01,182.0,0.878898
987,1408,1900,190.33,273.27,199.65,137.81,0.990242
988,1408,33208,658.35,897.95,217.9,211.29,0.988504
989,1408,16548,72.08,806.07,242.69,238.5,0.979756
990,1408,3544,684.65,275.75,176.35,170.8,0.805583
991,1411,36637,642.79,209.43,188.98,246.48,0.989836
992,1411,30308,69.48,129.5,388.18,417.79,0.988727
993,1411,3483,590.66,845.89,286.59,168.79,0.982244
994,1411,28763,98.35,854.5,216.48,204.59,0.978328
995,1413,28763,676.21,256.46,212.97,198.02,0.996437
996,1413,3483,132.6,288.04,274.64,171.6,0.979972
997,1413,36637,149.06,802.55,198.33,255.86,0.978611
998,1413,30308,547.22,705.59,390.99,428.69,0.974464
999,1414,3544,110.06,192.37,205.14,201.02,0.967481
1000,1414,27926,549.75,599.06,284.26,483.79,0.924088
1001,1414,16548,55.79,774.32,239.66,233.52,0.702105
1002,1414,3544,599.31,190.84,218.27,213.83,0.472814
1003,1418,1900,126.22,256.81,197.6,150.44,0.998121
1004,1418,27926,559.06,87.61,240.14,396.69,0.934072
1005,1418,16551,105.72,646.39,299.17,494.27,0.884175
1006,142,3544,93.13,831.33,180.02,178.02,0.970469
1007,142,16548,591.69,155.86,233.06,225.88,0.954251
1008,142,1900,587.11,869.41,208.55,143.57,0.934256
1009,142,28763,78.98,176.37,250.04,225.4,0.846472
1010,1420,16688,537.19,70.88,276.71,597.88,0.993959
1011,1420,41768,98.54,240.31,293.0,262.48,0.985037
1012,1420,3351,410.04,874.3,190.16,192.18,0.98405
1013,1421,41768,551.12,722.39,303.26,277.07,0.990215
1014,1421,3351,336.72,165.55,185.91,188.99,0.989078
1015,1421,16688,111.06,512.01,282.99,650.58,0.980931
1016,1424,31885,98.0,75.92,363.62,517.42,0.998613
1017,1424,3483,535.24,778.81,270.6,221.91,0.988135
1018,1424,35206,585.61,129.53,217.32,395.36,0.984047
1019,1425,31885,110.17,93.75,373.47,524.8,0.997943
1020,1425,3483,564.76,814.03,266.74,217.8,0.978552
1021,1425,35206,613.53,141.75,227.34,400.86,0.964149
1022,1425,20877,177.34,813.35,177.2,203.57,0.80337
1023,1425,27777,177.57,813.39,177.15,204.61,0.658077
1024,1429,29345,607.4,704.87,279.42,442.96,0.978558
1025,1429,16548,125.4,830.25,238.66,229.44,0.9531
1026,1429,3544,120.02,249.91,209.2,203.02,0.767087
1027,1429,16548,677.75,215.96,224.61,214.04,0.458144
1028,143,1900,613.96,903.15,204.24,136.77,0.981167
1029,143,16548,620.32,162.28,239.63,225.74,0.968505
1030,143,3544,127.09,866.63,176.98,174.58,0.958249
1031,143,28763,93.13,182.87,256.9,228.53,0.448033
1032,1431,29345,579.74,668.09,283.23,449.02,0.985409
1033,1431,3544,103.56,239.51,205.88,202.84,0.963181
1034,1431,16548,90.88,790.16,239.78,234.66,0.940064
1035,1433,38162,607.25,753.52,294.53,207.89,0.992065
1036,1433,32310,0.0,663.54,303.01,331.1,0.986186
1037,1433,3351,368.61,172.72,179.59,184.74,0.962074
1038,1435,3351,399.16,854.04,187.44,191.28,0.99287
1039,1435,20238,587.95,306.81,227.0,218.8,0.990217
1040,1435,13900,169.2,339.46,172.22,254.52,0.985497
1041,1436,20238,110.68,698.81,229.63,230.41,0.995236
1042,1436,13900,600.14,624.87,177.16,266.76,0.976413
1043,1436,3351,350.46,185.64,184.09,187.5,0.943375
1044,1436,16688,608.04,1162.95,367.96,116.92,0.632548
1045,1438,27926,577.82,230.85,219.25,336.73,0.991831
1046,1438,3544,697.59,857.4,214.48,211.57,0.975932
1047,1438,16548,206.03,840.14,243.56,238.08,0.935741
1048,1438,16262,174.64,303.45,205.59,127.32,0.799114
1049,1439,27926,165.14,672.33,225.23,365.19,0.998653
1050,1439,16548,512.64,180.02,233.57,224.91,0.945062
1051,1439,16262,591.4,848.88,214.27,128.23,0.842003
1052,1439,3544,71.72,198.64,203.57,201.0,0.596826
1053,1441,3483,579.49,758.45,274.4,209.44,0.995432
1054,1441,22347,119.57,174.29,202.58,193.64,0.973239
1055,1441,27733,92.52,734.36,318.7,278.15,0.879768
1056,1441,20877,590.53,203.21,259.39,169.84,0.471388
1057,1442,3483,606.58,793.21,275.35,207.92,0.988521
1058,1442,22347,134.05,178.32,209.33,197.41,0.96682
1059,1442,27733,130.66,777.85,311.5,274.72,0.949937
1060,1442,20877,619.03,206.2,265.67,173.05,0.803931
1061,1444,2483,80.02,697.44,227.72,477.61,0.997015
1062,1444,12778,515.2,624.33,304.63,512.08,0.993979
1063,1444,3743,483.1,146.92,310.94,309.05,0.970501
1064,1444,13395,138.91,112.96,214.66,426.73,0.732481
1065,1446,2483,624.72,28.5,206.44,489.58,0.992297
1066,1446,3743,128.28,801.03,322.87,322.4,0.9848
1067,1446,12778,113.95,63.58,304.52,511.89,0.977275
1068,1446,13395,585.45,703.12,223.78,447.72,0.960541
1069,1447,29451,462.94,766.73,419.98,246.04,0.996588
1070,1447,3544,103.16,179.06,203.66,200.3,0.941099
1071,1447,16548,44.01,791.41,243.72,233.88,0.845521
1072,1449,29451,494.79,805.47,409.95,235.58,0.998002
1073,1449,16548,80.09,832.65,240.62,227.56,0.90665
1074,1449,3544,117.4,183.73,209.8,202.31,0.604723
1075,1449,16548,656.32,197.92,224.57,215.03,0.538229
1076,1450,12778,114.12,58.23,290.79,526.01,0.994942
1077,1450,2483,596.02,40.55,220.22,489.55,0.989146
1078,1450,25438,124.74,814.38,251.23,251.36,0.95864
1079,1450,13395,588.27,713.58,235.01,495.35,0.844719
1080,1450,12081,587.66,712.32,235.06,496.31,0.620833
1081,1452,12778,113.11,85.12,288.43,535.35,0.996099
1082,1452,2483,592.4,82.08,208.28,468.01,0.954804
1083,1452,12081,601.86,711.34,233.59,514.03,0.892582
1084,1452,25438,126.52,826.81,255.19,261.18,0.813573
1085,1452,13395,601.51,711.81,234.27,513.19,0.659713
1086,1453,18357,49.74,312.28,275.38,330.01,0.997103
1087,1453,16688,478.16,126.03,422.0,520.61,0.995784
1088,1453,3351,458.46,906.93,189.12,192.26,0.981851
1089,1455,18357,651.03,650.39,278.93,341.72,0.992661
1090,1455,3351,334.47,193.07,182.39,180.72,0.978066
1091,1455,16688,74.47,618.49,446.83,593.4,0.976854
1092,1458,12778,75.26,159.91,307.88,509.99,0.972981
1093,1458,2483,607.92,70.37,243.28,469.34,0.96576
1094,1458,25438,110.81,831.28,252.6,252.72,0.929456
1095,1458,13395,640.44,708.43,221.2,450.72,0.911878
1096,1459,2483,623.06,71.27,225.52,462.88,0.991755
1097,1459,12081,650.29,695.25,244.25,461.18,0.99159
1098,1459,12778,72.83,171.78,316.66,489.18,0.991366
1099,1459,3743,105.84,812.08,281.67,284.96,0.868812
1100,146,16232,152.68,827.55,191.46,194.16,0.9842
1101,146,3483,168.84,278.71,262.0,214.33,0.941062
1102,146,27777,638.1,292.01,175.18,198.57,0.88297
1103,146,31885,550.13,669.88,412.72,532.19,0.598366
1104,146,20877,636.76,292.05,176.41,199.36,0.489079
1105,1460,12081,73.15,128.03,225.4,430.04,0.996251
1106,1460,2483,51.18,706.03,254.91,468.84,0.994461
1107,1460,12778,536.61,572.86,325.93,481.73,0.994269
1108,1460,31863,549.87,190.83,269.65,270.98,0.881467
1109,1460,3743,549.74,191.2,269.97,270.58,0.459947
1110,1461,12081,642.24,691.22,235.81,447.15,0.993703
1111,1461,12778,75.4,145.93,314.87,485.0,0.990609
1112,1461,2483,631.55,33.92,235.83,478.85,0.960644
1113,1461,3743,105.96,800.39,275.18,274.05,0.822858
1114,1462,28763,675.28,256.57,214.16,198.68,0.994893
1115,1462,25367,527.15,678.14,420.81,465.44,0.992654
1116,1462,3483,132.74,287.61,274.8,172.42,0.975655
1117,1462,20238,132.9,868.62,231.78,226.42,0.905247
1118,1463,20238,623.41,176.65,226.59,216.48,0.990018
1119,1463,3483,590.19,845.75,285.36,170.31,0.981991
1120,1463,25367,61.08,128.44,420.54,446.76,0.981309
1121,1463,28763,98.09,853.7,217.7,205.17,0.966702
1122,1464,28763,65.17,811.9,216.42,206.77,0.99291
1123,1464,3483,562.79,811.32,285.39,175.93,0.990612
1124,1464,25367,46.76,105.34,407.18,447.59,0.989169
1125,1464,20238,594.22,173.31,222.21,213.55,0.942802
1126,1466,22347,104.78,178.25,204.15,195.49,0.99463
1127,1466,3483,561.96,811.07,284.51,175.26,0.992133
1128,1466,28763,65.05,811.53,218.38,206.97,0.988697
1129,1466,16262,593.71,177.24,240.61,229.06,0.937307
1130,1473,3544,127.55,866.69,177.11,174.53,0.94718
1131,1473,1900,617.39,860.65,200.12,158.29,0.926817
1132,1473,19607,152.97,217.35,157.84,154.29,0.877309
1133,1473,27926,574.02,88.44,293.73,483.9,0.579612
1134,1474,34597,67.26,97.45,440.3,434.01,0.997919
1135,1474,3483,607.9,791.74,274.71,206.75,0.984453
1136,1474,27733,125.37,769.99,313.15,273.62,0.932297
1137,1474,20877,617.26,206.41,266.81,170.32,0.599984
1138,1476,3483,581.22,756.38,273.88,209.71,0.993278
1139,1476,34597,53.42,74.51,434.34,433.35,0.991077
1140,1476,27733,89.65,726.0,318.88,282.27,0.921334
1141,1476,20877,588.73,201.27,260.27,172.06,0.896683
1142,1477,36637,88.55,232.34,235.56,209.84,0.983951
1143,1477,3351,652.13,288.83,182.31,182.67,0.969458
1144,1477,18357,359.22,680.61,249.9,370.19,0.937579
1145,148,3351,402.78,851.08,188.17,189.5,0.987649
1146,148,20238,120.45,297.98,228.9,221.9,0.981845
1147,148,19232,501.27,235.95,326.71,257.32,0.973825
1148,1480,3544,640.33,875.87,216.7,212.27,0.971321
1149,1480,27926,588.22,239.44,216.94,337.77,0.96093
1150,1480,16548,173.12,833.68,240.39,237.72,0.948445
1151,1480,16262,157.17,260.32,223.25,214.99,0.564817
1152,1483,19861,641.41,278.95,219.12,169.64,0.98788
1153,1483,28763,630.2,895.82,221.72,216.73,0.980124
1154,1483,3483,147.5,220.47,249.07,217.88,0.969777
1155,1483,35206,103.81,773.08,304.1,393.27,0.933877
1156,1485,28763,146.34,167.81,214.71,202.6,0.994839
1157,1485,3483,601.04,869.54,256.55,230.15,0.980865
1158,1485,19861,128.73,864.44,220.13,169.11,0.953081
1159,1485,27733,585.96,94.11,284.37,379.12,0.793775
1160,1485,35206,587.16,95.58,285.95,378.47,0.554254
1161,1488,31863,627.81,830.39,204.89,207.84,0.990918
1162,1488,3351,393.61,206.9,181.39,182.72,0.980205
1163,1488,21325,210.21,826.33,202.78,199.9,0.961142
1164,1489,20238,184.06,281.0,227.15,218.23,0.995196
1165,1489,20014,533.13,286.69,343.17,320.02,0.993522
1166,1489,3351,402.58,849.57,188.41,192.1,0.978171
1167,149,20238,593.83,710.12,231.32,229.25,0.990365
1168,149,19232,94.98,697.77,337.48,267.93,0.981794
1169,149,3351,346.81,188.96,184.75,189.35,0.965707
1170,1492,21325,184.15,277.1,160.77,229.99,0.980222
1171,1492,18147,525.86,295.58,340.15,355.74,0.965393
1172,1492,3351,378.99,903.48,190.28,193.32,0.965283
1173,1493,18147,61.86,543.33,345.56,378.63,0.993506
1174,1493,21325,598.63,721.24,159.63,239.82,0.987638
1175,1493,3351,367.45,135.88,184.59,191.71,0.98033
1176,1497,19861,84.21,826.19,229.89,175.78,0.992476
1177,1497,29667,609.23,197.64,222.6,215.87,0.990849
1178,1497,3483,565.62,841.15,260.23,232.71,0.968625
1179,1497,30308,67.02,64.97,305.7,491.49,0.930878
1180,15,33880,49.43,783.37,447.17,276.95,0.989117
1181,15,16232,641.56,796.26,197.2,190.23,0.961661
1182,15,3351,360.93,248.4,183.21,182.62,0.957149
1183,150,20238,632.3,801.29,228.47,223.44,0.992798
1184,150,19232,138.52,800.57,332.04,265.56,0.985356
1185,150,3351,389.53,250.93,183.12,184.18,0.965436
1186,1500,41768,574.02,859.9,346.28,178.46,0.989881
1187,1500,38162,195.65,733.05,187.72,297.57,0.986733
1188,1500,3351,352.1,237.44,183.76,181.5,0.934995
1189,151,33208,183.63,266.75,205.5,198.21,0.988287
1190,151,1900,642.78,848.35,189.5,184.08,0.977325
1191,151,29451,505.13,242.44,412.94,218.82,0.963979
1192,151,16548,98.01,818.21,238.67,238.16,0.960352
1193,152,1900,146.55,241.3,182.3,180.53,0.995595
1194,152,33208,582.68,810.36,214.57,205.34,0.990309
1195,152,16548,618.57,203.45,230.17,225.84,0.961213
1196,152,29451,35.58,802.53,423.64,223.07,0.959236
1197,153,1900,166.31,248.39,185.06,178.89,0.993474
1198,153,33208,609.8,842.21,213.67,201.92,0.991005
1199,153,16548,648.5,212.16,236.16,227.05,0.988456
1200,153,29451,70.63,843.05,420.33,216.42,0.983007
1201,154,12778,87.65,126.54,326.84,505.96,0.992609
1202,154,2483,612.67,55.25,251.33,469.39,0.973994
1203,154,3743,106.47,800.63,277.29,279.55,0.924372
1204,154,13395,593.55,685.28,236.67,485.99,0.655084
1205,154,31863,106.46,800.8,276.21,279.19,0.605932
1206,155,2483,70.96,692.81,253.08,471.37,0.982438
1207,155,12778,532.86,576.72,321.18,495.02,0.950488
1208,155,3743,546.85,187.54,270.05,269.55,0.843724
1209,155,13395,122.23,91.14,223.51,461.87,0.642397
1210,155,31863,547.14,186.55,269.88,270.14,0.494479
1211,156,12778,89.2,164.74,325.48,497.94,0.991748
1212,156,2483,603.19,94.28,252.59,449.92,0.982486
1213,156,3743,107.94,812.47,282.28,289.33,0.877929
1214,156,13395,599.41,685.87,251.41,498.08,0.744446
1215,156,31863,107.66,813.4,281.58,288.05,0.659057
1216,157,25367,109.77,84.38,393.54,457.26,0.990303
1217,157,3483,535.05,781.09,270.62,222.76,0.986013
1218,157,16262,573.22,187.02,243.29,230.14,0.912709
1219,159,3483,564.25,815.45,267.01,219.31,0.981072
1220,159,25367,125.35,99.69,404.89,462.51,0.978575
1221,159,16262,602.08,194.01,248.3,230.49,0.953236
1222,159,20877,176.71,813.08,177.96,205.37,0.780115
1223,159,27777,177.01,813.05,177.97,206.36,0.709196
1224,160,4543,142.38,915.79,214.03,212.47,0.99193
1225,160,3544,626.43,887.6,213.63,211.42,0.976668
1226,160,35206,571.29,264.67,290.08,467.32,0.73148
1227,160,28763,210.96,319.97,136.16,131.79,0.462576
1228,160,20238,212.16,319.85,134.65,131.89,0.440966
1229,162,4543,626.44,144.41,209.88,201.76,0.998218
1230,162,3544,158.38,177.06,205.61,201.88,0.950873
1231,162,20238,654.27,857.31,137.75,129.21,0.865599
1232,162,16551,129.6,536.3,297.04,476.67,0.832272
1233,163,28763,127.7,174.34,214.61,201.15,0.989189
1234,163,3483,565.82,812.94,267.55,218.0,0.979262
1235,163,16232,644.26,250.38,186.98,181.03,0.959113
1236,163,20877,178.21,812.8,178.97,205.11,0.737848
1237,163,27777,178.64,812.77,179.06,205.9,0.730415
1238,164,28763,653.85,889.59,220.03,215.52,0.995353
1239,164,16232,152.3,827.79,191.71,193.27,0.979471
1240,164,3483,169.07,278.99,262.05,213.51,0.957067
1241,164,27777,636.79,291.54,176.53,198.88,0.893974
1242,164,20877,635.12,291.54,178.04,199.74,0.554535
1243,165,3483,536.47,777.66,269.69,222.91,0.984999
1244,165,28763,109.9,168.84,208.9,197.22,0.984897
1245,165,16232,615.42,238.87,184.35,181.44,0.972554
1246,17,35206,116.73,584.24,303.04,387.22,0.993231
1247,17,3351,298.26,165.63,182.77,188.2,0.980011
1248,17,41768,561.83,646.08,272.76,298.61,0.978607
1249,170,12081,650.77,694.41,243.7,459.48,0.993146
1250,170,2483,617.84,74.41,233.83,460.06,0.989673
1251,170,3743,106.04,812.56,281.7,285.24,0.841082
1252,170,12778,125.63,161.71,292.97,512.99,0.762124
1253,172,28763,96.7,852.96,216.46,203.69,0.987731
1254,172,3483,588.29,846.06,283.91,170.34,0.984424
1255,172,29667,631.68,182.26,226.17,212.33,0.963616
1256,172,25367,123.34,69.5,335.13,494.35,0.698547
1257,173,3483,561.62,811.11,285.24,175.8,0.992284
1258,173,28763,63.04,810.66,217.39,207.68,0.991523
1259,173,29667,603.12,176.31,222.0,214.43,0.976116
1260,173,25367,105.22,60.56,321.71,481.33,0.674881
1261,174,28763,678.88,256.71,212.81,197.76,0.99395
1262,174,3483,134.08,287.74,275.18,172.06,0.971125
1263,174,29667,123.94,863.02,230.17,227.34,0.912383
1264,175,3483,594.0,874.23,257.0,229.19,0.987244
1265,175,30308,125.38,96.49,279.8,471.65,0.97068
1266,175,29667,638.2,204.7,226.24,213.82,0.963573
1267,175,19861,120.51,863.72,221.48,169.67,0.96141
1268,176,30308,592.95,677.34,284.63,482.69,0.987888
1269,176,19861,647.05,279.47,219.61,169.63,0.986818
1270,176,3483,156.47,215.99,247.51,219.16,0.979284
1271,176,29667,116.51,839.67,231.51,226.47,0.974325
1272,179,20238,151.89,851.6,231.41,224.57,0.995061
1273,179,22347,645.09,833.31,210.99,207.74,0.982517
1274,179,3483,170.9,276.18,260.7,214.74,0.956602
1275,179,27777,639.67,291.07,174.65,198.26,0.892948
1276,179,20877,638.27,291.05,176.13,199.12,0.484277
1277,180,22347,124.71,227.01,202.9,195.49,0.988233
1278,180,3483,535.76,781.53,269.62,222.42,0.985069
1279,180,20238,576.84,189.08,224.2,214.75,0.975949
1280,183,3544,640.46,875.81,216.74,212.64,0.984912
1281,183,27926,587.73,239.03,218.03,338.68,0.978965
1282,183,27733,18.51,697.78,403.77,419.79,0.945151
1283,183,16262,157.14,260.3,223.69,215.43,0.684937
1284,183,16551,21.25,698.39,401.01,419.47,0.642634
1285,185,4543,599.99,143.86,199.15,199.11,0.998772
1286,185,16548,133.37,737.77,237.86,234.05,0.9756
1287,185,20238,628.38,824.97,141.01,133.94,0.823824
1288,185,3544,140.9,171.67,203.42,198.12,0.747875
1289,185,28763,628.41,823.56,142.57,135.33,0.729448
1290,186,4543,626.39,144.09,210.18,202.33,0.998624
1291,186,3544,158.12,178.02,206.37,202.22,0.972321
1292,186,16548,167.49,781.1,233.21,228.18,0.9547
1293,189,12778,85.66,122.64,297.18,532.29,0.995206
1294,189,22362,621.34,765.44,252.6,435.49,0.993702
1295,189,2483,640.26,113.8,207.27,474.74,0.991502
1296,189,3743,135.81,855.47,282.56,288.48,0.939876
1297,19,28763,100.55,168.59,215.34,204.42,0.985889
1298,19,3483,609.15,789.71,275.48,209.04,0.98473
1299,19,27733,126.39,769.42,313.33,274.79,0.819735
1300,19,20877,618.07,205.86,266.6,169.93,0.783801
1301,191,4543,638.64,153.46,202.41,198.46,0.997021
1302,191,3544,122.82,180.9,202.47,199.28,0.950437
1303,191,16551,584.05,570.51,287.67,476.63,0.72278
1304,191,3544,91.97,788.19,226.65,220.04,0.647077
1305,196,22362,88.44,114.25,248.5,395.52,0.999241
1306,196,12778,529.17,514.85,298.52,517.82,0.997524
1307,196,2483,80.8,664.86,219.63,487.3,0.985597
1308,196,3743,489.43,127.64,311.42,304.08,0.946068
1309,197,12778,115.88,157.93,292.81,532.34,0.998145
1310,197,22362,601.32,720.93,262.26,417.34,0.994361
1311,197,2483,629.94,57.32,207.49,488.26,0.987913
1312,197,3743,120.08,827.49,321.75,323.04,0.918163
1313,198,12778,116.95,194.98,290.54,523.41,0.994412
1314,198,2483,622.53,91.33,206.44,475.91,0.987569
1315,198,22362,607.57,722.18,270.09,428.8,0.985493
1316,198,3743,119.97,832.48,330.83,338.04,0.941836
1317,199,30308,40.49,115.34,405.42,403.15,0.992791
1318,199,3483,561.28,814.69,267.42,218.8,0.983983
1319,199,29667,629.14,164.74,225.27,213.97,0.8513
1320,199,27777,175.54,810.81,178.92,206.34,0.538332
1321,199,20877,175.09,811.12,178.98,205.27,0.4778
1322,200,30308,557.67,733.3,409.13,412.53,0.983367
1323,200,3483,173.56,277.27,260.71,214.77,0.939348
1324,200,27777,640.65,293.6,174.8,197.97,0.872392
1325,200,29667,126.83,879.65,229.89,227.58,0.809491
1326,200,20877,639.27,293.63,175.95,198.59,0.497358
1327,202,20877,547.21,293.65,326.29,235.06,0.987669
1328,202,3483,141.37,291.85,213.82,254.59,0.986971
1329,202,22347,689.43,867.71,212.9,207.7,0.9846
1330,202,16262,109.34,835.65,248.03,242.47,0.980219
1331,203,22347,82.17,197.46,203.52,195.44,0.99378
1332,203,20877,82.72,725.96,333.68,240.66,0.992657
1333,203,3483,623.47,720.16,212.23,268.79,0.981593
1334,203,16262,601.58,186.63,238.82,229.31,0.920642
1335,204,22347,98.32,205.29,207.5,197.89,0.996704
1336,204,20877,116.35,769.1,327.18,232.69,0.985876
1337,204,16262,630.09,192.65,245.94,231.98,0.981574
1338,204,3483,650.31,751.39,210.21,267.07,0.970049
1339,205,27926,164.93,673.6,224.34,364.94,0.997823
1340,205,16548,591.61,121.59,231.27,225.06,0.978633
1341,205,3544,113.25,162.3,204.18,199.23,0.904984
1342,205,20238,623.67,851.47,140.26,135.15,0.895173
1343,205,28763,624.09,850.71,140.15,135.34,0.594207
1344,210,31863,594.65,874.81,207.39,208.02,0.99361
1345,210,3351,418.33,246.72,185.64,181.41,0.978947
1346,210,29667,162.68,749.99,227.5,222.95,0.965742
1347,212,1900,624.02,890.01,208.05,140.05,0.984802
1348,212,3544,138.97,868.92,178.76,174.08,0.969717
1349,213,1900,592.57,856.8,216.49,145.63,0.98744
1350,213,3544,103.87,832.73,181.16,178.6,0.900312
1351,213,27733,449.29,123.77,438.29,356.61,0.826584
1352,214,33208,587.26,800.1,214.85,206.25,0.993949
1353,214,1900,142.02,239.99,199.27,130.14,0.960272
1354,214,27926,570.41,44.89,280.53,476.02,0.83616
1355,214,27926,89.8,608.8,275.61,486.9,0.478301
1356,215,1900,159.43,251.06,204.39,122.63,0.990897
1357,215,33208,614.6,834.85,213.29,201.47,0.988545
1358,215,27926,125.47,664.43,268.41,475.67,0.800269
1359,215,27926,599.05,56.92,288.66,484.81,0.557545
1360,217,12081,603.14,709.56,228.13,450.29,0.987112
1361,217,2483,589.27,75.22,245.82,474.33,0.986625
1362,217,3743,115.59,783.36,323.27,324.15,0.969646
1363,217,12778,126.19,122.01,282.3,532.02,0.941835
1364,219,12778,519.21,547.24,290.08,524.13,0.996088
1365,219,12081,109.47,111.92,224.22,429.77,0.994542
1366,219,2483,84.73,667.88,255.15,468.76,0.991062
1367,219,3743,492.8,167.64,313.65,301.54,0.982869
1368,222,3351,406.34,205.07,182.49,182.72,0.988385
1369,222,16262,168.69,767.0,247.87,239.31,0.981385
1370,222,41768,603.66,740.15,273.39,300.86,0.978543
1371,224,3483,601.08,846.22,280.62,187.32,0.988865
1372,224,25469,86.33,829.92,342.27,300.0,0.985417
1373,224,29667,618.76,172.16,225.67,215.98,0.946118
1374,224,34597,107.18,82.5,367.81,484.82,0.833449
1375,225,25469,577.34,190.64,327.67,285.08,0.990812
1376,225,3483,126.78,274.39,270.72,185.52,0.987315
1377,225,34597,526.32,659.82,368.74,510.19,0.941124
1378,225,29667,137.03,870.75,231.43,227.31,0.895566
1379,226,20238,645.38,188.53,225.99,216.14,0.993253
1380,226,22347,108.57,230.04,210.21,197.0,0.992222
1381,226,3483,600.56,869.2,257.96,230.17,0.987336
1382,226,19861,128.81,864.52,220.09,169.09,0.959669
1383,229,2483,52.34,677.56,286.78,461.9,0.977183
1384,229,3743,537.44,148.97,312.87,308.66,0.908714
1385,229,13395,100.11,74.89,237.04,467.94,0.815282
1386,229,19552,498.86,662.39,399.91,444.67,0.783393
1387,23,3483,562.14,812.73,285.09,174.23,0.99137
1388,23,28763,63.87,811.01,216.52,207.42,0.99013
1389,23,25367,25.28,90.22,420.21,437.44,0.989972
1390,23,16262,592.47,177.5,242.27,229.88,0.938431
1391,231,2483,596.14,118.47,281.44,439.08,0.987594
1392,231,3743,74.58,812.76,326.38,329.68,0.919474
1393,231,13395,610.16,697.49,237.23,504.43,0.879344
1394,231,19552,57.69,139.41,390.56,439.44,0.657949
1395,232,22347,129.02,233.93,206.57,197.78,0.993639
1396,232,29667,677.65,190.16,225.49,213.37,0.980569
1397,232,3483,596.88,799.8,279.73,206.59,0.980251
1398,232,27733,117.17,775.79,321.01,266.1,0.915081
1399,234,3483,570.85,765.8,276.79,206.19,0.997787
1400,234,22347,111.07,223.6,203.19,193.09,0.996536
1401,234,29667,646.84,184.7,221.93,215.08,0.979991
1402,234,27733,81.65,732.85,326.1,268.7,0.890161
1403,236,28763,676.96,256.54,213.61,198.54,0.996901
1404,236,28763,615.82,834.66,221.71,211.55,0.99409
1405,236,3483,133.57,287.45,274.63,172.32,0.974793
1406,236,35206,102.49,686.2,203.04,417.51,0.972774
1407,237,35206,649.78,141.04,201.73,401.07,0.994764
1408,237,3483,562.91,812.08,285.5,175.08,0.993275
1409,237,28763,64.79,811.28,216.91,206.82,0.992453
1410,237,28763,141.68,223.15,213.97,198.85,0.984254
1411,238,16262,625.29,241.57,242.45,232.8,0.994457
1412,238,18357,66.32,259.13,300.94,299.16,0.985369
1413,238,3351,403.44,833.6,188.16,190.13,0.952514
1414,24,25367,35.8,106.86,431.86,442.06,0.985292
1415,24,3483,589.04,845.91,285.4,169.09,0.984161
1416,24,28763,96.94,853.42,216.71,203.82,0.98293
1417,24,16262,621.33,182.92,245.17,231.7,0.934365
1418,241,20238,128.66,325.83,229.56,221.92,0.997088
1419,241,3351,411.01,912.52,190.93,192.6,0.978109
1420,241,18147,517.7,257.91,303.2,380.94,0.968016
1421,243,20238,620.68,768.41,229.76,225.12,0.984118
1422,243,18147,141.92,647.33,311.72,405.17,0.965038
1423,243,3351,379.26,184.44,183.74,184.67,0.942178
1424,244,27926,195.33,718.3,224.76,359.2,0.991014
1425,244,3544,127.72,167.41,206.7,201.37,0.979119
1426,244,20238,651.27,883.28,136.66,131.15,0.821093
1427,244,27926,583.63,7.9,288.03,477.55,0.407684
1428,247,22362,607.69,724.19,269.22,427.25,0.991826
1429,247,2483,619.83,90.17,205.57,477.78,0.98752
1430,247,3743,120.14,836.09,329.76,333.99,0.935445
1431,247,12778,63.9,139.87,325.23,494.68,0.501927
1432,248,22362,600.86,720.59,262.87,419.42,0.998377
1433,248,2483,626.91,60.31,209.58,485.35,0.984487
1434,248,3743,119.12,828.61,321.5,321.34,0.937399
1435,249,22362,88.44,114.16,248.35,395.5,0.998689
1436,249,2483,78.61,664.24,226.29,486.77,0.98999
1437,249,3743,489.87,127.77,311.6,304.33,0.907025
1438,249,19552,556.54,597.34,337.15,496.03,0.548488
1439,250,29667,129.14,207.8,227.27,222.42,0.994567
1440,250,18357,542.54,231.07,241.89,352.92,0.984589
1441,250,3351,379.59,848.52,186.85,191.18,0.984245
1442,251,29667,586.51,794.48,232.08,231.61,0.985887
1443,251,3351,369.93,178.11,182.21,187.65,0.972509
1444,251,18357,139.46,595.46,248.79,370.85,0.963545
1445,252,18357,182.99,692.77,244.99,369.64,0.993225
1446,252,29667,623.67,886.9,228.29,222.59,0.992267
1447,252,3351,412.89,240.69,181.9,180.51,0.977632
1448,253,35206,63.98,256.69,411.42,218.16,0.996728
1449,253,33880,454.18,250.52,433.42,292.25,0.987941
1450,253,3351,445.86,849.43,188.62,189.86,0.985145
1451,256,2483,54.81,665.72,219.2,486.43,0.992639
1452,256,25438,543.17,181.5,246.86,249.45,0.98446
1453,256,12778,485.28,651.16,331.07,504.66,0.834192
1454,256,19552,486.19,652.13,330.96,504.23,0.648995
1455,256,12081,118.77,94.46,221.11,463.27,0.529253
1456,259,20238,603.34,277.55,227.54,221.99,0.99184
1457,259,41768,109.24,284.94,271.54,283.94,0.982855
1458,259,3351,385.48,896.22,187.57,191.09,0.982163
1459,262,3483,561.21,811.12,285.21,176.62,0.992472
1460,262,28763,62.58,810.34,219.39,208.23,0.991306
1461,262,29667,602.97,175.72,222.31,215.15,0.956902
1462,262,34597,76.57,35.61,339.55,495.93,0.670914
1463,262,30308,78.47,35.36,338.77,495.78,0.428047
1464,264,28763,678.5,257.24,212.61,198.09,0.995034
1465,264,3483,133.92,287.36,275.83,172.93,0.971429
1466,264,34597,560.69,676.34,352.33,513.28,0.899753
1467,264,29667,124.01,863.15,229.94,226.63,0.884889
1468,265,25367,600.74,667.22,375.26,487.8,0.998102
1469,265,28763,677.45,256.72,213.34,198.22,0.996441
1470,265,3483,133.95,288.33,274.53,171.56,0.978255
1471,265,16232,140.29,846.46,197.47,193.96,0.908083
1472,266,3483,588.81,845.37,285.56,169.95,0.98132
1473,266,28763,96.69,853.65,215.38,204.58,0.981214
1474,266,16232,648.76,230.44,193.37,181.01,0.975684
1475,266,25367,24.57,109.62,382.85,469.8,0.974153
1476,27,12778,67.34,98.2,312.68,513.63,0.994443
1477,27,2483,597.22,78.91,208.56,472.73,0.966039
1478,27,12081,599.48,711.06,232.72,514.45,0.909978
1479,27,25438,126.05,825.02,254.23,262.02,0.890259
1480,27,13395,599.84,711.87,232.4,512.77,0.479075
1481,271,35206,634.19,160.89,211.7,395.48,0.997134
1482,271,22347,103.63,188.2,204.29,193.93,0.993541
1483,271,20877,83.63,725.6,334.05,240.26,0.989501
1484,271,3483,625.32,719.06,209.53,267.4,0.982949
1485,273,35206,94.8,669.92,236.59,412.48,0.992985
1486,273,3483,140.73,292.08,213.48,258.68,0.987123
1487,273,22347,665.24,878.14,214.64,207.39,0.986576
1488,273,20877,545.4,292.93,326.91,236.18,0.98534
1489,274,21325,205.42,324.47,149.49,233.56,0.998281
1490,274,20014,575.11,256.42,341.42,319.58,0.992317
1491,274,3351,419.8,888.56,190.86,193.36,0.979718
1492,275,3351,328.9,150.47,182.52,187.37,0.99631
1493,275,21325,580.81,664.44,153.96,243.14,0.985321
1494,275,20014,6.31,643.54,349.38,346.27,0.984374
1495,277,3483,600.35,869.74,256.93,229.26,0.980448
1496,277,19861,128.68,863.63,219.82,169.4,0.957254
1497,277,30308,78.86,96.6,402.53,404.8,0.922698
1498,278,19861,641.51,279.85,218.39,168.4,0.986682
1499,278,3483,148.59,219.48,248.19,218.07,0.966503
1500,278,25367,518.24,745.74,411.72,418.79,0.786988
1501,28,25367,21.38,70.05,418.73,449.47,0.992412
1502,28,3483,564.01,813.7,268.43,217.71,0.979502
1503,28,35206,615.18,142.85,225.52,399.93,0.962395
1504,28,20877,176.48,812.15,178.69,205.35,0.891125
1505,28,27777,176.67,812.17,179.21,206.08,0.705466
1506,280,16232,133.62,290.19,189.1,191.49,0.995946
1507,280,3351,410.04,867.74,189.58,190.17,0.99562
1508,280,3832,434.04,270.62,389.81,358.54,0.990598
1509,286,30308,32.59,115.43,373.76,407.25,0.986479
1510,286,3483,534.79,781.3,270.25,222.91,0.984205
1511,286,16262,575.83,187.28,240.86,229.1,0.933423
1512,287,16262,136.51,836.11,249.03,243.26,0.986984
1513,287,30308,570.32,703.84,392.8,424.95,0.972575
1514,287,3483,171.15,276.43,260.76,213.81,0.942032
1515,287,27777,639.54,291.31,174.81,199.07,0.915412
1516,287,20877,638.26,291.32,176.26,199.71,0.603099
1517,288,30308,45.72,131.61,390.66,420.39,0.990091
1518,288,16262,604.85,193.76,244.32,229.92,0.983232
1519,288,3483,563.84,815.61,266.46,217.63,0.980985
1520,288,20877,176.47,813.57,177.62,204.39,0.756056
1521,288,27777,176.77,813.68,177.67,205.19,0.717199
1522,289,2483,597.21,83.52,247.81,474.86,0.990733
1523,289,22362,589.79,739.66,251.05,410.63,0.989785
1524,289,12778,88.67,39.72,287.11,539.54,0.981598
1525,289,25438,143.38,845.72,254.07,252.22,0.944728
1526,29,25367,11.86,57.1,399.5,446.38,0.992219
1527,29,3483,535.31,779.11,269.17,222.47,0.985941
1528,29,35206,585.5,131.07,218.76,393.75,0.980445
1529,291,22362,111.28,94.92,237.17,403.29,0.998832
1530,291,2483,75.5,662.66,259.59,465.27,0.99154
1531,291,25438,534.79,175.84,246.41,251.03,0.982872
1532,291,12778,551.0,609.07,298.98,540.06,0.981084
1533,292,12778,534.37,592.51,332.09,504.59,0.997187
1534,292,2483,68.87,661.72,210.51,486.57,0.971531
1535,292,25438,547.61,178.98,245.83,248.79,0.935765
1536,292,12081,122.56,90.66,216.79,465.57,0.759901
1537,295,3351,414.0,864.08,189.03,189.92,0.99364
1538,295,20014,124.31,192.11,340.21,316.15,0.979063
1539,295,16232,641.61,296.42,195.44,192.59,0.974745
1540,298,1900,686.07,877.76,209.59,134.11,0.998562
1541,298,33208,157.53,234.49,204.98,196.58,0.985935
1542,298,16548,159.22,776.11,239.91,235.0,0.961601
1543,299,1900,85.93,259.37,200.65,127.95,0.993341
1544,299,33208,610.38,846.32,215.52,206.72,0.982879
1545,299,16548,559.63,244.49,232.56,227.53,0.940629
1546,299,30308,134.25,648.42,273.67,448.65,0.52324
1547,3,27926,570.22,627.21,264.38,488.48,0.991473
1548,3,1900,142.94,242.91,196.21,126.17,0.982975
1549,3,16551,527.82,63.03,390.74,401.44,0.681064
1550,3,29345,140.4,704.91,184.93,292.8,0.555457
1551,3,35206,533.6,64.54,386.07,398.23,0.486021
1552,302,36637,569.06,712.19,235.32,225.95,0.991229
1553,302,3351,310.07,159.69,183.71,188.24,0.990483
1554,302,19232,95.86,634.17,278.9,329.62,0.984057
1555,302,16688,602.9,1155.29,373.1,124.53,0.567599
1556,304,12778,96.25,123.81,320.92,509.88,0.994106
1557,304,2483,617.79,70.68,199.19,466.72,0.993336
1558,304,3743,129.66,812.57,329.4,331.8,0.98524
1559,304,13395,591.62,703.96,235.75,463.43,0.945353
1560,308,36637,118.06,710.41,188.93,263.21,0.994756
1561,308,41768,563.45,604.89,274.67,298.24,0.978344
1562,308,3351,289.48,203.35,185.78,189.75,0.962751
1563,308,16688,563.46,1157.86,412.54,122.1,0.595551
1564,31,27926,194.92,717.77,224.74,358.59,0.993965
1565,31,4543,653.73,847.51,188.74,180.11,0.989225
1566,31,3544,112.01,238.86,207.44,201.46,0.90284
1567,31,16551,590.97,51.78,294.16,472.05,0.461072
1568,31,27926,589.56,46.84,297.14,482.45,0.414818
1569,310,4543,136.93,866.22,211.46,211.86,0.981994
1570,310,3544,653.31,889.23,214.1,214.35,0.98152
1571,310,16551,107.43,140.75,307.98,456.07,0.973439
1572,310,12247,615.13,324.71,179.72,179.1,0.954175
1573,313,34597,15.59,22.14,451.72,410.6,0.994852
1574,313,20877,38.77,755.25,326.49,250.36,0.989875
1575,313,3483,620.57,722.46,212.34,268.96,0.978768
1576,313,29667,594.68,181.38,220.6,214.52,0.977699
1577,315,34597,503.0,779.4,473.0,428.24,0.995182
1578,315,20877,590.08,257.98,326.9,243.57,0.989587
1579,315,3483,142.95,288.91,215.7,256.53,0.986165
1580,315,29667,131.52,859.01,231.26,226.21,0.837321
1581,316,33009,556.0,809.57,373.3,210.75,0.998744
1582,316,16548,167.13,791.64,234.32,228.53,0.954851
1583,316,3544,127.15,233.1,205.8,201.91,0.93379
1584,317,33009,77.28,269.61,362.03,219.05,0.998125
1585,317,3544,657.38,832.44,214.93,209.77,0.990158
1586,317,16548,591.44,282.64,232.99,223.73,0.926825
1587,32,4543,162.76,279.72,183.71,178.22,0.995006
1588,32,27926,579.93,230.94,217.92,336.73,0.981592
1589,32,3544,673.12,828.39,214.13,209.49,0.953712
1590,32,16551,99.13,705.8,297.43,498.8,0.830713
1591,320,35206,634.57,161.07,210.58,395.55,0.996142
1592,320,20877,84.27,725.76,333.29,239.88,0.990082
1593,320,3483,625.82,718.69,209.99,267.78,0.979913
1594,320,28763,135.87,194.95,209.32,200.35,0.974461
1595,323,28763,676.55,256.09,213.96,197.41,0.997344
1596,323,3483,132.82,287.25,274.58,172.17,0.980164
1597,323,36637,148.23,802.98,199.99,255.35,0.979609
1598,323,22347,654.21,877.6,214.34,206.82,0.968244
1599,324,22347,130.85,193.4,208.36,198.21,0.992516
1600,324,28763,97.44,854.5,216.56,204.7,0.985425
1601,324,3483,589.92,845.64,286.05,169.47,0.981463
1602,324,36637,643.38,209.29,188.99,246.9,0.97897
1603,325,16262,137.0,835.69,248.47,242.43,0.97319
1604,325,3483,171.26,276.83,260.67,214.17,0.945365
1605,325,27777,639.97,291.83,174.45,198.53,0.902071
1606,325,31885,507.69,700.36,404.63,528.95,0.871401
1607,325,20877,638.72,291.88,175.7,199.28,0.518348
1608,327,31885,92.65,26.83,406.96,508.99,0.998321
1609,327,3483,563.06,815.2,268.17,219.42,0.984183
1610,327,16262,602.12,193.8,248.32,230.28,0.966951
1611,327,20877,176.21,813.58,178.01,204.5,0.854935
1612,327,27777,176.44,813.55,178.13,205.46,0.809462
1613,328,3483,126.02,304.71,267.13,203.05,0.975875
1614,328,31885,515.22,641.32,388.76,537.13,0.946966
1615,328,27733,560.65,257.77,299.03,266.05,0.812345
1616,332,4543,82.01,823.68,190.12,183.38,0.996641
1617,332,4543,585.52,166.44,205.89,200.12,0.988219
1618,332,3544,125.75,139.72,202.23,198.96,0.979746
1619,332,16551,566.76,538.16,288.67,490.87,0.412557
1620,334,20877,83.78,725.75,333.28,240.1,0.99175
1621,334,22347,142.86,223.29,204.1,194.86,0.991256
1622,334,3483,626.1,718.92,210.06,267.95,0.983347
1623,334,16232,626.69,220.83,187.65,184.2,0.927584
1624,335,22347,622.14,840.98,211.71,205.6,0.998574
1625,335,3483,141.39,291.65,212.09,258.25,0.986509
1626,335,20877,545.01,292.91,326.85,236.22,0.98638
1627,335,16232,134.64,847.44,194.1,192.6,0.873729
1628,336,22347,162.52,232.27,209.16,197.2,0.994418
1629,336,20877,118.02,769.36,327.81,232.13,0.985383
1630,336,3483,651.19,750.27,211.51,266.17,0.96483
1631,336,16232,656.64,231.45,192.3,178.8,0.947651
1632,337,22347,641.87,837.5,210.93,205.34,0.994267
1633,337,3483,126.32,273.77,270.98,184.81,0.991997
1634,337,25469,575.83,189.01,328.62,286.29,0.990353
1635,337,36637,129.38,829.8,185.3,262.76,0.926966
1636,338,25469,50.05,790.43,348.14,298.51,0.9929
1637,338,22347,127.01,224.45,203.35,195.14,0.987365
1638,338,3483,573.85,812.04,280.3,191.3,0.983576
1639,338,36637,644.02,168.58,171.52,250.31,0.933755
1640,339,3483,600.52,847.12,280.73,187.41,0.988662
1641,339,25469,89.45,831.71,339.44,300.97,0.983698
1642,339,36637,674.51,171.66,175.84,255.5,0.965549
1643,339,22347,143.73,234.8,209.67,197.74,0.91305
1644,340,34597,38.45,86.6,392.46,464.81,0.987205
1645,340,3483,535.9,781.75,270.1,222.6,0.982571
1646,340,20238,576.4,189.15,224.36,215.9,0.975759
1647,341,34597,49.83,114.66,407.81,467.07,0.988964
1648,341,3483,565.07,815.62,265.95,218.05,0.976106
1649,341,20238,604.76,194.28,228.92,216.97,0.97102
1650,341,20877,176.98,814.37,178.51,204.2,0.876503
1651,341,27777,177.27,814.5,178.75,205.01,0.731819
1652,344,28763,154.69,192.73,212.99,202.29,0.991012
1653,344,3483,563.87,814.88,267.76,220.21,0.982909
1654,344,16262,604.39,193.18,244.71,231.12,0.974965
1655,344,20877,176.33,813.8,178.43,204.35,0.780637
1656,344,27777,176.58,813.89,178.66,205.14,0.730367
1657,345,28763,136.77,184.72,210.94,202.32,0.991681
1658,345,3483,535.06,781.49,269.87,222.03,0.985161
1659,345,16262,576.08,187.21,240.31,229.21,0.927933
1660,346,3483,565.82,813.86,267.03,217.42,0.980739
1661,346,16232,643.14,250.2,187.91,181.57,0.971508
1662,346,25367,147.38,62.37,328.15,489.19,0.870458
1663,346,20877,178.47,812.87,178.69,205.08,0.825486
1664,346,27777,178.91,812.91,178.68,205.98,0.725233
1665,347,3483,535.94,778.11,270.07,222.04,0.987264
1666,347,16232,614.93,239.52,184.14,180.97,0.982007
1667,347,25367,132.44,47.24,316.35,483.41,0.44448
1668,349,34597,5.84,127.46,438.78,428.32,0.995446
1669,349,3483,565.94,813.3,266.59,216.79,0.976081
1670,349,35206,614.1,141.58,227.09,401.03,0.970779
1671,349,20877,177.99,813.02,178.91,204.46,0.78943
1672,349,27777,178.4,813.0,178.89,205.41,0.746216
1673,352,2483,640.38,118.42,205.47,469.2,0.992015
1674,352,22362,621.93,767.41,252.66,432.82,0.986849
1675,352,3743,136.88,856.48,282.29,287.7,0.902459
1676,352,12778,109.75,166.3,336.57,498.3,0.845064
1677,355,12081,72.88,128.91,224.87,429.4,0.996083
1678,355,2483,52.49,705.01,250.27,470.32,0.992744
1679,355,12778,535.97,589.68,307.27,504.78,0.964405
1680,355,31863,550.35,191.16,268.93,270.23,0.863601
1681,355,3743,550.33,191.67,269.08,269.68,0.443228
1682,356,12081,643.32,690.39,233.73,447.76,0.993809
1683,356,12778,88.33,97.79,318.01,516.82,0.991357
1684,356,2483,630.32,29.92,236.11,483.33,0.963546
1685,356,3743,105.8,801.05,275.08,273.88,0.801074
1686,359,31885,86.1,41.17,367.52,531.65,0.995539
1687,359,3483,561.44,815.08,267.47,217.26,0.982049
1688,359,29667,628.97,164.45,225.39,214.22,0.864577
1689,359,20877,175.01,810.6,178.93,205.87,0.723644
1690,359,27777,175.27,810.4,179.06,206.92,0.674052
1691,361,18147,212.38,169.44,208.98,409.92,0.982577
1692,361,3351,429.92,880.97,188.09,190.57,0.973437
1693,361,16262,643.04,288.36,244.42,234.15,0.943303
1694,364,32310,583.53,165.41,247.24,344.3,0.990458
1695,364,35206,101.3,256.95,348.87,321.8,0.982671
1696,364,3351,406.54,855.66,191.49,191.22,0.970552
1697,372,34597,12.51,138.58,456.32,416.95,0.996532
1698,372,25469,47.07,855.81,378.76,219.29,0.995292
1699,372,3483,600.96,846.31,280.93,186.31,0.985435
1700,372,16262,573.91,194.93,243.97,231.57,0.964856
1701,374,25367,105.57,35.94,407.1,463.9,0.98659
1702,374,29667,622.72,184.83,226.65,214.48,0.985192
1703,374,20877,71.06,799.6,325.95,239.35,0.982302
1704,374,3483,647.23,754.5,212.03,268.97,0.981872
1705,379,16688,447.41,156.07,496.78,469.76,0.996367
1706,379,31863,136.58,314.08,206.31,209.26,0.99401
1707,379,3351,465.22,859.82,188.28,191.42,0.99039
1708,38,31885,111.11,28.78,399.09,500.77,0.999007
1709,38,35206,627.21,160.01,212.18,395.2,0.994892
1710,38,20877,84.0,725.2,333.63,240.89,0.985711
1711,38,3483,625.62,718.62,210.71,268.18,0.982008
1712,380,16688,0.0,543.15,496.61,519.29,0.987168
1713,380,31863,597.01,714.84,208.74,212.72,0.986216
1714,380,3351,285.11,180.0,187.09,190.07,0.970681
1715,382,2483,596.28,117.91,281.38,439.95,0.988805
1716,382,19552,96.0,132.21,378.37,449.0,0.962243
1717,382,3743,74.81,812.81,326.23,329.58,0.951896
1718,382,13395,610.31,697.29,237.08,504.5,0.948702
1719,384,2483,607.5,79.16,273.74,457.12,0.925098
1720,384,19552,92.62,86.59,384.85,457.94,0.851688
1721,384,3743,73.92,799.99,321.01,321.97,0.847319
1722,384,13395,599.49,700.81,240.66,486.93,0.756981
1723,384,31863,73.69,799.69,320.17,321.46,0.445347
1724,387,28763,675.45,256.95,213.72,197.46,0.995071
1725,387,3483,133.36,287.24,273.74,172.81,0.970966
1726,387,20238,132.78,868.62,231.71,226.45,0.941052
1727,387,31885,496.87,649.84,420.65,518.82,0.864726
1728,389,34597,28.74,128.24,441.08,421.14,0.997888
1729,389,20877,83.38,725.21,333.67,240.55,0.993728
1730,389,3483,624.9,719.59,211.81,268.2,0.983272
1731,389,16262,601.44,185.3,240.0,230.32,0.928143
1732,390,34597,41.49,153.62,454.31,422.63,0.998307
1733,390,20877,117.36,769.61,327.41,231.37,0.987025
1734,390,16262,629.53,192.68,245.62,230.7,0.977547
1735,390,3483,651.64,751.03,209.1,267.23,0.969062
1736,392,1900,190.83,273.43,198.78,137.37,0.989421
1737,392,33208,656.14,898.11,220.63,211.24,0.9875
1738,392,3544,684.42,275.78,176.66,170.73,0.721667
1739,392,27926,106.7,668.73,295.03,528.74,0.455672
1740,393,3544,93.09,831.2,180.91,178.19,0.964103
1741,393,1900,586.24,869.63,209.84,142.18,0.925796
1742,393,33208,108.87,161.06,208.54,195.39,0.819908
1743,393,16551,557.35,45.81,284.15,473.19,0.712765
1744,394,20238,138.23,850.32,230.43,225.6,0.997869
1745,394,25469,572.58,231.31,369.51,219.21,0.995875
1746,394,3483,125.53,273.75,271.26,186.76,0.989698
1747,394,28763,605.63,856.43,221.19,213.69,0.98759
1748,395,20238,618.34,194.76,228.48,217.59,0.998662
1749,395,25469,47.6,855.27,378.94,220.62,0.996215
1750,395,28763,172.19,209.7,214.09,202.68,0.991741
1751,395,3483,601.15,845.53,280.09,188.62,0.985327
1752,396,20238,589.15,189.46,222.74,214.01,0.996027
1753,396,25469,11.19,814.51,384.28,221.06,0.99366
1754,396,28763,153.62,199.99,211.71,198.64,0.988225
1755,396,3483,574.81,809.66,279.78,193.43,0.984076
1756,4,24850,600.34,251.93,293.45,164.06,0.999376
1757,4,1900,684.17,806.59,132.04,209.23,0.990368
1758,4,29345,117.54,157.3,267.8,410.72,0.974034
1759,4,16551,126.47,648.26,295.02,493.4,0.775967
1760,40,19861,647.52,280.03,219.8,169.08,0.992369
1761,40,3483,158.08,215.75,246.37,219.3,0.980239
1762,40,29667,118.49,837.36,230.85,227.56,0.944818
1763,40,31885,608.38,607.69,332.87,560.79,0.665237
1764,400,1900,132.51,245.38,194.62,156.81,0.997517
1765,400,33009,12.04,774.31,367.54,241.43,0.989654
1766,400,33208,614.44,771.1,212.54,204.7,0.986153
1767,400,16548,604.13,124.94,230.32,224.96,0.982288
1768,401,1900,642.95,858.41,204.61,170.77,0.995411
1769,401,33009,585.11,240.24,359.96,238.23,0.994251
1770,401,33208,153.04,296.06,205.15,196.83,0.979935
1771,401,16548,111.94,898.25,241.08,238.76,0.975594
1772,404,35206,434.48,700.05,421.52,234.63,0.993887
1773,404,18147,17.26,587.85,284.9,419.13,0.986387
1774,404,3351,356.54,143.72,185.75,190.32,0.974429
1775,409,33009,517.27,792.0,381.7,208.89,0.999551
1776,409,1900,133.71,244.29,191.35,163.7,0.984838
1777,409,25367,540.33,128.4,379.13,286.64,0.584677
1778,41,3483,592.5,875.52,257.98,228.14,0.987887
1779,41,19861,119.88,864.61,221.2,168.44,0.975937
1780,41,29667,637.08,206.58,226.49,213.26,0.970143
1781,41,31885,60.6,90.59,325.34,539.38,0.793587
1782,411,33009,88.47,259.4,365.46,204.33,0.998502
1783,411,1900,647.87,852.49,197.97,178.59,0.965417
1784,411,25367,30.8,828.83,392.76,301.06,0.941497
1785,412,12081,649.31,693.7,245.28,463.71,0.994123
1786,412,2483,620.14,73.02,229.44,461.42,0.991972
1787,412,3743,106.39,811.7,281.39,285.8,0.845069
1788,412,12778,111.56,180.51,314.48,507.18,0.76877
1789,413,12081,641.96,690.52,236.76,448.41,0.993744
1790,413,2483,629.26,31.41,239.19,481.96,0.976242
1791,413,12778,104.96,150.47,320.85,507.4,0.961399
1792,413,3743,105.65,800.57,274.89,274.49,0.857336
1793,413,19552,105.91,150.05,321.45,506.73,0.423398
1794,414,2483,50.27,706.24,259.08,467.88,0.996164
1795,414,12081,72.95,128.92,225.1,429.33,0.99575
1796,414,12778,514.67,544.44,318.29,499.85,0.982616
1797,414,31863,549.76,190.72,269.31,271.19,0.862031
1798,414,3743,549.68,191.16,269.42,270.92,0.651704
1799,415,16262,640.02,178.53,243.55,229.88,0.982218
1800,415,3483,600.58,870.28,257.27,228.39,0.981682
1801,415,31885,102.08,89.01,324.36,540.12,0.978205
1802,415,19861,128.84,864.0,219.94,169.34,0.96455
1803,416,19861,92.32,826.77,227.02,174.28,0.991173
1804,416,3483,572.98,836.57,261.81,232.24,0.98717
1805,416,16262,610.99,172.8,238.1,229.65,0.977631
1806,416,31885,85.71,72.16,315.22,532.8,0.932053
1807,417,19861,641.89,279.75,217.63,168.27,0.989679
1808,417,16262,99.52,851.54,249.39,243.12,0.983926
1809,417,3483,148.09,220.53,248.01,217.77,0.976138
1810,417,31885,566.13,609.42,327.79,555.63,0.850547
1811,419,20238,112.47,855.12,231.77,226.2,0.994949
1812,419,25367,543.24,737.24,432.76,439.7,0.994596
1813,419,3483,126.75,305.07,266.5,203.6,0.97598
1814,419,27733,565.36,260.78,300.05,266.39,0.965963
1815,42,19861,84.48,827.01,228.17,174.55,0.993437
1816,42,29667,607.99,198.77,221.98,216.45,0.989501
1817,42,3483,565.12,841.53,260.58,232.89,0.973867
1818,42,31885,40.54,72.53,314.41,531.1,0.936298
1819,420,20238,613.55,185.62,223.31,212.99,0.997145
1820,420,3483,579.85,757.85,273.49,210.15,0.994709
1821,420,25367,5.54,75.92,434.08,419.98,0.987407
1822,420,27733,87.94,726.8,320.35,280.64,0.792564
1823,422,19861,642.85,279.57,218.59,168.88,0.979072
1824,422,3483,150.69,219.36,246.81,218.41,0.959691
1825,422,30308,557.39,699.86,350.99,514.16,0.723777
1826,422,34597,558.03,699.19,351.34,515.56,0.624314
1827,423,19861,90.95,825.99,226.84,174.82,0.98957
1828,423,3483,571.51,839.03,260.91,230.44,0.98033
1829,423,34597,84.59,20.75,331.39,491.22,0.866692
1830,423,30308,85.87,21.47,331.03,489.19,0.698775
1831,429,34597,71.26,151.6,494.67,361.52,0.997477
1832,429,3483,608.08,791.43,275.61,207.61,0.990701
1833,429,29667,668.81,182.8,226.85,211.14,0.94023
1834,429,27733,132.45,775.13,312.34,277.11,0.906333
1835,430,4543,610.87,153.43,206.04,199.35,0.996872
1836,430,3544,181.4,196.65,203.45,200.34,0.925519
1837,430,28763,615.48,793.89,168.68,216.79,0.815576
1838,430,35206,71.15,613.86,413.15,411.85,0.723155
1839,431,4543,640.7,154.76,206.02,200.2,0.993966
1840,431,3544,199.75,205.68,209.9,202.06,0.794707
1841,431,16551,96.15,663.85,412.59,403.64,0.759833
1842,431,28763,645.55,832.13,167.83,210.29,0.538716
1843,432,4543,130.21,908.21,213.52,210.38,0.976069
1844,432,3544,583.0,857.85,214.66,212.14,0.919262
1845,432,28763,198.39,252.3,158.52,219.26,0.766626
1846,433,3483,580.39,757.5,273.46,209.2,0.994899
1847,433,30308,95.88,104.16,356.31,423.89,0.986747
1848,433,16232,618.38,179.12,188.21,181.92,0.978631
1849,433,27733,88.18,726.48,319.25,280.98,0.895384
1850,434,3483,126.55,305.17,267.04,202.79,0.980086
1851,434,30308,535.2,697.14,364.69,444.42,0.960759
1852,434,27733,565.33,260.93,300.02,265.9,0.957456
1853,434,16232,139.97,893.12,197.65,193.03,0.928262
1854,435,3483,606.54,793.0,275.6,207.52,0.989977
1855,435,30308,108.63,121.17,369.44,436.22,0.984388
1856,435,16232,648.2,184.52,192.71,179.92,0.980884
1857,435,27733,124.16,770.65,313.75,273.12,0.93489
1858,436,20238,617.8,194.94,228.4,217.36,0.998041
1859,436,25469,47.77,856.05,377.57,219.1,0.997102
1860,436,31885,39.22,133.71,447.58,479.24,0.989098
1861,436,3483,601.02,846.14,280.55,186.41,0.988713
1862,44,13900,580.19,671.29,178.06,266.03,0.992398
1863,44,3351,371.3,154.45,181.32,187.68,0.986847
1864,44,29667,93.69,724.26,230.14,227.72,0.968001
1865,443,2483,85.64,673.49,245.86,471.65,0.978231
1866,443,25438,568.29,188.48,245.9,251.56,0.953973
1867,443,12778,538.77,678.06,333.79,480.31,0.692163
1868,443,19552,537.79,679.04,334.55,479.23,0.609674
1869,443,13395,80.38,103.62,216.47,431.62,0.509746
1870,443,12081,80.34,103.8,215.83,430.7,0.450334
1871,444,12778,80.26,73.27,336.32,482.25,0.995929
1872,444,2483,597.09,108.38,248.73,452.42,0.975621
1873,444,13395,651.32,707.05,218.79,464.2,0.927723
1874,444,25438,112.1,842.88,256.22,263.11,0.690554
1875,449,28763,97.66,852.75,215.87,204.93,0.978098
1876,449,3483,589.78,846.52,285.72,168.95,0.977069
1877,449,34597,45.67,132.53,378.74,475.98,0.976017
1878,449,16262,621.7,182.47,244.47,231.75,0.960656
1879,452,1900,643.16,847.35,188.48,185.11,0.976054
1880,452,29451,506.35,242.08,412.42,219.37,0.968993
1881,452,16551,133.28,635.07,309.53,489.98,0.770502
1882,454,2483,96.2,709.58,233.26,476.58,0.995646
1883,454,12778,485.96,591.18,302.04,518.72,0.966593
1884,454,3743,559.66,195.89,272.42,270.05,0.744471
1885,454,13395,132.45,92.04,224.97,463.0,0.57412
1886,454,31863,559.97,196.45,271.52,269.04,0.402582
1887,455,2483,599.83,22.36,217.96,485.4,0.988279
1888,455,13395,583.48,681.2,234.32,490.21,0.965397
1889,455,12778,138.35,92.75,298.03,513.24,0.947929
1890,455,31863,94.12,791.03,274.94,278.51,0.849089
1891,455,3743,94.83,790.71,274.74,280.12,0.8457
1892,456,12778,141.99,125.21,288.74,510.42,0.987621
1893,456,2483,592.94,65.15,210.79,466.31,0.954302
1894,456,3743,94.71,801.58,278.94,289.32,0.942072
1895,456,31863,93.93,801.79,280.34,288.37,0.807069
1896,456,13395,587.68,684.33,246.84,499.13,0.75695
1897,457,2483,639.86,63.03,214.98,487.44,0.982884
1898,457,12778,106.78,152.69,287.06,531.33,0.97789
1899,457,13395,633.32,677.78,229.32,494.19,0.949666
1900,457,3743,132.52,830.18,276.38,278.71,0.81095
1901,458,12778,108.58,184.63,284.17,526.46,0.981622
1902,458,13395,636.66,676.22,242.65,509.02,0.978011
1903,458,2483,625.35,103.08,226.57,466.47,0.965786
1904,458,3743,133.81,840.49,282.86,288.46,0.944169
1905,459,12778,531.93,517.83,296.04,522.75,0.995359
1906,459,2483,81.63,658.22,221.99,489.77,0.980166
1907,459,12081,87.94,93.12,223.42,470.14,0.978584
1908,459,3743,524.15,161.73,266.99,269.28,0.618227
1909,459,31863,524.1,160.98,267.65,270.86,0.442597
1910,46,2483,590.11,72.58,244.72,476.12,0.986279
1911,46,12778,102.4,100.81,315.75,512.73,0.981246
1912,46,12081,601.29,710.4,231.61,449.03,0.980195
1913,46,3743,116.62,784.61,322.56,322.82,0.962939
1914,460,22362,88.33,114.38,250.2,394.63,0.998664
1915,460,2483,81.18,661.41,222.77,489.72,0.981707
1916,460,12778,497.45,579.76,310.07,509.34,0.976939
1917,460,3743,489.56,128.6,311.86,302.16,0.918548
1918,462,12778,132.55,152.22,300.0,500.34,0.989837
1919,462,22362,607.62,722.22,271.78,429.08,0.988962
1920,462,2483,626.82,92.68,207.54,474.26,0.959517
1921,462,3743,120.16,834.47,330.66,335.63,0.954242
1922,463,28763,674.91,255.89,213.42,198.57,0.997098
1923,463,28763,624.18,873.32,220.53,213.42,0.989699
1924,463,3483,131.5,288.2,276.27,172.24,0.984252
1925,463,20238,132.91,869.17,230.62,226.95,0.872496
1926,464,28763,66.16,812.21,217.9,206.96,0.993966
1927,464,28763,136.38,182.69,212.26,202.65,0.993468
1928,464,3483,564.17,811.76,285.5,175.06,0.991334
1929,464,20238,594.97,171.19,222.09,214.62,0.954059
1930,465,28763,154.77,190.93,212.57,202.2,0.979293
1931,465,3483,590.85,845.68,285.6,169.5,0.974612
1932,465,28763,99.05,854.61,216.25,204.4,0.973561
1933,465,20238,624.53,175.69,225.26,216.91,0.973249
1934,468,22362,604.12,739.6,264.75,424.39,0.998132
1935,468,2483,594.01,106.57,210.2,478.67,0.990394
1936,468,12778,107.49,114.88,310.66,505.92,0.984609
1937,468,25438,157.14,872.59,256.37,265.78,0.883224
1938,469,28763,147.62,219.99,216.13,201.86,0.98804
1939,469,3483,607.34,791.82,274.63,207.75,0.98474
1940,469,27733,125.06,770.35,313.01,273.81,0.870392
1941,469,35206,603.08,124.57,256.54,390.34,0.777724
1942,47,12081,108.03,110.44,225.79,431.05,0.993286
1943,47,2483,87.07,668.32,253.89,468.7,0.991481
1944,47,3743,492.73,166.86,313.4,301.64,0.975902
1945,47,12778,527.36,592.93,306.48,497.95,0.960841
1946,472,27926,188.47,711.47,224.45,359.86,0.998166
1947,472,3544,148.89,188.29,207.47,202.81,0.96417
1948,472,33009,631.39,850.09,219.7,136.38,0.930863
1949,472,16548,627.91,147.2,235.64,226.88,0.880131
1950,474,27926,585.09,235.42,218.36,337.02,0.984669
1951,474,16548,117.61,881.1,240.44,238.55,0.971745
1952,474,3544,633.3,873.9,216.19,214.49,0.924961
1953,474,28763,154.72,305.94,213.21,146.85,0.622067
1954,474,33009,154.48,306.34,213.42,147.49,0.529739
1955,475,2483,592.85,81.47,207.84,470.75,0.962947
1956,475,12081,601.62,710.89,234.06,515.12,0.950676
1957,475,25438,127.32,825.94,254.54,261.6,0.891821
1958,475,12778,86.19,119.19,317.11,514.55,0.632856
1959,475,13395,601.11,712.77,234.85,512.82,0.427057
1960,475,19552,85.95,120.25,316.87,513.51,0.427052
1961,477,2483,597.48,42.23,218.52,487.63,0.991044
1962,477,25438,124.87,814.28,250.9,251.86,0.96547
1963,477,12778,87.89,99.29,314.19,498.76,0.938824
1964,477,13395,587.37,713.8,236.12,494.75,0.906191
1965,477,12081,586.95,712.32,235.97,495.86,0.492806
1966,479,3483,534.45,779.03,271.9,222.1,0.98601
1967,479,25367,71.56,86.33,363.64,464.09,0.984816
1968,479,36637,635.66,177.83,181.43,242.6,0.975226
1969,481,12778,76.76,89.2,311.04,514.1,0.995004
1970,481,13395,636.62,675.34,242.3,510.33,0.979512
1971,481,2483,626.49,101.17,224.85,467.04,0.973124
1972,481,3743,134.29,842.53,280.71,286.44,0.836671
1973,481,31863,134.14,842.53,280.23,285.74,0.674101
1974,482,12778,550.49,630.38,315.83,492.59,0.996337
1975,482,2483,81.06,658.41,224.67,490.57,0.977732
1976,482,12081,87.87,92.15,222.84,470.76,0.976032
1977,482,31863,524.35,161.23,267.5,269.62,0.752027
1978,482,3743,524.67,162.0,266.24,268.61,0.619689
1979,484,16688,480.88,124.41,417.9,524.88,0.995885
1980,484,32310,25.23,325.1,288.68,327.6,0.98966
1981,484,3351,421.55,894.69,188.3,192.14,0.971268
1982,485,32310,621.73,533.35,292.37,346.21,0.992847
1983,485,16688,36.35,518.83,437.92,584.34,0.990346
1984,485,3351,328.45,147.23,182.83,187.52,0.985814
1985,486,32310,660.97,634.67,293.19,343.71,0.991429
1986,486,16688,76.37,617.49,440.53,594.19,0.984122
1987,486,3351,369.65,206.64,183.69,182.64,0.944129
1988,487,31885,95.02,49.72,406.26,502.45,0.998869
1989,487,16232,647.86,184.77,192.73,179.71,0.989194
1990,487,3483,606.68,792.86,274.53,208.37,0.988557
1991,487,27733,124.32,770.34,312.77,273.15,0.908151
1992,493,16548,122.14,885.61,243.12,239.54,0.958383
1993,493,1900,186.06,292.38,197.75,158.06,0.957586
1994,493,19607,684.01,902.53,162.83,159.75,0.940287
1995,493,3544,684.4,275.45,176.84,171.29,0.804607
1996,494,16548,590.29,136.58,232.61,226.3,0.965073
1997,494,1900,588.89,828.81,205.48,167.82,0.956937
1998,494,3544,93.14,831.25,180.16,178.09,0.950383
1999,494,19607,136.84,211.28,151.72,151.57,0.671591
2000,496,36637,164.91,294.73,186.18,247.49,0.991843
2001,496,3351,393.93,871.87,188.98,190.27,0.977771
2002,496,3832,494.11,178.48,377.56,366.92,0.974127
2003,497,36637,586.22,669.58,194.1,255.94,0.991824
2004,497,3351,355.16,159.31,181.26,183.78,0.980651
2005,497,3832,53.41,649.89,388.08,380.75,0.978841
2006,499,25367,524.93,728.79,435.83,456.97,0.995466
2007,499,25469,572.37,231.83,369.69,219.3,0.994848
2008,499,3483,125.82,274.57,270.63,185.74,0.991104
2009,499,16262,167.97,834.16,249.19,242.85,0.971903
2010,5,1900,179.95,267.38,130.35,201.73,0.999077
2011,5,24850,94.87,894.16,300.99,165.05,0.996439
2012,5,29345,615.46,715.74,283.01,440.63,0.970341
2013,5,16551,570.98,114.58,287.92,477.08,0.929582
2014,500,25469,11.69,813.78,383.35,221.35,0.993245
2015,500,3483,575.16,810.83,279.63,192.72,0.984121
2016,500,25367,37.26,68.9,418.98,434.34,0.983075
2017,500,16262,544.75,187.28,241.79,231.07,0.884207
2018,501,25469,47.27,855.26,378.6,219.89,0.995308
2019,501,3483,601.3,845.91,280.36,187.39,0.985612
2020,501,25367,48.34,78.49,437.37,442.93,0.982706
2021,501,16262,572.51,194.82,246.51,231.73,0.976203
2022,502,20238,138.57,850.68,230.53,224.92,0.995985
2023,502,25469,572.64,231.99,369.04,219.18,0.995015
2024,502,3483,125.8,274.43,270.56,186.22,0.992108
2025,502,30308,546.74,730.01,407.75,414.84,0.988733
2026,503,20238,588.12,190.22,224.26,214.0,0.997102
2027,503,30308,39.02,101.27,396.0,397.35,0.99059
2028,503,25469,11.34,814.14,383.8,221.26,0.988871
2029,503,3483,575.13,809.98,279.72,193.27,0.983968
2030,506,31863,82.63,697.91,209.29,213.6,0.988546
2031,506,3351,351.53,139.33,184.06,189.16,0.977219
2032,506,38162,530.25,630.7,201.99,306.48,0.973964
2033,507,3351,393.62,197.16,183.32,184.11,0.985114
2034,507,31863,124.08,786.44,206.66,204.52,0.976513
2035,507,38162,572.65,727.16,195.02,295.29,0.966202
2036,508,3351,418.51,870.2,190.79,192.09,0.984758
2037,508,22074,166.12,260.62,187.19,191.44,0.978034
2038,508,18147,539.42,237.75,333.94,353.87,0.955979
2039,509,18147,47.57,606.12,345.94,381.02,0.989431
2040,509,3351,328.83,166.12,184.91,189.02,0.984968
2041,509,22074,588.91,779.63,187.81,193.01,0.972741
2042,511,25367,573.66,745.13,390.28,487.96,0.990346
2043,511,19861,643.26,279.35,218.1,170.19,0.982466
2044,511,3483,150.61,218.96,246.95,218.26,0.970325
2045,515,30308,92.6,184.13,427.56,369.71,0.991303
2046,515,3483,565.92,813.02,266.7,217.79,0.979911
2047,515,35206,613.78,141.42,227.16,400.74,0.978116
2048,515,20877,178.02,812.62,178.61,204.78,0.833185
2049,515,27777,178.53,812.59,178.64,205.72,0.801796
2050,516,35206,140.08,706.83,234.9,409.75,0.995048
2051,516,30308,474.37,700.79,438.73,376.94,0.993634
2052,516,3483,169.14,279.63,262.07,213.62,0.920602
2053,516,27777,637.58,291.97,175.46,198.8,0.835834
2054,516,20877,636.36,292.0,176.76,199.48,0.514463
2055,517,31885,30.02,19.0,377.19,519.28,0.996994
2056,517,36637,642.09,209.49,190.29,246.87,0.986868
2057,517,28763,97.52,853.33,217.89,205.91,0.983476
2058,517,3483,589.44,845.76,286.83,169.78,0.97806
2059,518,31885,21.39,4.28,360.96,510.31,0.99888
2060,518,28763,64.96,811.99,216.69,206.71,0.994105
2061,518,3483,562.67,812.53,284.84,173.93,0.99322
2062,518,36637,612.45,204.76,186.61,240.77,0.989101
2063,519,28763,676.42,256.19,214.21,198.06,0.99521
2064,519,36637,148.35,802.52,199.73,255.25,0.983398
2065,519,3483,133.85,287.49,273.79,171.82,0.973506
2066,519,31885,597.75,702.79,378.25,540.0,0.896877
2067,520,28763,613.05,906.77,224.23,213.13,0.996875
2068,520,3483,173.23,276.74,260.2,214.04,0.95544
2069,520,27777,640.62,292.7,175.52,199.0,0.873098
2070,520,29667,125.87,879.98,231.99,227.77,0.837483
2071,520,20877,639.12,292.84,176.89,199.49,0.551606
2072,521,3483,532.89,779.31,272.52,222.64,0.983002
2073,521,28763,144.79,155.34,213.9,200.47,0.962575
2074,521,29667,600.52,160.14,222.46,216.05,0.868559
2075,521,27777,143.79,774.68,181.66,206.85,0.403233
2076,522,28763,162.37,159.31,216.09,204.35,0.986758
2077,522,3483,561.9,813.95,267.5,219.89,0.98429
2078,522,29667,629.71,164.01,225.02,214.56,0.93947
2079,522,27777,175.34,810.47,179.16,206.93,0.783897
2080,522,20877,174.94,810.69,179.14,205.91,0.623577
2081,525,28763,636.44,864.75,221.1,213.91,0.993889
2082,525,3483,126.6,304.7,266.35,202.62,0.978086
2083,525,27733,565.4,260.56,300.56,267.25,0.960382
2084,525,16232,139.32,892.61,197.56,193.8,0.768195
2085,526,30308,551.06,710.43,309.41,473.17,0.99789
2086,526,19861,641.61,279.02,218.21,169.32,0.981416
2087,526,16262,100.15,852.08,248.55,242.73,0.975061
2088,526,3483,147.62,219.55,249.01,218.99,0.973235
2089,527,30308,144.83,76.84,306.28,462.24,0.996095
2090,527,3483,600.78,868.86,258.81,230.66,0.983472
2091,527,16262,640.16,178.89,243.52,229.85,0.974705
2092,527,19861,128.85,864.31,220.09,168.76,0.96014
2093,528,30308,130.47,66.08,292.76,448.23,0.995715
2094,528,19861,92.13,826.89,227.59,174.54,0.99002
2095,528,3483,573.85,837.47,260.85,231.67,0.989874
2096,528,16262,611.71,172.73,236.82,228.65,0.977557
2097,529,20238,618.11,194.72,228.38,217.75,0.998706
2098,529,25469,47.83,855.72,379.2,220.18,0.996998
2099,529,3483,601.08,846.13,281.16,187.43,0.9874
2100,529,22347,107.15,240.9,207.49,198.01,0.961526
2101,53,2483,647.84,98.54,211.6,473.09,0.981243
2102,53,25438,132.82,854.2,258.77,267.01,0.913292
2103,53,19552,93.07,116.29,358.89,473.22,0.825706
2104,53,13395,603.81,681.05,242.94,505.24,0.772705
2105,530,20238,138.41,850.47,230.22,225.38,0.996517
2106,530,22347,680.33,832.49,212.34,206.66,0.995388
2107,530,25469,572.03,230.72,370.45,219.62,0.994502
2108,530,3483,125.56,273.82,271.4,186.38,0.989528
2109,531,20238,589.39,189.54,222.9,214.32,0.996624
2110,531,25469,11.15,814.43,384.44,220.73,0.994001
2111,531,22347,88.9,229.75,204.29,195.88,0.990843
2112,531,3483,574.67,810.54,280.62,192.5,0.98701
2113,532,2483,596.33,118.48,280.81,438.88,0.983954
2114,532,19552,120.85,118.36,375.36,420.31,0.983633
2115,532,3743,75.26,813.18,325.53,329.12,0.942014
2116,532,13395,608.47,698.31,239.79,502.77,0.901123
2117,532,12081,608.86,698.88,238.2,500.93,0.699524
2118,533,19552,115.65,71.37,385.45,435.25,0.983478
2119,533,2483,607.52,78.75,274.31,457.91,0.957546
2120,533,3743,73.88,800.37,320.65,322.5,0.86541
2121,533,13395,599.64,701.13,240.14,486.34,0.588711
2122,533,31863,73.66,800.35,319.91,321.31,0.46862
2123,534,19552,446.71,701.36,390.52,427.78,0.976822
2124,534,2483,51.85,679.56,280.04,459.5,0.975883
2125,534,3743,537.56,149.87,311.98,307.28,0.894766
2126,534,13395,100.74,77.89,236.48,464.25,0.805336
2127,535,31885,83.64,141.84,411.86,505.09,0.996838
2128,535,25469,88.38,831.88,339.97,299.31,0.989884
2129,535,3483,600.66,847.22,280.98,186.96,0.987405
2130,535,36637,674.28,172.89,174.81,253.93,0.984311
2131,536,31885,70.65,112.87,394.58,503.71,0.998805
2132,536,25469,49.31,790.46,348.64,298.35,0.993399
2133,536,3483,574.25,811.71,279.97,191.95,0.980611
2134,536,36637,644.18,169.3,170.37,249.98,0.97876
2135,537,25469,574.32,189.86,329.74,283.48,0.995378
2136,537,3483,126.94,273.69,270.79,185.8,0.990803
2137,537,31885,514.86,591.25,405.9,527.41,0.964451
2138,537,36637,128.8,830.59,186.06,260.89,0.896212
2139,539,20014,11.07,668.33,350.71,345.06,0.998468
2140,539,38162,589.0,706.86,204.56,308.41,0.992434
2141,539,3351,321.77,132.53,185.38,189.09,0.968979
2142,54,25438,547.37,179.19,246.07,249.13,0.975326
2143,54,2483,69.05,664.31,213.17,485.93,0.966981
2144,54,12081,123.03,90.48,216.62,465.58,0.630237
2145,54,25367,463.12,643.65,371.16,479.73,0.52143
2146,540,20014,55.62,755.81,344.86,338.68,0.994551
2147,540,38162,630.09,802.91,196.57,299.14,0.978556
2148,540,3351,362.93,189.48,184.45,182.77,0.960055
2149,541,19861,642.13,279.62,217.91,168.7,0.988128
2150,541,3483,148.62,220.67,247.48,217.33,0.971419
2151,541,16232,143.4,898.8,196.1,192.06,0.949459
2152,541,31885,578.26,646.5,330.6,556.78,0.581603
2153,542,3483,573.84,837.15,259.97,231.81,0.989774
2154,542,19861,92.34,826.94,226.79,174.53,0.989092
2155,542,16232,617.51,171.45,187.55,183.83,0.983241
2156,542,31885,77.01,33.05,312.34,533.41,0.969375
2157,543,16232,646.28,175.42,191.96,186.23,0.993294
2158,543,3483,600.82,870.3,257.22,228.06,0.984396
2159,543,19861,129.15,865.16,219.48,168.11,0.944725
2160,543,31885,91.74,52.05,322.17,541.11,0.865988
2161,545,22347,663.14,863.97,213.68,206.41,0.96604
2162,545,3483,173.72,276.41,260.79,214.76,0.954109
2163,545,27777,640.66,292.72,175.52,198.5,0.901202
2164,545,29667,126.19,879.44,231.58,227.89,0.742962
2165,545,20877,639.39,292.79,176.78,199.17,0.563581
2166,546,22347,107.05,201.38,202.93,195.81,0.993455
2167,546,3483,532.95,780.07,270.35,222.19,0.978856
2168,546,29667,600.64,160.25,221.23,215.43,0.926431
2169,546,27777,142.97,774.47,181.59,207.07,0.405606
2170,547,22347,122.47,242.81,208.11,197.1,0.996077
2171,547,20877,115.88,769.68,328.35,231.98,0.981942
2172,547,3483,650.25,751.39,211.62,266.63,0.978634
2173,547,36637,631.31,212.64,186.19,247.41,0.971339
2174,548,22347,664.91,831.08,211.71,206.68,0.997433
2175,548,3483,140.88,292.46,213.45,256.24,0.988845
2176,548,20877,546.32,292.56,326.13,236.93,0.987971
2177,548,36637,163.82,798.36,194.58,258.31,0.966077
2178,55,20014,49.63,283.32,340.27,321.12,0.997468
2179,55,16688,430.44,161.93,510.25,459.87,0.996974
2180,55,3351,424.04,847.57,187.31,190.1,0.983388
2181,551,28763,675.13,256.19,213.45,198.94,0.996454
2182,551,30308,542.69,683.92,387.72,435.23,0.989989
2183,551,3483,132.12,288.29,274.97,172.17,0.982983
2184,551,20238,132.4,868.85,232.26,226.18,0.95588
2185,552,20238,623.37,176.42,226.17,216.13,0.98438
2186,552,3483,591.06,845.79,285.37,168.92,0.983363
2187,552,28763,99.62,854.33,215.19,204.22,0.979889
2188,552,30308,80.21,143.56,380.76,424.81,0.967489
2189,553,34597,11.74,74.27,417.44,447.86,0.997555
2190,553,25469,11.51,813.88,384.15,221.5,0.992823
2191,553,3483,575.41,810.41,279.32,192.43,0.981901
2192,553,16232,602.29,213.34,184.99,183.29,0.977085
2193,555,34597,22.44,97.58,430.09,447.44,0.997559
2194,555,25469,47.21,855.61,378.46,219.41,0.995254
2195,555,3483,601.37,845.83,281.42,187.59,0.988005
2196,555,16232,630.54,218.71,190.07,188.53,0.985134
2197,56,20014,546.21,618.15,350.83,345.31,0.991688
2198,56,16688,0.0,549.53,515.21,509.82,0.985184
2199,56,3351,324.69,190.98,185.17,191.19,0.971132
2200,560,3483,600.78,869.95,257.35,227.52,0.981897
2201,560,19861,128.96,864.32,219.43,168.95,0.964438
2202,560,30308,119.28,78.59,275.89,471.95,0.959207
2203,560,27733,584.52,94.54,285.66,378.46,0.690219
2204,560,35206,584.11,97.5,286.23,376.68,0.550028
2205,564,33009,550.79,838.43,369.14,195.78,0.997824
2206,564,1900,149.01,254.0,199.13,160.86,0.977124
2207,564,16551,594.55,108.41,294.32,472.59,0.874028
2208,564,21771,161.62,806.55,189.7,183.86,0.63256
2209,565,12081,650.88,694.17,244.34,463.07,0.99411
2210,565,2483,619.03,74.1,230.49,459.84,0.990026
2211,565,19552,31.42,162.19,400.52,428.62,0.989688
2212,565,3743,106.12,812.79,281.65,284.51,0.786803
2213,569,12778,531.64,573.87,303.49,519.14,0.998481
2214,569,12081,110.63,112.74,223.51,428.91,0.993132
2215,569,2483,87.47,667.64,253.57,468.99,0.991299
2216,569,3743,492.89,166.8,313.82,302.5,0.982328
2217,571,1900,586.36,869.83,208.02,142.12,0.964224
2218,571,3544,92.43,830.63,180.67,178.04,0.947561
2219,571,16551,544.82,52.39,299.36,458.69,0.740328
2220,571,29345,122.2,136.73,179.43,282.46,0.47821
2221,572,1900,191.04,273.31,200.51,138.35,0.992051
2222,572,16551,101.21,707.49,323.25,487.08,0.98579
2223,572,3544,686.05,276.97,175.47,170.57,0.706986
2224,572,29345,674.06,828.04,188.56,299.51,0.692003
2225,573,1900,612.23,902.57,206.27,136.41,0.983426
2226,573,3544,125.81,865.73,178.49,174.98,0.958489
2227,573,29345,139.13,141.35,182.81,290.7,0.946712
2228,573,16551,569.64,56.02,315.12,476.8,0.740359
2229,574,12778,90.45,156.67,319.28,504.51,0.997186
2230,574,2483,664.99,73.63,212.63,493.11,0.985157
2231,574,13395,630.81,676.57,229.73,497.21,0.965952
2232,574,3743,112.66,827.12,323.06,323.16,0.95375
2233,575,12778,530.83,540.65,321.76,490.24,0.998594
2234,575,2483,59.75,645.41,211.22,486.47,0.992265
2235,575,12081,91.1,92.59,223.65,471.04,0.990713
2236,575,3743,492.78,126.63,314.92,305.51,0.953295
2237,576,12778,96.73,193.77,312.9,495.41,0.994565
2238,576,2483,656.47,107.89,216.48,477.03,0.981438
2239,576,13395,634.38,674.3,242.61,511.82,0.976276
2240,576,3743,114.19,834.98,328.92,336.34,0.974873
2241,576,12081,634.74,672.63,240.9,512.45,0.617834
2242,577,33009,519.82,792.21,379.19,208.27,0.999127
2243,577,1900,132.54,245.89,195.56,157.58,0.995562
2244,577,19607,141.29,787.95,157.49,155.76,0.992926
2245,577,16551,544.78,68.13,348.82,429.53,0.946849
2246,578,33009,89.52,259.25,362.56,204.59,0.99783
2247,578,19607,662.89,333.19,154.09,151.95,0.993197
2248,578,1900,644.22,860.07,202.33,169.07,0.979659
2249,578,16551,45.88,728.9,383.27,453.55,0.930638
2250,579,33009,551.26,838.37,368.8,195.96,0.998492
2251,579,19607,173.49,823.06,155.81,151.72,0.997872
2252,579,1900,149.09,256.14,200.08,155.61,0.982685
2253,579,16551,570.83,78.92,356.3,434.98,0.894461
2254,58,19861,92.38,826.46,227.19,175.13,0.99077
2255,58,3483,573.32,837.86,261.66,231.05,0.986575
2256,58,34597,39.82,58.67,386.35,460.27,0.974313
2257,58,27733,555.12,87.84,279.28,371.0,0.673916
2258,58,35206,554.72,92.44,282.04,367.71,0.489472
2259,581,33009,90.08,258.53,362.29,203.96,0.998631
2260,581,1900,646.56,853.47,201.58,176.71,0.979624
2261,581,16548,102.58,904.52,244.03,240.29,0.902471
2262,583,2483,70.5,693.56,253.73,471.3,0.982553
2263,583,19552,471.29,638.51,334.49,483.46,0.977509
2264,583,3743,546.85,187.26,269.48,269.17,0.797893
2265,583,12081,121.2,92.59,224.49,461.38,0.594489
2266,583,31863,547.37,186.35,269.34,269.77,0.505405
2267,583,13395,120.82,92.18,225.2,461.8,0.408846
2268,584,2483,603.43,92.88,252.78,451.68,0.982883
2269,584,19552,150.06,109.61,319.96,487.81,0.91171
2270,584,13395,600.17,686.61,250.4,497.42,0.804036
2271,584,31863,107.75,815.2,281.39,285.89,0.803046
2272,584,3743,106.93,813.63,282.88,287.18,0.778792
2273,586,25469,50.97,789.61,346.42,299.4,0.989698
2274,586,28763,144.37,198.91,211.7,197.87,0.985603
2275,586,3483,574.57,811.69,279.89,192.23,0.984193
2276,586,36637,644.09,168.41,171.66,250.51,0.862227
2277,587,25469,574.49,188.45,328.38,287.04,0.992744
2278,587,3483,126.79,273.77,270.78,185.02,0.991475
2279,587,28763,613.3,859.34,222.54,212.65,0.984201
2280,587,36637,128.89,829.76,185.92,262.72,0.82106
2281,588,28763,163.34,206.39,214.48,204.44,0.992476
2282,588,25469,89.95,831.18,338.43,300.67,0.99001
2283,588,3483,600.73,847.27,280.3,187.51,0.989208
2284,588,36637,674.41,172.07,176.16,255.33,0.96143
2285,589,3483,600.66,869.82,257.48,229.13,0.981545
2286,589,16262,639.8,178.89,243.23,230.14,0.970259
2287,589,19861,128.98,864.74,219.08,168.4,0.968582
2288,589,25367,34.3,117.5,336.71,488.81,0.500256
2289,591,19861,642.22,280.03,217.57,167.97,0.988726
2290,591,3483,148.13,220.46,248.37,217.87,0.977297
2291,591,16262,100.28,852.45,247.68,242.08,0.968882
2292,591,30308,633.43,647.2,338.09,502.83,0.808831
2293,592,19861,644.04,279.34,217.03,169.88,0.984215
2294,592,28763,648.76,901.85,221.73,212.6,0.983522
2295,592,3483,149.34,219.1,248.7,217.5,0.968552
2296,592,29667,116.26,844.05,232.31,227.04,0.967115
2297,593,19861,90.59,826.05,227.1,174.9,0.98991
2298,593,3483,571.15,838.61,261.57,230.87,0.985737
2299,593,28763,114.68,159.59,209.35,197.77,0.980298
2300,593,29667,609.24,193.89,222.72,215.91,0.977012
2301,594,28763,131.11,164.31,212.77,203.43,0.9924
2302,594,3483,598.81,869.96,258.43,230.72,0.983933
2303,594,19861,126.89,864.31,219.93,168.86,0.975811
2304,594,29667,637.8,199.57,226.42,215.21,0.94299
2305,595,3351,397.39,866.63,192.76,192.22,0.987785
2306,595,16232,651.09,289.12,190.14,190.02,0.979931
2307,595,32310,107.63,218.41,251.28,341.05,0.978049
2308,596,32310,575.99,619.91,266.16,370.89,0.991587
2309,596,3351,351.34,161.93,180.96,185.6,0.977164
2310,596,16232,79.68,734.59,198.01,196.67,0.939248
2311,598,33880,544.2,192.56,310.42,418.17,0.995006
2312,598,36637,172.25,333.84,182.53,251.79,0.990366
2313,598,3351,402.21,872.92,189.82,192.36,0.981979
2314,60,34597,543.46,691.72,408.5,487.91,0.996648
2315,60,19861,641.74,279.35,218.04,168.7,0.985094
2316,60,3483,148.5,220.45,247.88,217.42,0.96732
2317,60,35206,104.16,772.35,306.09,392.24,0.949377
2318,600,36637,624.46,722.21,182.88,256.95,0.995522
2319,600,33880,114.97,685.8,307.96,433.41,0.992742
2320,600,3351,388.22,226.7,182.57,182.4,0.918467
2321,601,3483,127.24,305.25,267.29,202.78,0.980033
2322,601,27733,565.62,260.86,300.56,267.07,0.978258
2323,601,16262,154.18,803.91,247.68,241.51,0.972108
2324,601,31885,494.22,634.29,463.07,486.92,0.802127
2325,602,3483,579.65,757.66,273.3,209.47,0.995832
2326,602,31885,36.97,102.77,438.04,477.65,0.98355
2327,602,16262,560.97,216.5,241.79,231.67,0.910293
2328,602,27733,87.78,726.25,319.5,280.89,0.875171
2329,603,31885,45.72,136.96,467.27,471.01,0.988615
2330,603,3483,606.23,793.17,275.01,206.99,0.987514
2331,603,16262,588.76,227.33,246.05,229.9,0.983226
2332,603,27733,124.27,770.94,314.18,272.68,0.926615
2333,605,28763,144.97,247.05,216.0,204.07,0.99364
2334,605,3483,591.08,845.55,285.33,169.93,0.982932
2335,605,28763,98.65,854.95,216.92,204.64,0.980064
2336,605,36637,643.75,208.75,188.62,246.86,0.976406
2337,608,33880,50.5,605.81,314.64,447.66,0.994709
2338,608,29667,588.06,722.62,232.54,231.48,0.985846
2339,608,3351,339.92,190.5,184.78,189.53,0.971644
2340,608,16688,614.74,1132.06,361.26,147.94,0.53413
2341,610,34597,0.0,108.42,397.61,445.87,0.994015
2342,610,3483,561.61,812.23,285.06,175.26,0.992705
2343,610,28763,64.18,810.79,216.4,207.48,0.990469
2344,610,16232,619.5,221.23,188.16,183.99,0.954724
2345,611,34597,582.39,651.88,393.61,466.39,0.99714
2346,611,28763,677.85,256.34,212.82,198.07,0.996554
2347,611,3483,134.1,288.22,274.25,171.63,0.978891
2348,611,16232,140.98,846.45,196.18,193.49,0.916941
2349,612,34597,0.0,135.85,420.07,445.54,0.997068
2350,612,28763,97.42,853.03,216.91,204.55,0.983688
2351,612,16232,648.41,230.4,193.08,180.88,0.983142
2352,612,3483,588.99,845.61,285.09,170.27,0.97972
2353,614,3351,347.13,154.43,184.82,187.89,0.984583
2354,614,19232,165.34,651.05,240.83,358.49,0.969595
2355,614,22074,635.89,727.61,185.73,191.59,0.959305
2356,615,19232,207.76,752.52,238.68,357.68,0.993568
2357,615,22074,672.73,820.24,184.46,186.52,0.980515
2358,615,3351,389.97,214.21,182.55,181.43,0.95265
2359,616,28763,630.18,886.58,222.37,214.53,0.98224
2360,616,19861,641.53,279.02,218.76,169.02,0.981238
2361,616,3483,147.27,219.44,248.7,218.08,0.971034
2362,616,16232,142.29,898.71,196.88,191.84,0.967359
2363,617,28763,146.82,177.51,216.03,202.37,0.991728
2364,617,16232,646.64,174.33,191.56,186.57,0.989356
2365,617,3483,601.18,870.0,256.83,229.5,0.983451
2366,617,19861,128.58,864.33,220.55,169.45,0.945298
2367,618,19861,91.71,826.67,227.66,174.8,0.991921
2368,618,28763,133.11,171.91,208.89,197.5,0.991871
2369,618,3483,573.0,837.39,261.37,231.81,0.989843
2370,618,16232,616.2,170.2,188.4,183.69,0.96309
2371,62,3351,325.05,155.54,185.09,189.11,0.987742
2372,62,36637,541.52,650.92,205.03,252.27,0.98022
2373,62,18147,91.75,549.3,284.88,417.85,0.951702
2374,620,22362,87.01,71.86,241.32,393.83,0.996075
2375,620,2483,77.29,642.58,211.33,487.67,0.993146
2376,620,12778,539.86,640.99,304.04,507.59,0.988152
2377,620,31863,520.93,151.05,267.04,264.96,0.815235
2378,620,3743,521.01,151.49,266.63,265.86,0.620278
2379,621,12778,86.54,57.54,310.2,505.26,0.987382
2380,621,22362,607.38,769.31,251.75,416.29,0.978769
2381,621,2483,646.97,81.15,203.36,489.8,0.963597
2382,621,3743,135.9,847.33,275.56,274.74,0.725604
2383,621,31863,136.16,847.41,274.14,274.27,0.665571
2384,622,41768,126.77,292.66,262.78,295.68,0.986374
2385,622,3351,395.66,889.3,190.51,192.12,0.984513
2386,622,22074,610.56,289.27,186.91,190.74,0.973941
2387,623,3351,350.86,146.8,185.51,190.12,0.984447
2388,623,41768,558.11,632.62,268.96,308.12,0.969494
2389,623,22074,128.44,746.18,187.15,194.46,0.964598
2390,624,41768,601.31,722.53,258.94,308.02,0.987737
2391,624,3351,393.36,208.33,185.01,183.76,0.986112
2392,624,22074,169.2,838.55,185.94,187.47,0.980415
2393,625,16262,153.65,804.06,248.44,241.84,0.983271
2394,625,3483,127.05,305.21,266.26,203.57,0.977584
2395,625,30308,499.57,699.28,418.77,400.62,0.977514
2396,625,27733,565.68,260.51,299.59,266.38,0.961748
2397,627,3483,579.7,757.8,274.0,210.18,0.99583
2398,627,30308,72.89,147.22,404.6,379.72,0.984251
2399,627,16262,560.58,216.63,241.79,230.67,0.949065
2400,627,27733,87.88,727.82,320.26,279.45,0.772031
2401,628,22347,676.24,852.91,215.4,208.19,0.994826
2402,628,3483,126.92,305.31,266.62,202.11,0.980301
2403,628,27733,566.12,260.78,299.76,266.47,0.959411
2404,628,16232,139.43,892.2,197.45,193.38,0.832773
2405,632,12778,496.25,602.38,300.21,508.7,0.984458
2406,632,25438,550.27,182.78,247.62,250.11,0.975545
2407,632,2483,56.9,666.44,217.73,483.54,0.969903
2408,632,12081,124.33,91.62,223.46,464.71,0.496573
2409,633,12778,132.88,131.42,305.6,499.13,0.987925
2410,633,2483,648.28,93.09,204.75,476.34,0.946992
2411,633,25438,130.49,849.32,256.93,265.53,0.830285
2412,633,13395,598.1,679.73,246.33,502.19,0.685645
2413,635,4543,610.4,153.41,206.62,198.94,0.997748
2414,635,28763,617.35,794.68,167.4,216.34,0.937405
2415,635,3544,181.55,196.26,203.81,200.2,0.934231
2416,635,16548,70.56,752.48,237.64,233.1,0.789212
2417,636,28763,199.47,251.26,157.0,218.78,0.978195
2418,636,4543,129.9,907.96,214.02,209.99,0.976749
2419,636,3544,582.98,857.43,215.03,212.91,0.955821
2420,636,16548,651.97,279.22,231.63,224.86,0.947599
2421,637,2483,595.92,119.46,281.7,437.93,0.985562
2422,637,3743,74.73,813.83,326.52,328.34,0.94296
2423,637,19552,55.02,193.85,467.99,342.25,0.940287
2424,637,13395,609.51,697.46,238.6,503.17,0.853544
2425,637,12081,609.92,697.78,237.1,502.13,0.739104
2426,638,19552,50.82,157.23,473.09,348.65,0.971043
2427,638,2483,606.99,79.86,274.62,456.94,0.947907
2428,638,3743,74.52,800.59,320.61,321.76,0.936713
2429,638,13395,599.41,699.46,240.61,487.78,0.730624
2430,64,20014,589.45,265.86,339.73,320.44,0.987483
2431,64,29667,153.22,278.54,229.4,223.51,0.980619
2432,64,3351,396.79,886.87,188.41,190.96,0.976047
2433,640,3832,488.42,281.3,399.74,346.95,0.993419
2434,640,20238,93.37,297.23,230.6,222.99,0.990468
2435,640,3351,404.86,918.21,191.86,193.3,0.946316
2436,641,20238,617.11,707.89,232.69,231.0,0.989374
2437,641,3832,41.95,578.13,408.11,349.43,0.9725
2438,641,3351,342.03,123.96,184.69,186.78,0.948537
2439,644,2483,61.34,649.97,215.77,482.56,0.991662
2440,644,12778,489.03,608.75,294.8,531.22,0.98179
2441,644,3743,486.72,120.02,309.76,306.44,0.963015
2442,644,12081,79.09,93.89,225.84,472.33,0.917834
2443,644,13395,79.55,93.84,225.96,471.84,0.57363
2444,646,34597,400.47,634.07,460.1,430.78,0.993444
2445,646,36637,128.74,828.94,195.19,256.09,0.957917
2446,646,3483,170.89,278.97,261.0,213.23,0.937275
2447,646,27777,638.84,292.43,175.4,198.1,0.86182
2448,646,20877,637.29,292.64,176.91,198.63,0.50241
2449,647,34597,141.0,189.48,455.66,417.7,0.998279
2450,647,36637,664.78,181.94,187.02,246.88,0.987017
2451,647,3483,563.83,814.03,267.39,217.68,0.980189
2452,647,20877,177.74,813.09,177.9,203.94,0.856278
2453,647,27777,178.12,812.97,178.03,205.06,0.653371
2454,648,34597,126.55,155.49,440.62,427.52,0.998492
2455,648,3483,534.89,779.48,269.91,221.51,0.988707
2456,648,36637,634.96,177.74,184.42,243.64,0.985593
2457,65,29667,556.73,728.11,233.39,231.31,0.997253
2458,65,20014,0.0,635.03,339.52,341.55,0.993155
2459,65,3351,350.54,154.29,184.81,186.5,0.987523
2460,65,16688,625.62,1186.81,350.38,93.15,0.605904
2461,65,16688,630.42,1132.76,345.58,147.24,0.463936
2462,650,32310,0.0,706.84,308.6,314.47,0.99356
2463,650,3351,368.89,174.37,179.95,186.69,0.980399
2464,650,36637,561.05,824.19,273.24,165.46,0.951839
2465,652,24850,115.61,842.02,302.99,171.85,0.998526
2466,652,1900,125.77,260.36,196.62,147.69,0.993683
2467,652,16551,566.51,60.13,288.61,470.97,0.656978
2468,653,1900,644.89,856.38,209.22,159.81,0.996389
2469,653,24850,544.67,265.59,295.23,165.48,0.973728
2470,653,16551,90.63,693.4,311.59,490.26,0.950038
2471,654,24850,150.21,879.43,298.47,163.47,0.999841
2472,654,1900,141.39,269.51,200.32,146.21,0.993122
2473,654,16551,591.85,76.52,297.07,471.24,0.799991
2474,656,27926,188.75,711.54,223.74,359.74,0.997867
2475,656,3544,149.16,188.4,207.02,202.83,0.954453
2476,656,33009,631.55,850.88,218.78,135.33,0.931667
2477,656,35206,534.46,181.53,417.44,387.37,0.656777
2478,656,28763,631.52,850.89,216.7,133.76,0.514263
2479,658,1900,164.56,248.17,187.64,178.46,0.992023
2480,658,29451,495.2,823.13,399.16,262.15,0.990568
2481,658,27926,632.91,14.5,282.87,478.55,0.548325
2482,659,1900,147.09,241.09,182.8,179.26,0.994835
2483,659,29451,466.49,783.05,404.39,273.15,0.992669
2484,659,27926,603.87,12.68,278.79,464.91,0.548571
2485,66,20014,33.5,718.5,345.0,338.96,0.997516
2486,66,29667,595.49,819.09,230.46,223.8,0.989548
2487,66,3351,393.65,211.53,182.63,183.23,0.987354
2488,660,1900,641.99,849.15,188.13,184.31,0.996124
2489,660,29451,112.05,218.48,390.84,259.44,0.9943
2490,660,33208,607.06,226.91,301.45,290.09,0.435459
2491,661,16232,687.01,293.21,190.66,189.47,0.979775
2492,661,31863,177.95,302.37,205.98,208.58,0.973831
2493,661,3351,377.53,878.79,189.74,189.69,0.932931
2494,662,3351,369.25,159.86,184.08,190.13,0.992795
2495,662,16232,41.46,743.83,197.59,192.26,0.984579
2496,662,31863,555.1,725.35,209.42,212.85,0.980403
2497,664,28763,631.7,874.32,221.28,212.57,0.99138
2498,664,20877,545.38,292.52,326.58,236.77,0.987698
2499,664,3483,139.9,293.39,213.33,257.03,0.986938
2500,664,36637,163.13,799.47,194.59,258.56,0.961376
2501,665,20877,84.06,725.8,333.7,239.64,0.992699
2502,665,28763,131.27,183.91,211.21,199.0,0.990862
2503,665,3483,626.29,718.78,209.82,268.02,0.982095
2504,665,36637,603.8,202.66,180.22,245.68,0.956832
2505,667,12081,649.82,704.58,236.88,447.32,0.993687
2506,667,2483,576.71,119.69,290.71,448.68,0.984084
2507,667,25438,121.92,823.05,252.04,251.7,0.983898
2508,667,19552,28.44,140.18,467.29,281.19,0.666575
2509,668,12081,65.91,119.26,225.52,427.2,0.995024
2510,668,2483,70.71,652.42,297.18,450.22,0.976754
2511,668,25438,555.97,195.77,247.11,252.06,0.90248
2512,670,22347,681.43,849.83,212.89,206.08,0.998493
2513,670,25469,574.22,189.11,327.96,286.54,0.99004
2514,670,3483,125.46,273.88,271.47,186.0,0.989508
2515,670,35206,134.1,728.4,243.94,411.41,0.987933
2516,672,35206,614.34,118.34,230.43,399.67,0.996112
2517,672,22347,105.19,224.57,208.67,196.87,0.993184
2518,672,25469,90.65,831.34,337.15,301.15,0.991112
2519,672,3483,601.49,846.03,280.75,187.5,0.988608
2520,674,1900,635.38,895.02,205.72,133.33,0.997827
2521,674,27926,596.24,155.37,263.01,453.69,0.982796
2522,674,16548,152.39,890.7,240.81,238.84,0.965005
2523,674,27993,137.12,292.13,282.86,148.68,0.655083
2524,675,27993,551.08,833.18,294.25,146.39,0.98256
2525,675,16548,565.07,133.7,232.21,225.92,0.940105
2526,675,1900,141.04,240.52,197.22,129.09,0.930422
2527,675,27926,95.04,607.96,272.72,488.78,0.528828
2528,677,27926,569.02,627.13,265.03,488.25,0.992049
2529,677,1900,142.19,240.41,197.27,130.2,0.979602
2530,677,16551,620.57,8.4,294.56,460.58,0.929958
2531,679,2483,603.67,86.57,218.76,469.42,0.974795
2532,679,12778,129.35,142.31,345.21,489.38,0.952877
2533,679,12081,596.6,702.05,223.32,464.33,0.908926
2534,679,31863,105.17,811.85,280.8,285.55,0.824183
2535,679,13395,596.95,702.43,223.59,463.99,0.461663
2536,68,30308,507.72,767.04,442.62,374.93,0.992038
2537,68,16232,152.77,828.08,191.81,193.22,0.985904
2538,68,3483,168.33,279.1,262.7,213.41,0.940857
2539,68,27777,637.12,291.65,176.62,199.25,0.87738
2540,68,20877,635.5,291.59,178.17,200.08,0.498078
2541,680,2483,77.51,679.91,238.95,480.12,0.991465
2542,680,12778,473.03,602.04,341.8,473.71,0.94886
2543,680,12081,143.67,108.34,205.9,434.81,0.923893
2544,680,3743,552.11,193.58,268.77,268.55,0.824925
2545,681,2483,603.86,55.58,233.39,479.91,0.995638
2546,681,12778,132.15,127.86,339.5,470.22,0.993572
2547,681,12081,588.94,700.77,216.82,451.9,0.892054
2548,681,31863,103.47,801.02,275.38,273.72,0.85816
2549,684,1900,180.05,267.91,130.64,201.31,0.999428
2550,684,29345,579.37,718.85,319.5,424.9,0.970635
2551,684,16551,526.83,89.14,365.88,430.24,0.898883
2552,685,12081,647.13,705.63,235.95,448.16,0.995381
2553,685,2483,576.93,120.46,291.16,449.19,0.984907
2554,685,12778,96.0,15.66,297.2,516.49,0.953863
2555,685,25438,118.61,821.56,253.1,252.33,0.952528
2556,688,34597,98.82,186.71,459.34,404.75,0.998188
2557,688,20238,612.57,185.33,223.53,213.99,0.996029
2558,688,3483,579.84,758.17,274.47,209.4,0.995743
2559,688,27733,88.16,726.61,319.84,280.65,0.90022
2560,692,28763,676.56,256.39,214.05,198.34,0.996807
2561,692,22347,657.56,835.85,212.4,208.25,0.989967
2562,692,35206,102.72,683.71,201.55,421.18,0.985897
2563,692,3483,133.73,287.61,274.03,172.35,0.977475
2564,694,35206,155.28,278.47,258.93,389.13,0.989682
2565,694,19232,503.09,237.76,324.35,254.46,0.98567
2566,694,3351,402.64,851.15,187.58,189.39,0.984982
2567,697,38162,137.06,261.7,226.12,265.27,0.983267
2568,697,3351,401.69,855.79,192.91,190.31,0.981543
2569,697,18357,601.72,206.13,239.82,339.06,0.979742
2570,698,18357,77.14,632.16,251.7,375.13,0.991845
2571,698,38162,572.56,677.24,237.66,286.79,0.98929
2572,698,3351,347.87,171.82,178.61,187.04,0.978852
2573,70,1900,631.61,901.1,208.44,156.22,0.993223
2574,70,29451,45.57,234.78,403.8,221.83,0.968651
2575,70,16551,52.66,704.77,293.65,502.1,0.539717
2576,700,19861,91.89,826.39,228.27,175.06,0.988343
2577,700,3483,573.66,837.24,260.17,231.42,0.986947
2578,700,16232,617.17,171.64,186.83,183.34,0.976898
2579,700,30308,71.35,133.78,388.8,393.76,0.718813
2580,701,16232,646.47,175.34,190.8,186.26,0.991321
2581,701,3483,600.55,869.93,257.68,228.1,0.983527
2582,701,19861,129.16,864.18,219.5,169.48,0.966333
2583,701,30308,86.36,149.7,404.51,405.22,0.711045
2584,702,19861,641.46,279.79,218.3,168.53,0.985704
2585,702,3483,147.69,220.44,249.02,217.95,0.975417
2586,702,16232,143.04,898.85,196.7,191.73,0.958899
2587,702,30308,512.38,699.21,404.78,413.96,0.653225
2588,702,34597,512.87,698.46,403.44,415.52,0.415166
2589,705,22347,121.96,200.8,209.17,198.03,0.995365
2590,705,3483,593.14,874.93,256.55,228.71,0.989317
2591,705,19861,120.07,864.55,221.03,168.7,0.976888
2592,705,29667,637.92,205.81,226.93,213.61,0.976222
2593,706,2483,604.52,94.02,251.32,449.98,0.984613
2594,706,12778,74.49,117.65,343.61,488.15,0.878242
2595,706,3743,107.16,813.86,282.18,287.04,0.840526
2596,706,13395,600.35,685.74,249.55,498.45,0.812202
2597,706,31863,108.09,815.5,280.4,285.44,0.75964
2598,707,2483,70.63,693.12,253.73,470.1,0.979562
2599,707,3743,546.83,187.7,269.8,269.34,0.883057
2600,707,12778,536.64,634.15,351.45,484.27,0.715191
2601,707,12081,120.96,92.64,225.18,460.91,0.707059
2602,707,19552,535.86,634.43,352.24,482.68,0.433016
2603,707,13395,120.59,92.26,225.86,461.14,0.430432
2604,708,2483,613.41,53.64,250.52,470.37,0.972822
2605,708,12778,68.85,83.01,350.05,490.49,0.954025
2606,708,3743,106.38,800.5,277.2,279.3,0.911441
2607,708,31863,106.31,800.71,276.16,278.89,0.770957
2608,708,13395,594.42,684.78,237.62,486.39,0.668763
2609,710,3483,579.71,757.67,274.45,210.79,0.99585
2610,710,28763,157.2,234.14,212.83,200.21,0.993753
2611,710,16262,562.02,216.44,242.27,230.66,0.970821
2612,710,27733,88.06,727.74,320.5,279.72,0.873014
2613,712,12778,102.18,109.56,294.73,533.94,0.992606
2614,712,2483,626.27,100.4,224.34,467.82,0.973187
2615,712,13395,637.5,676.08,241.81,509.51,0.972909
2616,712,3743,134.91,841.52,280.5,287.18,0.904717
2617,712,31863,134.65,841.39,280.28,286.7,0.516156
2618,713,12778,540.83,591.73,304.67,526.79,0.994937
2619,713,2483,83.68,657.66,221.5,489.55,0.986383
2620,713,12081,88.14,92.81,222.34,470.01,0.952979
2621,713,3743,524.36,162.95,265.98,267.47,0.625497
2622,713,31863,524.25,162.19,266.99,268.5,0.511811
2623,714,12778,99.92,72.1,302.09,536.51,0.996181
2624,714,2483,639.78,60.81,214.75,489.93,0.985579
2625,714,13395,631.69,676.22,231.1,496.23,0.946004
2626,714,3743,132.71,830.28,275.56,278.48,0.72065
2627,714,31863,132.98,829.95,274.06,278.81,0.609078
2628,716,12081,611.41,713.79,237.38,465.4,0.998322
2629,716,2483,584.53,106.28,233.11,465.15,0.992737
2630,716,3743,116.43,794.77,330.02,330.27,0.964755
2631,716,12778,91.85,115.73,330.53,514.88,0.637969
2632,716,19552,92.33,116.23,329.78,513.8,0.570415
2633,717,2483,87.34,667.96,253.49,470.25,0.99601
2634,717,12081,109.28,111.52,224.67,430.44,0.992894
2635,717,3743,493.25,167.45,313.6,301.23,0.976716
2636,717,19552,517.21,605.74,335.93,491.82,0.909052
2637,719,1900,122.64,261.6,199.53,147.27,0.995663
2638,719,16548,552.4,182.63,230.19,225.88,0.966345
2639,719,21771,90.71,809.55,193.32,190.11,0.923483
2640,72,29451,549.09,843.23,412.02,219.73,0.993504
2641,72,1900,159.18,225.19,201.9,151.84,0.988051
2642,72,16551,644.9,50.23,287.35,474.78,0.698027
2643,720,1900,649.21,855.78,206.99,159.89,0.99744
2644,720,16548,166.44,840.75,240.49,238.1,0.967012
2645,720,21771,674.21,287.51,187.91,179.94,0.573417
2646,721,3483,580.2,757.51,273.71,209.7,0.995564
2647,721,31885,65.34,159.89,454.84,466.53,0.991444
2648,721,27733,88.52,726.59,318.61,281.49,0.900863
2649,721,27733,572.95,116.14,248.07,384.31,0.768018
2650,721,35206,572.57,118.53,248.42,382.74,0.606834
2651,724,16548,105.52,736.92,237.98,231.72,0.97324
2652,724,3544,132.06,176.26,201.91,200.96,0.951387
2653,725,3544,635.01,884.45,214.96,212.21,0.987396
2654,725,16548,617.92,300.13,230.81,226.99,0.934595
2655,726,3544,147.92,181.46,207.8,202.73,0.982054
2656,726,16548,138.7,773.65,236.0,229.54,0.942554
2657,727,25469,10.98,812.95,384.14,222.12,0.990739
2658,727,25367,39.32,155.93,408.11,445.07,0.988315
2659,727,3483,575.25,810.06,279.27,192.74,0.985821
2660,727,16232,602.0,213.26,185.1,182.98,0.981685
2661,728,25469,47.31,855.1,379.16,219.4,0.997442
2662,728,3483,601.47,845.54,281.02,186.86,0.987465
2663,728,25367,55.59,180.61,420.12,445.73,0.980074
2664,728,16232,630.78,218.62,189.6,188.52,0.977112
2665,73,27926,165.49,672.29,223.3,364.46,0.998145
2666,73,16262,591.56,849.3,212.82,127.64,0.766712
2667,73,3544,71.74,198.71,203.26,200.71,0.749203
2668,73,16551,528.9,75.87,358.42,424.02,0.727711
2669,731,4543,610.78,141.13,206.58,199.54,0.998188
2670,731,3544,101.84,158.37,201.58,199.68,0.949048
2671,731,16548,118.57,769.76,238.17,230.76,0.942103
2672,732,4543,129.82,916.09,213.81,215.52,0.990112
2673,732,3544,667.99,897.56,215.38,212.72,0.963026
2674,732,16548,607.8,264.93,229.49,223.13,0.927106
2675,738,1900,87.19,259.1,200.24,128.09,0.99164
2676,738,16551,587.9,87.06,291.34,463.72,0.744169
2677,738,30308,134.36,648.37,271.46,448.74,0.432263
2678,740,19607,656.93,272.85,155.83,149.64,0.993292
2679,740,16548,120.09,803.79,240.7,236.69,0.990756
2680,740,1900,641.95,825.46,173.51,206.59,0.975946
2681,742,12778,561.74,541.65,289.92,522.28,0.973814
2682,742,2483,82.98,675.46,248.75,470.79,0.964103
2683,742,25438,568.67,188.23,245.06,250.95,0.861622
2684,742,12081,83.06,103.11,211.47,433.4,0.69647
2685,743,12778,94.64,125.64,286.3,532.78,0.989502
2686,743,2483,606.14,72.81,245.12,465.27,0.95154
2687,743,13395,643.12,707.36,216.18,452.61,0.944527
2688,743,25438,110.92,831.3,251.61,252.2,0.899943
2689,745,16262,661.49,271.84,238.47,230.77,0.978848
2690,745,32310,113.93,182.66,229.84,357.24,0.973369
2691,745,3351,351.0,891.42,193.07,193.58,0.951074
2692,747,32310,636.09,737.87,235.38,388.44,0.986303
2693,747,3351,437.63,194.28,182.2,180.91,0.975853
2694,747,16262,61.2,798.52,243.72,237.94,0.968271
2695,75,27926,196.19,717.68,223.32,358.34,0.996376
2696,75,3544,88.42,207.67,206.07,203.06,0.962518
2697,75,16262,619.4,880.33,209.79,124.46,0.80837
2698,75,16551,551.57,81.55,366.39,432.19,0.776791
2699,75,27993,619.64,880.66,209.2,124.81,0.58805
2700,750,29345,584.49,132.35,272.65,411.36,0.989457
2701,750,16548,146.36,789.57,241.64,235.89,0.971952
2702,750,1900,687.89,806.59,130.03,208.3,0.970376
2703,752,27926,165.21,671.23,224.29,365.15,0.998996
2704,752,3544,92.47,195.88,201.47,199.31,0.944895
2705,752,16548,557.17,135.46,229.97,226.38,0.908909
2706,754,3832,86.78,654.45,373.49,378.72,0.993189
2707,754,3351,373.42,197.31,183.76,181.81,0.964912
2708,754,29667,624.93,761.16,229.24,222.02,0.952481
2709,756,3832,515.92,250.3,366.57,382.65,0.995782
2710,756,3351,417.55,888.81,188.49,192.46,0.983227
2711,756,29667,124.76,318.65,227.67,224.25,0.947336
2712,758,19861,642.92,279.87,218.48,168.66,0.987731
2713,758,3483,148.72,219.54,248.83,217.91,0.967532
2714,758,31885,556.0,655.63,342.66,557.57,0.828655
2715,759,19861,90.71,825.95,226.87,175.36,0.988878
2716,759,3483,570.34,838.37,262.26,230.99,0.982295
2717,759,31885,82.96,26.79,325.05,530.8,0.979026
2718,760,1900,159.23,258.14,127.22,199.38,0.995977
2719,760,33208,655.12,803.29,215.15,205.02,0.993209
2720,760,29345,90.46,709.0,288.8,445.19,0.981045
2721,760,16548,581.52,201.14,230.86,227.29,0.963891
2722,761,1900,178.42,269.1,127.8,200.15,0.995843
2723,761,29345,127.62,747.87,283.76,441.66,0.993701
2724,761,33208,682.73,834.28,212.31,203.74,0.979134
2725,761,16548,608.21,211.81,237.87,226.27,0.934799
2726,763,20238,112.5,854.58,232.57,226.03,0.996047
2727,763,3483,126.52,305.15,267.17,204.04,0.978343
2728,763,27733,565.73,261.15,299.92,265.73,0.972434
2729,763,31885,494.77,638.62,463.09,492.17,0.832923
2730,764,20238,642.68,190.7,227.87,214.85,0.996675
2731,764,31885,45.6,133.55,467.25,469.36,0.989786
2732,764,3483,605.85,792.79,274.74,208.09,0.987589
2733,764,27733,124.19,770.45,314.15,272.78,0.931009
2734,766,34597,565.74,730.72,410.26,473.49,0.99753
2735,766,3483,140.84,292.59,212.73,255.23,0.990362
2736,766,20877,546.1,293.7,326.62,235.55,0.989679
2737,766,36637,163.41,798.28,194.53,257.12,0.98112
2738,768,34597,7.81,23.99,399.69,456.3,0.996321
2739,768,20877,82.98,725.25,334.32,241.21,0.992306
2740,768,3483,623.83,719.28,212.1,269.54,0.983018
2741,768,36637,603.06,205.05,180.55,244.23,0.944579
2742,772,1900,105.09,269.47,203.79,122.17,0.981965
2743,772,33208,638.78,878.95,211.57,199.45,0.941972
2744,772,16551,554.81,79.86,293.87,476.61,0.767948
2745,773,1900,85.24,260.11,202.36,126.2,0.985391
2746,773,33208,610.68,846.53,214.7,206.45,0.974306
2747,773,30308,134.46,647.18,272.02,449.46,0.580244
2748,773,16551,528.74,73.01,288.69,467.89,0.449256
2749,778,25469,47.47,855.17,378.61,219.81,0.996752
2750,778,3483,600.84,845.46,280.9,187.5,0.9871
2751,778,30308,87.3,168.58,405.1,403.93,0.985011
2752,778,16232,630.49,219.1,189.96,187.91,0.982513
2753,779,25469,571.8,231.89,369.94,219.5,0.99501
2754,779,16232,162.94,855.59,193.77,190.67,0.993221
2755,779,3483,125.86,273.82,270.52,186.54,0.991575
2756,779,30308,506.92,685.97,413.2,408.25,0.986504
2757,780,25469,11.13,813.61,383.79,221.72,0.993323
2758,780,30308,69.34,148.8,393.05,395.05,0.987564
2759,780,3483,575.3,810.84,279.63,192.42,0.985533
2760,780,16232,601.99,213.14,185.49,182.82,0.980424
2761,782,20014,8.85,625.34,348.91,345.15,0.998948
2762,782,22074,586.12,728.41,187.33,194.22,0.947666
2763,782,3351,340.04,183.29,184.62,188.69,0.94533
2764,785,28763,676.43,256.41,214.12,197.54,0.995568
2765,785,25367,540.19,696.71,390.84,485.0,0.992473
2766,785,35206,101.34,686.22,203.98,416.78,0.986619
2767,785,3483,133.52,287.65,274.07,171.85,0.975461
2768,787,20238,113.27,857.15,227.97,225.76,0.985041
2769,787,19861,642.47,279.34,217.78,168.73,0.979863
2770,787,3483,147.79,220.64,248.72,217.78,0.975466
2771,787,34597,533.98,651.55,350.99,514.94,0.814974
2772,787,30308,534.72,652.78,350.0,512.8,0.80184
2773,788,20238,616.28,185.12,221.67,212.51,0.994734
2774,788,19861,92.12,826.39,227.57,174.88,0.989883
2775,788,3483,573.84,837.16,261.49,232.18,0.985038
2776,788,30308,101.8,68.97,330.37,483.46,0.934681
2777,79,3351,388.11,845.46,187.72,190.51,0.987798
2778,79,16262,127.7,297.87,244.59,235.29,0.984439
2779,79,19232,500.7,236.7,328.38,255.94,0.980384
2780,797,27993,496.7,853.27,332.78,165.25,0.998238
2781,797,4543,602.76,187.87,199.66,199.67,0.995271
2782,797,3544,146.04,189.51,204.2,199.11,0.860756
2783,797,16551,43.01,529.21,314.42,477.21,0.588741
2784,798,27993,525.43,889.99,332.41,157.69,0.999304
2785,798,4543,630.25,191.66,210.15,201.4,0.995218
2786,798,3544,163.32,196.72,207.82,201.26,0.943812
2787,798,16551,71.98,577.39,315.03,466.81,0.669627
2788,799,28763,171.12,179.22,212.99,201.0,0.991705
2789,799,20238,645.24,188.48,225.88,216.35,0.989275
2790,799,3483,601.06,869.05,257.95,230.49,0.979516
2791,799,19861,128.93,864.78,220.26,168.8,0.954621
2792,8,20238,624.35,176.12,226.39,217.18,0.98618
2793,8,22347,130.85,221.35,207.35,195.94,0.985131
2794,8,28763,98.5,854.72,217.15,203.73,0.981401
2795,8,3483,590.41,845.64,285.9,170.29,0.977132
2796,80,16262,566.26,695.0,251.62,246.17,0.989831
2797,80,3351,361.06,193.9,182.15,189.42,0.984891
2798,80,19232,95.43,697.59,337.91,268.33,0.980505
2799,807,19861,647.33,279.85,219.55,169.92,0.993891
2800,807,30308,613.94,709.48,308.42,514.1,0.983394
2801,807,3483,156.56,216.45,247.56,218.68,0.980148
2802,807,29667,117.58,838.52,231.79,227.17,0.948172
2803,808,27926,190.46,709.98,224.98,360.07,0.996172
2804,808,27926,632.13,824.6,174.68,241.89,0.961628
2805,808,16232,631.82,824.1,175.58,242.46,0.888261
2806,808,16551,614.26,47.86,333.92,457.78,0.856017
2807,808,3544,108.56,204.76,210.03,203.83,0.796699
2808,810,27926,158.36,667.71,226.7,362.33,0.99304
2809,810,3544,92.47,196.73,203.01,199.34,0.977071
2810,810,16232,604.46,786.96,180.83,250.03,0.961379
2811,810,16551,586.49,45.53,328.86,446.62,0.932951
2812,815,32310,519.34,612.99,280.78,359.74,0.977855
2813,815,20238,98.59,712.02,231.1,227.94,0.959704
2814,815,3351,362.65,169.47,180.95,185.63,0.950895
2815,817,30308,98.17,154.63,382.87,421.96,0.988102
2816,817,16232,648.77,230.65,192.54,180.66,0.987898
2817,817,28763,97.29,853.53,216.9,203.98,0.985438
2818,817,3483,589.09,845.63,284.96,169.82,0.980234
2819,818,28763,678.44,256.84,212.37,198.37,0.997683
2820,818,3483,133.28,287.99,274.99,171.53,0.978748
2821,818,30308,524.1,675.89,384.84,430.69,0.973918
2822,818,16232,140.41,846.26,197.32,193.72,0.95529
2823,819,3483,561.25,811.48,285.92,175.5,0.992663
2824,819,28763,64.09,811.36,217.84,206.99,0.991197
2825,819,30308,80.44,138.43,374.3,410.08,0.985678
2826,819,16232,619.57,221.27,189.16,183.99,0.975217
2827,82,22362,606.99,723.29,270.98,428.02,0.994245
2828,82,2483,625.39,89.15,205.16,478.9,0.97076
2829,82,3743,120.58,835.45,330.48,334.87,0.951048
2830,82,12778,117.68,127.71,325.41,513.25,0.670378
2831,82,19552,118.01,129.08,324.63,512.99,0.588114
2832,820,2483,78.69,696.16,230.6,479.94,0.994848
2833,820,3743,483.26,146.37,310.99,309.65,0.967562
2834,820,19552,483.76,645.15,343.55,484.52,0.958145
2835,820,13395,139.34,113.02,214.26,427.34,0.808656
2836,822,2483,616.51,70.32,200.47,467.41,0.994904
2837,822,3743,128.64,815.06,330.6,328.78,0.989815
2838,822,19552,124.54,98.11,333.45,491.62,0.932065
2839,822,13395,591.03,705.4,234.91,460.71,0.921406
2840,826,3351,407.66,862.45,190.81,191.06,0.989772
2841,826,18147,537.18,320.67,302.86,385.48,0.968312
2842,826,38162,175.47,206.37,252.21,258.11,0.919185
2843,828,3351,382.28,235.74,185.53,185.51,0.993767
2844,828,38162,550.38,863.52,250.58,251.86,0.981293
2845,828,18147,131.09,574.68,303.24,405.89,0.981087
2846,829,28763,96.23,168.12,211.75,200.57,0.990951
2847,829,3483,534.44,779.22,271.0,221.61,0.990274
2848,829,36637,636.19,177.67,182.33,242.27,0.95802
2849,83,22362,88.44,113.86,248.82,395.69,0.99851
2850,83,2483,85.83,664.55,215.53,487.03,0.985532
2851,83,3743,489.61,128.82,310.61,302.44,0.912544
2852,83,19552,505.62,596.33,326.0,488.43,0.873063
2853,83,12778,505.52,595.6,327.13,490.31,0.69871
2854,830,28763,666.47,889.96,221.88,213.02,0.996138
2855,830,36637,127.89,828.76,197.06,257.47,0.969149
2856,830,3483,170.78,278.44,260.61,213.66,0.949531
2857,830,27777,638.55,291.52,175.46,199.09,0.865205
2858,830,20877,636.96,291.54,176.95,199.82,0.590905
2859,831,36637,665.05,181.75,187.31,246.59,0.981684
2860,831,3483,564.06,813.44,267.12,217.79,0.97922
2861,831,28763,112.5,173.75,215.48,202.98,0.978958
2862,831,20877,177.54,813.67,179.25,203.86,0.723868
2863,831,27777,178.04,813.49,179.15,204.9,0.670821
2864,832,1900,623.39,889.23,208.88,138.75,0.988903
2865,832,16548,607.61,162.86,235.09,225.44,0.984248
2866,832,3544,139.13,868.7,178.59,174.33,0.973834
2867,838,33208,588.08,801.05,214.86,205.5,0.987091
2868,838,16548,591.29,162.27,232.78,226.31,0.961809
2869,838,1900,141.52,240.74,197.99,129.33,0.954686
2870,838,27926,89.97,609.97,276.24,487.52,0.594251
2871,842,34597,466.78,664.47,467.68,436.41,0.995943
2872,842,27733,564.97,261.23,300.61,267.12,0.9748
2873,842,3483,127.16,305.31,266.14,202.87,0.971009
2874,842,16262,153.12,804.23,248.23,240.81,0.955636
2875,85,29345,585.95,676.48,288.15,450.67,0.988014
2876,85,1900,162.9,256.0,125.93,199.63,0.984714
2877,85,16548,569.6,252.05,232.89,225.48,0.954634
2878,85,21771,147.96,849.14,196.26,190.28,0.44854
2879,851,22362,607.06,721.47,271.07,429.72,0.990109
2880,851,12778,106.85,141.27,312.81,501.31,0.989943
2881,851,2483,624.31,88.98,208.53,479.55,0.970832
2882,851,3743,120.77,834.95,330.12,335.64,0.956957
2883,855,12778,84.11,126.07,312.4,529.19,0.997317
2884,855,2483,617.75,70.79,200.53,466.51,0.993149
2885,855,3743,129.13,814.42,330.74,329.95,0.983737
2886,855,13395,591.33,704.95,235.15,460.98,0.917338
2887,857,3351,338.79,132.68,184.1,188.89,0.986979
2888,857,16262,93.78,678.37,245.4,245.71,0.980406
2889,857,31863,574.05,745.0,208.65,212.86,0.971178
2890,858,16262,134.89,768.88,243.51,238.69,0.980726
2891,858,31863,610.27,834.82,209.7,205.93,0.979553
2892,858,3351,382.56,190.37,180.45,183.98,0.910004
2893,86,1900,683.21,806.94,133.22,209.38,0.985063
2894,86,29345,115.85,156.9,271.17,411.38,0.980411
2895,86,16548,152.26,769.08,239.39,236.88,0.925051
2896,86,21771,617.81,251.24,188.31,179.92,0.899566
2897,861,12081,654.63,706.76,250.45,462.25,0.997538
2898,861,2483,569.5,156.0,293.02,429.62,0.991417
2899,861,19552,68.83,92.36,346.08,468.55,0.976376
2900,861,25438,124.2,833.11,256.43,263.9,0.862431
2901,862,34597,75.49,130.48,454.76,420.6,0.992985
2902,862,25469,89.76,831.24,337.31,300.71,0.99103
2903,862,3483,600.96,847.2,280.71,186.73,0.988182
2904,862,36637,673.24,172.55,175.24,254.1,0.984742
2905,864,34597,63.5,106.74,437.25,425.88,0.998073
2906,864,25469,50.25,789.22,347.83,299.75,0.992569
2907,864,3483,574.34,811.63,279.76,192.1,0.983403
2908,864,36637,643.97,168.98,169.94,250.78,0.960488
2909,866,3832,472.62,561.55,395.39,371.73,0.991871
2910,866,16688,34.17,523.76,439.27,575.77,0.987983
2911,866,3351,306.68,172.33,184.21,189.08,0.948779
2912,867,3832,518.91,658.89,383.69,364.64,0.988863
2913,867,3351,349.36,232.64,181.09,184.4,0.985592
2914,867,16688,73.48,621.37,437.01,591.73,0.981147
2915,868,31885,32.01,56.37,413.48,510.18,0.994301
2916,868,16232,648.2,230.26,194.25,181.36,0.989594
2917,868,3483,588.56,845.53,285.7,170.4,0.984143
2918,868,28763,97.1,853.61,215.86,204.22,0.982692
2919,869,31885,21.36,35.68,391.07,506.64,0.998864
2920,869,3483,561.61,812.16,285.51,175.63,0.992627
2921,869,28763,63.38,811.52,219.53,206.76,0.990691
2922,869,16232,619.69,221.05,188.91,183.88,0.985515
2923,870,28763,677.15,256.71,214.13,198.5,0.997268
2924,870,3483,134.32,287.48,274.33,172.38,0.97592
2925,870,16232,140.49,846.5,197.84,193.91,0.934398
2926,870,31885,565.67,669.73,410.33,528.16,0.932256
2927,873,16688,71.68,619.19,442.24,592.14,0.982632
2928,873,3351,344.68,225.02,182.92,183.77,0.982057
2929,873,18147,619.14,669.69,282.22,421.4,0.889825
2930,874,31885,141.66,150.94,437.12,476.92,0.995295
2931,874,20877,84.43,725.76,333.27,239.75,0.983767
2932,874,3483,625.52,719.27,210.52,267.42,0.977825
2933,874,16232,626.16,221.5,188.62,184.71,0.939189
2934,875,31885,159.46,175.83,445.96,479.99,0.99637
2935,875,20877,118.45,768.7,327.45,231.85,0.980485
2936,875,3483,651.42,750.62,210.31,266.02,0.972687
2937,875,16232,655.92,232.2,192.09,178.34,0.969772
2938,878,36637,642.74,209.4,189.15,246.39,0.986832
2939,878,28763,98.31,853.4,216.69,204.54,0.976041
2940,878,3483,590.45,845.95,286.35,169.06,0.973905
2941,878,34597,77.02,125.61,334.55,492.84,0.888609
2942,879,28763,64.24,811.28,218.44,207.57,0.99204
2943,879,3483,563.85,810.97,284.33,174.43,0.991428
2944,879,36637,612.86,204.38,185.06,240.68,0.985538
2945,879,30308,60.52,95.27,329.19,498.82,0.7514
2946,879,34597,62.14,94.63,328.21,499.44,0.519721
2947,88,1900,133.16,230.62,202.74,138.06,0.996306
2948,88,27926,607.64,48.44,291.4,480.48,0.679515
2949,880,12081,73.58,96.88,225.08,472.45,0.98009
2950,880,2483,75.39,663.82,228.45,489.08,0.968424
2951,880,12778,505.24,602.74,312.94,506.69,0.964441
2952,880,31863,509.13,160.12,268.29,266.99,0.608748
2953,880,3743,509.62,160.67,267.67,267.13,0.516784
2954,882,12778,124.74,87.18,312.79,511.2,0.9918
2955,882,2483,638.05,60.41,223.77,483.01,0.985711
2956,882,13395,642.14,670.53,233.57,495.32,0.965526
2957,882,31863,147.38,832.59,276.61,278.59,0.887465
2958,883,25469,47.07,855.67,379.6,219.72,0.995397
2959,883,28763,142.18,231.12,216.26,203.54,0.994128
2960,883,3483,601.06,845.01,281.53,187.71,0.986454
2961,883,16232,630.31,218.25,190.73,188.58,0.960654
2962,886,35206,541.54,263.98,272.3,385.31,0.988168
2963,886,31863,161.97,284.94,208.2,207.37,0.979532
2964,886,3351,411.03,891.35,188.27,191.77,0.957521
2965,888,35206,161.2,647.48,266.1,392.78,0.992998
2966,888,31863,608.65,835.52,208.01,205.71,0.989793
2967,888,3351,380.71,206.77,183.41,183.52,0.905367
2968,889,28763,710.25,887.75,219.98,211.42,0.994635
2969,889,20877,546.08,292.65,325.69,236.45,0.985548
2970,889,3483,141.05,292.14,212.46,258.61,0.984731
2971,889,16232,134.95,847.26,193.96,192.8,0.895264
2972,89,1900,113.31,223.52,202.29,139.34,0.996589
2973,89,27926,582.25,44.23,282.59,471.84,0.692407
2974,891,20877,84.38,726.28,332.67,240.42,0.99153
2975,891,28763,56.7,172.32,210.34,199.81,0.990307
2976,891,3483,625.55,719.15,211.32,268.26,0.983931
2977,891,16232,626.82,220.84,188.28,183.4,0.940691
2978,894,20877,82.68,724.97,333.83,241.25,0.989676
2979,894,25367,31.56,31.34,409.15,435.53,0.988648
2980,894,3483,623.95,719.36,212.73,268.91,0.984889
2981,894,36637,602.97,205.27,180.9,244.44,0.959498
2982,895,3544,92.18,220.15,202.97,199.18,0.96793
2983,895,3544,100.13,821.41,181.09,177.44,0.934568
2984,895,16551,536.65,31.18,296.89,470.42,0.743877
2985,895,3544,583.87,772.74,227.78,224.12,0.487821
2986,896,3544,109.27,230.17,209.85,201.83,0.929594
2987,896,16551,564.32,47.41,309.65,467.89,0.899608
2988,896,3544,134.17,856.5,179.43,174.28,0.792276
2989,896,29667,612.67,811.97,223.54,214.79,0.449815
2990,897,3544,674.63,835.25,214.96,209.29,0.958437
2991,897,16551,117.04,725.94,313.22,486.23,0.921144
2992,897,3544,676.41,285.31,178.05,171.19,0.731126
2993,898,27926,567.41,581.45,264.08,487.7,0.988785
2994,898,3544,119.12,170.6,203.15,198.0,0.981659
2995,898,16548,73.27,777.48,238.66,234.04,0.832061
2996,898,12247,619.19,207.95,174.94,183.68,0.816577
2997,898,1900,618.79,207.84,173.93,183.39,0.741637
2998,9,28763,65.59,811.96,219.39,206.57,0.993239
2999,9,3483,563.93,811.98,284.07,174.89,0.992636
3000,9,22347,112.69,211.18,202.86,193.93,0.990495
3001,9,20238,595.06,172.81,221.95,214.18,0.968844
3002,90,1900,657.89,902.41,210.3,150.09,0.998051
3003,90,16551,86.09,711.05,291.61,491.17,0.821228
3004,900,27926,593.68,627.11,256.73,478.21,0.988925
3005,900,3544,135.49,176.22,208.84,202.47,0.980939
3006,900,16548,107.08,821.34,235.43,228.61,0.956345
3007,900,12247,647.05,208.68,180.18,187.91,0.67543
3008,904,20238,642.57,190.23,227.57,215.14,0.99694
3009,904,30308,164.88,52.94,280.91,474.38,0.992858
3010,904,3483,606.63,792.71,275.41,207.48,0.987834
3011,904,27733,124.35,770.62,313.37,272.69,0.915556
3012,906,20238,112.46,854.3,231.82,227.05,0.995049
3013,906,3483,126.6,304.75,266.72,204.06,0.981122
3014,906,30308,549.62,719.12,295.13,485.37,0.971691
3015,906,27733,564.49,260.88,301.26,266.42,0.964754
3016,908,20238,115.92,715.07,229.21,228.68,0.992329
3017,908,3351,305.47,193.01,182.89,188.91,0.982655
3018,908,31863,574.52,744.9,208.44,212.86,0.965427
3019,91,1900,632.25,895.01,208.0,134.45,0.997358
3020,91,27926,145.57,141.22,258.97,457.83,0.993107
3021,91,16548,123.13,865.63,240.31,238.3,0.97733
3022,91,19607,687.98,300.84,156.71,148.13,0.880467
3023,910,25367,508.97,704.8,452.34,439.01,0.99666
3024,910,3483,173.04,276.72,261.56,215.2,0.938738
3025,910,27777,640.58,293.48,174.53,198.25,0.86993
3026,910,29667,126.38,879.95,230.7,227.24,0.806604
3027,910,20877,639.26,293.5,175.75,198.86,0.588232
3028,912,3483,532.8,779.54,270.74,223.61,0.983089
3029,912,25367,35.0,107.05,440.79,421.02,0.976744
3030,912,29667,600.29,160.59,220.2,215.62,0.912194
3031,914,35206,43.12,612.6,338.18,357.08,0.989826
3032,914,13900,553.65,707.32,206.05,248.03,0.976046
3033,914,3351,369.11,122.21,183.84,191.25,0.975207
3034,915,35206,86.06,708.56,338.32,349.82,0.991372
3035,915,13900,594.62,798.19,200.49,243.72,0.976523
3036,915,3351,411.57,180.11,185.92,182.85,0.970629
3037,916,25367,500.33,683.5,461.26,423.8,0.996351
3038,916,3483,125.92,304.84,268.33,203.37,0.975757
3039,916,27733,565.99,260.7,300.17,267.04,0.958906
3040,916,16232,139.96,892.85,197.82,193.94,0.890885
3041,919,30308,493.79,677.36,366.76,442.89,0.981678
3042,919,3483,125.37,306.03,265.91,203.8,0.980195
3043,919,27733,564.66,260.59,299.96,266.79,0.958206
3044,919,20877,98.21,881.71,270.47,180.37,0.475444
3045,920,3483,581.58,756.59,274.14,209.21,0.994957
3046,920,30308,130.14,125.51,354.63,420.11,0.989138
3047,920,27733,90.3,726.48,318.66,283.03,0.891064
3048,920,20877,589.69,200.9,259.28,171.57,0.729231
3049,923,25367,537.38,713.19,438.54,446.13,0.995774
3050,923,16262,109.82,836.27,247.04,241.78,0.992014
3051,923,3483,140.37,292.29,214.39,256.86,0.987979
3052,923,20877,545.9,293.96,326.6,233.96,0.987553
3053,925,34597,487.44,626.26,438.09,454.8,0.993755
3054,925,19861,642.4,279.87,217.57,167.89,0.983321
3055,925,3483,148.04,220.07,248.67,218.23,0.972896
3056,925,16232,142.62,898.94,197.85,191.93,0.968507
3057,927,34597,65.52,141.96,420.8,444.89,0.992926
3058,927,19861,92.18,826.63,227.4,174.51,0.991051
3059,927,3483,573.06,837.69,261.28,231.19,0.988311
3060,927,16232,617.27,171.99,186.61,183.65,0.982084
3061,929,31885,29.22,35.94,413.8,493.99,0.997765
3062,929,25469,11.4,814.76,383.89,220.55,0.99556
3063,929,3483,575.13,810.48,279.99,192.92,0.984439
3064,929,16232,602.29,212.66,185.31,183.8,0.98289
3065,930,25469,571.48,231.45,370.31,218.86,0.995704
3066,930,3483,125.73,273.81,271.92,186.51,0.992202
3067,930,16232,162.43,855.35,194.75,190.75,0.989939
3068,930,31885,533.87,679.11,442.13,522.43,0.934644
3069,931,1900,178.33,269.1,128.16,200.79,0.994289
3070,931,29345,579.55,717.93,320.85,425.27,0.97683
3071,931,19607,167.09,918.13,159.5,155.39,0.969216
3072,931,27993,478.26,246.49,482.83,261.4,0.434324
3073,932,1900,159.76,258.09,126.8,200.16,0.995876
3074,932,29345,550.16,679.86,326.71,432.44,0.990464
3075,932,19607,130.23,884.81,162.82,160.33,0.955004
3076,933,29345,116.64,168.54,303.13,401.19,0.980784
3077,933,1900,687.77,806.46,130.41,209.21,0.973972
3078,933,19607,668.48,252.55,153.1,151.27,0.937406
3079,933,27993,13.19,736.88,508.63,283.39,0.484587
3080,936,2483,596.18,106.2,250.73,454.73,0.979199
3081,936,13395,651.18,710.83,217.83,460.26,0.912865
3082,936,25438,112.0,842.2,256.88,265.68,0.831423
3083,936,19552,114.08,185.16,319.43,504.06,0.600014
3084,936,12778,113.67,185.9,320.07,502.25,0.464281
3085,937,2483,617.39,72.59,200.76,465.48,0.990743
3086,937,3743,128.69,813.98,330.58,330.33,0.984323
3087,937,12778,132.24,90.05,285.33,535.17,0.957818
3088,937,13395,591.73,706.58,234.65,459.93,0.934023
3089,938,2483,625.15,29.88,204.67,489.84,0.987833
3090,938,3743,128.77,801.51,322.44,321.0,0.981636
3091,938,13395,585.89,703.45,223.7,448.09,0.957148
3092,938,12778,132.48,71.99,282.11,523.02,0.772645
3093,940,16232,642.07,321.05,193.34,192.79,0.987981
3094,940,3351,422.45,898.54,190.22,191.7,0.978381
3095,940,18147,206.94,224.38,214.13,415.39,0.954191
3096,941,3351,326.19,142.58,183.94,187.56,0.988793
3097,941,18147,515.22,551.58,216.1,443.16,0.982588
3098,941,16232,89.37,709.96,195.14,195.46,0.943862
3099,942,18147,553.43,643.42,218.44,444.34,0.965442
3100,942,16232,132.19,799.48,192.38,190.68,0.944935
3101,942,3351,367.63,199.86,184.81,184.21,0.931429
3102,945,30308,631.78,643.5,308.03,510.78,0.991374
3103,945,19861,641.37,279.49,218.71,168.65,0.990299
3104,945,20238,112.95,857.2,228.07,225.71,0.990187
3105,945,3483,148.39,219.91,248.51,218.06,0.975265
3106,947,28763,677.7,256.22,213.04,198.61,0.997172
3107,947,28763,594.39,886.37,220.38,213.37,0.995407
3108,947,3483,133.73,286.7,274.66,173.18,0.970009
3109,947,16232,140.36,846.45,196.75,193.18,0.872336
3110,948,16232,648.75,230.13,194.34,181.02,0.98511
3111,948,28763,184.0,177.6,214.9,201.91,0.983758
3112,948,28763,96.85,854.26,217.49,204.68,0.983278
3113,948,3483,589.56,845.8,285.12,170.07,0.978255
3114,949,16262,108.79,836.58,248.64,241.09,0.992876
3115,949,20877,545.24,293.58,326.85,234.87,0.987606
3116,949,3483,139.91,291.02,213.65,256.58,0.986034
3117,949,30308,499.14,724.85,417.87,405.18,0.974071
3118,95,32310,496.74,718.79,386.81,239.78,0.976402
3119,95,3351,337.83,183.12,184.32,188.19,0.972955
3120,95,29667,59.81,742.7,231.07,232.1,0.943627
3121,950,20877,83.7,724.91,333.16,241.3,0.988377
3122,950,3483,624.93,719.46,211.0,268.66,0.983817
3123,950,30308,72.87,115.96,400.99,388.68,0.973969
3124,950,16262,601.1,185.71,239.37,230.16,0.92026
3125,951,30308,89.68,135.84,412.03,392.97,0.985554
3126,951,20877,118.33,769.51,326.95,231.55,0.984078
3127,951,16262,630.39,192.89,244.2,230.29,0.981358
3128,951,3483,650.38,751.72,210.06,266.04,0.974676
3129,952,25469,572.44,232.12,369.45,219.06,0.994659
3130,952,3483,125.59,274.45,271.33,186.19,0.991535
3131,952,16262,168.18,834.11,246.98,242.86,0.987771
3132,952,30308,559.31,651.37,382.04,429.93,0.984356
3133,953,30308,48.32,159.68,372.36,417.65,0.99236
3134,953,25469,10.77,814.36,383.68,220.99,0.990558
3135,953,3483,574.87,810.66,280.11,192.49,0.984969
3136,953,16262,545.69,187.68,241.13,229.87,0.940772
3137,954,25469,47.67,855.55,377.92,219.68,0.996068
3138,954,16262,574.63,194.6,243.11,231.34,0.98887
3139,954,3483,601.23,846.01,280.98,186.9,0.98873
3140,954,30308,63.06,182.41,384.36,423.99,0.984634
3141,956,27926,597.7,667.75,252.65,484.84,0.9936
3142,956,1900,161.72,251.25,200.81,123.2,0.993596
3143,956,19607,142.92,862.18,158.52,156.46,0.892131
3144,956,16551,600.18,0.0,305.58,446.46,0.512606
3145,957,1900,630.16,895.05,210.19,133.99,0.996758
3146,957,27926,145.54,141.47,259.45,457.37,0.991662
3147,957,16551,76.57,785.85,313.07,486.45,0.93843
3148,957,19607,688.88,299.86,156.95,148.9,0.927184
3149,962,1900,145.3,242.1,184.12,180.27,0.994926
3150,962,29451,474.83,778.66,402.63,275.51,0.994023
3151,962,19607,143.66,848.56,159.07,157.29,0.958792
3152,962,16551,625.9,106.1,281.52,476.67,0.845108
3153,966,1900,658.16,902.09,208.85,150.72,0.997974
3154,966,16548,124.69,852.79,243.29,236.72,0.971367
3155,967,3351,408.67,887.47,187.3,190.87,0.968436
3156,967,29667,586.99,305.98,228.73,222.78,0.968023
3157,967,41768,124.25,300.88,262.39,296.88,0.964304
3158,968,29667,110.0,695.6,234.03,235.08,0.989804
3159,968,3351,340.76,156.1,183.99,189.05,0.982159
3160,968,41768,560.34,621.83,268.52,308.83,0.967186
3161,97,19607,669.02,252.63,152.66,151.41,0.982205
3162,97,29345,116.98,168.46,303.14,401.5,0.977116
3163,97,1900,687.57,805.68,130.62,209.31,0.971098
3164,97,16548,100.46,821.55,239.97,237.02,0.874734
3165,972,27926,569.73,626.59,264.29,488.79,0.990897
3166,972,1900,142.2,241.69,197.06,128.93,0.958507
3167,972,21771,126.21,774.96,192.97,188.17,0.943062
3168,972,16551,579.13,12.16,324.49,438.85,0.932549
3169,973,1900,180.43,267.73,130.91,200.72,0.999202
3170,973,16551,571.81,86.43,312.57,461.07,0.978073
3171,973,29345,615.11,715.64,282.56,441.11,0.968618
3172,973,21771,183.33,885.87,191.8,183.84,0.569926
3173,974,29345,586.54,677.49,289.5,449.69,0.991639
3174,974,1900,162.41,256.19,126.41,200.24,0.988204
3175,974,16551,543.6,65.92,301.54,468.24,0.980855
3176,974,21771,148.33,848.98,195.37,190.0,0.722777
3177,975,1900,684.29,807.21,131.93,208.76,0.986505
3178,975,29345,116.44,157.23,269.37,412.89,0.978599
3179,975,16551,108.52,682.01,315.44,498.38,0.953295
3180,975,21771,617.05,251.02,189.24,180.27,0.887033
3181,979,3351,392.99,157.61,181.54,187.04,0.991836
3182,979,18357,70.61,548.39,286.67,339.47,0.984821
3183,979,22074,584.01,709.59,187.14,194.85,0.980173
3184,980,18357,575.39,308.2,280.62,320.39,0.985874
3185,980,3351,354.52,873.04,188.38,190.24,0.984958
3186,980,22074,169.99,311.5,185.36,192.05,0.984183
3187,982,12778,98.16,117.33,306.78,506.18,0.992562
3188,982,2483,659.28,105.57,213.56,479.9,0.987392
3189,982,3743,114.21,837.35,327.82,333.62,0.977802
3190,982,13395,634.77,674.15,240.62,511.93,0.969282
3191,983,2483,668.66,74.3,207.33,491.71,0.988795
3192,983,12778,92.34,72.14,317.64,516.07,0.987434
3193,983,13395,631.72,677.07,228.25,497.06,0.960468
3194,983,3743,112.25,829.52,323.68,320.6,0.945435
3195,984,2483,58.53,646.5,209.96,485.32,0.987322
3196,984,12081,91.67,93.06,222.33,469.07,0.985529
3197,984,12778,528.77,613.9,310.74,506.36,0.962107
3198,984,3743,494.06,126.19,313.91,306.67,0.941321
3199,985,29451,520.26,804.68,422.46,230.65,0.980655
3200,985,16548,575.61,186.88,231.6,225.38,0.968628
3201,985,1900,142.29,219.32,197.12,151.31,0.966765
3202,985,29451,117.69,739.34,204.14,283.3,0.472861
3203,986,1900,632.86,900.85,207.58,156.67,0.983516
3204,986,29451,46.08,234.29,404.1,223.63,0.964061
3205,986,16548,141.9,836.24,242.36,238.81,0.909126
3206,988,22347,159.0,182.11,208.84,197.47,0.989528
3207,988,3483,599.49,871.15,256.5,228.69,0.985238
3208,988,19861,126.97,864.07,219.59,169.11,0.981083
3209,989,19861,90.55,826.29,227.3,174.78,0.991043
3210,989,3483,571.78,838.2,260.66,231.12,0.985022
3211,989,22347,140.78,176.63,205.61,195.63,0.88182
3212,990,19861,643.29,278.98,218.41,169.55,0.983843
3213,990,3483,150.21,218.88,247.46,218.47,0.970621
3214,990,22347,624.69,886.97,216.56,208.28,0.948598
3215,991,3544,92.76,220.27,202.24,198.88,0.95523
3216,991,16548,572.55,222.36,230.4,224.75,0.950881
3217,991,3544,100.35,821.65,180.65,177.23,0.938407
3218,991,3544,583.69,772.51,229.22,224.49,0.661025
3219,993,16548,600.4,232.38,235.08,226.66,0.953582
3220,993,3544,109.38,230.35,209.55,201.26,0.898743
3221,993,3544,134.4,856.62,179.0,174.11,0.736087
3222,994,28763,676.71,256.65,214.08,198.01,0.994896
3223,994,16262,118.0,846.12,249.81,242.93,0.977373
3224,994,3483,133.9,287.58,274.34,172.28,0.97694
3225,994,30308,503.13,753.61,393.97,433.08,0.975396
3226,996,30308,112.81,75.42,386.86,422.35,0.993
3227,996,3483,588.95,845.65,286.25,170.19,0.98388
3228,996,28763,97.42,853.48,215.7,204.81,0.981112
3229,996,16262,621.13,182.92,245.42,231.65,0.910084
3230,997,1900,146.3,241.63,183.66,180.2,0.995737
3231,997,21771,122.78,806.05,194.06,188.48,0.97763
3232,997,29451,456.14,810.01,428.54,224.59,0.606467
3233,997,27926,587.08,56.77,286.95,479.31,0.582328
3234,997,27993,455.89,809.51,428.21,224.52,0.525204
3235,998,1900,164.41,248.74,186.83,177.12,0.989486
3236,998,29451,485.42,849.06,421.39,213.41,0.985168
3237,998,21771,156.93,839.93,193.0,185.53,0.871342
3238,998,16551,617.11,72.7,288.99,477.03,0.494527
3239,999,1900,642.68,847.54,187.91,184.48,0.992042
3240,999,21771,643.13,290.96,188.94,181.79,0.930545
3241,999,29451,103.25,236.57,407.65,214.69,0.769242
3242,999,16551,80.3,690.49,288.84,491.45,0.409066
