annotation_id,image_id,category_id,bbox_x,bbox_y,bbox_w,bbox_h,score
1,1,24850,171.96,743.31,183.0,290.1,0.994325
2,1,16551,557.29,69.09,391.36,404.16,0.986143
3,1,27926,600.74,671.98,250.32,480.93,0.982057
4,1,1900,157.96,252.62,203.13,123.63,0.970035
5,10,1900,643.59,841.97,187.97,190.16,0.996436
6,10,21771,641.26,288.03,191.1,184.01,0.991979
7,10,16548,102.51,806.48,242.08,237.94,0.980994
8,10,29451,104.0,233.17,405.79,221.1,0.95555
9,100,1900,133.23,242.01,190.1,163.88,0.997865
10,100,16548,584.97,131.36,232.72,226.05,0.989565
11,100,33009,514.44,792.96,387.64,211.31,0.983128
12,1003,27733,123.4,769.14,312.72,274.39,0.996294
13,1003,3483,604.14,791.16,274.25,207.27,0.990435
14,1003,16232,648.16,184.27,192.92,180.55,0.986458
15,1003,34597,37.16,161.1,453.9,414.35,0.983483
16,1004,3483,124.81,305.89,269.23,204.74,0.998477
17,1004,16232,140.63,890.84,198.22,195.96,0.986703
18,1004,34597,507.99,658.48,458.65,437.24,0.986052
19,1004,27733,565.58,260.05,302.4,266.42,0.968409
20,1005,3483,579.93,757.31,274.03,213.5,0.995398
21,1005,16232,620.62,177.93,186.79,183.26,0.991827
22,1005,27733,88.62,723.66,321.23,282.75,0.981152
23,1005,34597,23.97,127.55,439.42,424.86,0.967618
24,1006,25367,45.48,179.02,445.4,421.64,0.99301
25,1006,3483,602.08,844.55,277.82,187.25,0.99117
26,1006,20238,616.33,196.26,228.23,216.6,0.988891
27,1006,25469,49.63,855.59,373.64,218.38,0.982056
28,1007,25367,30.85,156.54,432.67,420.75,0.996366
29,1007,20238,588.48,191.73,222.63,213.01,0.991938
30,1007,3483,574.92,808.93,281.69,193.83,0.991719
31,1007,25469,14.74,813.0,378.32,223.94,0.967397
32,1009,22347,79.36,196.98,200.14,196.87,0.989219
33,1009,3483,576.35,810.08,279.19,192.59,0.987559
34,1009,25469,14.95,813.37,377.83,222.26,0.97999
35,1009,16262,547.35,187.24,237.66,229.82,0.979267
36,1010,3483,602.92,845.46,277.17,186.62,0.992679
37,1010,22347,95.58,205.93,203.75,198.58,0.988443
38,1010,16262,573.96,195.57,246.21,231.24,0.977066
39,1010,25469,48.61,856.71,374.33,216.79,0.973199
40,1012,1900,141.84,242.73,197.63,128.27,0.989851
41,1012,24850,139.56,702.8,187.59,297.5,0.985134
42,1012,27926,571.29,627.43,257.64,489.34,0.98136
43,1012,16548,610.91,158.46,232.84,224.79,0.961912
44,1013,27926,148.56,143.66,254.0,456.16,0.993129
45,1013,24850,636.4,272.9,182.12,278.94,0.990405
46,1013,16548,103.86,864.96,244.31,240.36,0.973005
47,1013,1900,627.44,890.09,216.69,136.57,0.96331
48,1014,24850,171.96,743.01,183.76,290.86,0.995885
49,1014,16548,640.95,163.63,235.81,226.31,0.983731
50,1014,27926,600.47,672.67,249.89,480.98,0.98214
51,1014,1900,158.04,252.75,203.0,124.65,0.972664
52,1015,35206,660.77,174.62,221.83,399.54,0.994368
53,1015,20877,118.13,769.25,332.15,232.42,0.994061
54,1015,3483,649.98,748.37,209.63,268.96,0.992254
55,1015,30308,68.38,124.65,394.62,406.19,0.978324
56,1016,3483,143.14,292.97,209.9,256.76,0.99891
57,1016,20877,544.22,294.19,329.22,235.91,0.996864
58,1016,35206,93.85,672.96,239.15,409.36,0.99101
59,1016,30308,534.32,720.29,408.8,415.08,0.990213
60,1018,3483,124.06,306.51,269.99,203.83,0.998857
61,1018,29667,87.52,862.26,229.23,226.51,0.99184
62,1018,27733,560.61,254.88,300.99,264.65,0.971335
63,1018,30308,437.76,741.85,472.82,309.71,0.966939
64,1019,27733,128.61,775.01,313.83,277.01,0.995574
65,1019,29667,669.3,181.44,224.52,214.55,0.992542
66,1019,30308,94.26,212.19,461.74,297.24,0.988367
67,1019,3483,604.8,790.69,273.24,207.43,0.987847
68,102,1900,153.3,250.43,193.86,166.37,0.994069
69,102,16548,613.5,135.61,240.49,228.99,0.989419
70,102,33009,545.9,834.82,373.5,203.13,0.966199
71,1020,3483,579.76,756.37,274.11,213.54,0.997022
72,1020,29667,638.96,177.92,218.67,214.8,0.994398
73,1020,30308,80.07,192.07,447.56,295.38,0.98678
74,1020,27733,93.58,730.87,324.05,280.96,0.984247
75,1022,1900,149.47,239.8,179.23,182.49,0.994745
76,1022,33208,583.17,812.07,215.39,203.65,0.994506
77,1022,29451,36.37,798.76,422.79,227.17,0.978782
78,1022,16551,625.7,24.96,280.12,466.87,0.973387
79,1023,1900,171.79,247.12,179.12,181.32,0.991091
80,1023,29451,72.73,841.35,411.96,219.92,0.972134
81,1023,33208,609.03,843.56,213.06,200.49,0.95724
82,1023,16551,653.88,27.17,290.06,483.02,0.951317
83,1025,3483,142.97,291.86,211.98,257.89,0.998902
84,1025,20877,544.62,293.76,329.31,236.78,0.995907
85,1025,28763,644.52,863.53,220.69,210.51,0.97382
86,1025,16262,109.47,836.63,246.9,240.78,0.968639
87,1026,20877,118.03,769.66,331.95,232.62,0.992817
88,1026,3483,648.84,751.06,210.36,268.09,0.990009
89,1026,16262,630.74,193.53,245.41,230.44,0.978621
90,1026,28763,134.33,205.99,214.25,199.0,0.95612
91,1027,13900,188.98,284.88,197.99,234.57,0.998435
92,1027,3351,353.97,883.02,189.13,188.99,0.970196
93,1027,22074,602.58,264.41,183.29,183.71,0.887178
94,1028,13900,553.94,709.05,204.99,245.58,0.998236
95,1028,3351,391.34,157.63,184.36,187.4,0.989521
96,1028,16232,134.85,779.6,191.07,188.85,0.848644
97,1028,22074,136.35,780.53,189.2,187.61,0.671571
98,1029,13900,592.09,797.67,200.83,240.55,0.998949
99,1029,3351,432.63,215.89,188.11,184.12,0.978733
100,1029,22074,180.28,867.59,185.74,190.53,0.951117
101,1030,3483,579.94,756.21,275.27,214.12,0.994745
102,1030,35206,569.38,118.74,249.87,380.84,0.978969
103,1030,34597,44.69,146.22,449.44,411.05,0.976458
104,1030,27733,89.52,722.78,321.68,283.86,0.974196
105,1034,3483,146.88,220.8,252.34,222.49,0.992805
106,1034,28763,651.46,883.96,221.06,213.58,0.989263
107,1034,19861,637.93,276.56,222.46,171.36,0.942245
108,1034,36637,92.66,904.89,278.35,166.51,0.940832
109,1039,3483,602.57,845.42,277.48,186.72,0.991372
110,1039,25469,50.96,855.4,372.64,218.76,0.976838
111,1039,16262,573.41,195.73,244.97,230.68,0.972785
112,1039,28763,125.69,212.87,215.89,203.01,0.933164
113,104,3351,323.34,203.97,184.6,188.45,0.996018
114,104,21325,614.96,759.86,176.31,232.84,0.994661
115,104,18357,106.06,608.31,251.01,370.81,0.938145
116,1041,3483,123.75,274.63,273.33,188.39,0.996094
117,1041,25469,571.65,230.36,368.01,218.49,0.991305
118,1041,16262,166.96,834.71,248.73,241.28,0.978881
119,1041,28763,652.64,851.01,223.27,215.7,0.956915
120,1043,3351,312.38,169.08,185.25,187.93,0.996424
121,1043,35206,507.02,603.2,249.92,421.36,0.984918
122,1043,18357,51.42,629.45,270.29,351.01,0.975299
123,1044,35206,549.97,702.28,240.66,409.47,0.982434
124,1044,3351,354.44,230.61,186.3,179.77,0.973859
125,1044,18357,93.78,722.47,268.69,353.99,0.843079
126,1045,20877,42.67,755.16,330.95,251.51,0.995667
127,1045,29667,594.24,176.43,219.36,216.73,0.993328
128,1045,3483,622.31,716.02,209.85,274.08,0.990103
129,1045,28763,134.08,212.35,209.81,202.1,0.967152
130,1046,20877,75.27,799.66,330.05,244.07,0.997083
131,1046,29667,623.26,181.91,224.65,216.23,0.994098
132,1046,3483,648.72,750.93,211.34,268.35,0.991796
133,1046,28763,152.97,225.35,212.29,198.96,0.94723
134,1047,3483,143.35,291.25,211.28,257.57,0.998935
135,1047,29667,134.89,862.98,228.52,224.99,0.99283
136,1047,20877,590.23,258.07,327.59,245.25,0.991624
137,1047,28763,626.27,845.48,222.45,209.38,0.938537
138,1050,2483,650.89,76.33,200.48,495.76,0.992389
139,1050,22362,608.17,778.61,252.43,410.8,0.986895
140,1050,19552,93.91,165.12,344.64,482.98,0.776503
141,1050,12778,93.09,164.11,344.18,485.17,0.541104
142,1050,3743,138.51,847.58,273.69,274.01,0.325268
143,1051,2483,86.96,675.49,227.05,483.43,0.987111
144,1051,13395,140.1,108.5,212.07,437.08,0.967128
145,1051,3743,552.55,192.55,266.85,266.13,0.380485
146,1053,2483,619.84,50.72,212.85,484.74,0.983462
147,1053,13395,590.46,696.1,214.42,455.63,0.973672
148,1053,12778,78.33,77.33,382.64,469.65,0.393186
149,1055,29667,648.06,185.75,218.74,214.4,0.994503
150,1055,3483,571.24,764.89,276.77,210.14,0.988507
151,1055,31885,56.33,34.8,430.56,485.43,0.983253
152,1055,27733,82.86,729.65,327.89,270.34,0.979034
153,1056,27733,119.03,774.56,319.85,266.4,0.995366
154,1056,29667,678.79,190.04,223.79,213.82,0.99426
155,1056,31885,68.6,49.43,445.74,492.88,0.988204
156,1056,3483,598.08,798.91,274.34,203.29,0.968742
157,1057,25438,110.07,830.48,253.63,255.29,0.995762
158,1057,2483,607.1,66.25,250.13,475.43,0.994477
159,1057,12778,81.6,73.77,332.65,502.87,0.980498
160,1057,13395,645.39,702.54,215.44,458.07,0.976186
161,1058,25438,111.95,840.77,258.28,267.46,0.992779
162,1058,2483,593.55,108.45,257.21,452.49,0.989647
163,1058,12778,86.83,102.1,328.81,511.95,0.970113
164,1058,13395,654.94,702.67,217.88,477.16,0.91033
165,1058,12081,656.99,705.85,215.37,476.22,0.537293
166,1060,25438,557.35,205.44,245.28,251.36,0.99306
167,1060,12778,531.5,636.85,356.17,481.19,0.990092
168,1060,2483,115.63,678.35,209.79,490.72,0.983099
169,1060,13395,110.48,42.48,242.65,493.36,0.973046
170,1064,3483,602.33,844.74,277.57,187.38,0.990108
171,1064,20238,617.55,196.52,227.0,217.05,0.982562
172,1064,34597,57.4,133.18,457.04,415.21,0.982106
173,1064,25469,48.66,857.0,374.82,216.27,0.978969
174,1065,20238,139.07,851.18,232.2,225.59,0.995428
175,1065,3483,123.0,274.6,274.47,187.64,0.995151
176,1065,25469,571.88,231.07,367.91,218.4,0.992809
177,1065,34597,482.14,684.42,466.05,437.15,0.971501
178,1067,16262,119.02,847.01,247.58,242.29,0.989493
179,1067,3483,133.89,291.39,275.27,171.62,0.986801
180,1067,31885,555.52,670.88,403.21,532.2,0.961512
181,1067,28763,678.57,254.83,212.65,201.84,0.931703
182,1069,21771,116.13,199.83,190.97,190.36,0.998302
183,1069,16548,643.42,163.91,235.64,227.35,0.983162
184,1069,1900,624.36,889.2,205.22,140.71,0.981735
185,1069,19607,138.76,869.57,178.02,175.51,0.483671
186,1070,21771,685.65,883.57,198.75,192.86,0.997957
187,1070,1900,174.29,280.03,203.35,141.94,0.995382
188,1070,16548,102.12,863.57,242.42,239.76,0.975751
189,1070,19607,671.97,273.03,178.7,171.99,0.401217
190,1073,22347,115.88,198.27,199.78,195.69,0.994387
191,1073,3483,535.3,776.75,268.28,224.87,0.994063
192,1073,36637,636.99,178.87,180.62,246.35,0.983949
193,1073,27777,144.36,775.55,177.05,205.25,0.969605
194,1075,3544,103.4,160.15,202.73,201.21,0.993785
195,1075,16551,91.97,592.19,338.93,465.26,0.992965
196,1075,4543,611.65,142.66,202.85,199.44,0.911241
197,1075,27733,601.86,770.21,210.63,224.18,0.663761
198,1076,3544,668.39,899.1,215.35,213.53,0.993422
199,1076,4543,131.08,918.66,214.92,211.27,0.990181
200,1076,16551,535.72,190.57,326.08,438.93,0.978341
201,1077,3544,116.65,166.44,208.46,202.09,0.991954
202,1077,16551,129.52,643.3,329.04,456.7,0.976989
203,1077,4543,641.35,143.2,207.83,200.81,0.934643
204,1077,27733,628.54,807.16,210.49,216.89,0.628173
205,1079,20877,71.4,800.25,330.46,241.83,0.997334
206,1079,22347,120.08,218.46,205.79,198.48,0.995913
207,1079,29667,623.9,185.15,225.18,215.99,0.993906
208,1079,3483,646.27,754.22,209.78,267.84,0.984299
209,108,2483,597.11,82.14,246.87,478.63,0.985837
210,108,25438,143.46,845.24,254.97,255.03,0.985795
211,108,22362,589.15,743.81,251.05,407.49,0.982916
212,108,12778,105.73,41.48,297.03,531.84,0.979508
213,1080,20877,40.07,755.3,327.35,251.84,0.993708
214,1080,29667,595.12,179.6,219.9,216.22,0.991841
215,1080,22347,103.54,211.35,200.21,194.96,0.983784
216,1080,3483,618.24,719.1,210.22,272.72,0.97847
217,1081,1900,609.82,899.21,207.54,140.68,0.997442
218,1081,16551,483.88,201.66,453.61,325.84,0.993982
219,1081,20877,93.7,183.93,253.99,230.35,0.41278
220,1081,19607,125.93,866.6,180.67,176.19,0.26501
221,1085,25367,32.21,128.73,442.23,414.8,0.997913
222,1085,20877,85.68,725.29,333.73,240.17,0.996593
223,1085,3483,623.18,714.89,210.31,274.6,0.988291
224,1085,16232,627.09,220.3,188.66,185.22,0.98728
225,1087,3544,133.8,176.23,202.87,200.05,0.99432
226,1087,16551,87.52,590.11,292.74,485.75,0.983606
227,1089,3544,634.69,886.83,213.4,213.26,0.994769
228,1089,16551,584.83,182.25,291.47,459.51,0.928604
229,109,3483,146.45,221.19,251.92,222.35,0.995014
230,109,25367,581.71,712.71,385.77,502.01,0.990226
231,109,35206,110.76,772.14,297.53,390.09,0.988617
232,109,19861,638.22,276.67,220.79,170.91,0.919281
233,1092,1900,651.38,850.09,212.01,160.79,0.997502
234,1092,33009,565.69,212.21,324.08,292.86,0.985807
235,1092,16548,84.42,914.21,243.2,239.58,0.98297
236,1093,3483,146.47,221.54,252.6,221.81,0.995722
237,1093,16262,101.55,851.21,247.03,241.35,0.986811
238,1093,34597,498.48,692.15,463.38,439.44,0.981161
239,1093,19861,637.22,276.61,222.33,171.56,0.939864
240,1095,3483,600.43,867.63,258.9,231.41,0.997382
241,1095,19861,127.03,864.9,219.89,169.04,0.988536
242,1095,16262,637.73,177.93,247.44,229.77,0.968411
243,1095,34597,43.83,123.55,453.46,418.57,0.966827
244,1096,27993,549.67,778.0,306.93,241.32,0.995737
245,1096,16551,483.04,109.77,437.6,331.25,0.994768
246,1096,3544,91.22,197.13,205.35,200.88,0.987033
247,1097,27993,574.89,814.43,306.93,233.09,0.994975
248,1097,3544,107.75,204.54,208.24,201.93,0.994666
249,1097,16551,509.66,126.58,447.66,327.88,0.991772
250,1098,3544,677.11,862.34,216.16,213.28,0.997976
251,1098,27993,123.39,254.93,296.74,232.67,0.994394
252,1098,16551,24.38,783.95,459.33,345.95,0.985284
253,110,3483,600.4,867.9,258.86,231.41,0.99736
254,110,25367,42.06,44.95,383.74,485.22,0.986493
255,110,19861,127.44,864.58,219.4,169.55,0.98001
256,110,35206,582.3,97.7,286.56,375.89,0.979598
257,1100,3483,535.1,776.83,267.98,225.3,0.995578
258,1100,36637,634.69,175.76,182.65,248.97,0.988462
259,1100,27777,144.97,775.45,176.31,205.33,0.983366
260,1100,31885,54.47,99.06,420.03,490.99,0.973074
261,1101,3483,564.52,813.5,263.95,217.05,0.992513
262,1101,27777,178.64,812.25,174.03,202.24,0.985682
263,1101,31885,68.12,119.91,434.85,496.36,0.984646
264,1101,36637,666.47,181.02,186.35,248.59,0.983659
265,1105,27733,124.6,769.03,312.85,275.87,0.996149
266,1105,22347,112.9,212.13,204.25,197.33,0.995608
267,1105,3483,604.83,790.69,273.83,207.46,0.99078
268,1105,35206,605.86,125.63,249.65,387.64,0.948306
269,1109,28763,138.8,225.93,212.52,200.06,0.972124
270,1109,16262,621.82,181.79,245.55,230.79,0.957334
271,1109,3483,590.38,844.63,281.76,170.38,0.956325
272,1109,28763,98.18,851.16,213.86,207.8,0.934151
273,1111,29667,604.04,176.11,218.58,214.4,0.988727
274,1111,3483,561.53,809.49,284.42,177.75,0.977968
275,1111,28763,113.53,187.34,212.52,198.69,0.945659
276,1111,28763,61.53,811.13,218.16,208.29,0.939631
277,1114,35206,104.16,687.53,207.49,416.47,0.998835
278,1114,3483,133.56,291.72,275.45,170.78,0.988738
279,1114,30308,556.55,696.61,398.64,423.11,0.985314
280,1114,28763,678.1,254.65,212.84,201.57,0.950605
281,1115,35206,649.39,143.24,204.1,402.71,0.986021
282,1115,3483,562.17,809.89,285.54,177.61,0.97676
283,1115,30308,40.49,126.67,380.96,401.46,0.95139
284,1115,28763,61.65,810.12,221.41,209.46,0.874191
285,1116,30308,54.62,142.35,394.22,412.59,0.988639
286,1116,35206,680.49,151.18,205.76,409.38,0.983228
287,1116,3483,590.36,844.84,280.81,170.77,0.953728
288,1116,28763,96.01,850.75,215.76,208.8,0.872367
289,1118,3544,677.23,860.31,215.01,213.22,0.996012
290,1118,16548,101.68,881.1,241.76,239.26,0.979363
291,1119,3544,109.33,206.46,207.51,202.65,0.996352
292,1119,16548,644.87,145.9,235.13,228.07,0.965769
293,1119,19607,631.34,824.69,176.65,243.48,0.724132
294,112,3544,125.82,233.6,207.84,202.97,0.992774
295,112,16551,156.91,586.48,302.64,471.52,0.977776
296,112,33009,557.71,810.99,370.59,208.47,0.968118
297,1121,3483,124.03,274.19,273.59,188.13,0.997909
298,1121,29667,139.42,871.51,227.47,225.77,0.995782
299,1121,25469,572.12,183.97,326.15,289.34,0.9944
300,1121,28763,619.69,861.72,221.62,213.31,0.968082
301,1123,3483,124.33,306.11,269.26,204.52,0.999287
302,1123,25367,491.66,665.14,450.7,439.78,0.991696
303,1123,16262,151.99,803.12,248.86,242.91,0.987425
304,1123,27733,565.59,260.51,301.5,266.15,0.96455
305,1125,27733,124.07,768.12,313.35,275.45,0.995777
306,1125,3483,605.01,790.47,272.68,207.93,0.983801
307,1125,25367,64.68,160.78,443.64,424.35,0.977552
308,1125,16262,591.23,227.38,243.12,229.75,0.971176
309,1126,3483,144.27,291.21,211.02,257.34,0.998302
310,1126,20877,545.41,293.31,329.8,237.92,0.997064
311,1126,16262,112.38,836.32,245.82,240.44,0.981923
312,1126,31885,508.76,727.66,465.92,480.99,0.968738
313,1129,3483,124.24,305.43,269.7,204.4,0.998713
314,1129,22347,681.1,826.49,212.2,207.69,0.994713
315,1129,20238,113.45,854.73,231.58,226.56,0.993509
316,1129,27733,565.12,259.96,302.94,265.53,0.959849
317,113,3544,658.33,833.18,214.98,211.52,0.996756
318,113,33009,76.55,270.47,362.94,220.56,0.982145
319,113,16551,531.43,228.17,303.54,457.73,0.963485
320,1135,1900,153.26,253.14,194.76,162.52,0.992426
321,1135,16551,606.88,56.51,283.85,480.72,0.968998
322,1135,33009,546.33,834.93,372.11,201.08,0.960193
323,1136,1900,640.53,854.71,207.85,172.89,0.999154
324,1136,33009,86.23,256.83,367.89,209.16,0.991036
325,1136,16551,89.34,702.51,292.87,496.21,0.9853
326,1138,20238,594.64,175.08,220.58,211.26,0.995413
327,1138,34597,31.04,87.73,371.89,476.63,0.987839
328,1138,3483,563.84,809.3,285.65,177.41,0.985697
329,1138,28763,63.43,811.1,219.15,209.26,0.859151
330,114,3544,109.81,224.96,204.04,200.04,0.989591
331,114,16551,125.25,534.11,307.85,478.54,0.981536
332,114,33009,528.36,766.54,380.77,223.99,0.975932
333,1140,20238,624.24,177.0,223.8,215.55,0.990778
334,1140,34597,43.27,115.56,385.0,477.65,0.966783
335,1140,3483,591.31,844.56,281.58,170.49,0.96128
336,1140,28763,98.68,851.21,214.91,208.9,0.88231
337,1141,12081,64.33,116.99,229.29,430.17,0.995083
338,1141,25438,557.48,195.27,245.31,253.44,0.993426
339,1141,2483,68.21,648.0,303.79,456.14,0.983103
340,1141,12778,568.83,567.16,304.17,510.54,0.888698
341,1142,25438,121.78,822.68,254.89,254.99,0.996316
342,1142,12081,648.96,702.6,239.87,448.94,0.995659
343,1142,2483,574.19,113.87,301.11,457.9,0.987953
344,1142,12778,66.88,125.97,305.0,509.82,0.976668
345,1143,25438,123.64,833.3,258.43,267.41,0.994598
346,1143,12081,653.17,708.23,251.4,463.78,0.994379
347,1143,2483,563.4,154.0,306.53,433.35,0.982674
348,1143,12778,68.22,155.11,303.39,514.34,0.912051
349,1144,16262,571.96,196.07,246.99,231.21,0.992526
350,1144,3483,602.82,844.45,277.17,187.06,0.99145
351,1144,31885,54.05,169.37,445.4,489.65,0.983623
352,1144,25469,49.12,855.96,375.39,217.25,0.982179
353,1148,16232,147.1,732.23,192.86,192.18,0.996285
354,1148,3351,384.1,158.8,184.94,187.68,0.988165
355,1148,41768,548.7,629.66,277.94,309.67,0.967983
356,1149,16232,189.69,820.36,189.39,189.99,0.985439
357,1149,3351,426.33,221.84,185.69,183.7,0.982118
358,1149,41768,589.13,719.02,270.53,309.88,0.948467
359,115,3483,123.47,306.13,271.05,203.38,0.998775
360,115,25367,498.35,643.5,422.25,467.04,0.997035
361,115,36637,99.39,879.01,269.57,182.64,0.982244
362,115,27733,560.55,255.33,302.02,264.03,0.979804
363,1150,3483,562.65,814.71,265.27,217.32,0.993753
364,1150,29667,628.08,164.97,225.39,214.95,0.992864
365,1150,27777,177.53,812.48,175.42,201.7,0.991818
366,1150,34597,82.05,54.59,405.66,463.99,0.977996
367,1153,3483,600.18,867.67,257.84,230.59,0.996214
368,1153,22347,146.11,209.4,204.31,198.24,0.995802
369,1153,19861,127.43,865.61,219.19,168.8,0.992218
370,1153,16232,646.64,175.07,190.14,186.79,0.979627
371,1154,22347,127.28,200.7,201.52,196.27,0.997177
372,1154,3483,572.97,834.55,262.68,235.51,0.99508
373,1154,19861,92.08,826.7,226.0,175.93,0.981536
374,1154,16232,616.69,170.87,186.67,183.08,0.842899
375,1155,22347,641.32,860.41,214.11,208.1,0.998697
376,1155,3483,147.0,221.13,251.61,222.12,0.995203
377,1155,16232,144.35,898.78,194.69,192.09,0.990668
378,1155,19861,636.72,276.56,223.73,171.14,0.947948
379,1156,13900,180.1,283.42,207.02,229.7,0.998221
380,1156,3351,393.78,859.04,186.77,188.16,0.986281
381,1156,16262,571.67,309.45,243.0,235.78,0.970137
382,1157,13900,551.84,715.4,213.5,241.32,0.998941
383,1157,3351,353.78,183.09,185.15,188.73,0.992498
384,1157,16262,106.89,675.98,252.64,245.3,0.953756
385,1158,13900,591.53,805.99,209.52,236.07,0.998551
386,1158,3351,396.23,241.46,184.0,185.38,0.989209
387,1158,16262,152.35,767.68,246.31,238.85,0.968154
388,1159,3351,400.5,807.74,191.36,191.65,0.991271
389,1159,18357,151.28,300.79,243.29,354.71,0.973538
390,1159,16232,645.93,294.91,187.83,192.78,0.940529
391,1161,16232,133.19,817.56,187.03,187.46,0.994133
392,1161,18357,582.38,617.57,245.55,368.7,0.975024
393,1161,3351,388.17,281.08,184.94,182.38,0.967134
394,1163,29451,493.59,802.34,409.63,241.18,0.987029
395,1163,16551,41.39,603.05,304.05,473.13,0.983189
396,1163,3544,116.88,184.23,209.29,201.67,0.98302
397,1164,3544,103.32,178.79,203.62,201.21,0.993296
398,1164,29451,464.05,764.14,416.96,249.76,0.968572
399,1164,16551,13.39,556.43,300.95,479.28,0.966883
400,1166,3483,124.12,274.46,274.65,187.03,0.997658
401,1166,25469,571.67,183.21,326.42,291.55,0.992532
402,1166,25367,567.82,679.77,395.11,491.12,0.992473
403,1166,36637,132.95,830.36,181.96,260.91,0.990408
404,1167,3483,602.4,847.14,277.12,185.79,0.993765
405,1167,36637,672.92,172.33,176.49,255.44,0.985654
406,1167,25367,47.91,86.22,389.44,481.67,0.984366
407,1167,25469,87.35,827.79,334.14,306.06,0.960481
408,1168,3483,575.3,809.92,280.71,193.51,0.989839
409,1168,29667,590.92,167.51,219.07,215.97,0.987011
410,1168,30308,43.4,15.06,349.46,426.03,0.984028
411,1168,25469,49.61,786.46,343.42,305.11,0.928673
412,1170,3483,602.4,846.06,277.11,186.28,0.992748
413,1170,29667,618.87,168.99,223.74,218.36,0.991529
414,1170,30308,53.96,24.14,363.97,439.67,0.985043
415,1170,25469,86.36,828.45,336.43,303.96,0.964007
416,1171,4543,637.7,152.44,205.18,199.21,0.996682
417,1171,3544,121.84,179.97,204.15,201.56,0.986174
418,1171,16548,579.03,745.14,241.88,233.73,0.984688
419,1173,3544,646.57,876.36,215.25,212.51,0.997486
420,1173,4543,103.0,906.51,213.48,211.85,0.996257
421,1173,16548,159.42,286.42,234.5,225.87,0.969813
422,1174,29667,126.24,862.82,227.41,226.65,0.992252
423,1174,3483,134.83,291.07,275.64,170.97,0.987231
424,1174,30308,574.9,756.39,392.79,429.18,0.983674
425,1174,28763,679.41,254.65,212.19,202.51,0.930503
426,1176,29667,631.86,180.73,223.75,214.83,0.994314
427,1176,30308,41.71,76.18,389.73,416.64,0.981438
428,1176,3483,588.8,845.19,281.8,170.28,0.974119
429,1176,28763,94.97,851.02,216.49,207.27,0.903457
430,1178,3483,537.24,779.0,266.54,225.11,0.995738
431,1178,20238,576.0,192.12,220.97,212.59,0.986681
432,1178,27777,146.17,777.25,175.96,205.78,0.984027
433,1178,31885,104.34,51.81,404.92,498.75,0.983233
434,118,13900,63.71,309.76,231.03,215.6,0.984858
435,118,3351,458.05,845.18,185.0,193.07,0.982919
436,118,16688,422.3,84.67,435.43,516.17,0.977382
437,1180,21325,187.83,307.06,165.26,225.62,0.994635
438,1180,3351,395.5,917.18,190.83,188.35,0.986568
439,1180,19232,495.67,233.27,325.92,258.31,0.918771
440,1184,1900,188.53,272.88,203.42,136.61,0.996293
441,1184,16548,144.19,879.08,242.34,239.67,0.98987
442,1184,24850,671.38,827.9,192.39,301.05,0.975236
443,1184,19607,683.92,275.1,178.59,172.56,0.557128
444,1185,1900,610.27,900.02,206.93,140.42,0.997072
445,1185,16548,600.53,150.02,238.59,226.94,0.983553
446,1185,24850,136.52,143.85,187.17,290.98,0.957214
447,1185,19607,125.79,867.04,181.21,176.05,0.365844
448,1186,2483,84.04,678.11,231.72,479.6,0.986662
449,1186,13395,139.71,108.97,212.83,436.28,0.977255
450,1186,19552,513.72,561.05,315.22,489.4,0.971232
451,1186,3743,550.27,189.25,269.17,270.31,0.560934
452,1187,2483,616.61,50.29,218.88,484.64,0.988267
453,1187,19552,110.27,155.81,321.53,492.28,0.966154
454,1187,13395,590.34,697.94,214.89,453.85,0.964787
455,1189,3743,119.31,783.91,323.36,322.72,0.990606
456,1189,2483,590.12,68.72,240.63,481.37,0.987795
457,1189,12081,599.91,709.31,233.77,451.69,0.980469
458,1189,12778,96.71,121.83,321.25,499.57,0.955641
459,119,3351,292.34,193.21,184.78,190.68,0.991024
460,119,13900,651.64,705.2,229.19,223.42,0.97771
461,119,16688,78.88,582.06,456.55,569.7,0.964828
462,1190,12081,609.93,713.65,242.69,469.49,0.989196
463,1190,3743,119.62,795.85,328.07,332.52,0.988386
464,1190,2483,586.09,106.54,231.5,465.49,0.979601
465,1190,12778,100.85,142.66,315.08,509.66,0.977512
466,1191,3743,492.55,165.13,314.42,302.77,0.993394
467,1191,2483,90.09,666.01,249.62,472.93,0.993164
468,1191,12081,107.89,109.28,228.7,433.32,0.987483
469,1191,12778,530.44,582.86,309.36,492.89,0.986629
470,1192,1900,640.76,853.77,207.93,174.42,0.999138
471,1192,24850,646.25,206.98,177.2,275.63,0.992093
472,1192,33009,86.84,256.31,367.56,208.55,0.991853
473,1192,16551,85.46,693.52,289.83,497.35,0.962555
474,1194,1900,152.57,251.28,193.16,165.66,0.9951
475,1194,24850,165.22,819.94,181.39,290.62,0.989646
476,1194,16551,614.0,62.42,284.65,480.95,0.978315
477,1194,33009,545.82,835.4,374.05,200.89,0.965018
478,1196,35206,142.22,714.9,236.62,402.3,0.995856
479,1196,3483,171.42,280.9,258.8,214.24,0.992788
480,1196,27777,636.95,292.64,177.26,193.65,0.984715
481,1196,28763,615.44,886.22,222.19,214.54,0.963204
482,1197,3483,566.2,812.18,265.62,216.74,0.993375
483,1197,27777,180.41,814.86,174.58,200.55,0.989662
484,1197,35206,617.11,141.62,221.41,399.4,0.980835
485,1197,28763,164.27,178.53,209.75,202.05,0.955062
486,1198,3483,565.24,816.23,264.89,216.27,0.994949
487,1198,27777,179.89,816.54,174.08,199.94,0.989492
488,1198,20238,605.1,196.03,225.32,214.21,0.981454
489,1198,28763,130.5,216.86,212.84,201.08,0.95209
490,1199,3483,171.12,277.0,260.63,216.37,0.993486
491,1199,20238,152.61,851.2,231.04,224.04,0.987221
492,1199,27777,638.29,291.23,177.88,194.35,0.985084
493,1199,28763,650.57,850.69,219.75,213.85,0.964607
494,120,3351,335.4,254.71,182.9,184.1,0.992119
495,120,13900,690.11,795.02,228.42,219.66,0.976689
496,120,16688,119.31,675.29,456.53,583.75,0.969158
497,1201,3544,143.28,189.62,205.43,199.02,0.992637
498,1201,12247,583.64,813.49,214.47,159.48,0.991327
499,1201,16548,584.24,212.17,233.6,225.95,0.978152
500,1204,32310,70.26,217.2,339.75,249.96,0.997744
501,1204,22074,688.55,264.28,181.01,184.74,0.986892
502,1204,3351,395.0,860.05,189.74,192.64,0.967418
503,1206,22074,92.94,853.4,185.12,186.88,0.995617
504,1206,32310,566.88,815.52,353.37,272.61,0.993816
505,1206,3351,397.18,223.16,181.88,184.06,0.988282
506,1207,3483,171.46,279.87,259.47,214.62,0.993565
507,1207,22347,687.51,812.35,210.75,207.36,0.991097
508,1207,16232,153.09,829.46,190.5,191.41,0.987838
509,1207,27777,637.96,292.35,175.96,193.66,0.987254
510,1209,3483,567.12,812.51,263.57,216.04,0.99631
511,1209,27777,180.83,814.87,174.64,200.2,0.994158
512,1209,22347,102.24,258.47,204.7,199.85,0.992237
513,1209,16232,645.66,251.0,185.58,181.18,0.966342
514,1210,35206,658.42,174.54,224.01,399.23,0.995158
515,1210,20877,117.72,769.03,332.31,232.44,0.991619
516,1210,3483,649.22,749.12,210.57,269.17,0.990113
517,1210,34597,69.18,138.68,472.39,388.55,0.979955
518,1212,3483,142.53,293.0,211.19,256.57,0.998712
519,1212,20877,544.09,293.94,328.8,236.82,0.998185
520,1212,35206,95.21,672.87,239.06,410.61,0.990891
521,1212,34597,451.85,708.37,486.22,402.14,0.982916
522,1213,25438,127.5,838.51,254.75,254.6,0.992518
523,1213,2483,658.09,54.21,203.52,493.59,0.990902
524,1213,13395,592.78,673.86,232.13,499.87,0.978736
525,1213,12778,101.43,0.86,322.16,491.88,0.926245
526,1214,25438,128.17,848.07,260.95,268.3,0.993932
527,1214,13395,596.83,677.32,251.03,512.03,0.984143
528,1214,2483,654.47,94.12,196.63,474.82,0.983481
529,1214,12778,105.25,7.86,316.44,521.45,0.909316
530,1214,19552,104.76,8.42,317.44,520.57,0.621393
531,1216,3544,658.77,866.04,216.4,211.67,0.998461
532,1216,27926,159.53,172.06,260.57,457.62,0.986924
533,1216,16551,619.13,176.98,281.76,464.36,0.967327
534,1219,3544,103.48,239.66,205.22,202.15,0.994572
535,1219,16551,67.82,581.16,336.3,466.47,0.983892
536,1219,29345,578.01,667.43,287.68,450.26,0.979536
537,122,3483,574.13,810.33,280.55,193.2,0.990149
538,122,29667,591.17,167.66,219.14,216.53,0.989323
539,122,25367,54.49,89.18,373.18,477.37,0.98286
540,122,25469,50.08,786.02,341.96,305.67,0.947192
541,1220,3544,120.42,250.92,208.46,202.41,0.982594
542,1220,29345,604.42,703.55,282.47,444.54,0.976176
543,1220,16551,94.21,631.0,338.3,456.83,0.966321
544,1222,36637,616.24,202.05,183.46,244.88,0.994782
545,1222,3483,562.12,810.73,284.49,176.22,0.973052
546,1222,25367,88.43,101.36,325.88,495.79,0.944174
547,1222,28763,62.12,810.58,221.17,209.51,0.906482
548,1224,36637,641.47,208.09,189.97,249.69,0.993851
549,1224,3483,590.13,845.08,281.79,170.17,0.964966
550,1224,25367,111.51,115.07,326.14,505.73,0.955639
551,1224,28763,96.61,851.23,215.17,208.63,0.881211
552,1226,3483,600.16,869.02,258.54,230.02,0.997077
553,1226,31885,123.81,6.62,323.91,544.09,0.992082
554,1226,35206,578.36,97.38,289.85,374.59,0.984155
555,1226,19861,127.45,864.76,219.38,169.56,0.97226
556,1227,3483,147.75,221.66,250.07,221.9,0.996059
557,1227,31885,543.03,692.28,339.13,558.05,0.990972
558,1227,35206,110.4,772.18,298.53,389.59,0.985713
559,1227,19861,637.53,276.14,221.8,171.63,0.938313
560,1232,3483,145.23,289.71,211.24,257.28,0.998121
561,1232,20877,593.4,258.27,326.64,245.5,0.994558
562,1232,29667,134.46,859.63,228.44,225.5,0.99227
563,1232,31885,541.14,658.6,407.36,527.49,0.975619
564,1235,21771,159.88,805.18,192.04,188.08,0.99632
565,1235,1900,152.43,250.54,194.16,165.42,0.992005
566,1235,16548,618.74,144.0,240.0,229.04,0.983724
567,1235,33009,546.38,835.36,373.79,202.25,0.962097
568,1237,1900,103.29,269.78,205.57,123.91,0.993106
569,1237,16548,613.82,188.56,238.22,225.44,0.992733
570,1238,1900,686.22,878.5,210.48,134.64,0.987485
571,1238,16548,131.99,843.98,243.12,236.99,0.972996
572,1239,16548,584.6,180.82,232.9,226.49,0.983189
573,1239,1900,88.14,260.11,202.13,126.16,0.944334
574,124,21771,686.49,884.45,197.91,193.11,0.998428
575,124,1900,174.33,280.07,203.49,142.25,0.994831
576,124,16551,6.55,764.4,360.39,457.18,0.971334
577,124,19607,671.36,273.09,179.26,172.36,0.530066
578,1242,1900,157.8,261.52,128.5,195.42,0.996482
579,1242,29345,90.05,705.62,285.35,446.56,0.974509
580,1242,16551,545.25,91.86,289.88,465.75,0.97101
581,1243,27733,124.64,768.08,313.16,275.38,0.996197
582,1243,30308,68.65,137.34,376.01,427.2,0.984092
583,1243,3483,606.26,790.27,271.62,207.93,0.983494
584,1243,35206,602.57,126.39,251.64,387.79,0.956531
585,1244,3483,122.26,306.79,271.47,204.33,0.998811
586,1244,35206,120.57,735.55,272.79,395.44,0.989632
587,1244,30308,561.45,684.35,383.89,438.34,0.981033
588,1244,27733,564.96,259.61,301.71,266.17,0.962153
589,1245,3483,580.83,756.42,274.35,213.92,0.993268
590,1245,30308,55.79,123.69,364.25,412.92,0.987154
591,1245,35206,571.17,118.38,248.67,380.12,0.983916
592,1245,27733,89.87,723.23,320.94,283.79,0.977015
593,1246,3483,537.19,777.97,266.86,226.76,0.995112
594,1246,34597,56.2,82.58,399.48,463.75,0.98607
595,1246,27777,145.85,776.65,176.29,205.99,0.978851
596,1246,16262,573.99,186.37,241.87,230.87,0.97086
597,1248,3483,172.8,278.07,259.47,215.34,0.993299
598,1248,27777,638.52,291.69,178.02,194.2,0.982162
599,1248,34597,521.95,664.81,420.28,478.9,0.981245
600,1248,16262,137.12,835.38,249.64,242.6,0.979107
601,125,21771,117.05,199.98,188.74,190.18,0.997491
602,125,1900,624.34,888.67,206.43,141.63,0.990103
603,125,16551,625.33,34.56,347.75,438.28,0.971299
604,125,21771,141.67,869.49,176.0,176.32,0.486439
605,125,19607,139.13,869.75,178.15,175.55,0.438766
606,1250,13395,595.11,699.34,229.37,470.21,0.977315
607,1250,12778,103.43,52.05,299.24,537.45,0.970525
608,1250,2483,608.08,84.56,213.44,473.67,0.954507
609,1250,3743,105.78,811.78,277.8,283.02,0.596798
610,1251,2483,84.49,676.89,232.02,481.72,0.991382
611,1251,13395,139.24,108.43,213.71,437.38,0.975879
612,1251,12778,544.26,646.41,299.54,527.74,0.975421
613,1251,3743,550.02,188.85,270.03,271.22,0.48295
614,1252,20877,71.74,799.11,330.97,244.27,0.994555
615,1252,29667,622.31,185.1,226.7,216.26,0.993571
616,1252,30308,78.11,79.71,393.12,411.09,0.985495
617,1252,3483,646.51,754.28,210.04,267.63,0.984751
618,1254,20877,39.57,754.41,332.33,252.68,0.997006
619,1254,29667,594.86,179.87,220.28,215.94,0.993064
620,1254,3483,618.77,718.53,209.96,273.01,0.982074
621,1254,30308,66.78,68.4,378.24,399.49,0.974658
622,1256,1900,642.34,827.85,173.12,200.46,0.997213
623,1256,16551,89.75,661.8,302.44,488.93,0.975459
624,1256,19607,655.68,272.43,156.82,149.48,0.967586
625,1256,19232,124.84,129.91,258.94,417.98,0.331703
626,126,1900,599.77,856.15,206.58,145.53,0.998048
627,126,21771,98.96,194.33,188.26,185.3,0.997211
628,126,16551,596.48,30.19,343.01,428.47,0.992005
629,126,19607,104.66,833.2,182.28,182.02,0.3313
630,1261,22347,141.16,168.9,205.17,197.24,0.995275
631,1261,16232,648.81,229.69,193.15,182.67,0.988472
632,1261,3483,589.59,845.76,281.64,170.55,0.970992
633,1261,28763,95.97,851.32,216.28,208.39,0.869521
634,1262,16232,620.96,220.33,187.31,184.63,0.995855
635,1262,22347,124.02,163.93,203.04,195.52,0.993122
636,1262,3483,562.41,810.1,282.42,176.99,0.980734
637,1262,28763,61.95,810.33,220.61,209.47,0.895788
638,1263,22347,646.33,901.31,212.1,208.92,0.996922
639,1263,16232,141.89,845.66,195.48,193.35,0.99502
640,1263,3483,134.92,290.87,274.15,170.69,0.976021
641,1263,28763,679.05,255.26,212.03,200.82,0.929918
642,1264,31863,637.6,320.12,207.19,211.67,0.999679
643,1264,36637,227.3,317.74,199.6,236.26,0.997941
644,1264,3351,388.74,858.87,191.79,193.82,0.970686
645,1265,31863,79.96,709.1,209.17,211.01,0.999168
646,1265,36637,507.62,660.43,209.1,248.49,0.997282
647,1265,3351,354.81,176.54,186.96,190.63,0.987634
648,1269,13900,618.67,761.53,173.72,260.73,0.9974
649,1269,36637,220.43,772.86,206.54,236.23,0.991003
650,1269,3351,361.86,232.9,183.94,182.54,0.984643
651,127,2483,640.92,116.15,202.53,472.8,0.993097
652,127,22362,620.64,781.85,257.38,421.71,0.984649
653,127,12778,135.83,151.88,293.94,534.17,0.729033
654,127,3743,138.62,858.06,278.17,285.27,0.269597
655,1270,27926,150.31,145.96,255.09,454.96,0.994928
656,1270,1900,628.39,893.36,217.42,138.03,0.970237
657,1270,16548,116.03,852.45,241.84,239.56,0.968184
658,1272,27926,599.3,672.62,250.46,480.94,0.986356
659,1272,16548,629.15,176.36,237.74,227.06,0.982823
660,1272,1900,157.84,250.89,203.39,124.04,0.971586
661,1273,25438,555.96,204.75,244.32,250.17,0.992721
662,1273,2483,108.66,679.86,221.27,487.59,0.98888
663,1273,13395,108.36,40.57,243.66,493.78,0.979193
664,1273,12778,543.51,594.61,301.04,523.7,0.916118
665,1274,25438,124.09,812.79,255.85,257.18,0.995838
666,1274,13395,591.56,709.85,230.1,503.92,0.98333
667,1274,2483,599.28,43.31,216.56,489.41,0.982178
668,1274,12778,102.53,80.68,302.44,527.74,0.963162
669,1278,38162,619.48,703.44,195.36,297.99,0.981196
670,1278,3832,147.93,601.96,314.81,423.73,0.978294
671,1278,3351,417.47,255.19,185.29,183.77,0.965372
672,1279,1900,647.5,853.69,213.3,161.53,0.99894
673,1279,21771,672.3,287.07,190.68,182.85,0.99507
674,1279,16551,87.89,763.22,297.74,501.51,0.9851
675,128,22362,606.43,779.2,253.48,410.37,0.98774
676,128,2483,649.48,73.87,199.23,495.77,0.986749
677,128,12778,134.43,131.69,294.14,527.33,0.833769
678,1280,21771,85.77,808.21,200.79,192.11,0.998402
679,1280,1900,123.56,259.91,196.93,148.46,0.996049
680,1280,16551,573.33,0.0,282.84,456.56,0.954724
681,1282,2483,56.92,643.35,209.74,487.65,0.9941
682,1282,13395,83.41,81.96,231.04,488.65,0.989739
683,1282,3743,496.57,124.59,313.55,307.98,0.98713
684,1282,19552,508.62,591.03,309.6,496.08,0.983782
685,1284,13395,629.89,673.33,227.64,504.47,0.986066
686,1284,2483,674.76,71.71,199.74,496.17,0.985065
687,1284,3743,115.85,827.74,322.27,321.89,0.984094
688,1284,19552,122.85,112.21,313.2,504.3,0.956152
689,129,22362,81.85,75.15,251.53,393.67,0.985781
690,129,2483,79.76,640.06,207.42,492.79,0.976142
691,129,3743,523.32,150.14,266.21,265.3,0.911413
692,129,12778,518.27,544.15,295.21,524.69,0.875128
693,1290,1900,160.53,260.95,127.61,194.45,0.998019
694,1290,29345,589.15,536.23,274.91,443.92,0.97804
695,1290,16548,537.69,139.61,231.71,226.15,0.967716
696,1293,30308,116.41,88.17,311.04,444.4,0.991896
697,1293,3483,537.62,778.49,266.78,224.07,0.991127
698,1293,20238,576.01,191.99,221.63,212.93,0.987722
699,1293,27777,146.56,776.92,175.73,206.74,0.979419
700,1294,35206,680.96,151.87,205.71,408.35,0.97822
701,1294,34597,13.47,47.74,423.28,452.44,0.976553
702,1294,3483,589.58,844.52,281.3,171.01,0.959249
703,1294,28763,96.07,851.5,216.82,208.56,0.846853
704,1295,35206,648.38,143.17,205.7,403.17,0.987034
705,1295,34597,6.24,22.59,404.88,456.53,0.979734
706,1295,3483,562.4,810.26,284.24,176.94,0.976118
707,1295,28763,61.73,810.72,220.28,209.02,0.831621
708,1296,35206,104.14,687.61,208.54,416.81,0.999042
709,1296,3483,134.14,291.18,274.96,171.64,0.990133
710,1296,34597,565.85,731.39,410.15,474.28,0.975223
711,1296,28763,678.9,255.1,211.55,200.94,0.942888
712,1297,4543,156.68,891.78,214.22,211.61,0.994943
713,1297,3544,644.76,920.77,214.43,214.27,0.993716
714,1297,16548,152.09,246.03,230.72,225.48,0.970013
715,1298,3544,140.95,143.88,206.28,202.58,0.993785
716,1298,4543,617.15,168.3,206.86,202.54,0.992405
717,1298,16548,616.71,828.63,237.13,227.67,0.985813
718,13,3351,429.27,853.02,191.22,192.86,0.994297
719,13,33880,476.44,241.67,441.87,280.78,0.988984
720,13,16232,144.64,329.6,191.21,191.57,0.938954
721,13,22074,144.47,329.73,192.57,191.3,0.589532
722,130,30308,507.25,766.12,463.86,314.55,0.994764
723,130,3483,173.13,279.89,258.64,214.67,0.993649
724,130,36637,128.48,828.81,195.8,253.61,0.988237
725,130,27777,638.07,293.06,176.82,193.68,0.973169
726,1300,29667,631.23,180.8,224.5,215.8,0.99462
727,1300,31885,73.61,123.68,463.06,467.75,0.991053
728,1300,3483,588.83,845.03,281.85,170.33,0.936785
729,1300,28763,94.51,851.04,216.63,207.21,0.923613
730,1302,29667,604.35,177.06,218.65,214.13,0.993317
731,1302,31885,57.33,103.04,450.9,462.99,0.985803
732,1302,3483,561.19,809.38,284.81,177.96,0.968103
733,1302,28763,61.19,810.06,220.44,208.77,0.870227
734,1305,27926,599.71,158.55,256.79,452.53,0.992216
735,1305,16551,80.18,668.49,334.75,471.35,0.984342
736,1305,1900,633.93,893.66,212.41,137.85,0.964029
737,1309,3483,124.15,305.96,269.92,202.99,0.998857
738,1309,29667,86.74,862.26,229.74,226.45,0.992484
739,1309,28763,583.71,871.8,222.88,210.76,0.983885
740,1309,27733,560.63,255.67,301.39,262.94,0.974087
741,1311,3483,580.02,756.22,274.64,213.34,0.997258
742,1311,29667,639.25,177.12,218.82,214.57,0.996072
743,1311,27733,93.61,731.56,323.35,280.69,0.983069
744,1311,28763,174.3,187.66,210.78,197.46,0.966124
745,1312,2483,616.28,48.47,253.93,477.69,0.99076
746,1312,13395,594.32,678.57,235.92,498.56,0.978429
747,1312,12778,71.05,50.44,327.14,492.06,0.962039
748,1315,3351,422.03,875.5,189.19,198.56,0.987292
749,1315,16688,147.19,76.74,275.54,617.62,0.977886
750,1315,19232,544.21,208.3,293.57,289.55,0.938813
751,1316,3351,325.78,163.1,184.72,186.02,0.994334
752,1316,16688,514.6,474.29,289.54,660.7,0.985642
753,1316,19232,82.89,694.11,304.41,307.64,0.940577
754,132,3483,565.55,812.03,263.54,217.95,0.995435
755,132,36637,668.4,180.88,184.23,246.46,0.991027
756,132,30308,29.14,180.35,455.99,308.52,0.989871
757,132,27777,180.48,814.37,174.09,201.71,0.988222
758,1322,2483,84.64,677.85,231.45,479.94,0.988021
759,1322,13395,140.48,109.76,211.41,435.43,0.969873
760,1322,12778,483.26,596.45,344.08,499.48,0.927649
761,1322,3743,551.0,190.44,268.15,270.13,0.492228
762,1323,2483,615.31,51.06,219.84,483.2,0.985363
763,1323,13395,589.57,695.34,215.83,456.11,0.972503
764,1323,12778,126.61,101.09,341.45,507.87,0.954779
765,1326,20238,600.09,839.97,227.65,223.01,0.999337
766,1326,3351,370.42,245.12,183.55,181.69,0.985412
767,1326,18357,159.26,672.07,270.53,349.09,0.979032
768,1327,1900,643.81,842.97,187.25,189.99,0.996728
769,1327,16548,168.25,815.0,239.82,236.86,0.985839
770,1327,29451,513.61,241.41,402.43,220.8,0.980798
771,1328,1900,172.23,247.29,178.64,180.34,0.992475
772,1328,16548,581.81,216.36,235.69,228.21,0.988452
773,1328,29451,71.64,841.51,415.48,218.32,0.977801
774,1329,1900,151.95,239.57,177.5,182.59,0.993171
775,1329,29451,35.84,799.16,422.75,226.63,0.976579
776,1329,16548,552.56,207.33,233.14,227.06,0.967668
777,1330,35206,609.62,121.41,231.97,394.56,0.994583
778,1330,3483,602.73,845.18,277.1,187.11,0.991706
779,1330,34597,92.82,164.27,451.15,419.78,0.988727
780,1330,25469,88.46,827.41,334.28,307.11,0.967743
781,1331,35206,582.9,111.97,224.07,392.38,0.992466
782,1331,3483,576.45,809.02,279.97,194.42,0.990963
783,1331,34597,74.62,131.41,438.72,430.34,0.984039
784,1331,25469,52.09,785.34,341.6,308.48,0.937566
785,1332,3483,123.99,275.88,273.21,186.21,0.997123
786,1332,25469,572.06,182.67,325.17,291.81,0.994389
787,1332,35206,134.22,725.97,247.83,412.6,0.991482
788,1332,34597,460.29,649.32,455.91,436.94,0.986253
789,1333,20014,579.5,282.06,339.26,319.48,0.982704
790,1333,36637,160.11,284.02,191.01,244.73,0.974735
791,1333,3351,399.58,921.03,191.38,194.67,0.968864
792,1337,1900,173.24,246.47,177.56,179.26,0.997523
793,1337,16548,577.59,186.66,236.0,226.61,0.988851
794,1337,29451,494.4,819.63,400.96,267.75,0.97385
795,134,35206,647.75,143.14,205.97,403.73,0.986016
796,134,31885,41.92,6.5,359.19,521.34,0.984069
797,134,3483,562.47,810.16,284.65,177.58,0.974211
798,134,28763,61.93,811.15,220.65,208.75,0.889704
799,1340,1900,641.03,856.39,215.97,162.51,0.99698
800,1340,16548,185.86,824.05,242.98,239.08,0.988044
801,1340,24850,580.77,287.51,287.96,169.19,0.965362
802,1345,29667,617.1,170.57,225.4,218.52,0.992366
803,1345,3483,601.67,845.38,278.17,187.04,0.989798
804,1345,31885,166.47,127.9,424.68,497.46,0.988013
805,1345,25469,85.02,830.54,336.75,301.75,0.960273
806,1347,3483,125.09,274.23,273.92,186.92,0.99739
807,1347,29667,141.08,871.18,228.04,225.74,0.993916
808,1347,25469,572.43,183.65,326.07,290.29,0.991909
809,1347,31885,417.09,613.8,421.21,516.64,0.982297
810,1348,31863,184.61,264.88,203.63,207.78,0.996857
811,1348,3351,361.27,876.06,191.49,199.08,0.991131
812,1348,22074,675.0,308.83,184.75,190.07,0.967497
813,135,35206,680.45,152.76,205.05,407.92,0.990005
814,135,31885,54.9,19.09,375.31,534.11,0.987944
815,135,3483,590.12,845.25,281.14,170.45,0.948572
816,135,28763,95.67,851.11,216.95,208.45,0.909919
817,1350,22074,106.36,815.25,186.14,187.82,0.995833
818,1350,31863,588.86,857.28,208.38,206.48,0.983089
819,1350,3351,425.16,218.08,186.51,185.96,0.976201
820,1353,3483,169.25,279.83,262.88,215.56,0.994081
821,1353,16232,153.54,829.9,190.83,190.16,0.993131
822,1353,27777,637.11,292.79,176.83,193.7,0.98135
823,1353,34597,513.02,677.87,439.7,459.38,0.980071
824,1354,3483,142.84,293.02,209.73,257.34,0.999112
825,1354,20877,543.61,293.79,330.21,237.34,0.997077
826,1354,36637,163.5,801.61,194.2,255.05,0.991299
827,1354,30308,578.29,733.98,340.98,467.49,0.988601
828,1355,20877,86.05,725.14,332.94,239.87,0.996149
829,1355,3483,623.26,714.62,209.2,274.12,0.993751
830,1355,36637,605.66,202.61,178.66,246.98,0.99365
831,1355,30308,81.72,46.22,321.3,441.62,0.99279
832,1357,3544,94.28,228.75,204.74,201.87,0.993469
833,1357,16548,577.63,167.86,231.69,226.8,0.96245
834,1358,3544,111.53,238.71,207.61,203.34,0.983273
835,1358,16548,606.39,175.8,237.38,225.96,0.982747
836,1359,3544,673.64,827.19,214.26,211.54,0.994468
837,1359,16548,139.85,853.14,241.58,239.32,0.984241
838,136,1900,651.19,850.97,212.0,162.1,0.998267
839,136,33009,567.19,212.18,323.12,292.53,0.984524
840,136,16551,79.79,651.58,310.94,485.23,0.94619
841,1361,29667,625.19,691.38,232.77,230.11,0.995692
842,1361,19232,167.33,650.58,242.89,356.86,0.984853
843,1361,3351,356.95,151.06,184.93,190.82,0.976028
844,1363,3351,431.95,886.96,191.52,193.1,0.993942
845,1363,33880,449.49,240.54,438.31,297.33,0.983244
846,1363,16262,118.51,290.76,244.39,237.2,0.976659
847,1366,29667,125.67,862.59,228.0,226.75,0.992368
848,1366,22347,663.55,836.21,212.16,208.11,0.980397
849,1366,3483,134.41,290.71,275.52,171.55,0.97972
850,1366,28763,680.07,255.25,211.28,201.7,0.930888
851,1367,29667,603.9,176.37,219.33,214.19,0.987401
852,1367,22347,106.46,224.84,201.7,196.29,0.987059
853,1367,3483,560.96,809.52,284.91,177.64,0.973495
854,1367,28763,61.1,810.04,219.35,209.95,0.912201
855,1369,3483,600.63,867.62,257.69,231.35,0.994882
856,1369,22347,120.15,213.0,204.6,198.97,0.993576
857,1369,19861,126.88,865.78,220.15,168.74,0.988383
858,1369,16262,638.68,177.94,245.87,230.33,0.897638
859,1371,3483,573.03,834.21,262.49,234.38,0.995624
860,1371,19861,91.62,826.56,226.52,176.33,0.987567
861,1371,16262,610.04,171.4,239.72,229.81,0.976647
862,1371,22347,102.3,205.07,201.46,194.35,0.965081
863,1372,2483,590.75,118.54,291.91,442.68,0.99223
864,1372,3743,78.37,811.09,325.1,331.49,0.981274
865,1372,12778,84.35,76.17,326.54,506.0,0.97618
866,1372,13395,614.43,692.53,235.16,517.8,0.970475
867,1376,1900,641.01,857.12,208.5,168.23,0.999121
868,1376,33208,154.06,295.65,202.92,196.57,0.996615
869,1376,33009,585.37,241.51,357.24,236.38,0.986442
870,1376,16551,89.45,700.31,292.19,498.66,0.982424
871,1377,33208,641.16,806.84,209.74,199.17,0.998064
872,1377,1900,153.35,253.03,195.13,157.61,0.995621
873,1377,33009,44.41,825.58,363.92,233.09,0.977192
874,1377,16551,607.38,57.1,283.57,481.73,0.968225
875,1378,22347,624.69,868.78,213.85,208.08,0.996984
876,1378,3483,147.67,221.35,250.78,221.93,0.995103
877,1378,35206,111.32,772.79,296.58,390.53,0.990118
878,1378,19861,637.32,276.64,223.22,171.1,0.937191
879,1379,3483,600.64,866.87,258.59,232.04,0.996929
880,1379,22347,162.72,200.86,204.62,198.19,0.98953
881,1379,19861,127.45,865.1,219.64,169.03,0.988414
882,1379,35206,585.68,97.22,282.58,375.73,0.967639
883,1381,32310,37.13,235.98,361.8,232.53,0.997697
884,1381,3351,402.45,845.24,193.42,190.7,0.976766
885,1381,21325,633.62,278.41,235.95,136.83,0.750037
886,1384,3483,565.81,815.31,264.28,217.41,0.997023
887,1384,25367,52.04,94.41,417.15,454.95,0.992438
888,1384,27777,179.68,815.9,173.41,199.91,0.990481
889,1384,20238,604.31,196.02,226.5,215.23,0.988849
890,1385,3483,537.35,777.5,266.52,226.82,0.994146
891,1385,25367,38.7,78.62,405.22,450.6,0.992035
892,1385,20238,575.51,191.47,222.9,213.52,0.985664
893,1385,27777,146.06,776.87,176.35,206.54,0.979937
894,1386,25367,536.13,697.96,423.31,472.49,0.996536
895,1386,3483,172.39,277.77,259.56,215.71,0.994579
896,1386,20238,152.3,850.91,233.32,225.34,0.989167
897,1386,27777,638.28,291.79,177.62,194.02,0.975472
898,1387,22347,113.61,241.3,203.04,198.26,0.996811
899,1387,3483,645.11,757.95,199.79,273.48,0.995286
900,1387,20877,139.15,831.25,275.34,313.51,0.993884
901,1387,20238,602.98,181.68,224.57,216.57,0.987996
902,139,3483,575.68,809.93,279.35,193.36,0.993985
903,139,35206,584.57,112.4,223.23,391.91,0.991048
904,139,31885,10.38,48.96,398.55,504.11,0.984839
905,139,25469,51.02,786.55,341.93,305.8,0.94538
906,1390,25438,156.33,871.61,259.54,269.87,0.992265
907,1390,22362,603.48,745.03,269.73,420.88,0.9856
908,1390,2483,596.99,108.66,207.37,474.94,0.965437
909,1390,12778,113.46,145.62,367.79,476.03,0.848638
910,1390,19552,113.05,144.84,368.72,475.49,0.417464
911,1392,25438,155.28,862.58,255.18,254.75,0.994567
912,1392,22362,596.99,743.88,256.69,409.83,0.977013
913,1392,12778,111.92,123.99,368.92,464.21,0.959338
914,1392,2483,603.77,73.19,215.06,489.45,0.959133
915,1393,22347,683.72,869.92,212.4,208.68,0.996098
916,1393,3483,172.72,277.76,260.29,215.82,0.992089
917,1393,27777,638.93,291.77,177.58,194.39,0.977889
918,1393,16262,136.8,835.25,247.75,242.54,0.949244
919,1395,3483,536.55,777.46,267.54,226.12,0.994875
920,1395,22347,89.37,192.98,199.77,195.83,0.99284
921,1395,27777,145.62,776.97,176.04,206.4,0.97082
922,1395,16262,574.77,186.46,240.64,229.56,0.946973
923,1396,13395,79.31,80.96,231.88,490.06,0.994369
924,1396,2483,79.26,660.33,220.65,485.96,0.992088
925,1396,19552,510.99,597.98,322.51,481.43,0.979402
926,1396,3743,524.6,163.32,266.08,265.55,0.280334
927,140,35206,611.91,120.86,230.49,396.58,0.993639
928,140,3483,602.62,847.23,277.82,185.72,0.989931
929,140,31885,22.92,66.78,413.51,508.05,0.98196
930,140,25469,87.7,826.55,333.71,307.48,0.959289
931,1401,22347,650.39,852.18,213.06,206.53,0.999117
932,1401,3483,125.35,274.02,272.66,188.28,0.996777
933,1401,29667,139.53,871.34,226.95,225.13,0.994937
934,1401,25469,572.15,184.46,326.36,289.28,0.99273
935,1402,20238,84.41,334.27,227.9,223.58,0.996426
936,1402,3351,424.78,885.22,190.05,193.09,0.982338
937,1402,33880,459.57,196.96,392.0,363.43,0.970776
938,1404,33880,119.01,740.24,390.79,375.71,0.989158
939,1404,20238,669.5,762.64,227.65,222.64,0.988219
940,1404,3351,365.73,214.96,184.5,182.39,0.964536
941,1407,3351,381.61,230.94,182.62,181.38,0.993761
942,1407,33880,104.19,682.66,314.66,430.77,0.992315
943,1407,38162,603.97,792.91,247.8,254.32,0.990855
944,1408,1900,188.08,273.04,204.55,137.22,0.996923
945,1408,33208,654.12,901.4,224.08,209.59,0.991142
946,1408,16548,74.17,807.3,241.23,236.59,0.989672
947,1408,19607,684.56,275.0,177.74,172.38,0.561606
948,1411,36637,643.44,209.34,189.03,248.26,0.996188
949,1411,30308,71.6,127.34,387.51,418.43,0.983581
950,1411,3483,590.83,844.24,281.82,170.55,0.962981
951,1411,28763,97.04,851.79,215.73,208.02,0.908946
952,1413,30308,546.26,706.3,395.23,425.39,0.994789
953,1413,36637,150.49,803.38,196.64,251.28,0.992469
954,1413,3483,132.81,292.01,275.27,170.65,0.991519
955,1413,28763,676.96,254.73,212.48,200.79,0.956404
956,1414,27926,553.69,598.93,274.97,482.82,0.987915
957,1414,3544,108.66,194.41,204.64,200.05,0.987624
958,1414,16548,55.27,775.82,241.6,233.47,0.982217
959,1418,1900,127.43,255.21,197.51,151.48,0.997132
960,1418,16551,104.12,649.85,290.94,489.71,0.973772
961,142,1900,582.93,867.19,213.08,144.68,0.994495
962,142,16548,593.61,156.03,230.92,224.13,0.989211
963,142,19607,92.25,831.4,182.3,181.46,0.76614
964,142,20877,76.61,174.67,251.89,227.92,0.3368
965,1420,41768,97.82,236.5,292.15,270.09,0.987422
966,1420,16688,546.87,58.85,260.34,604.42,0.985918
967,1420,3351,410.58,872.94,191.85,193.03,0.971303
968,1421,3351,336.07,166.43,186.08,188.28,0.994121
969,1421,41768,547.44,721.18,306.93,286.32,0.990214
970,1421,16688,115.22,505.36,272.58,665.86,0.982955
971,1424,3483,537.01,776.49,267.41,223.95,0.993068
972,1424,31885,96.7,77.62,365.72,519.28,0.986974
973,1424,27777,146.31,775.77,175.65,206.5,0.981953
974,1424,35206,583.24,130.9,219.59,395.79,0.975651
975,1425,3483,565.5,812.58,263.97,216.9,0.994672
976,1425,27777,180.3,814.71,173.25,201.19,0.987342
977,1425,31885,114.21,95.25,376.25,530.65,0.982281
978,1425,35206,613.11,142.24,225.48,397.82,0.977786
979,1429,29345,606.3,703.79,281.02,444.15,0.977488
980,1429,16548,125.84,829.75,236.33,230.18,0.973652
981,1429,3544,120.12,250.73,209.31,203.18,0.972771
982,143,1900,610.45,899.98,207.06,141.0,0.997745
983,143,16548,621.8,161.81,237.05,226.01,0.987959
984,143,20877,93.68,183.75,254.23,230.37,0.482947
985,143,19607,125.46,867.08,181.59,175.69,0.405113
986,1431,3544,103.26,239.92,205.57,201.89,0.993999
987,1431,16548,90.95,789.43,241.67,235.21,0.983089
988,1431,29345,580.45,667.98,285.78,448.99,0.974302
989,1433,32310,0.0,663.79,306.22,327.39,0.997659
990,1433,3351,367.01,170.66,183.37,188.87,0.990573
991,1433,38162,607.69,753.7,293.46,210.39,0.990524
992,1435,13900,169.12,339.38,173.91,257.14,0.998153
993,1435,20238,588.29,307.85,226.32,218.47,0.995036
994,1435,3351,399.01,854.83,188.41,187.94,0.987276
995,1436,13900,598.62,627.12,178.43,265.56,0.999114
996,1436,20238,111.97,700.17,228.95,228.3,0.998018
997,1436,3351,348.26,187.47,186.16,187.06,0.992811
998,1438,3544,699.58,858.56,212.33,210.17,0.998833
999,1438,12247,175.31,303.34,204.89,127.79,0.988437
1000,1438,16548,208.4,841.88,240.93,238.16,0.975681
1001,1439,3544,71.9,200.34,204.3,200.66,0.996225
1002,1439,12247,591.0,848.7,217.84,126.97,0.986127
1003,1439,16548,512.65,178.59,233.9,227.88,0.968095
1004,1441,22347,119.06,172.66,200.65,194.33,0.995906
1005,1441,3483,579.27,757.15,275.4,212.98,0.99521
1006,1441,27733,93.5,731.4,322.49,280.64,0.984303
1007,1441,36637,590.79,200.15,256.61,170.6,0.95749
1008,1442,22347,134.51,177.85,206.17,199.58,0.996608
1009,1442,27733,128.62,776.57,311.37,275.87,0.995846
1010,1442,3483,604.64,791.15,273.76,207.9,0.993541
1011,1442,36637,612.7,207.22,269.76,168.95,0.992636
1012,1444,2483,92.85,692.75,208.52,485.74,0.985851
1013,1444,13395,136.34,109.31,218.48,434.54,0.981692
1014,1444,3743,482.67,149.51,314.82,303.59,0.981389
1015,1444,12778,521.94,625.17,298.22,511.45,0.952486
1016,1446,2483,629.65,23.8,201.94,494.58,0.989443
1017,1446,3743,129.09,801.88,323.18,320.06,0.987537
1018,1446,13395,587.17,698.8,223.36,453.68,0.981184
1019,1446,12778,116.52,60.01,307.96,518.56,0.978604
1020,1447,3544,103.15,178.48,204.09,201.61,0.99005
1021,1447,16548,45.19,790.9,240.58,234.11,0.986437
1022,1447,29451,465.23,765.05,416.63,248.75,0.973366
1023,1449,29451,494.96,803.36,408.37,240.36,0.986625
1024,1449,3544,116.77,184.08,210.06,202.03,0.981204
1025,1449,16548,81.61,833.33,236.26,227.08,0.975184
1026,1450,25438,124.43,812.56,255.8,255.84,0.994938
1027,1450,13395,590.24,709.11,232.62,504.2,0.979709
1028,1450,2483,599.37,40.96,215.36,492.04,0.979113
1029,1450,12778,110.7,59.22,294.59,527.28,0.975254
1030,1452,25438,125.17,823.2,258.4,268.7,0.994703
1031,1452,2483,593.93,75.0,208.23,476.42,0.990466
1032,1452,13395,603.04,709.15,231.11,521.69,0.97659
1033,1452,12778,113.44,78.78,293.55,546.5,0.946708
1034,1453,3351,459.27,904.9,188.15,193.36,0.984738
1035,1453,16688,477.46,123.95,426.36,526.73,0.978141
1036,1453,18357,52.76,311.08,276.01,329.54,0.939078
1037,1455,3351,334.47,193.44,183.39,181.65,0.991774
1038,1455,16688,74.38,616.74,440.38,601.5,0.974856
1039,1455,18357,653.28,651.07,278.51,342.11,0.916336
1040,1458,25438,110.13,831.68,254.33,254.68,0.996375
1041,1458,2483,607.29,61.3,248.31,481.58,0.994293
1042,1458,12778,76.46,159.66,305.08,511.99,0.987086
1043,1458,13395,642.77,701.34,221.22,459.37,0.964454
1044,1459,12081,649.47,694.76,244.67,465.06,0.992726
1045,1459,12778,73.7,165.45,320.79,502.46,0.991153
1046,1459,2483,625.79,62.99,224.07,472.96,0.988238
1047,1459,3743,105.02,810.9,280.85,283.86,0.613317
1048,146,3483,171.0,280.09,260.33,214.58,0.991571
1049,146,16232,153.38,828.88,191.08,191.91,0.987758
1050,146,27777,637.27,292.57,176.75,193.77,0.977711
1051,146,31885,553.04,670.48,407.1,531.56,0.966269
1052,1460,2483,49.08,697.86,250.3,478.75,0.990445
1053,1460,12081,71.35,127.8,226.56,432.22,0.982956
1054,1460,12778,544.83,567.69,318.72,490.9,0.940127
1055,1460,3743,551.04,191.58,266.72,266.71,0.801584
1056,1461,12081,644.34,685.71,233.15,454.81,0.9967
1057,1461,2483,628.31,33.34,240.34,480.13,0.992805
1058,1461,12778,71.07,144.46,322.59,490.3,0.985467
1059,1461,3743,106.33,799.29,275.13,273.44,0.733317
1060,1462,25367,525.4,674.62,425.86,465.21,0.993043
1061,1462,3483,132.73,290.9,276.28,172.46,0.987003
1062,1462,20238,132.94,868.72,232.14,227.29,0.986515
1063,1462,28763,677.7,254.24,211.57,201.82,0.949427
1064,1463,20238,624.54,177.37,224.99,216.0,0.992981
1065,1463,25367,58.44,122.83,424.28,452.68,0.990578
1066,1463,3483,590.61,844.94,281.07,171.45,0.954446
1067,1463,28763,97.28,852.76,215.47,207.29,0.8905
1068,1464,20238,594.89,175.47,219.8,211.66,0.996545
1069,1464,25367,45.53,105.1,409.39,447.89,0.995624
1070,1464,3483,562.88,809.31,285.42,177.96,0.980772
1071,1464,28763,62.48,811.37,219.43,209.13,0.928972
1072,1466,3483,562.03,810.92,284.49,175.94,0.981289
1073,1466,22347,106.58,178.14,200.39,196.75,0.978127
1074,1466,16262,595.07,176.6,235.72,228.45,0.964152
1075,1466,28763,61.97,810.45,220.08,209.42,0.910273
1076,1473,1900,617.8,861.56,199.36,156.6,0.995899
1077,1473,16551,573.9,90.23,286.06,480.71,0.978199
1078,1473,19607,153.6,217.99,155.43,153.51,0.969991
1079,1473,19607,126.2,866.41,180.5,176.75,0.464357
1080,1474,27733,125.31,768.35,312.37,275.38,0.995836
1081,1474,3483,606.75,788.78,272.72,208.79,0.991278
1082,1474,36637,613.56,204.25,266.63,171.67,0.989201
1083,1474,34597,66.2,102.98,444.46,426.84,0.962784
1084,1476,3483,581.15,755.66,274.89,213.55,0.996994
1085,1476,27733,90.25,723.61,322.15,284.27,0.977124
1086,1476,34597,50.93,74.79,438.08,433.99,0.975944
1087,1476,36637,590.35,199.41,257.39,172.03,0.924814
1088,1477,3351,651.95,287.19,180.23,185.15,0.995386
1089,1477,36637,91.48,228.97,237.12,212.25,0.990544
1090,1477,18357,358.45,680.82,251.21,368.78,0.900141
1091,148,3351,400.73,849.26,191.56,190.97,0.980733
1092,148,20238,120.78,298.58,227.24,221.81,0.977365
1093,148,19232,502.35,237.78,326.37,256.04,0.949372
1094,1480,3544,642.88,876.1,213.4,212.44,0.997708
1095,1480,16548,175.58,834.13,238.82,237.71,0.981295
1096,1483,3483,147.03,221.75,251.19,221.63,0.994942
1097,1483,35206,110.35,772.45,297.6,390.48,0.986951
1098,1483,28763,632.28,898.69,222.43,214.21,0.979769
1099,1483,19861,637.33,276.71,223.28,171.6,0.923592
1100,1485,3483,600.83,868.26,259.57,231.22,0.996913
1101,1485,19861,127.68,865.18,219.69,169.04,0.985677
1102,1485,35206,584.19,97.58,284.19,375.9,0.976839
1103,1485,28763,146.61,169.09,214.31,201.33,0.961639
1104,1488,31863,624.19,834.71,208.65,203.93,0.998572
1105,1488,3351,390.13,206.53,186.54,185.36,0.997099
1106,1488,21325,210.05,826.38,202.55,199.1,0.98366
1107,1489,3351,401.87,849.13,189.64,188.98,0.984698
1108,1489,20238,183.7,281.57,226.2,218.04,0.983989
1109,1489,20014,533.57,284.4,345.18,322.95,0.983623
1110,149,20238,593.94,711.65,230.76,229.57,0.999306
1111,149,3351,345.22,190.66,183.68,185.9,0.993908
1112,149,19232,98.23,696.03,332.83,271.52,0.922675
1113,1492,3351,379.43,904.14,188.84,190.53,0.986534
1114,1492,18147,526.4,295.22,339.3,357.98,0.979955
1115,1492,21325,184.74,276.12,158.67,234.36,0.96834
1116,1493,3351,367.01,138.45,184.71,189.69,0.992329
1117,1493,21325,597.28,720.95,160.16,240.59,0.970278
1118,1493,18147,55.47,544.71,348.88,376.6,0.935414
1119,1493,41768,59.33,545.02,345.47,377.8,0.591521
1120,1497,3483,564.36,837.34,263.65,239.28,0.994831
1121,1497,29667,610.19,198.01,218.98,216.48,0.990267
1122,1497,19861,86.06,824.97,224.7,177.29,0.988524
1123,1497,34597,60.06,59.73,310.98,500.89,0.963549
1124,15,3351,359.5,247.96,185.32,185.01,0.994081
1125,15,33880,46.2,782.85,451.57,281.07,0.988486
1126,15,16232,642.92,797.39,194.54,190.42,0.960554
1127,15,22074,642.46,797.05,194.71,190.5,0.469178
1128,150,20238,633.94,801.95,226.19,222.04,0.999057
1129,150,3351,387.52,252.3,186.49,184.05,0.985096
1130,150,19232,137.64,799.38,334.32,267.79,0.961777
1131,1500,41768,574.57,857.53,344.67,182.02,0.994799
1132,1500,38162,198.04,733.42,184.64,298.08,0.97242
1133,1500,3351,350.05,235.59,186.09,183.17,0.938823
1134,151,33208,182.05,266.03,209.34,199.45,0.996526
1135,151,1900,644.97,842.42,185.82,189.97,0.99507
1136,151,29451,511.66,240.95,404.81,221.06,0.9832
1137,151,16548,98.2,818.96,241.15,236.31,0.941699
1138,152,1900,150.64,239.06,178.13,183.8,0.995751
1139,152,33208,582.93,813.09,216.2,202.8,0.993392
1140,152,16548,618.59,203.74,234.1,226.9,0.975823
1141,152,29451,36.14,798.71,422.7,227.33,0.975241
1142,153,1900,171.55,247.18,178.8,180.59,0.99355
1143,153,16548,649.17,210.99,237.63,229.0,0.981171
1144,153,29451,72.6,842.03,415.66,218.04,0.970807
1145,153,33208,609.56,845.79,209.54,198.2,0.953153
1146,154,2483,615.86,46.76,254.16,479.19,0.990666
1147,154,13395,594.58,679.21,235.82,497.12,0.966539
1148,154,12778,88.78,131.36,329.88,501.84,0.942388
1149,155,2483,71.29,687.09,254.31,477.21,0.992535
1150,155,13395,113.44,85.02,232.39,474.63,0.991014
1151,155,12778,533.5,573.47,323.54,500.36,0.852921
1152,156,2483,601.12,85.02,262.49,460.42,0.99105
1153,156,13395,598.48,681.99,254.33,509.71,0.967931
1154,156,12778,93.89,159.03,325.35,506.07,0.910045
1155,157,3483,536.9,778.06,267.39,226.03,0.995742
1156,157,27777,145.68,776.55,176.41,206.67,0.979653
1157,157,25367,106.43,80.98,393.62,463.71,0.976311
1158,157,16262,573.71,186.28,241.98,231.05,0.9698
1159,159,3483,565.32,815.81,263.76,216.9,0.998086
1160,159,25367,122.17,97.49,404.96,464.76,0.991923
1161,159,16262,603.65,194.58,245.43,229.86,0.99124
1162,159,27777,179.21,815.77,174.2,200.89,0.98948
1163,160,16551,576.67,260.46,288.85,471.58,0.995214
1164,160,3544,624.89,888.27,216.5,212.02,0.992875
1165,160,4543,144.44,916.1,215.49,212.79,0.978734
1166,160,33208,211.67,318.05,134.16,134.8,0.576142
1167,162,3544,158.0,178.16,207.73,201.03,0.990439
1168,162,16551,129.94,534.28,287.91,481.45,0.983194
1169,162,4543,627.26,144.69,208.01,202.07,0.796201
1170,162,33208,652.67,855.69,137.06,130.86,0.523617
1171,163,3483,566.4,812.07,264.69,217.02,0.995705
1172,163,27777,180.68,815.63,174.58,199.78,0.992444
1173,163,28763,126.97,174.55,211.73,202.72,0.956692
1174,163,16232,644.93,250.37,186.01,181.78,0.948614
1175,164,3483,171.56,280.1,259.7,214.61,0.99504
1176,164,28763,652.63,892.73,222.19,211.47,0.988551
1177,164,16232,152.89,829.71,190.69,190.7,0.986554
1178,164,27777,636.87,292.35,177.44,193.81,0.983912
1179,165,16232,615.56,239.32,183.68,181.9,0.987649
1180,165,3483,537.88,776.3,267.66,224.4,0.987105
1181,165,28763,110.08,170.56,207.09,195.81,0.979215
1182,165,27777,146.8,776.76,177.37,205.88,0.978382
1183,17,3351,295.54,166.75,185.89,189.93,0.99382
1184,17,41768,553.48,641.94,283.21,305.62,0.967125
1185,17,35206,118.37,581.56,303.17,388.59,0.916049
1186,170,12081,649.69,693.12,244.52,465.79,0.99214
1187,170,2483,621.11,61.53,232.08,474.92,0.992032
1188,170,12778,116.02,149.8,312.09,530.64,0.951677
1189,170,3743,105.16,810.2,279.77,284.43,0.318981
1190,172,29667,631.17,180.51,224.9,215.98,0.992938
1191,172,25367,113.74,62.22,340.8,503.04,0.960756
1192,172,3483,588.29,843.96,282.48,171.85,0.957888
1193,172,28763,94.66,850.72,216.28,208.12,0.867016
1194,173,29667,603.81,176.73,219.28,214.4,0.991012
1195,173,25367,96.49,48.38,333.84,496.35,0.989078
1196,173,3483,561.36,810.08,285.52,177.26,0.968483
1197,173,28763,61.14,810.29,219.5,208.89,0.885223
1198,174,29667,126.4,862.92,227.57,226.28,0.991346
1199,174,3483,134.3,290.68,276.31,171.28,0.986696
1200,174,25367,549.97,679.62,344.6,520.01,0.978642
1201,174,28763,679.44,254.97,211.81,201.94,0.955624
1202,175,3483,594.37,871.36,257.94,233.37,0.996011
1203,175,29667,640.22,204.68,221.45,214.91,0.991929
1204,175,19861,121.27,863.77,219.3,169.92,0.982904
1205,175,30308,119.97,96.55,279.75,472.5,0.885086
1206,176,3483,153.3,218.23,252.45,221.97,0.995028
1207,176,29667,119.94,838.75,228.39,227.93,0.984973
1208,176,19861,644.9,276.97,222.06,170.64,0.954117
1209,176,30308,595.68,676.79,290.67,483.21,0.760344
1210,179,22347,645.64,832.6,211.59,207.74,0.998679
1211,179,20238,152.11,851.37,232.02,224.57,0.991875
1212,179,3483,173.03,277.81,257.69,215.78,0.987785
1213,179,27777,638.97,291.64,177.38,193.89,0.979076
1214,180,22347,124.01,227.83,201.79,196.65,0.996442
1215,180,3483,537.55,779.35,266.49,224.52,0.991207
1216,180,20238,577.79,191.6,220.08,212.12,0.984876
1217,180,27777,145.92,777.0,175.84,206.1,0.974003
1218,183,3544,642.79,875.46,213.4,213.39,0.997193
1219,183,16551,21.74,696.27,403.79,416.22,0.989639
1220,185,3544,140.81,172.37,203.26,200.79,0.983978
1221,185,16548,133.43,738.14,239.38,234.54,0.982902
1222,185,4543,599.72,145.21,201.76,198.06,0.966655
1223,185,21771,627.54,824.69,139.24,134.62,0.34324
1224,186,3544,157.76,178.99,207.21,201.55,0.992937
1225,186,16548,166.35,781.33,236.79,228.1,0.989092
1226,186,4543,627.34,144.16,208.01,202.4,0.94823
1227,186,21771,656.85,856.68,134.96,130.45,0.255072
1228,189,2483,642.39,118.55,202.36,472.23,0.994932
1229,189,22362,620.14,782.23,257.17,422.6,0.984272
1230,189,12778,87.55,130.92,296.27,529.96,0.98328
1231,19,27733,126.11,768.31,312.61,275.78,0.996853
1232,19,3483,608.15,786.76,272.34,209.35,0.992303
1233,19,36637,613.73,201.2,268.02,173.9,0.991096
1234,19,28763,102.57,170.42,211.22,201.5,0.957151
1235,191,4543,637.77,152.75,205.1,199.77,0.996319
1236,191,3544,121.37,180.13,205.23,202.22,0.982371
1237,191,16551,581.17,566.39,288.95,491.38,0.97246
1238,196,22362,81.52,117.76,259.03,391.09,0.992275
1239,196,3743,491.24,126.21,313.87,304.98,0.991201
1240,196,2483,89.87,659.57,207.08,492.92,0.974081
1241,196,12778,534.12,516.51,283.34,519.53,0.934589
1242,197,3743,122.38,828.72,321.78,320.6,0.991784
1243,197,2483,635.94,54.85,198.86,495.12,0.990533
1244,197,22362,600.47,731.21,264.41,409.24,0.98734
1245,197,12778,118.2,165.93,288.4,529.39,0.974427
1246,198,3743,122.87,836.35,328.07,332.59,0.993812
1247,198,22362,607.75,736.96,273.75,416.79,0.985859
1248,198,2483,624.53,94.37,205.76,474.66,0.975067
1249,198,12778,120.05,191.86,290.96,529.27,0.973422
1250,199,29667,628.74,165.23,224.21,214.53,0.994663
1251,199,3483,561.82,814.07,267.9,217.53,0.992894
1252,199,27777,177.59,812.08,174.7,201.81,0.990645
1253,199,30308,38.38,119.25,407.96,398.91,0.980271
1254,200,3483,175.76,278.32,258.5,216.11,0.994198
1255,200,29667,128.63,879.81,227.86,227.14,0.992202
1256,200,30308,557.16,734.44,411.48,406.29,0.990387
1257,200,27777,640.23,294.3,177.6,193.36,0.959953
1258,202,3483,143.95,290.9,212.33,257.37,0.998604
1259,202,20877,544.71,293.13,329.84,237.55,0.997475
1260,202,22347,690.15,866.27,212.59,208.49,0.982901
1261,202,16262,108.93,836.22,247.74,240.19,0.965712
1262,203,20877,84.52,726.45,333.77,238.53,0.997208
1263,203,3483,621.34,716.85,209.55,272.83,0.987431
1264,203,16262,601.41,186.33,238.13,229.78,0.979493
1265,203,22347,83.31,195.62,198.99,197.5,0.958816
1266,204,20877,116.83,769.69,331.61,233.22,0.994597
1267,204,3483,648.77,750.77,209.79,267.63,0.993304
1268,204,16262,630.09,193.9,245.9,230.68,0.973874
1269,204,22347,99.42,203.57,204.09,198.48,0.9467
1270,205,3544,112.02,164.14,203.76,199.17,0.993359
1271,205,16548,593.54,122.18,229.72,224.45,0.991078
1272,205,33208,622.45,850.88,139.32,134.68,0.627718
1273,210,31863,596.11,876.64,206.49,204.27,0.997759
1274,210,29667,161.33,749.89,230.23,222.98,0.995294
1275,210,3351,418.07,244.44,187.21,182.07,0.96534
1276,212,1900,624.12,888.52,206.34,141.09,0.992894
1277,212,16551,481.14,136.95,433.3,355.25,0.982703
1278,212,21771,141.69,868.97,176.0,176.34,0.557425
1279,212,19607,139.23,868.3,178.68,176.58,0.338634
1280,213,1900,597.64,855.97,209.79,146.5,0.997204
1281,213,16551,455.24,126.61,426.49,347.22,0.982628
1282,214,33208,587.02,800.4,214.05,207.11,0.994578
1283,214,1900,139.92,239.8,200.12,129.62,0.992082
1284,214,27926,87.96,611.75,270.8,487.57,0.985182
1285,214,16551,567.83,54.87,279.3,467.07,0.969172
1286,215,33208,614.2,834.42,214.85,202.28,0.991897
1287,215,1900,158.32,250.09,202.48,124.47,0.976857
1288,215,27926,127.77,664.35,259.32,477.23,0.970523
1289,215,16551,595.94,61.29,285.68,482.12,0.969303
1290,217,3743,117.78,784.8,322.27,321.83,0.990009
1291,217,2483,589.89,69.68,241.15,481.61,0.988697
1292,217,12778,126.93,122.62,285.32,533.9,0.980885
1293,217,12081,599.72,710.09,233.62,450.8,0.97942
1294,219,3743,493.64,165.46,313.78,302.17,0.993958
1295,219,2483,91.83,666.38,246.93,472.33,0.993039
1296,219,12081,108.68,108.88,230.26,432.89,0.981508
1297,219,12778,532.38,543.35,278.55,532.4,0.92205
1298,222,3351,403.78,200.97,187.21,188.74,0.995312
1299,222,41768,597.9,738.74,278.43,303.2,0.989958
1300,222,16262,169.67,768.76,246.41,236.58,0.955155
1301,224,29667,618.25,170.16,224.96,218.59,0.994642
1302,224,3483,602.81,844.92,277.41,187.58,0.992067
1303,224,34597,103.91,82.76,364.23,484.73,0.986388
1304,224,25469,84.74,827.49,335.74,303.21,0.9641
1305,225,3483,125.63,274.75,272.42,187.32,0.996969
1306,225,25469,574.31,185.05,325.13,290.97,0.996543
1307,225,29667,139.49,871.44,228.31,226.3,0.994556
1308,225,34597,529.26,663.2,375.49,509.58,0.963609
1309,226,3483,600.83,868.49,257.84,229.71,0.996153
1310,226,20238,645.8,188.97,224.9,217.05,0.993119
1311,226,19861,127.3,865.63,219.81,168.93,0.990495
1312,226,22347,108.56,228.88,205.6,199.41,0.988122
1313,229,3743,536.97,151.39,315.38,303.86,0.99195
1314,229,2483,49.17,675.48,288.94,466.65,0.991398
1315,229,13395,95.74,71.25,241.55,474.07,0.981517
1316,23,3483,562.24,810.21,284.24,177.0,0.982639
1317,23,16262,594.51,177.13,237.23,228.46,0.978252
1318,23,25367,22.62,88.91,416.4,441.04,0.971217
1319,23,28763,61.86,810.46,219.9,208.94,0.89535
1320,231,2483,591.15,117.84,290.63,441.14,0.993734
1321,231,3743,77.6,811.79,326.14,329.79,0.981161
1322,231,13395,614.57,693.26,235.35,515.88,0.958035
1323,231,12778,58.13,135.29,391.06,443.7,0.433574
1324,232,22347,129.74,232.04,204.77,198.86,0.999359
1325,232,27733,116.9,774.88,322.36,265.11,0.994938
1326,232,29667,679.1,188.84,223.92,214.03,0.992867
1327,232,3483,596.59,799.18,273.96,202.39,0.984335
1328,234,22347,111.19,223.77,200.62,193.31,0.995564
1329,234,29667,647.61,184.92,220.53,213.68,0.994462
1330,234,3483,571.52,764.5,277.99,209.62,0.98919
1331,234,27733,81.97,730.08,328.12,268.6,0.982849
1332,236,35206,105.63,688.29,205.1,415.73,0.997881
1333,236,3483,133.36,291.24,275.57,171.59,0.986188
1334,236,28763,616.16,834.81,222.67,212.19,0.976711
1335,236,28763,678.28,255.58,211.92,201.2,0.949013
1336,237,35206,650.1,143.04,202.72,402.03,0.983835
1337,237,3483,562.19,810.35,285.12,178.49,0.966221
1338,237,28763,143.5,222.37,210.11,198.91,0.957717
1339,237,28763,62.51,810.83,217.94,209.36,0.915362
1340,238,3351,400.92,831.45,190.81,193.9,0.995892
1341,238,16262,625.54,240.26,243.9,233.2,0.981762
1342,238,18357,70.85,258.28,299.72,298.6,0.943955
1343,24,25367,32.73,103.84,431.11,444.85,0.99385
1344,24,16262,620.98,182.66,247.01,231.17,0.97823
1345,24,3483,589.48,844.55,281.98,171.38,0.950719
1346,24,28763,96.68,851.17,214.75,207.79,0.854092
1347,241,3351,407.61,913.85,194.44,191.68,0.990692
1348,241,20238,129.68,326.04,227.03,221.05,0.977409
1349,241,18147,517.71,256.17,309.23,384.7,0.972586
1350,243,18147,141.63,648.72,313.3,400.36,0.991468
1351,243,3351,377.73,184.62,186.03,186.27,0.987871
1352,243,20238,622.95,769.88,227.67,223.61,0.987391
1353,244,3544,126.72,168.94,208.09,202.3,0.994514
1354,244,16551,580.59,6.49,284.76,479.8,0.988355
1355,244,33208,649.81,883.46,136.37,129.91,0.594092
1356,247,3743,122.66,837.56,327.72,331.17,0.993193
1357,247,22362,608.31,737.06,273.16,416.76,0.98842
1358,247,2483,623.59,94.43,203.73,474.02,0.978246
1359,247,12778,57.45,133.38,339.96,505.99,0.799309
1360,248,3743,121.52,827.9,322.96,321.87,0.993323
1361,248,2483,633.96,57.8,200.9,490.18,0.985957
1362,248,22362,599.86,730.99,264.58,410.1,0.979984
1363,248,12778,54.09,102.05,338.67,507.23,0.803481
1364,249,22362,82.24,117.16,258.06,391.85,0.991577
1365,249,3743,491.46,126.8,313.92,304.54,0.989291
1366,249,2483,87.31,660.35,212.0,490.37,0.979693
1367,249,12778,554.47,596.76,348.31,497.44,0.937804
1368,250,29667,130.15,207.23,225.1,223.68,0.988781
1369,250,3351,378.37,849.53,188.68,190.28,0.970801
1370,250,18357,541.02,227.55,248.19,354.23,0.911111
1371,251,29667,586.93,795.76,233.3,229.52,0.99482
1372,251,3351,368.62,179.2,184.8,185.24,0.991535
1373,251,18357,139.34,595.06,248.09,370.47,0.959776
1374,252,29667,623.18,885.33,228.83,223.86,0.99433
1375,252,3351,410.44,236.37,185.04,185.79,0.957564
1376,252,18357,182.26,691.03,246.83,370.82,0.900741
1377,253,33880,454.47,249.69,431.31,298.44,0.987964
1378,253,35206,61.45,257.34,412.63,219.02,0.984764
1379,253,3351,446.01,849.03,189.79,192.06,0.978096
1380,256,13395,109.72,86.37,234.32,479.07,0.991441
1381,256,25438,543.9,179.65,247.05,252.15,0.990505
1382,256,2483,61.08,664.52,209.5,486.82,0.986431
1383,256,19552,495.52,654.93,317.55,501.85,0.977633
1384,259,41768,109.13,283.48,272.02,290.41,0.988314
1385,259,3351,384.77,897.54,189.5,189.76,0.987321
1386,259,20238,605.16,278.42,225.82,220.83,0.986498
1387,262,29667,603.64,176.5,219.69,214.64,0.988966
1388,262,3483,561.27,808.78,283.81,180.2,0.969474
1389,262,34597,78.03,37.18,336.49,494.48,0.96527
1390,262,28763,60.98,810.14,218.89,209.17,0.833181
1391,264,29667,126.11,863.14,228.1,226.34,0.992662
1392,264,3483,134.45,290.39,276.16,172.9,0.990893
1393,264,34597,567.49,678.14,350.75,518.16,0.971919
1394,264,28763,677.62,254.71,213.96,202.36,0.934183
1395,265,16232,142.57,845.85,195.73,193.97,0.995356
1396,265,25367,597.82,663.54,378.18,492.73,0.9943
1397,265,3483,134.94,291.51,274.49,171.22,0.98943
1398,265,28763,679.11,254.94,212.17,200.47,0.946443
1399,266,25367,21.5,105.29,385.37,479.63,0.990134
1400,266,16232,648.15,229.46,193.39,183.43,0.989187
1401,266,3483,589.58,844.7,282.02,171.02,0.964979
1402,266,28763,95.75,851.26,215.54,208.04,0.897789
1403,27,25438,125.0,822.92,257.5,267.31,0.995808
1404,27,2483,601.13,71.19,201.09,480.84,0.989902
1405,27,13395,601.4,708.5,231.54,521.85,0.974405
1406,27,12778,72.7,92.25,305.0,524.62,0.965827
1407,271,20877,85.82,726.04,333.09,239.62,0.996187
1408,271,22347,103.93,187.53,201.75,194.56,0.992058
1409,271,3483,622.2,714.29,211.76,274.96,0.990762
1410,271,35206,631.37,162.61,216.95,396.66,0.983464
1411,273,3483,142.49,292.22,211.63,257.09,0.999212
1412,273,22347,667.96,876.37,211.6,208.52,0.997759
1413,273,20877,543.42,293.79,330.0,237.46,0.997587
1414,273,35206,94.51,672.97,236.89,410.33,0.988125
1415,274,20014,577.95,254.05,338.46,322.69,0.98948
1416,274,3351,422.22,887.26,187.27,194.62,0.97648
1417,274,21325,207.12,326.76,149.72,233.69,0.927793
1418,275,20014,6.06,648.08,349.11,339.0,0.990147
1419,275,21325,581.11,665.41,154.6,242.62,0.983249
1420,275,3351,329.07,151.86,181.74,187.98,0.9831
1421,277,3483,600.49,867.53,259.17,231.8,0.99616
1422,277,30308,78.62,97.34,399.77,402.63,0.989552
1423,277,19861,127.15,864.45,219.6,169.8,0.986403
1424,277,36637,615.4,193.85,267.58,155.79,0.98063
1425,278,3483,147.48,221.32,251.52,221.89,0.994501
1426,278,30308,519.56,747.07,413.25,417.94,0.950836
1427,278,36637,92.7,905.91,278.67,166.3,0.942974
1428,278,19861,637.29,276.7,221.58,171.23,0.938584
1429,28,3483,564.95,813.17,265.75,216.19,0.995541
1430,28,27777,179.48,814.73,174.58,201.22,0.990227
1431,28,25367,17.56,61.22,419.47,459.41,0.985856
1432,28,35206,615.21,141.98,223.0,400.72,0.980989
1433,280,3832,437.96,274.58,383.78,352.02,0.996515
1434,280,3351,410.46,867.85,188.23,190.26,0.960466
1435,280,16232,135.18,290.7,187.24,190.99,0.779554
1436,286,3483,537.19,778.97,266.88,224.55,0.996098
1437,286,27777,145.81,776.63,176.46,206.26,0.980194
1438,286,16262,574.27,186.81,240.65,229.3,0.977043
1439,286,30308,29.93,117.5,372.58,404.71,0.969237
1440,287,3483,172.56,277.34,259.72,215.81,0.994429
1441,287,30308,572.04,702.59,393.71,424.03,0.978144
1442,287,16262,137.43,835.65,247.7,241.54,0.973579
1443,287,27777,638.68,291.81,177.53,194.48,0.973275
1444,288,3483,564.49,815.86,264.99,216.34,0.995751
1445,288,27777,179.74,815.52,173.61,200.24,0.990603
1446,288,16262,603.58,194.65,243.68,229.07,0.987896
1447,288,30308,42.68,132.17,390.94,416.32,0.986977
1448,289,25438,143.17,845.12,255.49,255.13,0.988872
1449,289,2483,596.34,83.22,248.62,476.25,0.988351
1450,289,22362,589.19,744.56,249.96,406.72,0.98318
1451,289,12778,93.67,44.32,283.16,539.17,0.88211
1452,29,3483,537.26,776.63,266.5,223.24,0.993779
1453,29,25367,10.02,48.65,403.22,452.15,0.983524
1454,29,35206,584.14,131.32,218.86,396.59,0.983207
1455,29,27777,146.07,775.76,175.97,206.79,0.98181
1456,291,25438,536.7,174.4,245.13,253.86,0.994645
1457,291,2483,76.74,658.43,253.06,469.57,0.984103
1458,291,22362,102.84,106.13,250.16,394.2,0.979301
1459,291,12778,568.1,613.0,281.16,539.94,0.857038
1460,292,25438,546.38,175.83,247.42,252.94,0.99139
1461,292,2483,68.06,663.64,204.87,485.42,0.991169
1462,292,13395,114.02,84.46,227.7,478.08,0.991104
1463,292,12778,538.9,590.97,329.88,508.6,0.963461
1464,295,20014,127.16,190.88,337.39,319.62,0.992103
1465,295,3351,413.48,861.0,190.6,194.4,0.983891
1466,295,16232,644.48,296.23,190.72,192.0,0.954589
1467,295,22074,643.28,295.44,193.04,193.2,0.374905
1468,298,33208,157.68,234.01,204.48,196.14,0.996839
1469,298,1900,685.67,878.67,210.7,134.39,0.987865
1470,298,16548,159.99,776.91,241.37,236.22,0.983258
1471,299,33208,609.22,843.78,216.3,208.33,0.996237
1472,299,16548,560.24,244.8,232.42,228.25,0.991361
1473,299,1900,87.45,260.24,202.0,126.36,0.942617
1474,3,24850,140.98,702.98,184.58,297.4,0.985855
1475,3,1900,140.48,242.51,200.12,127.72,0.985229
1476,3,16551,530.59,61.28,379.3,399.34,0.981572
1477,3,27926,571.21,626.9,255.27,489.93,0.98151
1478,302,36637,566.23,710.4,235.91,226.61,0.994946
1479,302,3351,306.41,156.37,188.45,191.6,0.992065
1480,302,19232,97.67,635.75,279.05,327.08,0.96602
1481,304,3743,131.02,811.1,328.61,334.04,0.99032
1482,304,12778,105.61,129.33,313.27,505.65,0.978915
1483,304,2483,620.87,63.13,197.42,476.87,0.978074
1484,304,13395,591.22,701.56,238.52,468.54,0.973864
1485,308,41768,554.81,602.18,286.55,300.0,0.994078
1486,308,36637,116.19,712.89,194.58,260.97,0.988993
1487,308,3351,289.18,205.23,185.37,187.97,0.98414
1488,31,3544,111.47,238.56,207.45,203.66,0.982769
1489,31,16551,589.97,51.18,289.05,480.49,0.96144
1490,310,3544,652.8,890.56,217.61,214.04,0.99454
1491,310,4543,138.71,866.64,212.73,211.47,0.994037
1492,310,16551,106.0,146.14,311.96,452.01,0.985613
1493,310,12247,618.34,319.65,174.92,184.71,0.978723
1494,313,20877,39.37,754.16,331.17,251.81,0.994982
1495,313,29667,594.97,180.12,220.41,216.0,0.992375
1496,313,3483,618.79,719.1,209.95,272.35,0.988072
1497,313,34597,14.74,25.63,449.2,406.73,0.98664
1498,315,3483,145.4,289.25,211.09,258.25,0.997627
1499,315,20877,592.3,257.55,327.33,247.1,0.993913
1500,315,29667,133.97,860.15,229.1,225.26,0.992522
1501,315,34597,503.0,781.89,473.0,423.43,0.985935
1502,316,3544,125.95,234.04,207.79,202.46,0.9921
1503,316,33009,559.79,812.3,371.0,208.07,0.98845
1504,316,16548,167.59,790.57,235.95,228.89,0.976556
1505,317,3544,657.94,832.79,215.83,211.15,0.996918
1506,317,16548,592.53,281.79,231.9,224.32,0.988848
1507,317,33009,76.98,269.46,363.78,219.01,0.983683
1508,32,3544,673.48,827.15,214.34,211.95,0.991348
1509,32,16551,105.27,705.94,296.19,497.16,0.988147
1510,320,20877,85.68,725.65,333.35,239.43,0.997335
1511,320,3483,623.31,714.52,209.15,274.44,0.99316
1512,320,35206,631.55,162.48,216.57,397.01,0.98423
1513,320,28763,135.49,196.07,210.74,199.75,0.969709
1514,323,22347,657.13,877.07,213.43,206.85,0.998057
1515,323,3483,132.8,290.77,275.98,171.4,0.991864
1516,323,36637,152.36,803.32,193.04,251.28,0.991534
1517,323,28763,679.77,254.63,209.93,199.74,0.952103
1518,324,22347,131.87,193.18,204.91,199.18,0.997301
1519,324,36637,642.57,209.65,189.34,247.42,0.996181
1520,324,3483,590.92,845.61,280.59,169.76,0.95911
1521,324,28763,96.55,851.91,215.11,208.39,0.923716
1522,325,3483,172.65,277.92,260.66,215.71,0.993124
1523,325,16262,137.0,835.17,249.49,241.6,0.97837
1524,325,27777,639.83,291.81,176.75,194.48,0.971916
1525,325,31885,508.07,702.36,405.91,527.39,0.961935
1526,327,3483,564.9,815.33,264.65,217.17,0.996326
1527,327,16262,603.01,194.67,244.62,229.57,0.993032
1528,327,27777,179.5,815.84,173.86,200.29,0.989381
1529,327,31885,93.3,24.46,407.19,511.47,0.970596
1530,328,3483,123.1,306.53,270.64,202.54,0.999147
1531,328,31885,518.73,643.3,383.53,536.42,0.984853
1532,328,36637,99.59,878.2,269.98,182.63,0.983057
1533,328,27733,561.76,256.39,300.2,262.64,0.976554
1534,332,3544,125.06,141.27,203.48,198.57,0.995882
1535,332,4543,587.79,166.84,201.76,199.34,0.995014
1536,332,16551,563.58,536.03,288.51,488.86,0.977644
1537,334,20877,86.64,725.94,332.0,239.14,0.997871
1538,334,16232,627.15,219.81,188.71,185.44,0.991348
1539,334,3483,623.47,714.36,209.47,274.43,0.990717
1540,334,22347,145.7,222.44,201.28,195.11,0.979995
1541,335,3483,142.42,292.24,211.26,258.12,0.998946
1542,335,20877,543.16,293.58,329.54,236.66,0.99769
1543,335,22347,622.93,839.31,212.22,207.69,0.997376
1544,335,16232,133.72,846.87,197.97,192.33,0.995676
1545,336,20877,118.24,768.97,332.51,234.16,0.995947
1546,336,3483,649.62,750.21,210.24,266.81,0.993667
1547,336,22347,164.6,231.32,205.24,198.54,0.987576
1548,336,16232,657.14,230.71,191.5,179.6,0.985793
1549,337,22347,641.49,835.82,212.81,206.72,0.99863
1550,337,3483,124.52,274.67,272.71,187.44,0.996139
1551,337,25469,571.96,182.91,325.87,291.13,0.994553
1552,337,36637,130.59,830.79,183.43,261.27,0.992715
1553,338,22347,127.12,224.38,202.23,196.3,0.993656
1554,338,3483,574.78,808.96,280.58,194.54,0.992928
1555,338,36637,645.85,168.41,169.35,252.74,0.981134
1556,338,25469,50.89,786.92,340.95,304.65,0.968322
1557,339,22347,146.34,234.7,205.67,198.21,0.998063
1558,339,3483,601.8,847.4,277.76,185.65,0.994592
1559,339,36637,674.13,172.01,175.7,255.06,0.98416
1560,339,25469,87.37,829.44,333.6,304.37,0.963952
1561,340,3483,537.32,778.52,267.23,225.68,0.994208
1562,340,20238,576.56,191.7,221.19,213.33,0.984825
1563,340,34597,37.11,88.05,395.81,465.83,0.983688
1564,340,27777,146.11,776.86,176.58,206.84,0.983021
1565,341,3483,565.36,815.56,263.43,216.83,0.996557
1566,341,27777,180.08,816.18,173.77,199.76,0.992081
1567,341,20238,604.5,196.0,226.03,215.31,0.985833
1568,341,34597,49.65,115.7,402.24,463.39,0.978025
1569,344,3483,564.95,815.5,264.44,217.21,0.996515
1570,344,27777,179.13,816.02,174.14,199.77,0.99216
1571,344,16262,604.72,194.8,243.33,228.88,0.975994
1572,344,28763,155.45,192.12,211.36,201.91,0.925314
1573,345,3483,536.94,778.82,265.87,223.57,0.992675
1574,345,27777,144.6,775.91,177.11,207.37,0.972264
1575,345,28763,137.67,186.27,208.68,198.26,0.94865
1576,345,16262,575.02,186.39,240.87,229.26,0.93971
1577,346,3483,566.3,813.06,264.52,216.19,0.995489
1578,346,27777,180.99,815.11,174.62,200.77,0.991564
1579,346,25367,140.77,50.39,339.63,504.6,0.98578
1580,346,16232,644.59,250.68,185.9,181.55,0.964329
1581,347,3483,538.0,776.67,266.97,222.8,0.994011
1582,347,16232,614.75,239.72,183.72,181.82,0.988647
1583,347,27777,146.68,776.23,177.7,206.52,0.985719
1584,347,25367,122.96,39.88,332.28,493.3,0.979361
1585,349,3483,566.46,811.84,265.18,217.08,0.994804
1586,349,27777,180.15,814.35,175.02,201.14,0.990769
1587,349,34597,8.75,132.09,438.2,426.33,0.980371
1588,349,35206,615.35,141.29,223.16,400.29,0.976614
1589,352,2483,639.86,118.59,206.43,472.18,0.993777
1590,352,22362,620.44,781.77,259.66,422.15,0.975753
1591,352,19552,112.44,170.82,324.97,491.88,0.951389
1592,355,2483,52.4,696.9,246.23,480.53,0.991
1593,355,12081,71.48,129.51,227.18,429.95,0.989596
1594,355,12778,539.62,588.06,308.41,510.69,0.9126
1595,355,3743,550.84,191.3,267.12,266.6,0.813622
1596,356,12081,644.75,687.13,231.93,452.96,0.997016
1597,356,2483,628.68,32.75,238.81,482.47,0.993367
1598,356,12778,92.53,103.47,317.12,514.5,0.964026
1599,356,3743,105.37,797.25,276.26,276.55,0.813038
1600,359,3483,562.52,815.03,265.5,216.42,0.995579
1601,359,29667,628.4,165.47,224.08,214.49,0.994449
1602,359,31885,81.43,42.6,369.42,532.21,0.988616
1603,359,27777,177.68,812.63,175.29,201.62,0.987558
1604,361,3351,428.6,880.65,191.56,193.53,0.994277
1605,361,18147,211.03,168.65,213.06,413.07,0.991656
1606,361,16262,645.12,288.41,242.49,235.89,0.962312
1607,364,32310,586.66,164.87,243.6,345.35,0.993696
1608,364,3351,403.2,854.94,193.12,192.76,0.959961
1609,364,35206,103.85,253.86,345.84,325.62,0.829991
1610,364,3832,103.68,253.55,342.9,325.88,0.376217
1611,372,3483,602.12,845.19,278.14,186.51,0.99165
1612,372,16262,572.06,195.78,246.95,231.49,0.989478
1613,372,34597,14.86,141.89,453.67,414.28,0.983277
1614,372,25469,50.46,854.67,373.37,219.31,0.972167
1615,374,20877,71.22,800.34,332.69,242.41,0.995229
1616,374,29667,622.67,185.26,226.26,216.46,0.993939
1617,374,25367,99.75,31.84,408.1,468.34,0.991154
1618,374,3483,646.34,754.78,210.27,267.98,0.984298
1619,379,3351,464.6,856.37,189.35,194.93,0.9853
1620,379,31863,135.94,313.47,208.46,210.12,0.983879
1621,379,16688,449.16,154.98,501.02,472.4,0.981219
1622,38,20877,86.49,725.59,332.44,239.05,0.995648
1623,38,35206,625.87,162.24,214.18,394.54,0.993886
1624,38,3483,622.96,714.81,210.15,273.81,0.991598
1625,38,31885,116.01,30.92,398.01,501.29,0.987747
1626,380,31863,594.96,714.51,212.74,214.77,0.997832
1627,380,3351,285.07,181.63,188.02,187.72,0.993133
1628,380,16688,0.0,550.75,507.63,517.22,0.988808
1629,382,2483,591.18,118.15,290.24,440.32,0.993966
1630,382,3743,78.16,811.26,325.74,332.28,0.987294
1631,382,12778,95.6,128.2,380.44,457.91,0.986647
1632,382,13395,614.66,693.44,234.77,515.25,0.965261
1633,384,2483,604.33,72.68,282.81,466.26,0.990478
1634,384,12778,90.53,90.02,388.26,462.17,0.980018
1635,384,3743,77.59,800.31,320.61,320.29,0.97923
1636,384,13395,601.42,693.85,237.55,498.23,0.948772
1637,387,20238,133.36,868.81,231.59,226.03,0.986254
1638,387,3483,133.66,291.09,274.85,172.1,0.982448
1639,387,31885,497.61,654.7,420.04,514.3,0.955958
1640,387,28763,677.8,255.02,211.66,201.6,0.933724
1641,389,20877,85.29,726.38,333.64,238.58,0.995313
1642,389,3483,622.12,715.46,209.86,273.71,0.989205
1643,389,16262,600.91,184.58,240.13,231.38,0.987141
1644,389,34597,30.64,126.71,440.07,424.83,0.983252
1645,390,20877,117.3,769.17,332.08,233.13,0.992821
1646,390,3483,648.54,750.3,210.81,269.01,0.992049
1647,390,16262,629.63,193.26,247.22,231.14,0.989786
1648,390,34597,41.2,158.65,455.64,415.33,0.989565
1649,392,1900,187.54,272.84,203.91,138.12,0.995114
1650,392,33208,654.14,901.81,223.77,208.63,0.994664
1651,392,16551,110.91,699.27,295.37,499.18,0.973842
1652,392,19607,684.46,274.95,178.19,172.43,0.530947
1653,393,1900,582.24,866.01,213.23,144.46,0.997257
1654,393,33208,111.03,160.02,206.67,198.0,0.990946
1655,393,16551,558.39,49.74,277.83,465.83,0.970166
1656,393,19607,92.26,831.46,182.65,181.52,0.793325
1657,394,3483,124.14,274.42,273.12,187.84,0.997735
1658,394,25469,571.7,230.59,368.2,218.59,0.99382
1659,394,20238,139.11,850.87,231.63,225.65,0.992418
1660,394,28763,606.92,856.65,221.29,213.06,0.969274
1661,395,3483,602.97,845.83,277.26,186.85,0.990066
1662,395,20238,618.69,196.29,225.4,216.32,0.987609
1663,395,25469,50.88,855.04,372.49,219.59,0.980434
1664,395,28763,171.66,208.33,212.38,200.88,0.939986
1665,396,20238,589.84,191.52,221.15,211.76,0.991536
1666,396,3483,574.88,809.24,281.31,193.72,0.982915
1667,396,25469,16.34,812.65,376.86,224.39,0.97491
1668,396,28763,153.74,199.37,210.55,199.63,0.953299
1669,4,1900,684.9,807.82,131.11,210.63,0.998446
1670,4,24850,602.62,251.78,287.55,165.39,0.993288
1671,4,29345,117.58,155.93,271.99,414.34,0.9805
1672,4,16551,130.37,649.07,293.5,493.61,0.9669
1673,40,3483,154.33,217.65,252.31,222.34,0.995351
1674,40,29667,122.13,837.27,226.86,228.21,0.990784
1675,40,31885,615.34,609.21,332.45,558.58,0.990306
1676,40,19861,646.85,277.09,220.63,170.86,0.966749
1677,400,33208,612.18,771.12,216.9,207.68,0.996006
1678,400,1900,130.69,243.9,197.31,157.34,0.99585
1679,400,33009,15.88,775.42,361.39,240.53,0.9788
1680,400,16548,603.87,124.66,231.42,225.01,0.971996
1681,401,1900,640.69,857.19,208.98,166.43,0.998618
1682,401,33208,154.44,294.91,203.74,196.32,0.99677
1683,401,16548,112.98,898.97,240.91,238.8,0.990052
1684,401,33009,586.02,240.8,356.92,237.09,0.985387
1685,404,35206,437.83,699.63,419.47,234.47,0.993804
1686,404,18147,17.36,586.14,285.59,422.4,0.993051
1687,404,3351,355.63,144.66,188.04,190.95,0.989096
1688,409,1900,134.43,241.89,187.03,166.18,0.995208
1689,409,16551,9.82,726.05,459.32,324.46,0.99149
1690,409,33009,513.84,792.9,387.37,211.58,0.982833
1691,41,3483,593.4,872.86,257.87,231.84,0.997181
1692,41,29667,639.73,206.39,220.81,214.74,0.991307
1693,41,31885,55.23,89.3,323.45,542.93,0.98591
1694,41,19861,119.52,864.9,220.69,168.92,0.975836
1695,411,1900,641.13,851.82,206.99,178.34,0.999082
1696,411,16551,498.64,196.88,447.6,314.39,0.994907
1697,411,33009,86.78,256.52,366.99,209.76,0.991021
1698,412,2483,623.94,63.95,225.49,470.9,0.987858
1699,412,12081,649.79,695.8,245.19,463.27,0.985443
1700,412,19552,114.85,174.87,309.83,510.42,0.96481
1701,412,3743,105.68,810.4,280.54,284.3,0.63993
1702,413,12081,644.42,686.67,232.53,453.47,0.997
1703,413,2483,626.45,34.43,243.17,479.6,0.994134
1704,413,19552,111.55,155.7,313.26,500.95,0.951778
1705,413,3743,107.35,798.38,274.73,273.5,0.843943
1706,414,2483,49.77,698.31,250.55,478.21,0.990734
1707,414,12081,69.94,127.87,227.81,432.23,0.985732
1708,414,19552,518.54,548.63,306.96,497.39,0.975076
1709,414,3743,550.57,191.91,267.96,266.09,0.685099
1710,415,3483,601.04,868.29,257.92,229.81,0.997585
1711,415,31885,99.55,90.67,321.33,544.12,0.989193
1712,415,19861,126.91,864.62,219.95,169.22,0.979106
1713,415,16262,639.06,177.81,244.74,230.55,0.958612
1714,416,3483,572.55,834.44,263.62,234.64,0.996227
1715,416,16262,609.93,172.6,239.5,228.76,0.987028
1716,416,19861,91.94,826.0,225.94,176.72,0.987021
1717,416,31885,78.97,73.84,320.23,532.6,0.973758
1718,417,3483,146.96,221.85,252.13,222.03,0.995415
1719,417,16262,101.44,851.69,246.24,241.08,0.988425
1720,417,31885,571.21,609.48,331.49,555.3,0.970759
1721,417,19861,637.93,277.38,220.98,170.25,0.939714
1722,419,3483,123.96,305.56,270.06,204.56,0.999111
1723,419,20238,113.43,855.34,231.78,226.11,0.995081
1724,419,25367,541.0,735.79,435.0,440.25,0.99292
1725,419,27733,565.25,260.02,302.42,265.81,0.960163
1726,42,3483,564.24,838.3,261.05,237.61,0.993482
1727,42,29667,609.74,199.27,218.52,216.11,0.984365
1728,42,31885,33.41,71.56,318.41,534.22,0.983005
1729,42,19861,84.67,825.51,226.04,176.93,0.979788
1730,420,3483,580.01,757.15,273.49,213.36,0.996388
1731,420,20238,614.22,186.37,220.08,213.6,0.99194
1732,420,25367,5.92,72.8,430.98,422.26,0.989789
1733,420,27733,88.62,723.75,321.81,283.7,0.982183
1734,422,3483,148.43,220.22,252.86,222.16,0.994845
1735,422,34597,560.77,698.22,356.93,517.56,0.953846
1736,422,36637,92.59,903.26,279.02,170.2,0.946176
1737,422,19861,640.59,277.57,221.75,171.07,0.941231
1738,423,3483,570.69,834.44,263.33,237.24,0.990926
1739,423,19861,91.2,826.19,225.18,175.82,0.988049
1740,423,36637,587.86,192.21,264.12,155.91,0.983839
1741,423,34597,81.14,20.81,338.59,491.46,0.977479
1742,429,27733,129.52,774.63,313.29,278.18,0.995157
1743,429,29667,668.47,180.41,224.2,214.01,0.992371
1744,429,3483,606.64,789.54,272.75,206.98,0.985413
1745,429,34597,72.18,154.95,490.37,354.01,0.979429
1746,430,3544,180.53,199.01,204.69,198.88,0.99008
1747,430,16551,69.91,610.59,403.32,411.2,0.986598
1748,430,4543,610.63,155.05,205.64,198.11,0.972911
1749,430,33009,614.05,789.61,174.6,225.64,0.26404
1750,431,3544,200.96,206.28,206.15,201.49,0.993871
1751,431,16551,104.17,662.16,399.36,401.61,0.992535
1752,431,4543,639.81,154.68,209.52,200.8,0.981918
1753,431,33009,642.7,831.43,171.67,213.37,0.505354
1754,432,4543,132.93,903.67,212.86,214.79,0.998018
1755,432,3544,583.27,859.41,213.43,211.88,0.994541
1756,432,16551,494.19,225.98,390.61,390.53,0.988781
1757,432,33009,194.73,257.3,165.33,216.96,0.376745
1758,433,3483,579.32,756.85,273.47,212.84,0.997459
1759,433,30308,94.2,106.83,353.55,423.32,0.99537
1760,433,16232,620.75,177.57,185.74,183.49,0.989009
1761,433,27733,89.11,723.85,321.73,283.02,0.983511
1762,434,3483,123.86,306.22,270.4,203.21,0.9989
1763,434,16232,140.63,891.58,197.99,194.88,0.988384
1764,434,30308,534.31,691.17,369.64,447.25,0.982558
1765,434,27733,565.99,260.14,301.21,265.65,0.967411
1766,435,27733,123.66,768.52,313.58,274.91,0.995293
1767,435,30308,107.74,121.67,368.79,433.27,0.995086
1768,435,3483,605.4,790.79,272.63,208.13,0.990627
1769,435,16232,648.1,184.52,193.32,180.19,0.98226
1770,436,3483,603.09,844.85,277.1,187.36,0.986483
1771,436,20238,617.21,196.3,226.31,216.55,0.985817
1772,436,31885,39.8,133.14,449.27,482.78,0.984289
1773,436,25469,49.64,855.88,373.51,217.59,0.97856
1774,44,13900,575.92,673.3,180.65,264.24,0.997521
1775,44,3351,368.78,153.91,186.03,188.72,0.990749
1776,44,29667,93.62,722.32,231.12,234.01,0.987983
1777,443,25438,568.12,186.74,246.13,254.09,0.996979
1778,443,12778,532.79,676.4,346.81,485.42,0.990699
1779,443,2483,80.98,671.97,251.99,474.62,0.990685
1780,443,13395,76.3,103.47,224.43,435.97,0.921426
1781,444,25438,111.07,840.94,259.29,268.5,0.99359
1782,444,2483,593.44,107.61,257.71,452.87,0.988337
1783,444,13395,652.34,703.51,221.06,475.28,0.960249
1784,444,12778,79.68,56.53,337.07,502.09,0.952069
1785,444,19552,79.2,55.03,338.32,501.98,0.625161
1786,449,16262,620.37,182.22,247.99,230.89,0.982626
1787,449,34597,44.62,131.49,386.75,479.66,0.968823
1788,449,3483,590.35,843.9,281.54,171.53,0.965343
1789,449,28763,97.68,851.26,214.28,207.21,0.859032
1790,452,1900,643.95,842.8,187.03,189.67,0.996593
1791,452,29451,512.88,240.44,403.9,221.8,0.98162
1792,452,16551,140.29,635.92,307.0,486.16,0.955665
1793,454,2483,101.08,703.4,228.59,483.05,0.986349
1794,454,13395,127.85,85.76,228.96,474.62,0.981224
1795,454,12778,494.14,594.2,298.45,518.81,0.799707
1796,455,2483,602.18,18.82,218.38,489.51,0.982332
1797,455,13395,584.93,677.02,233.89,498.05,0.934712
1798,455,12778,136.6,89.46,302.45,519.29,0.918811
1799,456,13395,588.38,679.47,250.71,512.41,0.982189
1800,456,2483,594.02,56.47,209.77,475.34,0.979382
1801,456,12778,139.33,115.31,297.73,523.84,0.85818
1802,457,2483,643.22,63.2,214.54,487.68,0.995091
1803,457,13395,631.86,673.2,229.67,503.56,0.985268
1804,457,12778,108.66,152.34,288.63,534.63,0.965476
1805,458,13395,637.91,673.82,246.92,516.93,0.993112
1806,458,2483,626.79,102.09,229.33,467.4,0.986448
1807,458,12778,109.55,175.45,286.06,537.52,0.947031
1808,459,13395,78.45,79.76,233.86,490.41,0.993028
1809,459,2483,80.14,659.89,219.71,486.37,0.992416
1810,459,12778,543.75,519.5,283.57,525.88,0.972929
1811,459,3743,521.42,163.02,273.61,262.1,0.257473
1812,46,3743,118.93,786.01,322.49,320.61,0.989075
1813,46,2483,589.6,69.38,240.99,482.19,0.984321
1814,46,12081,599.83,709.92,233.75,450.95,0.983539
1815,46,12778,99.45,107.69,322.39,510.8,0.881591
1816,460,3743,491.67,126.14,313.62,304.72,0.989964
1817,460,22362,81.54,118.53,258.7,390.22,0.987465
1818,460,2483,93.05,660.16,203.77,491.74,0.966773
1819,460,12778,506.58,578.36,299.21,514.66,0.9042
1820,462,3743,122.68,836.87,327.84,331.27,0.994456
1821,462,22362,607.61,736.28,273.2,417.33,0.982783
1822,462,2483,628.31,95.32,205.64,476.31,0.973206
1823,462,12778,134.63,147.11,298.58,508.79,0.961457
1824,463,3483,132.56,291.5,275.58,171.16,0.990809
1825,463,28763,624.8,873.86,220.21,212.24,0.979902
1826,463,20238,133.63,869.44,231.34,227.06,0.978759
1827,463,28763,676.47,254.85,211.76,200.34,0.952157
1828,464,20238,595.19,174.77,219.04,211.12,0.993411
1829,464,28763,136.88,186.02,210.61,197.49,0.983117
1830,464,3483,563.36,810.27,285.42,176.56,0.982126
1831,464,28763,64.12,812.15,217.97,208.6,0.943182
1832,465,20238,625.56,176.83,222.63,215.31,0.992355
1833,465,28763,154.84,192.51,212.91,199.97,0.967238
1834,465,3483,590.96,844.74,282.5,170.62,0.945357
1835,465,28763,99.26,852.91,213.73,207.33,0.945293
1836,468,25438,154.65,872.18,258.9,269.72,0.990957
1837,468,22362,602.9,744.07,269.18,422.75,0.98395
1838,468,2483,596.86,108.2,204.86,478.17,0.964524
1839,468,12778,109.01,109.48,314.46,514.48,0.927169
1840,469,27733,124.26,768.22,314.54,275.76,0.995539
1841,469,3483,605.21,789.3,273.51,209.36,0.98655
1842,469,28763,150.22,221.67,212.73,199.49,0.969707
1843,469,35206,605.89,125.79,249.61,390.02,0.965214
1844,47,2483,90.19,666.98,249.48,472.04,0.995412
1845,47,3743,493.25,165.15,313.9,302.78,0.993313
1846,47,12081,109.63,113.38,228.77,429.06,0.985491
1847,47,12778,531.02,587.39,310.79,508.5,0.93204
1848,472,3544,149.07,190.28,209.76,202.1,0.992967
1849,472,16548,627.83,147.0,236.31,228.25,0.991762
1850,472,33009,628.91,851.61,223.71,134.94,0.454579
1851,474,3544,635.51,874.23,214.48,213.65,0.99647
1852,474,16548,117.57,880.8,242.97,238.69,0.992554
1853,474,33009,152.13,308.26,219.35,148.35,0.267403
1854,475,25438,125.92,822.5,257.7,269.23,0.9956
1855,475,2483,594.64,73.65,207.67,479.15,0.986566
1856,475,13395,602.5,710.37,232.64,520.99,0.979973
1857,475,19552,90.14,132.4,315.78,500.23,0.975959
1858,477,25438,123.59,811.99,255.76,256.83,0.996602
1859,477,2483,600.05,44.09,214.21,488.03,0.987052
1860,477,13395,590.17,709.78,232.48,503.98,0.982769
1861,477,19552,86.83,101.28,318.81,498.93,0.969378
1862,479,3483,536.2,776.5,268.18,224.45,0.990393
1863,479,36637,636.39,174.95,180.99,249.67,0.989739
1864,479,25367,65.26,82.46,374.13,471.63,0.977525
1865,479,27777,146.5,776.16,177.01,206.06,0.977285
1866,481,13395,638.17,674.39,245.81,517.95,0.994769
1867,481,2483,626.66,102.78,228.41,466.85,0.980813
1868,481,12778,79.09,88.53,307.9,518.57,0.906219
1869,481,19552,79.82,89.28,307.26,519.2,0.598687
1870,482,13395,78.72,79.19,233.46,491.63,0.992826
1871,482,2483,79.94,659.54,220.21,487.11,0.989723
1872,482,12778,559.06,624.49,308.83,502.35,0.97871
1873,484,32310,26.3,328.95,289.27,323.59,0.99329
1874,484,3351,420.0,891.16,190.16,197.11,0.979307
1875,484,16688,480.91,121.96,421.13,530.29,0.975379
1876,485,32310,622.22,533.36,293.8,344.31,0.997109
1877,485,3351,327.61,147.85,183.85,189.94,0.993243
1878,485,16688,38.99,521.14,434.63,588.58,0.968547
1879,486,32310,663.69,632.48,290.94,345.01,0.998102
1880,486,3351,370.12,203.79,185.72,185.86,0.997014
1881,486,16688,77.65,615.18,435.6,606.45,0.968028
1882,487,27733,123.85,768.22,313.49,275.34,0.995767
1883,487,16232,648.07,184.41,192.52,180.42,0.984467
1884,487,3483,604.91,790.9,273.32,207.02,0.981324
1885,487,31885,93.95,43.37,414.32,514.2,0.978741
1886,493,1900,189.74,291.2,194.6,157.5,0.99393
1887,493,19607,681.95,900.21,166.15,162.83,0.993899
1888,493,16548,123.69,884.97,243.14,240.7,0.972533
1889,493,19607,684.78,275.08,177.41,172.5,0.606186
1890,494,1900,590.69,826.82,206.25,164.04,0.994384
1891,494,16548,591.89,138.01,232.64,225.21,0.978187
1892,494,19607,134.11,212.72,157.29,151.04,0.937269
1893,494,19607,92.02,832.12,182.3,180.47,0.741266
1894,496,3832,498.4,179.87,382.3,368.32,0.995924
1895,496,3351,395.42,870.82,187.43,193.72,0.985167
1896,496,36637,165.43,293.38,183.82,245.2,0.951581
1897,497,36637,588.61,667.0,192.69,255.14,0.991541
1898,497,3832,51.84,654.0,387.3,380.49,0.988003
1899,497,3351,353.29,159.54,183.66,185.73,0.969378
1900,499,3483,123.59,275.28,273.76,187.03,0.995933
1901,499,25469,571.31,230.85,368.86,219.05,0.994087
1902,499,25367,524.99,726.76,438.13,462.2,0.9926
1903,499,16262,167.4,834.48,249.56,241.53,0.982248
1904,5,1900,181.57,265.18,127.27,202.97,0.9963
1905,5,24850,98.67,893.89,293.54,163.98,0.991707
1906,5,16551,570.1,111.28,285.15,480.51,0.954618
1907,5,29345,612.81,716.2,282.19,441.16,0.947194
1908,500,25367,34.07,62.75,416.86,440.53,0.99802
1909,500,16262,546.45,187.6,239.18,230.47,0.989533
1910,500,3483,574.31,808.75,281.88,196.24,0.987126
1911,500,25469,13.67,812.32,379.66,223.56,0.973819
1912,501,25367,46.59,77.21,432.53,444.46,0.989548
1913,501,16262,571.6,195.7,248.11,231.71,0.988219
1914,501,3483,602.56,844.48,277.58,187.54,0.985213
1915,501,25469,48.93,856.51,374.06,216.7,0.975041
1916,502,3483,123.83,275.01,273.6,187.99,0.997077
1917,502,20238,140.0,851.33,230.49,225.56,0.993828
1918,502,30308,547.13,729.27,412.42,411.39,0.99208
1919,502,25469,572.03,231.07,368.24,219.69,0.989088
1920,503,20238,588.07,192.22,222.49,211.48,0.993398
1921,503,3483,576.0,809.55,279.46,193.46,0.989835
1922,503,30308,39.01,106.39,392.17,389.82,0.973183
1923,503,25469,14.27,812.38,378.95,224.51,0.97162
1924,506,31863,81.05,702.75,210.14,206.84,0.998193
1925,506,3351,351.24,138.47,186.33,189.98,0.991228
1926,506,38162,534.02,630.29,195.34,306.9,0.986237
1927,507,31863,123.79,789.07,208.17,201.11,0.996368
1928,507,3351,394.4,198.22,183.17,182.87,0.993809
1929,507,38162,573.85,726.54,193.36,295.48,0.973395
1930,508,22074,167.86,261.09,184.03,189.86,0.97717
1931,508,18147,536.01,239.93,339.53,353.27,0.974382
1932,508,3351,417.17,869.78,191.86,194.9,0.958366
1933,509,22074,588.65,780.49,189.06,192.93,0.982901
1934,509,18147,42.48,605.55,351.23,379.63,0.982865
1935,509,3351,325.95,166.58,186.78,191.97,0.980324
1936,511,25367,574.46,740.22,391.52,498.31,0.995536
1937,511,3483,148.56,220.11,252.45,222.89,0.993548
1938,511,19861,640.57,277.36,221.2,170.68,0.954607
1939,511,36637,94.85,904.48,276.95,166.76,0.951117
1940,515,3483,566.27,812.14,264.36,216.0,0.996554
1941,515,27777,180.22,814.43,175.03,200.92,0.988136
1942,515,30308,94.18,189.3,425.83,362.73,0.981857
1943,515,35206,614.95,141.63,223.26,398.52,0.981709
1944,516,30308,479.74,702.7,433.33,373.61,0.994636
1945,516,35206,142.24,714.87,238.59,401.84,0.994446
1946,516,3483,171.31,280.65,260.33,213.81,0.993709
1947,516,27777,636.77,293.04,177.57,193.46,0.978179
1948,517,36637,644.08,208.81,187.86,248.37,0.994927
1949,517,31885,28.3,10.82,384.75,527.04,0.984415
1950,517,3483,590.59,845.16,280.99,170.2,0.959602
1951,517,28763,96.15,851.49,216.81,208.83,0.891254
1952,518,36637,615.95,202.59,183.75,245.18,0.992669
1953,518,31885,17.76,2.69,370.64,515.77,0.991093
1954,518,3483,562.51,810.53,285.11,176.53,0.974696
1955,518,28763,62.1,811.31,220.1,208.46,0.879477
1956,519,36637,151.0,803.45,196.26,250.1,0.992039
1957,519,3483,133.73,290.66,275.67,171.71,0.990596
1958,519,31885,596.35,698.91,379.65,538.92,0.964088
1959,519,28763,679.12,254.72,210.96,201.14,0.948005
1960,520,3483,174.67,279.33,259.62,214.43,0.993148
1961,520,29667,128.31,880.18,228.52,226.81,0.993068
1962,520,27777,639.94,294.34,177.41,192.62,0.977545
1963,520,28763,615.05,905.11,221.11,211.92,0.937366
1964,521,3483,534.81,776.38,268.14,225.45,0.990217
1965,521,29667,602.19,160.81,217.91,214.97,0.988014
1966,521,27777,143.39,775.05,177.65,206.02,0.966894
1967,521,28763,147.64,156.04,207.93,197.48,0.96429
1968,522,29667,629.53,164.63,223.89,214.58,0.99472
1969,522,3483,563.42,814.19,264.94,217.33,0.993567
1970,522,27777,178.05,813.11,174.99,201.73,0.990087
1971,522,28763,164.3,161.96,211.49,199.06,0.970682
1972,525,3483,124.42,305.56,270.07,203.55,0.999162
1973,525,16232,139.2,891.78,198.75,195.13,0.978185
1974,525,27733,565.7,260.22,300.78,263.85,0.961968
1975,525,28763,635.82,866.15,219.94,213.34,0.949257
1976,526,3483,146.74,221.05,251.84,221.96,0.993153
1977,526,16262,101.42,851.25,247.13,242.23,0.987686
1978,526,30308,549.57,710.2,316.65,473.56,0.978901
1979,526,19861,637.22,276.67,221.83,171.14,0.943818
1980,527,3483,601.0,867.55,259.26,232.41,0.996418
1981,527,19861,127.04,864.9,219.97,169.26,0.984016
1982,527,30308,142.51,73.74,310.92,466.3,0.968817
1983,527,16262,638.37,178.19,247.28,230.07,0.962926
1984,528,3483,573.9,834.63,261.95,235.22,0.995731
1985,528,19861,91.85,826.02,225.65,177.12,0.986903
1986,528,16262,610.24,172.01,238.67,229.63,0.985509
1987,528,30308,126.31,65.53,303.27,445.2,0.911754
1988,529,3483,602.16,845.15,279.12,187.19,0.991345
1989,529,20238,617.53,196.32,226.95,215.64,0.988319
1990,529,22347,106.52,240.81,205.73,198.74,0.979731
1991,529,25469,49.12,857.06,373.78,216.72,0.974792
1992,53,25438,132.56,852.75,258.22,269.28,0.997294
1993,53,13395,603.36,677.56,246.39,514.66,0.984459
1994,53,2483,649.81,95.8,211.41,475.11,0.983998
1995,53,12778,96.38,106.08,358.95,482.6,0.832917
1996,530,3483,123.88,274.74,272.84,188.18,0.995589
1997,530,25469,572.43,230.47,367.47,218.71,0.992409
1998,530,22347,679.91,831.25,212.25,207.1,0.99124
1999,530,20238,138.57,850.81,232.0,225.83,0.990865
2000,531,20238,589.59,191.81,221.3,211.58,0.992145
2001,531,3483,575.71,809.31,279.89,194.68,0.989914
2002,531,25469,15.81,813.01,376.61,223.35,0.973628
2003,531,22347,91.34,229.24,200.51,196.56,0.972318
2004,532,2483,591.52,118.23,290.07,441.07,0.991791
2005,532,3743,77.26,812.8,326.95,328.98,0.975588
2006,532,13395,615.35,693.26,233.74,516.11,0.966701
2007,532,19552,118.37,107.45,379.67,434.88,0.959472
2008,533,2483,604.12,75.66,282.99,462.75,0.986838
2009,533,3743,77.95,800.98,318.99,319.42,0.976489
2010,533,19552,115.07,74.12,382.86,431.48,0.956268
2011,533,13395,600.63,693.16,238.46,499.95,0.935462
2012,534,2483,48.29,676.21,293.14,467.39,0.992646
2013,534,3743,537.58,150.57,315.15,304.51,0.990404
2014,534,13395,97.12,72.65,240.07,473.13,0.984418
2015,534,19552,444.04,696.91,394.32,434.95,0.975336
2016,535,3483,602.92,846.06,277.83,186.03,0.993027
2017,535,31885,83.91,139.9,411.67,507.21,0.983248
2018,535,36637,672.31,170.86,176.74,256.01,0.983178
2019,535,25469,87.33,827.47,333.12,305.83,0.960469
2020,536,3483,574.4,810.67,281.54,192.56,0.991173
2021,536,36637,641.64,168.29,172.9,254.53,0.986112
2022,536,31885,69.29,118.29,395.75,502.39,0.981732
2023,536,25469,50.29,786.64,341.63,305.07,0.951152
2024,537,3483,124.7,274.68,273.57,185.86,0.997342
2025,537,25469,572.55,183.85,325.53,290.4,0.99436
2026,537,36637,131.9,829.84,183.1,262.0,0.990398
2027,537,31885,515.61,594.86,406.86,522.52,0.984742
2028,539,20014,13.04,668.67,349.92,345.0,0.991281
2029,539,3351,321.34,135.15,185.89,187.32,0.985946
2030,539,38162,593.16,708.79,198.78,305.07,0.972478
2031,54,2483,66.66,664.87,207.75,483.38,0.995908
2032,54,25438,547.2,176.08,246.38,254.08,0.991372
2033,54,13395,114.04,83.45,228.02,480.45,0.990318
2034,54,12778,461.83,637.9,375.08,490.56,0.953944
2035,540,20014,55.23,755.23,345.52,339.45,0.995219
2036,540,3351,361.13,189.14,185.77,184.2,0.977282
2037,540,38162,631.32,804.89,195.27,295.9,0.969593
2038,541,3483,147.29,220.97,251.38,222.0,0.992951
2039,541,31885,584.31,646.14,331.77,558.88,0.986345
2040,541,16232,145.17,899.04,194.66,191.69,0.986215
2041,541,19861,637.23,277.33,222.12,170.43,0.926232
2042,542,3483,573.45,834.59,262.57,235.54,0.997033
2043,542,19861,91.9,826.12,226.22,176.57,0.984357
2044,542,31885,70.41,36.34,315.67,532.19,0.97485
2045,542,16232,616.51,171.73,185.95,182.93,0.907771
2046,543,3483,601.13,868.05,257.27,229.84,0.997633
2047,543,31885,86.34,53.84,325.6,537.89,0.989198
2048,543,16232,646.4,175.68,189.85,186.14,0.986681
2049,543,19861,127.87,864.9,219.05,168.85,0.968032
2050,545,22347,663.76,862.12,213.47,208.11,0.998372
2051,545,29667,128.5,879.52,227.58,227.03,0.992231
2052,545,3483,175.1,278.6,259.89,215.9,0.989541
2053,545,27777,640.07,294.58,177.66,193.86,0.969153
2054,546,3483,534.81,777.19,267.95,224.35,0.989218
2055,546,22347,106.95,200.16,200.75,196.65,0.988074
2056,546,29667,602.19,160.92,217.99,215.07,0.987519
2057,546,27777,143.12,774.54,177.58,206.19,0.961133
2058,547,36637,634.26,212.61,182.38,249.52,0.995364
2059,547,20877,117.37,769.75,331.32,233.1,0.994785
2060,547,3483,649.1,751.39,209.76,266.8,0.993559
2061,547,22347,121.99,242.41,206.55,198.65,0.992808
2062,548,3483,143.58,291.02,210.0,258.51,0.998811
2063,548,20877,545.6,293.02,328.52,237.61,0.99777
2064,548,22347,665.55,829.91,211.15,207.48,0.992356
2065,548,36637,162.32,798.15,195.79,256.54,0.987526
2066,55,3351,421.7,845.9,189.74,192.85,0.989325
2067,55,20014,49.16,282.78,340.15,320.3,0.98538
2068,55,16688,430.81,163.99,510.56,459.34,0.98455
2069,551,3483,132.69,291.62,275.23,171.04,0.991895
2070,551,30308,544.49,683.13,389.35,435.31,0.988507
2071,551,20238,132.57,869.46,232.46,227.26,0.987371
2072,551,28763,675.94,254.33,212.85,201.41,0.945909
2073,552,30308,79.49,143.99,379.25,422.39,0.99698
2074,552,20238,624.69,176.82,224.31,215.76,0.990952
2075,552,3483,592.16,844.6,280.56,169.82,0.965581
2076,552,28763,97.77,852.23,215.54,207.86,0.91118
2077,553,3483,576.14,809.12,280.33,193.43,0.983961
2078,553,25469,14.22,812.27,379.15,223.31,0.976652
2079,553,34597,11.05,72.16,423.45,450.69,0.973439
2080,553,16232,602.04,214.38,185.38,181.29,0.97304
2081,555,3483,602.67,845.13,277.9,186.87,0.991659
2082,555,16232,629.98,219.7,190.11,187.56,0.981587
2083,555,34597,22.96,100.49,431.96,443.51,0.980613
2084,555,25469,49.84,856.44,372.81,216.76,0.976677
2085,56,3351,324.17,195.43,186.84,186.4,0.994396
2086,56,20014,547.97,619.11,348.14,343.23,0.991133
2087,56,16688,2.32,556.13,513.6,501.9,0.980431
2088,560,3483,600.08,866.94,258.98,230.09,0.996611
2089,560,19861,127.37,864.61,220.02,169.58,0.982462
2090,560,35206,582.7,97.72,285.29,375.15,0.98091
2091,560,30308,114.52,76.3,280.01,473.43,0.901487
2092,564,21771,160.07,805.49,191.69,188.1,0.99672
2093,564,1900,152.61,251.9,196.51,166.52,0.992715
2094,564,16551,593.32,104.75,291.52,478.49,0.970117
2095,564,33009,546.27,835.22,375.84,201.15,0.958201
2096,565,12081,648.9,693.89,245.08,466.5,0.992994
2097,565,2483,624.68,65.11,225.45,469.76,0.990307
2098,565,12778,24.4,155.46,408.7,440.33,0.935272
2099,565,3743,106.25,810.6,280.01,284.44,0.387207
2100,569,3743,493.86,165.62,313.83,302.35,0.991329
2101,569,2483,91.13,665.25,248.04,473.41,0.989951
2102,569,12081,108.58,108.12,230.17,433.79,0.988247
2103,569,12778,538.08,574.95,293.33,521.06,0.973995
2104,571,1900,583.0,867.04,211.56,144.12,0.996139
2105,571,24850,120.6,138.1,181.97,282.65,0.996077
2106,571,16551,541.87,55.15,299.86,454.93,0.969244
2107,571,19607,91.29,830.75,182.35,180.96,0.746152
2108,571,21771,94.42,831.58,177.27,178.42,0.274273
2109,572,1900,189.58,272.6,204.44,138.61,0.995397
2110,572,24850,671.02,828.43,192.91,302.02,0.96805
2111,572,16551,101.76,708.61,323.81,483.66,0.966579
2112,572,19607,685.64,275.55,176.91,173.38,0.500241
2113,573,1900,609.0,899.61,207.9,138.66,0.997039
2114,573,16551,567.5,61.53,312.65,468.3,0.981772
2115,573,24850,137.07,142.45,186.6,292.19,0.945979
2116,573,19607,124.98,865.42,181.6,176.56,0.494175
2117,573,21771,127.82,868.18,176.05,174.01,0.324547
2118,574,3743,116.12,828.04,321.55,321.56,0.990888
2119,574,2483,673.83,71.3,200.21,495.69,0.98828
2120,574,13395,629.74,673.82,227.7,505.14,0.987207
2121,574,12778,92.3,160.91,321.02,501.81,0.953322
2122,575,12778,534.56,541.82,314.98,494.3,0.994321
2123,575,2483,56.3,643.55,211.41,489.2,0.994051
2124,575,13395,82.62,80.91,232.12,490.49,0.989056
2125,575,3743,496.83,124.77,313.36,307.58,0.988167
2126,576,3743,117.67,838.81,329.33,330.67,0.993683
2127,576,13395,635.02,673.93,243.6,519.81,0.990872
2128,576,2483,656.84,107.8,216.37,478.73,0.987813
2129,576,12778,96.2,188.83,317.11,503.0,0.941105
2130,577,1900,131.88,244.13,196.16,157.76,0.994584
2131,577,19607,139.01,785.95,161.42,158.6,0.988309
2132,577,33009,515.93,792.49,384.59,211.55,0.9837
2133,577,16551,541.64,71.38,345.48,425.13,0.968943
2134,578,1900,640.98,857.41,208.13,167.54,0.998946
2135,578,33009,87.1,256.4,367.05,208.68,0.99108
2136,578,16551,50.4,723.48,375.58,449.37,0.983601
2137,578,19607,660.96,332.59,157.41,149.92,0.958649
2138,579,1900,153.51,253.69,195.73,156.7,0.995882
2139,579,19607,172.58,821.64,158.77,157.0,0.975296
2140,579,16551,568.44,79.85,357.97,433.49,0.974131
2141,579,33009,546.66,834.97,373.4,201.92,0.962324
2142,58,3483,572.41,833.89,263.47,234.76,0.99805
2143,58,19861,91.71,826.43,226.57,176.3,0.983927
2144,58,34597,38.71,50.61,392.3,468.02,0.975555
2145,58,35206,556.86,93.6,273.74,367.71,0.943629
2146,581,1900,641.19,853.36,207.52,172.0,0.998891
2147,581,33009,87.16,255.64,367.26,207.5,0.995115
2148,581,24850,646.24,206.25,177.5,275.13,0.991587
2149,581,16548,103.9,904.73,243.61,240.99,0.98172
2150,583,2483,70.38,687.99,256.64,473.92,0.992141
2151,583,13395,114.01,86.03,231.71,473.01,0.991406
2152,583,19552,469.59,635.48,331.09,487.05,0.97715
2153,584,2483,599.45,85.88,264.35,458.68,0.993261
2154,584,19552,145.19,106.36,330.07,493.8,0.979651
2155,584,13395,599.04,681.15,255.46,510.05,0.971192
2156,586,3483,574.65,810.51,280.9,193.52,0.994001
2157,586,36637,645.26,168.82,169.54,252.9,0.982275
2158,586,25469,50.7,786.74,341.03,306.46,0.961653
2159,586,28763,145.52,198.55,212.52,198.2,0.929226
2160,587,3483,124.34,274.27,273.01,186.97,0.997442
2161,587,25469,571.95,183.19,325.8,291.44,0.994996
2162,587,36637,130.91,831.75,183.08,260.71,0.992249
2163,587,28763,614.47,859.97,220.87,211.73,0.964946
2164,588,3483,602.03,847.05,277.74,185.61,0.993698
2165,588,36637,674.0,172.29,174.91,254.95,0.984974
2166,588,25469,86.35,828.5,335.18,306.11,0.966379
2167,588,28763,163.56,207.52,212.32,201.22,0.945841
2168,589,3483,600.4,868.43,258.53,229.56,0.996902
2169,589,19861,127.36,864.5,219.52,169.22,0.98765
2170,589,25367,26.04,108.8,349.39,500.42,0.986494
2171,589,16262,638.0,178.26,246.95,229.97,0.954387
2172,591,3483,146.88,221.2,251.57,222.1,0.994606
2173,591,25367,630.47,639.5,345.53,513.13,0.993066
2174,591,16262,100.91,851.67,247.44,241.42,0.988729
2175,591,19861,637.63,276.81,221.66,170.95,0.935688
2176,592,3483,148.37,219.94,253.31,222.56,0.993918
2177,592,29667,120.77,843.19,227.09,227.5,0.988465
2178,592,28763,650.06,900.93,222.15,215.23,0.981403
2179,592,19861,641.73,277.55,220.17,170.33,0.959961
2180,593,3483,570.94,835.26,262.66,235.93,0.993634
2181,593,19861,90.41,826.07,225.28,175.88,0.991728
2182,593,29667,610.99,193.55,216.97,214.81,0.991051
2183,593,28763,112.6,160.26,209.09,196.7,0.933964
2184,594,3483,598.75,868.61,259.11,231.36,0.99486
2185,594,29667,640.75,199.72,221.38,215.98,0.993907
2186,594,19861,124.84,864.96,219.99,169.41,0.98834
2187,594,28763,130.11,165.26,212.88,201.5,0.973394
2188,595,16232,650.94,289.7,190.5,189.45,0.995809
2189,595,32310,109.97,215.57,251.45,344.32,0.990742
2190,595,3351,398.46,867.53,191.53,190.45,0.975632
2191,596,32310,579.04,618.56,264.16,367.56,0.998172
2192,596,16232,81.84,735.17,195.24,196.18,0.989967
2193,596,3351,349.93,165.35,181.68,179.75,0.989793
2194,598,33880,552.31,191.7,301.95,420.69,0.996746
2195,598,3351,400.46,872.35,192.01,195.43,0.994761
2196,598,36637,173.97,333.81,178.63,251.95,0.944104
2197,60,3483,147.55,221.72,250.41,221.36,0.996531
2198,60,34597,546.28,689.46,414.88,491.9,0.981634
2199,60,35206,110.41,771.71,298.34,390.91,0.978942
2200,60,19861,637.61,277.2,221.46,170.62,0.94319
2201,600,36637,623.22,724.14,182.11,253.19,0.992668
2202,600,33880,113.39,684.45,311.18,431.7,0.987207
2203,600,3351,387.37,226.27,184.94,182.89,0.984575
2204,601,3483,124.93,306.04,269.26,204.27,0.998785
2205,601,16262,153.2,803.66,247.3,240.6,0.992819
2206,601,31885,497.6,635.27,456.04,486.46,0.990314
2207,601,27733,565.69,259.97,301.82,264.64,0.961957
2208,602,3483,578.51,757.08,275.05,212.83,0.99649
2209,602,31885,37.89,110.89,441.17,468.56,0.986997
2210,602,16262,562.28,217.32,239.54,230.39,0.984261
2211,602,27733,89.07,722.84,320.83,283.75,0.981652
2212,603,27733,124.46,768.79,311.51,274.37,0.995947
2213,603,3483,604.69,790.17,272.86,208.32,0.989855
2214,603,16262,590.76,227.29,242.47,229.96,0.986654
2215,603,31885,47.62,133.74,463.57,475.42,0.968792
2216,605,36637,645.29,210.37,186.75,246.07,0.996949
2217,605,28763,147.04,248.49,211.43,201.38,0.976616
2218,605,3483,591.21,845.15,281.24,170.16,0.972481
2219,605,28763,97.99,853.51,213.17,206.6,0.943059
2220,608,3351,338.12,191.18,184.83,187.94,0.989389
2221,608,33880,50.07,607.15,314.67,444.22,0.987479
2222,608,29667,587.97,721.34,233.39,232.8,0.985002
2223,610,16232,620.4,220.78,187.58,183.96,0.996351
2224,610,34597,0.0,108.32,398.97,446.75,0.982518
2225,610,3483,562.16,810.01,285.33,177.38,0.980967
2226,610,28763,61.76,810.17,219.58,209.79,0.879831
2227,611,16232,142.83,846.15,195.67,193.24,0.995155
2228,611,3483,134.71,291.12,274.67,171.27,0.990264
2229,611,34597,582.71,655.04,393.29,462.45,0.984399
2230,611,28763,679.22,255.14,211.95,201.18,0.941743
2231,612,16232,648.08,229.87,193.27,182.86,0.990071
2232,612,34597,0.0,138.57,421.33,438.29,0.975326
2233,612,3483,588.96,844.54,282.91,171.39,0.965578
2234,612,28763,95.95,851.46,216.2,207.73,0.858474
2235,614,19232,165.1,655.02,242.99,353.43,0.995513
2236,614,22074,634.74,727.76,186.07,191.99,0.995178
2237,614,3351,344.27,155.15,185.47,186.75,0.990606
2238,615,22074,672.35,820.69,186.7,185.76,0.996603
2239,615,19232,207.07,756.24,239.5,350.71,0.982986
2240,615,3351,387.82,212.72,187.22,183.23,0.966047
2241,616,3483,147.27,220.81,251.63,222.21,0.99368
2242,616,28763,631.07,888.52,221.87,212.16,0.992517
2243,616,16232,143.47,899.05,195.58,191.82,0.992166
2244,616,19861,637.27,277.18,221.68,170.62,0.936881
2245,617,3483,600.51,867.99,258.41,230.37,0.996432
2246,617,16232,646.56,175.29,190.16,186.63,0.989706
2247,617,19861,127.15,865.42,219.78,168.9,0.989546
2248,617,28763,148.58,178.12,211.6,200.78,0.921023
2249,618,3483,572.98,834.54,261.78,235.67,0.991057
2250,618,19861,91.58,826.38,226.37,176.01,0.985154
2251,618,28763,130.02,171.99,209.92,198.48,0.975519
2252,618,16232,616.41,170.97,187.4,182.73,0.925566
2253,62,18147,88.97,547.11,289.8,421.2,0.996271
2254,62,3351,323.04,154.13,188.03,189.61,0.989871
2255,62,36637,541.78,652.04,204.17,250.79,0.987627
2256,620,22362,80.92,76.78,252.37,391.4,0.989872
2257,620,2483,79.83,637.94,207.07,492.65,0.974527
2258,620,12778,546.45,632.99,301.86,517.46,0.943491
2259,620,3743,522.4,150.95,265.59,264.16,0.651148
2260,621,22362,607.41,778.16,253.19,411.71,0.990375
2261,621,2483,649.75,76.74,199.69,495.34,0.985328
2262,621,12778,89.67,50.4,312.0,514.94,0.899637
2263,622,41768,125.96,292.26,264.83,296.45,0.987259
2264,622,3351,393.73,887.29,193.67,195.32,0.981075
2265,622,22074,612.73,291.11,184.03,188.81,0.944631
2266,623,22074,125.11,745.58,190.31,195.6,0.978796
2267,623,41768,549.02,629.18,276.41,310.0,0.977055
2268,623,3351,349.88,151.93,187.99,187.79,0.96349
2269,624,3351,389.33,208.37,188.52,185.57,0.99009
2270,624,41768,590.01,719.1,270.21,310.03,0.954322
2271,624,22074,169.63,839.78,185.54,183.77,0.77952
2272,625,3483,125.18,306.47,268.89,204.2,0.998897
2273,625,16262,153.3,803.92,246.87,241.58,0.990051
2274,625,30308,499.94,696.33,421.03,403.31,0.986156
2275,625,27733,565.25,260.04,301.07,266.31,0.958101
2276,627,3483,580.08,756.62,273.06,213.98,0.995326
2277,627,30308,72.94,147.34,396.54,379.23,0.992055
2278,627,27733,88.94,724.74,320.72,282.08,0.97986
2279,627,16262,562.88,216.44,239.67,231.45,0.979682
2280,628,3483,124.99,305.43,270.0,204.16,0.998982
2281,628,22347,678.22,851.38,211.79,207.85,0.997869
2282,628,16232,139.45,891.36,198.53,195.29,0.979908
2283,628,27733,565.87,259.62,300.11,265.38,0.966653
2284,632,25438,550.3,180.61,245.63,253.34,0.992717
2285,632,13395,117.03,85.97,232.21,478.62,0.989258
2286,632,2483,61.54,664.13,210.71,485.95,0.988023
2287,632,12778,499.99,603.73,298.72,512.22,0.681051
2288,633,25438,129.47,847.73,260.08,268.8,0.994389
2289,633,2483,651.11,89.69,199.37,480.07,0.990796
2290,633,13395,596.14,676.42,254.09,513.92,0.982823
2291,633,12778,135.93,128.01,301.92,505.85,0.949329
2292,635,16548,70.09,751.38,239.99,235.07,0.989044
2293,635,3544,180.82,198.08,204.35,199.48,0.986337
2294,635,4543,610.39,154.72,205.94,198.16,0.981993
2295,635,33009,614.39,789.39,174.44,225.61,0.404427
2296,636,4543,133.21,903.72,212.41,213.09,0.997786
2297,636,3544,583.05,859.59,213.6,211.45,0.992437
2298,636,16548,653.7,280.04,230.49,224.14,0.992359
2299,637,2483,591.43,118.02,290.44,441.04,0.995443
2300,637,13395,614.76,691.32,235.65,518.16,0.966485
2301,637,3743,78.02,811.91,324.85,329.65,0.964718
2302,638,2483,604.31,73.35,282.9,466.0,0.988919
2303,638,3743,77.72,800.62,318.94,319.89,0.978654
2304,638,13395,600.8,692.86,239.96,499.28,0.970148
2305,64,3351,396.17,886.76,191.87,193.81,0.985611
2306,64,20014,590.55,267.34,340.38,318.07,0.979956
2307,64,29667,154.94,277.83,225.57,225.39,0.974439
2308,640,3351,401.32,919.36,195.27,191.36,0.993659
2309,640,3832,491.26,283.4,393.45,343.25,0.984865
2310,640,20238,95.96,299.02,228.52,222.66,0.973418
2311,641,3351,337.96,124.21,189.41,186.77,0.996159
2312,641,20238,617.19,707.53,234.24,231.27,0.996105
2313,641,3832,42.29,579.21,400.64,349.4,0.987875
2314,644,2483,54.6,646.44,217.72,488.91,0.994663
2315,644,13395,72.85,84.32,235.69,487.39,0.993707
2316,644,3743,485.26,121.09,314.18,302.71,0.992119
2317,644,12778,500.99,609.27,281.08,533.48,0.510371
2318,646,3483,172.76,279.62,260.12,215.05,0.995491
2319,646,36637,128.4,826.01,196.46,256.68,0.99257
2320,646,34597,402.47,630.74,459.55,431.28,0.978581
2321,646,27777,637.46,293.54,177.76,193.1,0.975597
2322,647,3483,564.65,812.85,265.25,217.69,0.99663
2323,647,27777,180.31,814.51,174.34,200.99,0.989581
2324,647,36637,664.73,178.48,188.52,249.24,0.983017
2325,647,34597,144.26,191.08,453.88,415.48,0.982306
2326,648,3483,536.89,776.55,267.12,224.49,0.994625
2327,648,36637,635.32,175.78,182.46,249.35,0.989931
2328,648,27777,146.34,775.97,177.15,206.76,0.979841
2329,648,34597,123.7,157.94,446.9,421.27,0.977766
2330,65,29667,557.51,727.76,232.52,231.53,0.993814
2331,65,20014,0.0,633.38,341.7,344.04,0.980359
2332,65,3351,349.6,154.12,187.05,188.66,0.971215
2333,650,32310,0.0,707.57,313.2,311.79,0.994289
2334,650,3351,368.54,175.2,179.85,186.67,0.994009
2335,650,36637,559.75,821.6,272.65,169.13,0.975172
2336,652,1900,125.27,256.67,196.96,150.98,0.997425
2337,652,24850,116.38,842.99,299.74,170.6,0.991119
2338,652,16551,561.91,67.64,288.7,462.18,0.984067
2339,653,1900,643.86,854.61,215.34,161.68,0.998634
2340,653,24850,546.75,268.04,290.29,164.38,0.9704
2341,653,16551,95.03,690.28,305.61,491.84,0.965261
2342,654,1900,141.43,264.95,205.67,151.23,0.995771
2343,654,24850,150.12,880.32,296.1,163.96,0.992316
2344,654,16551,591.15,73.93,294.11,474.39,0.986153
2345,656,3544,149.88,190.65,208.53,201.84,0.993756
2346,656,16551,539.61,179.45,408.11,388.9,0.985946
2347,656,33009,628.59,850.91,224.65,135.58,0.709915
2348,658,1900,172.8,246.01,179.28,180.1,0.997404
2349,658,29451,494.77,819.66,399.66,268.3,0.971542
2350,658,16551,631.73,12.3,286.41,481.28,0.968816
2351,659,1900,151.31,237.64,180.48,183.27,0.993288
2352,659,29451,464.91,782.66,407.33,272.32,0.993213
2353,659,16551,602.15,9.56,276.85,467.95,0.985909
2354,66,29667,596.31,818.52,230.45,224.08,0.989642
2355,66,20014,33.49,717.4,346.53,338.7,0.979456
2356,66,3351,389.53,210.47,187.41,185.87,0.977927
2357,660,1900,643.54,842.9,187.52,189.71,0.996203
2358,660,29451,115.38,216.4,389.64,261.42,0.988703
2359,660,16551,65.36,742.09,292.69,506.45,0.937105
2360,661,31863,179.92,299.96,204.01,214.07,0.99929
2361,661,3351,376.79,877.59,191.8,192.03,0.982325
2362,662,16232,42.77,746.09,196.35,191.1,0.996076
2363,662,3351,368.81,158.17,185.93,189.66,0.994965
2364,662,31863,554.12,727.91,212.18,208.37,0.972439
2365,664,3483,141.48,292.49,212.05,257.4,0.999426
2366,664,20877,544.15,293.78,329.9,236.6,0.996989
2367,664,36637,164.07,801.13,193.42,258.65,0.991833
2368,664,28763,630.53,876.37,221.45,209.67,0.969222
2369,665,20877,85.98,726.68,333.22,238.0,0.997702
2370,665,28763,129.71,184.89,210.57,198.82,0.989389
2371,665,3483,623.35,713.28,210.31,276.27,0.988648
2372,665,36637,606.13,202.99,178.38,245.76,0.988409
2373,667,25438,121.73,821.8,255.63,255.25,0.994443
2374,667,12081,648.3,701.29,240.36,449.91,0.994304
2375,667,2483,573.82,112.42,301.32,457.41,0.987336
2376,668,12081,63.32,116.38,230.56,431.17,0.995067
2377,668,25438,557.09,195.67,245.49,252.07,0.994844
2378,668,2483,67.49,649.04,303.44,454.71,0.983046
2379,668,19552,435.09,771.79,479.59,304.57,0.721971
2380,670,3483,124.24,276.04,273.53,185.3,0.997252
2381,670,25469,571.34,182.79,325.37,292.44,0.996068
2382,670,22347,683.67,848.4,210.76,206.05,0.994192
2383,670,35206,133.83,726.03,243.36,413.17,0.986726
2384,672,22347,104.08,223.44,207.34,198.97,0.996668
2385,672,35206,616.19,120.66,225.79,395.85,0.993831
2386,672,3483,603.24,846.28,276.84,186.06,0.991719
2387,672,25469,88.12,827.62,333.64,306.22,0.964406
2388,674,27926,598.87,158.77,256.76,452.16,0.993543
2389,674,16548,153.1,889.69,242.13,241.35,0.972179
2390,674,1900,633.33,890.72,211.97,139.69,0.961746
2391,675,1900,139.37,239.88,198.1,129.02,0.997438
2392,675,27926,92.85,611.24,270.71,489.38,0.985456
2393,675,16548,564.8,134.58,229.96,226.7,0.968164
2394,677,1900,139.89,240.84,200.63,128.93,0.992402
2395,677,27926,570.17,626.3,255.59,489.73,0.989985
2396,677,16551,616.33,15.66,298.91,453.68,0.973706
2397,679,13395,595.53,700.67,227.12,469.37,0.979507
2398,679,12778,135.76,142.0,341.61,494.49,0.977781
2399,679,2483,606.97,85.13,214.72,473.04,0.962136
2400,68,3483,170.7,280.06,260.18,213.99,0.994208
2401,68,16232,153.76,829.76,190.58,190.88,0.993699
2402,68,30308,510.26,767.42,442.07,376.3,0.989999
2403,68,27777,636.82,292.55,177.45,193.73,0.978438
2404,680,2483,84.92,677.63,232.9,480.08,0.989715
2405,680,12778,472.67,602.16,345.89,475.31,0.985728
2406,680,13395,139.78,109.28,212.0,436.5,0.965069
2407,680,3743,552.12,192.22,267.98,266.8,0.639006
2408,681,2483,613.21,51.68,222.89,482.68,0.984149
2409,681,13395,589.78,696.32,215.39,455.67,0.955519
2410,681,12778,135.17,124.17,340.27,479.95,0.847254
2411,681,19552,133.33,122.94,342.67,481.28,0.782159
2412,684,1900,181.13,265.6,128.29,202.65,0.998483
2413,684,16551,528.65,88.51,364.99,434.12,0.993
2414,684,29345,577.51,716.56,323.85,426.1,0.985328
2415,685,25438,117.97,821.06,256.75,255.21,0.996638
2416,685,12081,646.55,702.98,238.5,450.01,0.994608
2417,685,2483,575.92,114.47,299.58,456.01,0.989476
2418,685,12778,91.89,5.49,308.05,529.72,0.974057
2419,688,3483,579.17,756.49,274.61,214.73,0.997067
2420,688,20238,612.82,186.52,220.34,213.67,0.992369
2421,688,27733,89.12,723.3,321.63,283.0,0.978615
2422,688,34597,100.41,184.65,457.69,400.36,0.977707
2423,692,22347,659.3,836.26,211.6,205.87,0.998343
2424,692,35206,104.54,687.6,205.79,416.18,0.997856
2425,692,3483,134.26,291.31,275.06,171.21,0.980712
2426,692,28763,678.02,254.71,212.24,201.36,0.942159
2427,694,3351,401.16,852.25,190.68,188.88,0.990839
2428,694,35206,152.85,276.44,261.26,388.07,0.990242
2429,694,19232,502.33,237.3,326.04,257.69,0.945422
2430,697,38162,138.13,257.68,229.59,268.53,0.99254
2431,697,3351,400.44,857.21,192.24,187.75,0.983656
2432,697,18357,599.76,202.94,242.15,343.31,0.978077
2433,698,3351,343.35,171.33,184.84,186.91,0.995746
2434,698,38162,570.98,677.97,242.72,284.55,0.971193
2435,698,18357,77.98,633.23,253.86,369.23,0.967572
2436,70,24850,643.29,259.39,194.16,268.09,0.993342
2437,70,1900,635.3,897.11,211.6,155.1,0.979521
2438,70,29451,43.69,232.12,404.92,227.92,0.972956
2439,70,16551,45.77,706.6,302.36,500.86,0.96416
2440,700,3483,572.51,834.43,263.93,234.51,0.995594
2441,700,19861,91.63,826.16,226.49,176.39,0.986545
2442,700,30308,73.07,132.18,384.66,394.57,0.981076
2443,700,16232,616.33,171.96,186.36,182.67,0.957513
2444,701,3483,600.26,867.48,260.47,231.71,0.99679
2445,701,16232,646.49,175.43,189.42,186.87,0.99257
2446,701,19861,127.59,864.76,219.08,169.23,0.984697
2447,701,30308,87.92,147.8,397.48,406.44,0.968763
2448,702,3483,147.06,221.64,252.01,221.17,0.996795
2449,702,16232,144.45,899.23,195.55,192.07,0.981599
2450,702,30308,515.28,696.8,405.8,414.57,0.97258
2451,702,19861,636.72,277.35,222.26,170.09,0.937463
2452,705,22347,121.16,199.12,206.88,198.92,0.997504
2453,705,3483,593.63,871.74,257.69,233.43,0.9961
2454,705,29667,640.8,205.6,221.14,215.25,0.991846
2455,705,19861,120.09,864.4,220.4,169.8,0.982655
2456,706,2483,600.8,86.63,262.11,457.4,0.993388
2457,706,12778,73.23,116.33,345.84,492.99,0.986612
2458,706,13395,600.2,681.78,253.86,508.6,0.975333
2459,707,2483,71.27,687.07,252.77,475.06,0.995209
2460,707,13395,113.94,84.98,232.25,474.28,0.987987
2461,707,12778,534.02,628.63,358.12,495.14,0.965278
2462,708,2483,616.43,46.74,252.94,478.65,0.989414
2463,708,12778,66.9,84.4,350.22,489.0,0.982289
2464,708,13395,595.46,679.42,234.66,496.9,0.969184
2465,710,3483,579.87,756.54,274.3,214.16,0.995311
2466,710,28763,158.8,235.25,208.19,199.43,0.982797
2467,710,27733,88.44,724.16,322.15,282.82,0.981871
2468,710,16262,562.83,216.85,239.76,229.98,0.976108
2469,712,13395,638.59,674.32,245.84,518.41,0.991905
2470,712,2483,626.78,101.66,229.01,468.48,0.98055
2471,712,12778,107.0,98.37,291.4,546.22,0.969499
2472,713,13395,78.64,77.87,233.05,492.96,0.993095
2473,713,2483,80.07,659.88,219.72,486.27,0.991995
2474,713,12778,547.06,595.49,286.69,526.11,0.970437
2475,714,2483,643.48,59.22,214.28,492.13,0.995304
2476,714,13395,631.67,672.53,229.69,505.29,0.987181
2477,714,12778,103.41,79.56,295.38,531.06,0.976103
2478,716,12081,608.51,714.05,243.32,470.09,0.993502
2479,716,3743,119.17,795.94,328.01,330.41,0.988348
2480,716,2483,585.33,108.72,230.2,463.5,0.983053
2481,716,19552,100.94,130.91,317.68,497.99,0.9702
2482,717,3743,493.74,165.32,313.57,302.89,0.994311
2483,717,19552,525.99,608.61,322.4,491.91,0.989847
2484,717,2483,90.62,666.49,249.21,471.43,0.988723
2485,717,12081,108.52,108.49,229.68,434.13,0.978243
2486,719,21771,86.16,808.32,200.17,191.76,0.998554
2487,719,1900,122.02,259.59,198.21,148.55,0.995495
2488,719,16548,552.4,181.8,232.58,227.41,0.98806
2489,72,1900,157.68,222.73,207.53,153.58,0.994567
2490,72,16551,643.91,46.05,289.03,481.86,0.980007
2491,72,24850,152.52,775.73,194.94,281.48,0.976856
2492,72,29451,549.58,839.31,408.73,229.77,0.964067
2493,720,1900,647.21,854.59,212.6,160.44,0.998514
2494,720,21771,672.31,287.15,190.8,182.73,0.996177
2495,720,16548,166.9,841.01,240.82,238.34,0.995241
2496,721,3483,580.71,756.99,273.69,212.58,0.994015
2497,721,35206,569.89,118.93,248.64,380.9,0.984062
2498,721,27733,89.94,723.74,322.02,282.87,0.984056
2499,721,31885,66.29,161.57,446.08,466.72,0.976572
2500,724,3544,131.97,177.34,204.07,201.7,0.99131
2501,724,16548,107.38,736.22,236.74,233.8,0.960038
2502,724,18357,566.06,667.36,271.84,458.89,0.657556
2503,725,3544,636.94,884.38,212.89,213.2,0.993809
2504,725,16548,619.96,301.24,230.73,225.33,0.992639
2505,726,3544,148.12,182.42,209.38,202.96,0.993736
2506,726,16548,139.99,775.36,235.9,227.62,0.988187
2507,727,3483,575.21,809.24,281.12,194.77,0.987746
2508,727,25367,35.94,155.51,410.74,447.58,0.985271
2509,727,16232,602.16,214.16,185.35,181.52,0.983891
2510,727,25469,14.38,812.03,378.71,224.88,0.972288
2511,728,25367,51.81,176.64,423.79,450.02,0.993004
2512,728,3483,602.87,844.78,277.05,186.3,0.990546
2513,728,25469,51.08,854.61,372.71,219.26,0.978738
2514,728,16232,630.19,219.89,189.88,187.64,0.974972
2515,73,3544,71.43,200.62,204.98,200.64,0.996633
2516,73,16551,527.42,69.38,347.04,429.21,0.982063
2517,73,12247,592.35,849.05,215.43,128.27,0.972912
2518,731,3544,102.06,160.46,203.63,201.22,0.988769
2519,731,16548,118.13,768.66,238.9,232.74,0.977635
2520,731,4543,612.15,142.36,203.35,198.17,0.9244
2521,731,27733,602.47,770.12,211.43,223.58,0.855419
2522,732,3544,668.36,898.88,215.91,212.45,0.996654
2523,732,4543,131.19,918.44,214.19,210.82,0.984903
2524,732,16548,607.3,266.19,230.29,222.26,0.981695
2525,732,27733,168.15,278.72,204.43,212.8,0.271232
2526,738,16551,585.34,87.29,289.84,465.93,0.99173
2527,738,1900,88.24,260.17,201.49,126.3,0.930062
2528,738,18357,132.39,637.58,271.28,457.05,0.271099
2529,740,1900,641.97,827.97,173.8,202.21,0.996447
2530,740,19607,654.85,272.0,157.56,150.26,0.956199
2531,740,16548,120.29,803.55,242.91,237.33,0.956096
2532,740,19232,124.79,130.72,258.29,418.46,0.311383
2533,742,25438,567.96,186.45,245.91,253.94,0.996491
2534,742,2483,80.86,671.4,254.11,476.31,0.988953
2535,742,13395,76.66,100.76,221.8,440.38,0.962426
2536,742,12778,564.02,539.21,287.78,531.07,0.920136
2537,743,25438,110.04,831.73,254.01,253.76,0.996759
2538,743,2483,607.53,65.21,248.09,476.44,0.993601
2539,743,13395,645.52,702.56,215.52,459.2,0.969659
2540,743,12778,95.62,133.94,286.62,527.49,0.79596
2541,745,16262,661.0,270.74,240.26,231.13,0.993305
2542,745,32310,114.64,176.37,228.38,365.53,0.986557
2543,745,3351,351.42,889.22,191.5,197.74,0.960404
2544,747,3351,435.89,192.3,185.92,183.74,0.990416
2545,747,32310,637.02,733.6,232.86,392.54,0.980613
2546,747,16262,61.88,798.81,247.41,236.57,0.926558
2547,75,3544,88.47,208.83,206.7,203.53,0.993327
2548,75,12247,620.02,881.49,212.82,122.88,0.992656
2549,75,16551,554.6,82.14,356.96,433.44,0.975893
2550,750,1900,688.21,807.12,129.52,210.21,0.998767
2551,750,16548,147.51,788.52,240.89,238.41,0.985921
2552,750,29345,586.22,130.84,275.06,412.34,0.960352
2553,752,27993,549.4,777.42,306.91,242.23,0.996952
2554,752,3544,92.02,196.34,203.9,200.85,0.989138
2555,752,16548,559.69,136.63,229.01,225.66,0.98077
2556,754,3351,370.14,197.42,188.33,183.32,0.995319
2557,754,29667,624.53,760.46,230.42,222.38,0.995037
2558,754,3832,87.31,655.81,372.03,380.86,0.918119
2559,756,3351,416.98,887.37,190.66,193.95,0.997482
2560,756,3832,517.98,255.26,361.8,380.98,0.996601
2561,756,29667,126.5,318.47,225.28,225.97,0.993674
2562,758,3483,148.16,220.55,252.87,223.15,0.995735
2563,758,31885,559.76,654.01,345.17,559.27,0.984505
2564,758,36637,93.37,903.68,277.59,167.67,0.959374
2565,758,19861,641.79,277.43,219.9,170.77,0.952202
2566,759,3483,571.57,834.76,261.76,236.0,0.995077
2567,759,19861,90.45,825.58,225.32,176.28,0.9865
2568,759,31885,78.6,29.15,324.74,532.83,0.977722
2569,759,36637,587.75,193.64,262.96,154.66,0.947685
2570,760,1900,157.46,262.39,128.75,194.61,0.996776
2571,760,33208,656.19,804.03,212.8,206.17,0.996373
2572,760,29345,86.27,707.71,290.93,445.18,0.976066
2573,760,16548,581.34,201.93,231.62,227.12,0.972107
2574,761,1900,177.52,266.94,128.54,203.5,0.998072
2575,761,29345,125.59,749.94,286.2,438.56,0.994557
2576,761,33208,683.1,835.32,213.29,202.97,0.992269
2577,761,16548,607.58,211.64,240.21,227.37,0.985942
2578,763,3483,124.84,306.61,269.41,203.79,0.999075
2579,763,20238,114.19,854.95,230.47,225.66,0.993796
2580,763,31885,496.54,640.41,458.55,483.35,0.989412
2581,763,27733,566.62,259.98,301.46,265.24,0.959242
2582,764,27733,123.61,768.69,313.07,274.44,0.996174
2583,764,20238,643.76,191.99,227.63,215.84,0.9927
2584,764,3483,604.93,789.99,272.43,208.89,0.984525
2585,764,31885,48.16,131.97,465.71,472.49,0.972133
2586,766,3483,143.36,291.67,211.76,256.91,0.998872
2587,766,20877,545.68,293.86,327.84,236.31,0.99728
2588,766,36637,163.65,799.88,194.87,253.44,0.993641
2589,766,34597,564.34,731.41,411.66,472.1,0.981926
2590,768,20877,85.05,725.69,333.88,239.8,0.996254
2591,768,3483,621.52,716.04,210.7,274.27,0.991188
2592,768,36637,605.53,204.78,178.64,245.71,0.990485
2593,768,34597,8.59,23.79,403.04,456.14,0.977866
2594,772,33208,638.03,877.01,210.6,202.99,0.997833
2595,772,1900,101.09,270.11,206.58,123.74,0.994728
2596,772,16551,554.26,80.37,287.61,477.95,0.975515
2597,773,33208,609.03,843.14,215.83,209.51,0.997293
2598,773,16551,527.51,72.38,282.23,465.48,0.987717
2599,773,1900,87.9,260.78,202.65,125.41,0.779818
2600,778,3483,603.11,844.38,276.95,187.69,0.992241
2601,778,25469,49.24,856.59,372.52,216.43,0.985392
2602,778,16232,629.93,220.11,189.83,187.12,0.974369
2603,778,30308,87.08,169.29,400.55,399.88,0.969439
2604,779,3483,123.67,274.68,272.94,188.26,0.997322
2605,779,25469,571.32,230.9,368.89,219.96,0.993994
2606,779,30308,513.86,682.93,406.96,409.95,0.989404
2607,779,16232,163.51,856.48,195.23,189.29,0.986698
2608,780,3483,575.4,809.03,280.67,193.74,0.992415
2609,780,30308,70.66,149.26,389.06,392.55,0.98484
2610,780,25469,14.37,811.41,378.33,223.97,0.972594
2611,780,16232,601.81,213.87,185.59,181.76,0.954518
2612,782,3351,338.06,184.61,184.59,187.99,0.996303
2613,782,20014,11.2,624.13,345.17,340.96,0.994059
2614,782,22074,586.42,727.82,187.6,194.34,0.943897
2615,785,35206,104.56,687.48,207.48,416.32,0.998702
2616,785,25367,539.69,687.21,396.58,499.21,0.996149
2617,785,3483,134.12,291.05,274.81,171.36,0.993301
2618,785,28763,678.87,254.68,212.32,201.51,0.93086
2619,787,20238,112.96,857.25,229.75,225.96,0.996475
2620,787,3483,146.8,221.37,251.65,221.99,0.994619
2621,787,34597,537.84,653.46,357.1,510.69,0.981816
2622,787,19861,637.75,277.14,222.53,170.91,0.939187
2623,788,3483,573.51,834.18,263.05,235.65,0.996413
2624,788,20238,615.31,185.77,219.51,214.02,0.987825
2625,788,34597,97.64,60.38,342.0,494.86,0.983826
2626,788,19861,91.99,826.44,226.35,176.47,0.982227
2627,79,3351,387.61,844.05,188.64,193.15,0.990821
2628,79,16262,127.92,297.63,243.77,235.57,0.982237
2629,79,19232,502.56,237.28,328.37,257.09,0.92218
2630,797,27993,495.54,853.62,338.09,162.57,0.997099
2631,797,3544,146.89,191.35,203.86,199.37,0.992794
2632,797,16551,42.67,528.55,307.02,474.29,0.984686
2633,797,4543,602.24,189.64,204.05,198.52,0.97612
2634,798,3544,163.9,198.3,207.02,200.11,0.992664
2635,798,27993,523.54,888.82,335.27,159.57,0.991718
2636,798,16551,73.47,577.28,307.82,470.65,0.986126
2637,798,4543,631.83,192.61,208.75,199.76,0.94724
2638,799,3483,600.54,868.86,258.79,230.21,0.996894
2639,799,20238,645.54,188.97,225.52,217.06,0.993029
2640,799,19861,127.35,865.64,219.67,168.67,0.988611
2641,799,28763,170.68,179.03,209.64,201.99,0.946436
2642,8,20238,625.97,177.13,223.01,215.19,0.993276
2643,8,22347,131.75,218.8,203.98,198.62,0.980059
2644,8,3483,591.13,845.7,280.52,170.59,0.953525
2645,8,28763,97.62,853.66,215.11,206.66,0.928777
2646,80,3351,357.41,193.79,186.67,189.3,0.994484
2647,80,19232,96.67,695.86,334.37,271.73,0.969461
2648,80,16262,568.83,694.91,248.84,244.51,0.964555
2649,807,3483,153.8,217.49,252.26,223.23,0.995892
2650,807,29667,121.16,838.36,227.62,228.19,0.985775
2651,807,19861,646.82,277.49,220.63,171.34,0.972484
2652,807,25367,611.25,704.75,320.63,525.0,0.941063
2653,808,3544,109.47,206.03,206.97,203.25,0.996897
2654,808,16551,614.38,52.4,337.23,453.19,0.961871
2655,808,19607,630.58,824.47,177.95,243.26,0.539779
2656,810,3544,92.12,199.4,204.8,199.01,0.994035
2657,810,16551,585.83,45.31,327.63,443.15,0.97288
2658,815,20238,98.96,712.05,233.14,229.67,0.998834
2659,815,32310,522.31,613.54,279.21,360.74,0.996759
2660,815,3351,362.51,169.31,182.17,186.04,0.98121
2661,817,16232,647.83,229.85,193.68,183.2,0.990586
2662,817,30308,98.0,156.03,387.09,419.3,0.984302
2663,817,3483,589.69,844.89,281.34,170.22,0.968855
2664,817,28763,96.11,852.26,216.73,206.53,0.867254
2665,818,3483,134.2,291.07,275.89,171.95,0.994762
2666,818,16232,143.9,846.41,194.8,192.74,0.990457
2667,818,30308,527.89,675.63,382.44,429.5,0.984915
2668,818,28763,678.28,255.07,212.46,202.12,0.946133
2669,819,16232,620.9,220.59,187.94,184.37,0.99237
2670,819,3483,562.07,809.49,284.22,177.59,0.986169
2671,819,30308,81.17,137.24,374.05,411.23,0.980215
2672,819,28763,62.11,810.3,219.32,209.38,0.897895
2673,82,3743,122.97,837.53,328.46,330.71,0.994358
2674,82,22362,607.92,737.43,272.85,417.25,0.986561
2675,82,19552,118.74,146.72,321.61,494.77,0.975405
2676,82,2483,627.23,95.68,204.38,473.84,0.974307
2677,820,3743,481.87,148.2,314.11,305.28,0.988952
2678,820,2483,93.3,694.22,207.87,483.73,0.988104
2679,820,13395,136.41,110.02,219.17,433.97,0.980961
2680,820,19552,487.28,645.71,333.48,483.14,0.956676
2681,822,3743,131.27,811.42,328.15,332.97,0.989648
2682,822,2483,620.98,63.78,196.6,475.55,0.983527
2683,822,19552,128.98,98.88,326.09,492.39,0.981061
2684,822,13395,591.23,704.35,237.41,466.42,0.977266
2685,826,38162,178.37,206.11,249.1,258.63,0.992341
2686,826,18147,540.5,320.13,298.91,386.06,0.990867
2687,826,3351,406.25,859.85,190.93,193.01,0.979668
2688,828,18147,129.85,574.58,307.31,406.86,0.990397
2689,828,38162,551.1,864.27,251.29,251.69,0.978789
2690,828,3351,380.66,235.87,184.89,183.19,0.972812
2691,829,3483,536.55,777.03,267.34,223.31,0.991715
2692,829,36637,637.93,179.84,179.78,243.89,0.987771
2693,829,28763,98.27,170.09,206.76,198.99,0.987522
2694,829,27777,146.36,776.51,176.81,205.91,0.979473
2695,83,3743,491.05,126.33,314.15,305.39,0.990495
2696,83,22362,81.21,118.21,259.47,390.96,0.987759
2697,83,19552,505.25,600.77,320.32,485.39,0.976718
2698,83,2483,94.75,659.0,201.18,491.77,0.969395
2699,830,3483,172.32,278.57,260.53,216.15,0.992089
2700,830,36637,128.25,827.8,194.22,255.15,0.988451
2701,830,28763,665.37,891.09,222.12,211.68,0.984116
2702,830,27777,637.84,292.31,177.05,193.46,0.980798
2703,831,3483,565.07,812.82,263.79,218.01,0.99577
2704,831,27777,180.16,815.29,174.07,200.12,0.991865
2705,831,36637,668.51,180.9,183.98,247.09,0.983209
2706,831,28763,111.89,177.07,213.36,199.9,0.939948
2707,832,1900,625.16,888.33,205.17,140.63,0.993825
2708,832,16548,607.18,162.79,236.47,226.2,0.97012
2709,832,19607,138.82,868.86,178.74,175.42,0.351598
2710,832,21771,141.41,869.58,175.86,174.95,0.319302
2711,838,33208,586.24,801.9,214.58,206.0,0.994323
2712,838,1900,140.49,241.04,201.05,129.32,0.992713
2713,838,27926,87.59,611.85,270.93,488.47,0.987388
2714,838,16548,592.82,161.8,231.57,226.84,0.970987
2715,842,3483,124.67,306.54,268.96,203.47,0.99914
2716,842,16262,152.16,803.34,250.24,241.9,0.985443
2717,842,34597,467.27,669.24,468.38,428.57,0.984097
2718,842,27733,565.54,260.37,302.04,266.18,0.959932
2719,85,1900,160.3,259.8,128.14,195.66,0.998127
2720,85,21771,147.39,849.46,195.32,194.42,0.991884
2721,85,29345,587.07,677.32,286.48,446.08,0.985836
2722,85,16548,569.56,250.17,233.42,227.65,0.971672
2723,851,3743,122.9,836.23,328.01,332.65,0.994925
2724,851,22362,608.07,736.9,273.57,417.81,0.980911
2725,851,12778,107.47,140.6,314.57,506.5,0.980482
2726,851,2483,627.82,94.36,204.87,477.32,0.969165
2727,855,3743,130.94,810.23,328.99,334.39,0.992006
2728,855,2483,619.87,64.3,198.28,476.01,0.983274
2729,855,12778,91.92,131.92,301.1,527.84,0.975048
2730,855,13395,591.71,701.46,237.12,468.23,0.97262
2731,857,31863,574.33,745.32,208.48,214.93,0.999173
2732,857,3351,338.41,135.09,182.53,186.28,0.994556
2733,857,16262,93.16,678.94,249.31,244.72,0.970805
2734,858,31863,613.46,836.29,203.59,206.61,0.999025
2735,858,3351,380.18,190.52,184.7,183.68,0.985805
2736,858,16262,135.9,770.06,243.42,237.42,0.957086
2737,86,1900,684.29,808.08,131.8,210.5,0.998568
2738,86,21771,619.36,252.43,186.55,180.39,0.995448
2739,86,29345,117.63,155.6,271.5,415.2,0.987495
2740,86,16548,151.68,769.2,240.52,238.35,0.982307
2741,861,25438,123.46,832.7,258.85,267.7,0.993912
2742,861,12081,652.61,707.56,252.67,464.92,0.991207
2743,861,19552,71.04,88.83,344.11,472.89,0.988861
2744,861,2483,562.82,154.11,307.04,432.09,0.985802
2745,862,3483,602.09,847.36,277.97,185.07,0.993133
2746,862,34597,78.35,135.69,451.52,415.9,0.985122
2747,862,36637,671.82,171.72,177.17,256.62,0.983274
2748,862,25469,87.51,827.63,333.29,305.87,0.969008
2749,864,3483,575.35,809.56,279.5,193.65,0.994843
2750,864,36637,642.21,168.66,171.98,253.16,0.989532
2751,864,25469,51.14,785.72,340.89,306.59,0.970822
2752,864,34597,61.68,106.98,441.89,419.74,0.970076
2753,866,3351,304.03,171.41,187.62,190.35,0.996798
2754,866,16688,36.42,524.53,438.57,581.97,0.981505
2755,866,3832,473.68,555.64,397.92,379.51,0.955595
2756,866,35206,479.74,556.9,398.03,379.23,0.882717
2757,867,3351,346.67,232.43,184.55,184.34,0.991476
2758,867,3832,520.24,655.83,385.91,368.67,0.969199
2759,867,16688,75.55,620.19,440.07,595.66,0.968497
2760,868,16232,647.89,229.44,193.4,183.42,0.984388
2761,868,31885,29.59,54.24,418.04,511.22,0.97516
2762,868,3483,590.07,845.48,279.87,169.85,0.966383
2763,868,28763,95.35,851.89,217.6,207.42,0.874021
2764,869,16232,620.38,221.07,188.54,183.75,0.993779
2765,869,3483,562.18,809.52,284.91,178.25,0.975837
2766,869,31885,18.97,40.18,402.32,502.93,0.971764
2767,869,28763,61.4,810.54,221.48,208.9,0.881078
2768,870,3483,133.84,290.94,275.66,171.69,0.99252
2769,870,16232,143.0,846.02,195.73,193.66,0.992312
2770,870,31885,565.85,674.45,407.75,523.87,0.962803
2771,870,28763,678.43,255.53,213.2,200.91,0.939856
2772,873,18147,620.3,668.41,284.79,422.33,0.994387
2773,873,16688,72.49,619.43,442.27,597.46,0.976861
2774,873,3351,340.28,223.14,188.58,184.36,0.97268
2775,874,20877,86.53,725.5,331.81,238.94,0.996317
2776,874,3483,623.17,714.53,209.32,274.61,0.987637
2777,874,16232,627.44,220.57,188.42,184.07,0.976507
2778,874,31885,142.52,151.71,437.33,480.51,0.974692
2779,875,3483,649.11,749.97,209.86,266.94,0.994489
2780,875,20877,116.62,767.3,332.68,233.83,0.990857
2781,875,31885,163.29,177.48,449.86,480.47,0.983611
2782,875,16232,655.76,231.23,191.75,179.15,0.9792
2783,878,36637,642.14,207.82,189.78,249.91,0.994742
2784,878,34597,77.63,124.64,339.92,495.14,0.961051
2785,878,3483,591.02,845.19,281.02,169.27,0.955078
2786,878,28763,97.08,851.38,216.73,208.5,0.858126
2787,879,36637,616.6,201.4,182.18,245.09,0.994578
2788,879,3483,563.26,809.39,285.82,177.77,0.975966
2789,879,34597,62.09,96.77,328.8,498.35,0.954483
2790,879,28763,62.48,810.82,219.45,208.84,0.833684
2791,88,1900,128.59,231.3,206.65,138.02,0.997414
2792,88,16551,606.56,50.9,286.93,480.33,0.971516
2793,88,21771,76.94,796.89,304.27,295.76,0.540932
2794,880,13395,68.34,87.62,232.07,485.46,0.995563
2795,880,2483,75.94,665.9,225.36,488.27,0.989975
2796,880,12778,508.55,604.91,308.81,509.29,0.841182
2797,882,13395,643.93,666.72,234.99,502.71,0.995128
2798,882,2483,643.02,55.17,219.13,488.12,0.994797
2799,882,12778,125.23,90.27,310.75,511.34,0.918794
2800,883,3483,602.15,845.17,278.75,186.83,0.993852
2801,883,16232,631.06,219.43,188.87,187.6,0.982861
2802,883,25469,49.71,854.95,374.21,219.08,0.982012
2803,883,28763,141.75,232.9,214.21,201.82,0.948785
2804,886,31863,161.86,284.2,205.91,207.77,0.997065
2805,886,3351,407.82,889.16,191.04,193.69,0.981255
2806,886,35206,543.53,265.24,265.44,384.89,0.953222
2807,888,31863,611.82,837.62,204.14,206.39,0.999153
2808,888,3351,380.68,204.93,186.42,185.73,0.981703
2809,888,35206,158.07,642.66,266.83,397.39,0.939426
2810,889,3483,142.3,292.36,212.01,257.97,0.999093
2811,889,20877,543.89,293.52,329.5,236.52,0.997017
2812,889,16232,133.87,846.91,197.6,192.71,0.996086
2813,889,28763,711.26,888.4,219.88,211.75,0.97002
2814,89,1900,113.37,224.94,204.92,138.07,0.99151
2815,89,16551,581.52,43.13,278.45,468.93,0.968062
2816,891,20877,86.04,726.32,333.03,238.57,0.997454
2817,891,3483,622.99,714.58,210.02,274.83,0.991584
2818,891,16232,627.15,219.5,188.75,185.73,0.989763
2819,891,28763,54.93,173.66,211.02,198.4,0.982428
2820,894,20877,85.01,725.55,333.15,239.56,0.996577
2821,894,36637,604.99,205.35,179.33,245.51,0.992134
2822,894,3483,622.73,715.77,209.06,274.09,0.988876
2823,894,25367,28.61,28.73,411.58,440.37,0.977442
2824,895,3544,92.51,221.48,204.95,201.01,0.99218
2825,895,16551,534.06,37.63,292.04,460.2,0.975739
2826,896,3544,109.9,232.16,207.34,201.86,0.993987
2827,896,16551,562.24,44.83,302.4,471.32,0.97711
2828,897,3544,676.81,835.31,214.72,212.25,0.990146
2829,897,16551,119.15,721.07,312.61,487.29,0.964413
2830,898,27926,570.11,584.78,253.49,484.62,0.996901
2831,898,3544,119.41,172.27,202.12,199.8,0.989954
2832,898,16548,72.4,777.71,240.05,233.8,0.989235
2833,898,12247,620.14,208.48,172.3,185.78,0.984523
2834,9,20238,595.37,175.19,219.29,211.06,0.992466
2835,9,22347,114.85,211.62,198.73,196.61,0.990811
2836,9,3483,563.14,809.84,284.71,177.65,0.99024
2837,9,28763,62.83,811.86,221.02,207.86,0.919922
2838,90,1900,656.76,900.57,213.8,150.13,0.985636
2839,90,16551,86.46,708.33,294.82,497.64,0.975926
2840,90,19232,124.92,130.15,260.55,419.14,0.27862
2841,900,12247,644.38,204.26,179.67,191.34,0.992448
2842,900,3544,134.96,176.55,207.9,202.69,0.991289
2843,900,27926,597.17,626.69,250.42,481.98,0.98995
2844,900,16548,108.28,820.45,236.36,228.86,0.97871
2845,904,30308,160.68,53.15,289.29,473.51,0.995997
2846,904,27733,124.27,768.52,312.48,275.1,0.995309
2847,904,3483,604.6,790.35,273.97,208.32,0.993574
2848,904,20238,643.52,191.22,227.49,216.33,0.991826
2849,906,3483,124.83,305.46,269.51,204.6,0.998738
2850,906,20238,113.92,854.93,231.22,225.89,0.994957
2851,906,30308,548.11,719.93,297.83,482.77,0.985539
2852,906,27733,565.5,260.52,300.71,265.24,0.96014
2853,908,31863,574.97,746.42,207.94,211.93,0.999573
2854,908,20238,117.46,716.17,227.73,228.06,0.994054
2855,908,3351,305.04,192.92,184.48,188.97,0.993676
2856,91,27926,150.07,144.1,254.68,455.54,0.994396
2857,91,16548,123.9,864.34,241.87,239.99,0.983366
2858,91,19607,688.61,298.64,158.9,149.74,0.967811
2859,91,1900,628.64,890.9,215.33,138.72,0.956555
2860,910,3483,175.15,279.12,259.36,214.32,0.994203
2861,910,29667,128.49,879.94,228.11,226.46,0.994182
2862,910,25367,508.83,698.39,455.39,441.3,0.992678
2863,910,27777,640.25,294.17,177.44,193.38,0.957185
2864,912,3483,533.87,777.02,268.76,226.12,0.994313
2865,912,29667,601.34,161.73,218.81,214.9,0.991268
2866,912,25367,31.89,107.39,433.33,423.38,0.989558
2867,912,27777,143.15,774.7,178.04,205.75,0.968232
2868,914,13900,553.31,709.61,206.14,247.3,0.998179
2869,914,3351,368.46,121.47,185.14,190.5,0.997086
2870,914,35206,44.8,611.29,341.72,360.74,0.862083
2871,915,13900,592.84,798.1,200.4,242.58,0.998264
2872,915,3351,411.36,178.45,185.98,186.12,0.98816
2873,915,35206,88.72,715.57,337.89,342.98,0.864851
2874,916,3483,123.44,306.12,271.28,204.63,0.999096
2875,916,25367,501.14,678.96,462.74,429.55,0.992079
2876,916,16232,140.19,891.21,198.35,195.59,0.989684
2877,916,27733,564.84,260.29,301.93,266.12,0.967117
2878,919,3483,122.99,307.88,270.3,203.76,0.999031
2879,919,36637,99.66,879.64,268.64,182.43,0.984553
2880,919,30308,493.75,675.25,374.2,443.93,0.982318
2881,919,27733,565.17,259.6,300.31,266.51,0.951842
2882,920,30308,129.06,124.0,358.91,421.43,0.993034
2883,920,3483,581.5,755.71,274.42,213.23,0.992064
2884,920,27733,90.55,723.13,322.38,284.08,0.978294
2885,920,36637,589.03,200.46,258.23,170.32,0.61346
2886,923,20877,545.3,294.15,328.65,236.71,0.998474
2887,923,3483,143.56,291.08,212.8,258.09,0.998435
2888,923,25367,539.86,706.9,435.3,453.66,0.994657
2889,923,16262,109.96,836.1,247.04,240.85,0.967991
2890,925,3483,147.14,221.8,251.32,221.65,0.99652
2891,925,16232,144.15,898.54,196.08,192.72,0.984128
2892,925,34597,484.06,623.82,446.82,455.08,0.982815
2893,925,19861,637.55,276.83,221.48,171.56,0.954812
2894,927,3483,572.37,834.48,263.91,235.77,0.995132
2895,927,19861,91.9,826.38,226.2,176.17,0.982736
2896,927,34597,62.56,142.94,423.92,441.03,0.969354
2897,927,16232,616.23,171.59,186.49,183.67,0.964162
2898,929,3483,576.47,810.24,279.77,192.7,0.991469
2899,929,31885,27.21,40.74,415.64,489.98,0.987443
2900,929,25469,14.41,812.87,377.85,222.61,0.978146
2901,929,16232,601.96,214.23,185.68,181.62,0.972766
2902,930,3483,124.17,275.07,272.6,187.5,0.997748
2903,930,25469,572.6,230.38,367.47,219.99,0.993342
2904,930,16232,163.88,855.92,194.85,189.7,0.988212
2905,930,31885,537.72,684.29,429.09,520.25,0.974259
2906,931,1900,177.17,267.36,128.83,204.2,0.998345
2907,931,29345,577.14,716.84,323.49,425.21,0.985914
2908,931,19607,166.03,917.09,159.79,157.23,0.950356
2909,931,16551,483.19,241.34,478.6,266.03,0.922385
2910,932,1900,157.93,262.31,128.81,195.54,0.997292
2911,932,29345,549.57,681.75,330.51,428.18,0.986607
2912,932,16551,456.36,221.08,471.61,269.86,0.984163
2913,932,19607,129.97,884.86,164.39,160.79,0.979595
2914,933,1900,687.56,807.48,130.52,210.8,0.998657
2915,933,29345,115.1,168.02,312.79,402.84,0.990625
2916,933,19607,665.62,251.14,156.4,154.48,0.975614
2917,933,16551,23.53,733.57,488.7,283.91,0.907543
2918,936,25438,111.03,840.97,258.34,270.12,0.993882
2919,936,2483,593.69,108.67,256.64,452.63,0.987324
2920,936,19552,116.08,183.08,313.27,503.31,0.954031
2921,936,13395,653.63,704.16,219.43,474.43,0.942628
2922,937,3743,131.23,811.08,328.67,333.61,0.990245
2923,937,2483,620.89,64.74,197.74,474.66,0.980171
2924,937,13395,591.88,702.05,237.19,467.31,0.975687
2925,937,12778,126.54,89.44,297.34,540.19,0.950034
2926,938,2483,630.41,26.08,199.85,492.71,0.99109
2927,938,3743,129.65,801.85,322.09,320.08,0.984772
2928,938,13395,587.14,698.89,223.56,453.99,0.981979
2929,938,12778,128.08,70.89,293.67,529.54,0.937834
2930,940,18147,205.36,226.95,219.27,413.24,0.991331
2931,940,16232,644.53,321.76,187.73,191.02,0.983779
2932,940,3351,422.77,894.46,188.35,197.14,0.978971
2933,941,16232,91.34,710.88,191.0,194.82,0.998628
2934,941,3351,326.0,141.63,185.19,189.33,0.992835
2935,941,18147,516.93,552.06,216.81,444.71,0.990113
2936,942,3351,367.38,199.5,187.1,185.68,0.994717
2937,942,18147,556.27,641.0,213.18,447.04,0.994638
2938,942,16232,132.92,800.3,191.89,190.09,0.992156
2939,945,20238,112.08,857.15,231.24,225.98,0.995433
2940,945,3483,147.67,221.12,250.91,222.24,0.993534
2941,945,19861,636.6,277.5,223.62,170.62,0.949866
2942,945,25367,630.48,639.15,320.17,520.38,0.947605
2943,947,16232,142.25,846.22,195.46,192.83,0.995739
2944,947,3483,134.29,290.36,275.03,172.44,0.993865
2945,947,28763,593.3,887.21,223.1,211.18,0.990227
2946,947,28763,678.82,255.65,212.16,200.86,0.944632
2947,948,16232,648.57,229.46,193.2,183.03,0.99244
2948,948,28763,184.65,178.43,212.63,201.13,0.975555
2949,948,3483,589.37,845.24,281.68,170.83,0.972832
2950,948,28763,96.33,852.36,215.51,207.15,0.931789
2951,949,3483,143.11,291.47,210.4,257.67,0.999
2952,949,20877,543.31,293.68,329.69,236.36,0.99842
2953,949,30308,501.65,723.87,418.22,402.06,0.986232
2954,949,16262,110.77,836.56,245.96,240.3,0.975859
2955,95,29667,60.53,742.85,232.18,231.56,0.995574
2956,95,32310,496.9,720.37,383.61,237.23,0.989181
2957,95,3351,335.9,183.93,184.84,187.05,0.984901
2958,950,20877,84.89,725.36,334.09,240.02,0.996189
2959,950,16262,601.4,185.14,238.08,230.32,0.987718
2960,950,3483,622.82,715.96,208.93,273.47,0.987479
2961,950,30308,72.53,119.22,395.16,384.19,0.981548
2962,951,3483,649.06,750.72,210.64,267.55,0.993996
2963,951,20877,117.87,769.25,332.41,233.85,0.992193
2964,951,16262,629.45,193.44,246.13,230.24,0.98722
2965,951,30308,89.12,137.72,409.03,389.9,0.981246
2966,952,3483,123.5,275.25,273.15,187.75,0.996834
2967,952,25469,571.56,230.95,368.49,219.62,0.990989
2968,952,16262,168.22,835.05,246.83,240.85,0.983299
2969,952,30308,559.86,649.26,387.56,427.06,0.981668
2970,953,3483,576.69,809.15,278.61,193.86,0.99108
2971,953,16262,546.79,188.29,239.31,230.03,0.987221
2972,953,30308,47.46,161.59,370.02,413.88,0.981902
2973,953,25469,13.65,812.74,379.07,223.09,0.971354
2974,954,3483,602.55,844.7,278.58,186.73,0.990723
2975,954,30308,64.56,182.92,381.03,421.0,0.990196
2976,954,16262,572.69,195.94,245.61,231.32,0.98587
2977,954,25469,50.93,854.46,373.07,219.7,0.97554
2978,956,27926,598.53,673.3,250.66,479.48,0.979547
2979,956,19607,142.11,862.38,160.15,155.18,0.976394
2980,956,1900,158.75,250.64,204.33,124.75,0.975973
2981,956,16551,596.82,0.0,309.22,448.11,0.963005
2982,957,27926,150.12,143.26,254.13,456.3,0.992283
2983,957,19607,688.97,298.72,158.76,150.03,0.979986
2984,957,16551,78.66,784.0,311.74,493.43,0.975373
2985,957,1900,627.74,893.56,216.47,137.77,0.934928
2986,962,1900,147.85,239.16,181.55,183.53,0.992033
2987,962,29451,473.26,776.75,405.73,275.13,0.9916
2988,962,16551,626.36,108.7,277.54,471.32,0.966528
2989,962,19607,142.76,847.51,161.02,158.14,0.944505
2990,966,1900,657.89,903.2,214.19,147.18,0.991726
2991,966,16548,126.12,852.82,243.9,237.58,0.977451
2992,966,19232,124.09,129.38,261.16,420.39,0.341527
2993,967,29667,587.53,306.88,226.85,222.8,0.99618
2994,967,3351,402.19,887.67,191.68,189.88,0.980695
2995,967,41768,123.22,298.74,264.14,300.15,0.84153
2996,968,29667,109.01,696.61,233.6,233.05,0.994138
2997,968,3351,339.02,157.03,186.48,186.11,0.991512
2998,968,41768,551.96,618.42,274.47,310.57,0.970223
2999,97,1900,687.88,806.66,129.69,210.5,0.99855
3000,97,29345,115.98,167.28,311.82,403.12,0.992088
3001,97,16548,100.61,820.69,241.85,239.58,0.981158
3002,97,19607,665.89,250.95,156.61,154.45,0.974291
3003,972,21771,125.08,773.68,194.55,191.13,0.993303
3004,972,1900,139.89,242.27,199.79,128.42,0.99137
3005,972,27926,572.86,628.59,253.51,488.34,0.988447
3006,972,16551,573.77,16.22,325.93,436.95,0.95562
3007,973,1900,181.28,264.77,128.07,203.07,0.998162
3008,973,21771,185.35,883.97,190.4,189.21,0.993115
3009,973,16551,570.78,80.77,308.39,471.2,0.985009
3010,973,29345,613.07,715.71,281.44,441.67,0.960499
3011,974,1900,160.44,259.95,128.2,194.91,0.997454
3012,974,21771,148.46,848.76,194.67,195.12,0.989481
3013,974,29345,587.4,677.35,286.85,446.24,0.978068
3014,974,16551,543.02,73.58,295.39,457.24,0.973333
3015,975,1900,684.54,807.83,131.41,211.07,0.999031
3016,975,21771,619.33,252.96,186.71,179.7,0.993845
3017,975,29345,117.69,155.62,272.28,414.89,0.984163
3018,975,16551,107.84,684.31,316.38,491.8,0.972786
3019,979,3351,389.87,157.19,185.48,186.91,0.989271
3020,979,18357,70.34,548.02,288.59,341.22,0.980053
3021,979,22074,583.69,710.1,189.28,193.95,0.959755
3022,980,22074,173.1,311.04,183.4,191.56,0.985756
3023,980,18357,572.78,304.76,284.81,324.73,0.980864
3024,980,3351,353.34,872.32,190.8,192.52,0.977102
3025,982,13395,634.61,673.42,243.71,519.53,0.992418
3026,982,3743,117.16,840.03,328.62,327.79,0.991994
3027,982,2483,659.08,109.27,212.86,476.29,0.986205
3028,982,12778,100.55,107.5,310.31,518.36,0.941927
3029,983,3743,116.29,827.83,321.64,321.99,0.990759
3030,983,2483,675.36,71.42,199.51,495.27,0.986675
3031,983,13395,629.53,673.06,227.59,505.15,0.984959
3032,983,12778,98.92,83.32,312.72,507.69,0.878791
3033,984,2483,56.65,643.13,209.67,488.82,0.99465
3034,984,13395,82.68,80.24,231.79,490.03,0.989865
3035,984,3743,496.86,125.33,313.08,307.72,0.987956
3036,984,12778,533.93,610.42,309.33,510.91,0.359607
3037,985,1900,139.56,216.8,199.92,154.26,0.991381
3038,985,24850,116.93,739.11,200.85,285.41,0.99032
3039,985,29451,520.89,802.66,420.93,233.99,0.988997
3040,985,16548,575.09,185.16,232.79,227.67,0.969559
3041,986,24850,643.24,260.0,194.77,267.73,0.993877
3042,986,1900,636.66,897.31,209.97,154.3,0.988459
3043,986,16548,143.24,835.65,240.49,240.15,0.976863
3044,986,29451,43.34,232.34,406.1,228.25,0.974993
3045,988,3483,597.96,868.68,259.61,231.01,0.996447
3046,988,22347,159.55,181.66,205.69,199.43,0.993671
3047,988,19861,125.4,864.89,219.8,169.6,0.987492
3048,988,36637,617.32,194.55,265.88,155.59,0.974006
3049,989,3483,571.33,834.96,263.49,236.09,0.992756
3050,989,22347,141.93,176.27,202.0,195.64,0.992716
3051,989,19861,91.19,826.34,224.6,175.85,0.991185
3052,989,36637,589.43,192.95,262.11,160.21,0.921832
3053,990,22347,626.72,886.58,215.25,209.15,0.995772
3054,990,3483,148.02,220.23,253.87,222.31,0.995159
3055,990,19861,640.53,277.24,221.88,170.56,0.937228
3056,990,36637,92.37,903.47,277.95,170.7,0.892996
3057,991,3544,92.43,221.22,204.84,200.23,0.988696
3058,991,16548,571.38,222.03,232.39,225.28,0.984031
3059,993,3544,110.2,232.25,206.8,201.82,0.994612
3060,993,16548,600.51,232.44,235.35,226.59,0.989521
3061,994,3483,134.38,290.84,275.05,172.1,0.990936
3062,994,30308,508.7,751.82,392.89,433.13,0.988183
3063,994,16262,118.53,846.79,247.76,243.07,0.982647
3064,994,28763,678.43,255.09,212.48,200.88,0.908692
3065,996,30308,110.77,75.79,387.07,420.2,0.988116
3066,996,16262,620.09,182.71,247.92,231.33,0.978748
3067,996,3483,590.25,844.41,281.15,171.68,0.944472
3068,996,28763,96.18,852.85,216.1,206.49,0.878392
3069,997,1900,150.52,239.97,181.07,182.2,0.991473
3070,997,29451,456.77,805.79,426.04,227.03,0.98676
3071,997,21771,124.88,804.83,192.24,190.31,0.981536
3072,997,16551,589.08,62.1,279.11,471.75,0.975171
3073,998,1900,172.29,247.49,179.36,180.14,0.99521
3074,998,16551,615.83,69.51,286.69,482.37,0.983795
3075,998,21771,158.23,839.6,188.66,185.09,0.981784
3076,998,29451,487.38,847.17,417.06,218.33,0.978627
3077,999,1900,643.65,842.58,188.23,189.56,0.997161
3078,999,21771,643.19,289.16,189.8,183.84,0.989379
3079,999,29451,104.7,233.17,406.15,220.77,0.956023
3080,999,16551,80.9,685.85,289.65,501.61,0.948637
