annotation_id,image_id,category_id,bbox_x,bbox_y,bbox_w,bbox_h,score
1,1,24850,172.2,740.3,183.0,291.6,0.985
2,1,1900,156.7,250.5,204.3,125.9,0.983
3,1,16551,555.3,70.4,401.4,405.5,0.962
4,1,27926,600.2,673.6,251.7,481.0,0.943
5,10,21771,642.8,290.2,188.3,181.5,0.991
6,10,16548,102.2,807.1,241.9,237.5,0.987
7,10,29451,101.8,235.8,410.9,221.9,0.966
8,10,1900,644.8,845.7,186.9,186.3,0.953
9,100,1900,133.4,244.0,193.0,161.2,0.982
10,100,16548,585.3,130.1,232.2,225.5,0.979
11,100,18110,44.0,749.0,308.8,295.8,0.974
12,100,33009,519.0,792.9,379.3,208.2,0.946
13,1003,16232,648.0,184.8,192.5,179.5,0.981
14,1003,3483,605.6,791.1,274.9,206.5,0.979
15,1003,34597,37.9,158.6,449.6,417.1,0.978
16,1003,27733,123.8,771.1,312.2,272.8,0.978
17,1004,3483,124.5,305.5,268.2,204.5,0.986
18,1004,27733,565.7,261.5,300.8,265.5,0.983
19,1004,34597,507.5,658.9,460.3,435.2,0.975
20,1004,16232,140.6,891.6,197.5,192.7,0.968
21,1005,27733,88.4,726.7,320.0,276.2,0.99
22,1005,3483,579.6,756.3,274.7,210.9,0.982
23,1005,16232,621.8,177.7,185.7,183.3,0.975
24,1005,34597,22.5,127.7,438.8,422.9,0.972
25,1006,3483,602.8,844.5,279.7,188.3,0.989
26,1006,20238,618.4,195.8,224.3,217.3,0.984
27,1006,25367,44.7,174.0,444.7,427.7,0.971
28,1006,25469,50.1,856.8,373.8,219.5,0.957
29,1007,3483,574.0,810.7,282.6,192.3,0.994
30,1007,20238,588.1,190.9,221.7,213.7,0.984
31,1007,25367,28.1,156.3,432.9,422.5,0.979
32,1007,25469,13.2,813.0,378.7,222.7,0.955
33,1009,3483,574.8,811.0,281.6,192.1,0.994
34,1009,16262,545.1,186.2,239.5,229.9,0.987
35,1009,22347,78.0,197.6,202.1,195.7,0.987
36,1009,25469,13.8,812.9,377.4,222.3,0.952
37,1010,3483,603.0,844.9,279.3,188.3,0.989
38,1010,22347,94.6,206.2,204.9,197.9,0.981
39,1010,16262,575.3,194.2,242.2,231.6,0.972
40,1010,25469,50.6,857.7,372.6,218.6,0.955
41,1012,24850,138.0,702.1,186.6,296.1,0.992
42,1012,1900,140.2,240.7,200.3,129.5,0.991
43,1012,16548,611.5,158.2,230.7,223.9,0.98
44,1012,27926,571.6,628.9,255.8,486.2,0.95
45,1013,1900,632.0,892.5,207.7,137.6,0.989
46,1013,24850,635.4,272.3,182.5,278.2,0.987
47,1013,27926,145.8,144.7,259.3,454.8,0.976
48,1013,16548,105.4,866.1,241.4,237.6,0.974
49,1014,24850,172.1,741.2,183.3,290.9,0.985
50,1014,1900,157.1,251.0,204.2,126.0,0.985
51,1014,16548,640.1,164.4,237.8,224.9,0.972
52,1014,27926,599.7,674.7,251.9,479.6,0.924
53,1015,3483,649.4,749.0,211.4,266.3,0.995
54,1015,20877,116.3,769.5,334.2,227.9,0.982
55,1015,30308,68.4,124.4,398.4,405.2,0.971
56,1015,35206,660.5,173.3,223.8,404.9,0.971
57,1016,3483,141.5,290.3,213.3,259.9,0.991
58,1016,20877,542.9,293.7,329.5,236.4,0.984
59,1016,30308,533.8,723.1,411.6,411.1,0.98
60,1016,35206,95.4,671.2,237.6,411.8,0.976
61,1018,3483,124.0,306.3,268.2,203.5,0.986
62,1018,27733,560.7,256.2,300.6,264.6,0.983
63,1018,29667,88.2,863.2,230.7,225.6,0.98
64,1018,30308,441.7,743.6,471.6,307.9,0.968
65,1019,29667,669.8,180.9,222.7,213.3,0.987
66,1019,27733,129.8,776.6,312.8,275.5,0.978
67,1019,3483,606.1,790.8,274.9,206.9,0.974
68,1019,30308,95.7,210.4,454.5,299.3,0.967
69,102,16548,613.3,135.8,239.8,227.7,0.993
70,102,18110,81.6,791.4,302.2,288.1,0.971
71,102,1900,152.8,254.9,193.8,160.0,0.963
72,102,33009,550.0,837.0,374.4,200.6,0.918
73,1020,27733,93.3,733.5,320.7,275.5,0.988
74,1020,29667,638.6,175.7,218.0,215.6,0.983
75,1020,3483,579.6,755.9,274.8,210.9,0.982
76,1020,30308,78.1,190.2,446.8,296.7,0.969
77,1022,33208,581.6,810.4,213.7,204.0,0.988
78,1022,1900,146.1,239.6,182.6,183.2,0.973
79,1022,29451,34.2,800.2,422.3,226.9,0.968
80,1022,16551,625.6,24.0,284.4,467.9,0.949
81,1023,33208,609.8,843.3,211.8,200.0,0.991
82,1023,29451,73.4,841.3,414.4,219.5,0.987
83,1023,16551,653.9,25.9,294.9,486.4,0.958
84,1023,1900,171.1,247.7,179.9,182.1,0.921
85,1025,3483,141.6,289.0,213.7,260.4,0.99
86,1025,20877,543.3,293.3,329.0,236.2,0.983
87,1025,16262,110.8,837.2,248.4,240.7,0.96
88,1025,28763,642.7,862.0,222.7,212.9,0.956
89,1026,3483,648.7,750.8,212.6,265.1,0.997
90,1026,28763,134.5,205.7,212.3,201.1,0.985
91,1026,20877,115.7,769.9,334.9,228.8,0.98
92,1026,16262,631.3,190.1,243.6,233.4,0.972
93,1027,13900,190.3,285.9,197.9,233.6,0.976
94,1027,16232,602.2,262.8,186.2,185.4,0.972
95,1027,3351,354.0,883.7,189.0,190.9,0.959
96,1028,3351,392.2,158.2,183.0,185.9,0.979
97,1028,13900,554.9,709.2,204.5,245.2,0.976
98,1028,16232,135.3,780.5,190.9,188.8,0.973
99,1029,16232,177.3,866.5,189.6,192.3,0.98
100,1029,13900,594.3,797.8,200.3,242.2,0.969
101,1029,3351,435.0,216.8,184.4,181.7,0.949
102,1030,27733,89.4,726.2,319.8,276.7,0.983
103,1030,34597,45.6,145.5,444.5,411.4,0.982
104,1030,3483,579.4,756.1,276.2,210.7,0.979
105,1030,35206,566.2,119.4,254.3,380.8,0.978
106,1034,3483,148.1,218.0,250.2,223.7,0.992
107,1034,19861,637.5,277.0,220.5,170.8,0.986
108,1034,36637,95.7,907.9,274.1,163.4,0.985
109,1034,28763,648.8,882.7,222.6,213.8,0.97
110,1039,3483,603.0,844.6,279.4,188.7,0.989
111,1039,16262,575.5,194.6,241.9,231.2,0.979
112,1039,28763,127.4,214.3,211.4,201.0,0.959
113,1039,25469,51.1,857.6,372.1,218.8,0.947
114,104,18357,107.4,609.1,247.2,372.0,0.989
115,104,21325,617.2,761.5,174.6,228.7,0.962
116,104,3351,324.8,205.3,182.1,186.5,0.958
117,1041,3483,124.7,273.0,271.7,186.6,0.985
118,1041,16262,167.3,835.0,248.8,242.5,0.974
119,1041,28763,650.7,851.2,222.6,215.1,0.968
120,1041,25469,573.4,229.9,373.7,219.5,0.957
121,1043,18357,50.1,629.7,270.9,353.1,0.984
122,1043,35206,514.2,604.5,242.2,416.1,0.974
123,1043,3351,314.0,169.8,183.3,187.4,0.966
124,1044,3351,354.2,228.7,184.1,182.3,0.981
125,1044,18357,95.4,722.2,265.4,353.5,0.978
126,1044,35206,554.7,702.2,234.6,408.0,0.971
127,1045,3483,622.9,716.7,210.4,270.6,0.996
128,1045,29667,593.4,177.6,219.2,216.6,0.985
129,1045,20877,40.1,756.0,335.7,248.8,0.977
130,1045,28763,133.6,212.0,208.5,201.0,0.967
131,1046,3483,647.6,750.7,213.4,266.0,0.996
132,1046,29667,623.2,183.0,223.4,216.0,0.979
133,1046,20877,74.3,800.1,331.1,241.0,0.972
134,1046,28763,152.3,223.5,211.4,200.5,0.968
135,1047,3483,141.0,288.2,214.4,260.5,0.988
136,1047,29667,135.6,861.9,228.8,226.2,0.98
137,1047,20877,588.7,259.4,325.0,242.7,0.977
138,1047,28763,625.1,845.2,223.0,211.5,0.956
139,1050,22362,609.1,780.7,250.7,406.8,0.979
140,1050,5094,136.7,846.7,279.7,274.8,0.978
141,1050,22627,91.7,174.7,335.5,469.8,0.953
142,1050,2483,650.6,82.2,197.5,485.8,0.947
143,1051,5094,551.5,189.8,273.8,270.1,0.992
144,1051,4378,136.2,103.1,216.9,444.1,0.981
145,1051,2483,89.7,675.8,231.9,480.9,0.977
146,1051,23223,490.4,658.6,384.7,466.3,0.957
147,1053,5094,104.1,800.2,280.9,275.1,0.992
148,1053,4378,593.0,700.0,213.9,453.7,0.976
149,1053,2483,617.0,53.9,219.7,480.6,0.975
150,1053,23223,77.1,79.1,376.8,462.0,0.967
151,1055,29667,648.8,184.7,216.5,213.7,0.99
152,1055,3483,570.3,764.6,277.3,207.8,0.989
153,1055,27733,81.9,732.6,326.9,267.1,0.987
154,1055,31885,56.3,37.1,431.5,482.8,0.967
155,1056,3483,598.8,799.4,275.4,202.1,0.989
156,1056,29667,678.8,189.6,221.0,213.4,0.983
157,1056,27733,118.9,777.0,319.5,264.3,0.978
158,1056,31885,70.4,53.0,440.8,488.6,0.969
159,1057,25438,110.2,829.5,254.7,253.3,0.983
160,1057,2483,608.1,69.7,248.3,467.9,0.975
161,1057,4378,641.7,706.2,220.5,452.8,0.971
162,1057,12778,79.6,77.2,333.4,500.9,0.965
163,1058,2483,599.0,114.2,250.9,441.1,0.984
164,1058,25438,111.6,841.1,258.2,265.1,0.983
165,1058,4378,657.4,707.7,213.3,466.2,0.97
166,1058,12778,85.6,121.7,325.5,486.5,0.966
167,1060,13395,111.7,48.4,244.6,487.1,0.983
168,1060,2483,117.8,678.3,213.8,489.8,0.979
169,1060,25438,556.8,204.6,246.2,252.9,0.97
170,1060,22627,527.3,642.5,356.7,470.4,0.957
171,1064,3483,603.4,844.8,278.6,188.0,0.99
172,1064,20238,617.9,195.5,224.8,217.4,0.983
173,1064,34597,58.7,134.6,450.4,413.4,0.973
174,1064,25469,50.4,857.0,374.0,219.2,0.958
175,1065,3483,124.4,273.5,271.5,186.8,0.986
176,1065,20238,139.7,850.0,232.2,225.8,0.984
177,1065,34597,484.9,686.3,462.8,430.9,0.971
178,1065,25469,572.9,230.4,375.0,219.4,0.958
179,1067,27653,672.0,255.4,219.2,199.8,0.995
180,1067,3483,132.5,290.7,276.8,170.8,0.986
181,1067,16262,117.5,846.6,248.5,243.0,0.984
182,1067,31885,554.9,674.0,402.0,528.8,0.956
183,1069,21771,116.1,203.6,190.7,184.8,0.99
184,1069,21026,138.1,868.2,178.7,177.1,0.968
185,1069,16548,642.8,165.0,238.4,226.0,0.952
186,1069,1900,622.8,888.9,208.9,139.0,0.949
187,1070,21771,686.4,882.5,197.7,193.8,0.995
188,1070,1900,174.3,279.6,202.1,140.1,0.991
189,1070,16548,103.0,864.4,240.4,238.6,0.972
190,1070,21026,675.0,272.3,175.3,172.6,0.951
191,1073,3483,535.8,778.6,266.9,221.9,0.996
192,1073,22347,114.7,198.2,201.6,195.6,0.99
193,1073,27777,144.3,774.2,176.8,204.3,0.978
194,1073,36637,636.5,176.3,181.1,244.3,0.921
195,1075,16551,93.0,594.8,337.2,460.8,0.977
196,1075,3544,101.7,160.6,203.4,199.9,0.976
197,1075,29871,603.4,769.8,204.5,227.9,0.973
198,1075,4543,611.1,142.2,202.9,199.7,0.945
199,1076,4543,132.6,915.7,215.1,214.7,0.972
200,1076,3544,669.2,899.2,214.6,213.4,0.968
201,1076,16551,534.2,192.6,328.0,435.7,0.966
202,1076,29871,166.1,278.7,207.4,214.8,0.964
203,1077,16551,128.5,645.1,331.3,453.6,0.98
204,1077,29871,629.6,807.4,206.2,220.7,0.973
205,1077,3544,118.3,166.9,206.5,200.8,0.961
206,1077,4543,640.6,143.0,209.2,201.6,0.941
207,1079,3483,645.3,752.8,213.6,266.5,0.996
208,1079,22347,120.3,219.4,204.4,197.8,0.982
209,1079,20877,70.6,799.7,332.2,241.3,0.97
210,1079,29667,624.5,186.0,223.2,216.0,0.966
211,108,2483,599.2,84.0,248.8,472.5,0.975
212,108,25438,143.5,844.5,254.9,253.8,0.975
213,108,22362,585.9,744.5,254.9,406.3,0.967
214,108,12778,107.7,49.8,292.9,517.8,0.947
215,1080,3483,618.5,719.7,212.5,269.8,0.997
216,1080,22347,102.2,210.4,202.0,195.4,0.983
217,1080,29667,595.6,180.6,218.9,216.3,0.981
218,1080,20877,37.6,755.6,333.8,249.3,0.977
219,1081,16551,480.8,202.4,462.9,324.9,0.97
220,1081,44199,92.3,183.9,256.6,230.7,0.966
221,1081,1900,609.6,898.6,206.8,136.9,0.966
222,1081,21026,125.7,865.6,179.1,177.3,0.966
223,1085,3483,623.3,715.6,210.6,270.3,0.995
224,1085,20877,84.6,725.1,336.9,239.9,0.98
225,1085,16232,625.6,219.7,190.3,184.9,0.974
226,1085,25367,30.0,130.5,442.6,412.4,0.959
227,1087,31705,569.7,677.2,254.5,451.6,0.981
228,1087,10221,622.1,204.2,219.2,215.1,0.976
229,1087,3544,133.9,175.9,202.3,199.4,0.973
230,1087,16551,88.0,589.1,293.6,483.7,0.972
231,1089,31705,148.9,146.8,253.6,419.9,0.991
232,1089,3544,635.4,887.7,212.9,212.0,0.981
233,1089,10221,106.5,833.5,230.2,226.1,0.98
234,1089,16551,582.3,182.4,290.5,459.3,0.968
235,109,3483,146.8,217.8,251.9,224.5,0.991
236,109,19861,637.8,277.5,220.3,170.5,0.985
237,109,25367,580.6,718.0,388.3,496.4,0.979
238,109,35206,107.2,775.4,306.1,389.3,0.96
239,1092,33009,566.2,213.4,320.3,291.6,0.985
240,1092,1900,652.0,847.5,210.2,160.3,0.977
241,1092,16548,84.3,913.6,242.6,239.2,0.97
242,1092,44199,135.6,242.9,242.1,234.2,0.962
243,1093,3483,147.8,217.9,250.6,224.4,0.99
244,1093,19861,637.4,277.6,221.0,170.1,0.984
245,1093,16262,98.4,850.9,252.8,242.8,0.975
246,1093,34597,501.1,692.8,459.8,435.2,0.974
247,1095,3483,600.9,866.7,257.1,231.4,0.997
248,1095,19861,126.9,865.0,221.5,167.3,0.991
249,1095,16262,639.4,177.4,241.8,230.9,0.981
250,1095,34597,46.4,122.9,446.2,420.3,0.96
251,1096,27993,545.7,776.8,312.9,240.7,0.987
252,1096,16551,477.9,114.5,445.8,324.4,0.969
253,1096,6563,165.4,670.7,220.8,366.4,0.967
254,1096,3544,91.9,196.6,203.9,200.2,0.949
255,1097,16551,504.4,125.8,458.8,328.7,0.988
256,1097,27993,575.3,814.7,307.5,231.8,0.979
257,1097,6563,198.5,713.2,217.4,359.1,0.978
258,1097,3544,108.1,204.9,208.0,201.6,0.968
259,1098,6563,581.9,232.4,212.7,339.4,0.983
260,1098,27993,125.3,252.8,294.8,237.0,0.978
261,1098,16551,23.5,785.2,468.0,344.7,0.972
262,1098,3544,677.4,861.4,215.5,213.6,0.969
263,110,3483,600.2,866.9,258.2,231.4,0.997
264,110,19861,127.1,864.9,221.2,167.5,0.991
265,110,25367,41.5,50.0,385.3,482.0,0.981
266,110,35206,582.6,97.4,288.7,377.0,0.972
267,1100,3483,535.1,778.3,267.6,222.7,0.996
268,1100,27777,144.5,773.7,176.1,204.6,0.978
269,1100,31885,54.0,99.3,424.9,490.0,0.967
270,1100,36637,635.3,176.5,181.0,245.1,0.941
271,1101,3483,564.5,814.2,264.6,215.5,0.994
272,1101,36637,665.2,179.9,185.7,249.2,0.986
273,1101,27777,179.4,812.8,171.7,198.3,0.976
274,1101,31885,69.3,122.0,434.7,493.3,0.975
275,1105,22347,112.1,212.9,206.0,195.4,0.985
276,1105,27733,124.8,771.6,312.4,272.9,0.98
277,1105,3483,606.8,790.9,274.7,206.3,0.98
278,1105,35206,602.9,125.6,254.8,390.6,0.973
279,1109,3483,591.7,844.6,281.4,171.4,0.99
280,1109,16262,623.8,181.2,241.5,232.3,0.986
281,1109,27653,95.1,853.2,223.2,205.6,0.986
282,1109,28763,140.0,227.0,212.2,199.1,0.972
283,1111,3483,562.1,810.1,285.4,177.6,0.995
284,1111,27653,58.5,809.6,226.9,210.1,0.987
285,1111,29667,602.8,175.0,218.2,215.7,0.974
286,1111,28763,114.8,188.1,208.2,198.5,0.973
287,1114,27653,671.1,255.4,220.1,199.8,0.995
288,1114,3483,132.2,291.1,277.3,170.6,0.984
289,1114,30308,556.3,698.0,403.4,420.4,0.981
290,1114,35206,102.3,686.9,207.4,419.9,0.977
291,1115,3483,563.0,810.3,286.5,177.9,0.995
292,1115,27653,59.7,809.9,226.6,210.3,0.988
293,1115,30308,39.9,124.9,381.3,404.3,0.977
294,1115,35206,648.0,142.7,203.3,401.3,0.976
295,1116,3483,591.6,844.5,280.5,171.7,0.991
296,1116,27653,94.5,852.5,223.2,206.2,0.989
297,1116,30308,55.5,141.1,391.7,415.3,0.977
298,1116,35206,679.7,153.0,204.7,407.9,0.973
299,1118,29871,199.4,239.3,168.7,232.3,0.978
300,1118,6563,587.0,237.7,211.8,339.6,0.968
301,1118,3544,677.4,858.7,214.9,215.4,0.958
302,1118,16548,102.0,881.2,240.8,239.8,0.957
303,1119,29871,635.3,825.1,166.1,240.3,0.995
304,1119,16548,643.8,146.2,237.6,226.4,0.975
305,1119,6563,192.9,707.9,216.6,356.3,0.972
306,1119,3544,108.5,207.6,207.3,201.4,0.955
307,112,16551,157.3,586.1,304.5,469.6,0.978
308,112,10221,633.0,200.8,223.1,213.9,0.974
309,112,3544,127.7,236.3,206.2,199.7,0.967
310,112,33009,562.9,812.0,367.5,207.5,0.929
311,1121,3483,125.1,272.9,271.9,186.0,0.988
312,1121,25469,574.3,185.1,325.0,286.0,0.981
313,1121,28763,618.4,860.2,222.0,214.6,0.976
314,1121,29667,140.0,871.8,228.9,227.2,0.97
315,1123,3483,124.1,305.8,268.1,204.0,0.986
316,1123,27733,565.3,261.3,301.4,266.2,0.983
317,1123,25367,493.7,665.4,446.7,438.2,0.974
318,1123,16262,154.0,803.8,246.2,242.0,0.971
319,1125,3483,606.3,791.1,274.0,206.7,0.981
320,1125,27733,124.2,771.2,312.8,272.3,0.978
321,1125,16262,591.2,227.9,241.4,229.2,0.977
322,1125,25367,63.0,157.9,445.5,427.6,0.965
323,1126,3483,142.5,288.5,214.1,259.9,0.99
324,1126,20877,544.0,293.4,329.3,237.0,0.983
325,1126,16262,111.9,836.8,246.9,240.2,0.964
326,1126,31885,510.8,730.6,457.9,474.9,0.952
327,1129,3483,124.3,305.0,268.1,204.0,0.987
328,1129,27733,565.0,261.3,302.1,264.8,0.983
329,1129,20238,113.0,854.8,231.8,226.1,0.983
330,1129,22347,681.2,826.9,213.4,206.8,0.971
331,113,10221,126.2,844.6,228.1,227.4,0.986
332,113,3544,658.8,832.5,214.1,212.3,0.977
333,113,33009,79.2,269.7,362.3,220.9,0.969
334,113,16551,530.2,228.8,306.4,456.4,0.954
335,1135,18110,80.9,791.2,302.7,290.3,0.973
336,1135,1900,153.0,254.9,193.7,159.9,0.962
337,1135,16551,608.7,54.1,285.2,483.7,0.954
338,1135,33009,549.6,836.6,374.9,198.4,0.919
339,1136,18110,610.0,221.9,301.0,284.5,0.979
340,1136,33009,86.3,254.9,369.9,211.3,0.975
341,1136,1900,642.2,855.0,206.2,173.7,0.967
342,1136,16551,90.4,701.9,296.5,495.5,0.954
343,1138,3483,563.9,809.7,285.0,176.6,0.993
344,1138,27653,62.6,811.3,225.0,210.2,0.992
345,1138,20238,593.9,173.4,220.2,212.8,0.989
346,1138,34597,29.1,88.9,373.4,476.4,0.976
347,114,16551,123.9,536.0,308.7,477.2,0.969
348,114,3544,109.5,224.6,203.6,200.9,0.956
349,114,10221,603.3,193.0,218.5,213.1,0.954
350,114,33009,532.6,766.1,374.8,221.4,0.95
351,1140,20238,623.3,177.3,224.3,215.1,0.991
352,1140,3483,592.1,844.5,281.8,171.3,0.989
353,1140,27653,96.4,853.2,223.3,206.4,0.984
354,1140,34597,44.8,114.0,381.0,477.4,0.981
355,1141,12081,65.0,120.2,227.9,424.6,0.983
356,1141,2483,68.9,649.1,297.8,451.4,0.982
357,1141,25438,558.3,194.8,244.8,253.3,0.967
358,1141,23223,570.5,569.7,299.3,505.1,0.965
359,1142,12081,645.1,702.3,244.0,449.5,0.983
360,1142,2483,578.5,117.6,292.0,445.8,0.979
361,1142,25438,121.2,820.9,255.5,255.1,0.979
362,1142,23223,65.9,134.1,300.3,497.1,0.972
363,1143,2483,569.7,160.5,296.4,422.4,0.986
364,1143,25438,123.2,832.4,259.2,265.2,0.983
365,1143,12081,652.2,707.1,252.9,459.6,0.977
366,1143,23223,70.6,172.9,294.4,487.4,0.963
367,1144,3483,603.3,844.1,279.1,188.7,0.991
368,1144,16262,574.4,195.3,242.0,230.2,0.977
369,1144,31885,54.6,173.2,441.4,485.4,0.971
370,1144,25469,49.9,856.7,374.0,219.0,0.957
371,1148,3351,384.1,161.5,182.9,186.5,0.984
372,1148,16232,146.3,732.0,193.3,192.1,0.972
373,1148,41768,558.8,633.0,268.5,308.7,0.969
374,1149,3351,428.5,221.7,183.0,181.5,0.984
375,1149,41768,599.2,721.9,261.0,309.9,0.975
376,1149,16232,189.9,820.0,191.1,190.8,0.969
377,115,3483,123.9,306.0,268.3,203.7,0.985
378,115,27733,560.4,256.1,301.5,264.7,0.983
379,115,36637,101.0,881.8,266.3,178.9,0.979
380,115,25367,496.1,644.1,418.1,464.6,0.979
381,1150,3483,563.5,814.8,264.8,216.6,0.991
382,1150,29667,629.5,163.8,223.6,214.0,0.984
383,1150,27777,178.3,812.9,172.7,198.6,0.981
384,1150,34597,80.6,55.3,406.1,462.5,0.979
385,1153,3483,600.5,866.7,257.4,231.5,0.998
386,1153,19861,126.9,865.0,221.4,168.0,0.991
387,1153,22347,144.9,210.3,204.9,197.0,0.98
388,1153,16232,646.8,175.7,190.9,186.2,0.956
389,1154,3483,573.9,833.0,261.5,235.7,0.997
390,1154,19861,92.6,825.9,224.9,174.2,0.992
391,1154,22347,126.8,201.4,202.0,195.6,0.97
392,1154,16232,615.4,169.2,187.4,184.0,0.969
393,1155,3483,147.8,218.4,250.1,223.1,0.991
394,1155,19861,637.2,277.0,220.7,170.8,0.985
395,1155,22347,641.4,860.4,213.4,208.0,0.973
396,1155,16232,145.2,899.0,194.5,191.7,0.966
397,1156,3351,393.3,857.8,188.8,190.1,0.985
398,1156,16262,574.2,308.4,239.7,235.8,0.984
399,1156,13900,183.5,284.7,203.4,227.6,0.972
400,1157,16262,112.4,676.0,246.0,246.1,0.98
401,1157,3351,354.8,183.1,184.0,187.8,0.979
402,1157,13900,555.0,717.4,210.6,238.7,0.978
403,1158,3351,397.8,243.3,182.9,182.6,0.982
404,1158,13900,594.5,806.8,206.1,235.4,0.978
405,1158,16262,155.7,767.7,241.7,238.8,0.971
406,1159,18357,153.9,299.8,237.2,354.1,0.989
407,1159,16232,644.8,295.3,192.1,191.8,0.983
408,1159,3351,403.4,810.0,186.5,189.1,0.98
409,1161,18357,585.5,614.8,240.1,372.3,0.988
410,1161,3351,388.4,281.5,182.5,180.5,0.973
411,1161,16232,130.0,816.8,190.5,185.8,0.965
412,1163,10221,656.5,198.8,226.6,214.6,0.982
413,1163,3544,119.4,185.7,207.3,200.1,0.975
414,1163,16551,40.8,603.3,305.7,470.7,0.974
415,1163,29451,495.3,804.0,408.8,239.2,0.954
416,1164,10221,626.7,191.8,219.3,214.8,0.981
417,1164,29451,463.9,766.2,415.9,247.6,0.98
418,1164,16551,10.0,556.0,304.2,480.1,0.98
419,1164,3544,102.6,179.7,202.2,200.1,0.973
420,1166,3483,125.4,273.5,271.1,186.1,0.986
421,1166,25469,574.7,184.1,323.3,288.0,0.979
422,1166,25367,569.5,682.0,393.8,487.5,0.975
423,1166,36637,131.9,829.4,179.2,264.2,0.958
424,1167,3483,603.0,846.7,278.4,186.3,0.99
425,1167,25469,87.5,829.2,335.5,302.2,0.987
426,1167,25367,47.1,90.6,390.4,477.5,0.975
427,1167,36637,674.6,174.0,174.8,252.1,0.949
428,1168,3483,574.3,811.8,281.2,190.9,0.992
429,1168,29667,590.4,168.3,217.9,215.0,0.987
430,1168,25469,47.7,787.2,343.2,301.9,0.987
431,1168,30308,41.5,14.6,353.2,427.9,0.983
432,1170,3483,602.9,845.6,278.0,187.8,0.989
433,1170,25469,86.2,828.9,337.7,302.0,0.988
434,1170,29667,619.3,172.8,225.8,217.1,0.986
435,1170,30308,54.2,22.8,363.8,440.6,0.982
436,1171,16548,579.7,745.1,238.5,233.0,0.986
437,1171,3544,122.2,181.5,202.6,199.6,0.981
438,1171,10221,92.9,788.9,223.7,219.6,0.979
439,1171,4543,639.5,151.2,200.7,199.0,0.969
440,1173,10221,643.5,262.8,219.4,211.4,0.988
441,1173,4543,103.8,907.0,214.7,211.0,0.988
442,1173,16548,161.2,286.2,231.6,224.8,0.985
443,1173,3544,647.4,877.4,214.5,212.6,0.979
444,1174,27653,672.6,255.7,219.5,200.5,0.994
445,1174,29667,125.4,864.3,228.8,227.9,0.988
446,1174,3483,133.6,290.0,276.6,171.4,0.983
447,1174,30308,573.5,758.1,398.9,428.7,0.97
448,1176,29667,633.8,180.7,222.0,213.6,0.992
449,1176,3483,590.0,845.0,281.5,171.3,0.991
450,1176,27653,93.7,852.1,223.2,205.6,0.989
451,1176,30308,43.6,76.5,387.0,417.8,0.974
452,1178,3483,537.7,779.4,266.8,223.1,0.996
453,1178,20238,574.6,191.1,221.3,213.0,0.986
454,1178,31885,102.9,51.9,407.3,497.3,0.976
455,1178,27777,146.0,776.0,175.7,205.2,0.974
456,118,3351,457.1,846.3,190.0,191.3,0.98
457,118,16688,422.2,83.0,434.5,514.6,0.975
458,118,13900,62.3,310.6,231.3,214.1,0.974
459,1180,21325,188.5,308.2,166.7,225.8,0.994
460,1180,3351,395.3,916.5,190.9,191.9,0.979
461,1180,19232,495.0,232.8,329.6,256.5,0.976
462,1184,1900,187.8,273.1,201.8,136.1,0.992
463,1184,16548,144.5,878.8,242.1,238.9,0.975
464,1184,24850,674.3,828.6,188.3,300.5,0.973
465,1184,21026,686.2,274.8,175.4,172.6,0.925
466,1185,24850,136.9,143.4,186.1,289.9,0.984
467,1185,16548,601.5,150.2,238.8,226.1,0.983
468,1185,1900,609.7,899.0,206.9,136.5,0.964
469,1185,21026,125.9,865.7,179.0,177.3,0.955
470,1186,5094,552.1,189.9,272.7,269.8,0.992
471,1186,2483,86.8,676.5,237.2,478.9,0.982
472,1186,4378,136.6,104.2,215.8,442.5,0.974
473,1186,19552,514.2,559.0,317.2,487.1,0.969
474,1187,5094,104.3,799.8,281.4,275.3,0.992
475,1187,4378,593.5,700.6,213.6,452.2,0.978
476,1187,2483,614.0,54.5,225.7,478.1,0.973
477,1187,19552,110.1,158.5,320.6,488.5,0.961
478,1189,12081,601.0,707.8,237.1,450.9,0.977
479,1189,3743,118.0,785.9,324.9,321.2,0.976
480,1189,2483,591.6,73.0,244.9,471.2,0.967
481,1189,22627,101.4,136.2,307.8,481.1,0.959
482,119,3351,292.5,193.5,185.0,188.0,0.987
483,119,13900,651.5,706.0,227.1,222.9,0.984
484,119,16688,74.5,577.0,451.5,570.3,0.979
485,1190,2483,587.9,114.8,230.9,453.1,0.987
486,1190,3743,118.2,797.1,329.7,327.0,0.978
487,1190,12081,608.8,715.4,244.8,459.2,0.967
488,1190,22627,104.0,170.5,304.4,475.3,0.949
489,1191,12081,107.3,110.2,227.8,429.2,0.981
490,1191,3743,495.4,167.6,315.3,298.4,0.978
491,1191,2483,91.2,666.2,255.3,470.8,0.976
492,1191,22627,529.7,589.6,308.7,482.0,0.968
493,1192,24850,643.9,206.5,179.6,274.6,0.989
494,1192,33009,86.3,254.4,369.3,211.0,0.977
495,1192,1900,643.0,855.2,205.4,172.9,0.967
496,1192,16551,84.5,692.5,295.3,498.4,0.949
497,1194,1900,153.2,253.8,192.6,162.0,0.962
498,1194,24850,165.3,818.2,180.9,290.8,0.957
499,1194,16551,614.4,61.8,287.2,481.2,0.949
500,1194,33009,550.8,837.1,372.3,198.8,0.929
501,1196,3483,171.9,279.4,259.3,213.0,0.978
502,1196,27777,638.0,292.8,174.5,195.5,0.978
503,1196,28763,613.7,886.9,222.5,213.8,0.976
504,1196,35206,139.9,707.6,239.2,410.5,0.968
505,1197,3483,567.7,812.6,264.1,216.1,0.994
506,1197,28763,163.9,179.7,211.2,200.0,0.985
507,1197,27777,180.3,814.0,172.4,198.9,0.981
508,1197,35206,616.6,140.5,224.0,402.7,0.977
509,1198,3483,567.0,816.0,263.9,216.0,0.992
510,1198,20238,604.7,196.1,225.7,214.7,0.992
511,1198,27777,180.1,815.7,172.3,198.7,0.98
512,1198,28763,130.0,216.2,212.7,200.9,0.974
513,1199,20238,153.0,851.3,231.0,223.5,0.987
514,1199,3483,172.7,275.9,258.1,214.5,0.985
515,1199,27777,638.5,291.8,174.7,195.5,0.976
516,1199,28763,648.0,850.0,221.3,213.7,0.972
517,120,16688,116.4,678.9,444.0,573.1,0.981
518,120,3351,334.9,254.4,183.1,183.0,0.977
519,120,13900,689.5,796.3,227.8,217.8,0.969
520,1201,12247,582.7,815.3,211.4,154.9,0.987
521,1201,16548,585.0,212.3,231.6,224.5,0.987
522,1201,21026,101.9,820.4,180.2,181.2,0.984
523,1201,3544,143.9,189.1,203.3,198.2,0.975
524,1204,3351,392.3,861.3,192.6,191.7,0.987
525,1204,22074,687.9,263.9,181.4,185.5,0.977
526,1204,32310,68.9,214.4,338.6,255.2,0.972
527,1206,22074,93.7,853.2,183.1,186.7,0.99
528,1206,32310,569.5,815.5,349.5,271.8,0.979
529,1206,3351,396.9,225.1,181.9,181.7,0.975
530,1207,22347,685.7,813.0,213.1,206.8,0.983
531,1207,3483,172.1,278.9,258.9,213.2,0.981
532,1207,27777,637.9,292.9,174.4,195.2,0.978
533,1207,16232,152.2,827.5,192.5,192.1,0.956
534,1209,3483,568.2,813.3,263.2,215.6,0.994
535,1209,22347,101.5,260.4,205.5,196.7,0.987
536,1209,27777,180.5,814.2,172.2,198.9,0.98
537,1209,16232,643.3,250.9,188.2,180.5,0.967
538,1210,3483,649.2,749.4,211.3,265.8,0.995
539,1210,34597,68.1,140.3,469.4,386.6,0.982
540,1210,20877,116.6,769.1,333.8,228.5,0.981
541,1210,35206,657.7,173.2,227.0,404.6,0.974
542,1212,3483,141.1,290.6,213.7,259.7,0.992
543,1212,20877,543.0,293.6,329.3,237.0,0.985
544,1212,35206,95.8,671.5,238.2,411.0,0.977
545,1212,34597,454.9,707.3,480.2,401.6,0.968
546,1213,25438,129.2,837.0,255.0,254.2,0.982
547,1213,5886,593.9,679.8,231.9,492.0,0.975
548,1213,2483,658.2,60.9,203.4,485.3,0.973
549,1213,22627,104.5,3.4,311.4,483.7,0.948
550,1214,25438,130.7,848.1,259.0,264.5,0.981
551,1214,5886,598.8,682.3,243.2,498.1,0.974
552,1214,2483,655.6,107.0,195.0,460.3,0.97
553,1214,22627,108.6,47.5,308.2,475.7,0.96
554,1216,10221,132.1,846.5,227.1,226.7,0.983
555,1216,27926,155.9,173.5,266.9,457.0,0.971
556,1216,16551,617.4,180.0,281.3,462.3,0.955
557,1216,3544,660.3,865.8,214.3,213.1,0.954
558,1219,10221,648.2,207.2,220.5,214.7,0.976
559,1219,16551,66.5,581.1,334.0,462.1,0.973
560,1219,3544,102.9,240.8,204.9,201.2,0.97
561,1219,29345,577.4,667.0,285.3,450.3,0.966
562,122,3483,573.3,812.1,281.7,191.3,0.992
563,122,25469,47.4,786.8,343.8,301.9,0.988
564,122,29667,590.7,168.4,217.9,216.6,0.986
565,122,25367,52.8,91.8,371.3,475.2,0.975
566,1220,10221,678.9,215.5,226.0,213.8,0.989
567,1220,3544,121.1,251.7,208.9,201.3,0.975
568,1220,16551,94.0,627.3,337.7,456.6,0.973
569,1220,29345,604.5,703.3,285.6,443.6,0.96
570,1222,3483,563.3,810.8,285.4,176.5,0.991
571,1222,27653,60.2,810.4,226.6,210.3,0.99
572,1222,25367,90.0,105.8,326.9,492.1,0.983
573,1222,36637,613.9,203.5,185.1,242.9,0.967
574,1224,3483,591.6,844.5,281.2,171.5,0.993
575,1224,27653,95.1,852.9,223.0,205.9,0.989
576,1224,25367,114.3,118.7,327.9,505.3,0.977
577,1224,36637,643.4,208.9,189.2,247.3,0.961
578,1226,3483,600.2,867.6,257.5,230.9,0.998
579,1226,19861,127.1,864.6,221.4,167.8,0.991
580,1226,31885,122.9,5.6,324.3,542.8,0.97
581,1226,35206,580.5,97.0,289.4,377.0,0.966
582,1227,3483,147.5,218.0,250.9,224.6,0.992
583,1227,19861,637.5,277.2,220.9,170.3,0.984
584,1227,35206,106.9,775.7,305.3,388.9,0.965
585,1227,31885,542.7,691.2,337.2,555.4,0.956
586,1232,3483,144.2,286.9,213.4,260.7,0.985
587,1232,20877,592.0,259.1,324.2,243.6,0.981
588,1232,29667,133.9,858.6,228.3,227.7,0.979
589,1232,31885,539.0,658.6,409.1,520.7,0.952
590,1235,21771,162.6,806.3,189.5,185.7,0.994
591,1235,16548,619.8,144.1,239.8,228.5,0.979
592,1235,1900,152.7,254.0,193.8,161.3,0.967
593,1235,33009,549.3,837.6,376.0,198.8,0.924
594,1237,31705,173.7,688.4,246.8,437.6,0.987
595,1237,44199,633.4,800.4,162.4,279.4,0.98
596,1237,16548,613.1,189.3,239.4,224.8,0.973
597,1237,1900,104.2,268.3,205.6,126.4,0.952
598,1238,31705,571.1,176.4,247.8,418.3,0.98
599,1238,16548,132.5,844.4,241.8,236.3,0.978
600,1238,44199,209.0,232.7,158.3,269.2,0.955
601,1238,1900,684.2,878.5,209.8,133.9,0.889
602,1239,1900,87.9,258.3,200.3,129.2,0.984
603,1239,31705,140.0,641.5,250.2,451.1,0.983
604,1239,16548,585.0,180.6,231.9,225.1,0.978
605,1239,44199,604.8,769.4,167.1,285.8,0.975
606,124,21771,685.9,882.8,198.2,193.8,0.995
607,124,1900,174.3,279.3,201.9,141.5,0.99
608,124,16551,6.7,764.3,369.6,457.0,0.945
609,124,21026,674.7,272.4,175.5,172.8,0.944
610,1242,1900,157.6,258.7,127.9,199.3,0.979
611,1242,44199,636.0,804.8,161.9,287.3,0.973
612,1242,29345,89.9,705.7,282.8,448.5,0.967
613,1242,16551,547.0,89.9,286.3,468.1,0.937
614,1243,27733,125.3,770.9,311.3,273.0,0.981
615,1243,3483,607.4,789.9,273.9,207.1,0.979
616,1243,30308,67.1,137.2,380.3,427.4,0.97
617,1243,35206,600.7,124.9,257.1,391.5,0.966
618,1244,3483,123.6,306.0,268.4,204.6,0.987
619,1244,27733,565.2,261.1,300.9,266.1,0.983
620,1244,30308,560.0,687.9,388.4,433.3,0.983
621,1244,35206,122.4,733.7,272.8,400.0,0.968
622,1245,27733,89.6,726.1,319.4,277.4,0.983
623,1245,30308,52.0,120.5,370.2,416.4,0.982
624,1245,3483,580.1,756.0,275.4,211.4,0.98
625,1245,35206,570.1,118.4,249.6,381.3,0.972
626,1246,3483,537.0,779.2,267.4,223.3,0.996
627,1246,16262,575.3,185.3,236.2,230.8,0.976
628,1246,34597,55.6,81.7,399.4,462.6,0.974
629,1246,27777,145.9,775.3,175.7,205.4,0.974
630,1248,3483,173.4,276.7,258.4,214.0,0.983
631,1248,27777,640.0,293.2,173.3,195.1,0.975
632,1248,34597,521.3,664.2,417.3,478.9,0.974
633,1248,16262,140.3,836.2,245.4,241.4,0.961
634,125,21771,116.4,203.4,191.0,185.0,0.988
635,125,16551,622.4,34.2,353.6,438.5,0.974
636,125,1900,623.2,888.5,208.5,139.0,0.97
637,125,21026,138.5,868.2,178.5,177.2,0.967
638,1250,5094,104.7,811.1,284.3,284.6,0.991
639,1250,2483,611.5,99.3,211.6,454.9,0.982
640,1250,4378,597.3,703.8,225.9,462.5,0.966
641,1250,12778,103.3,83.3,296.3,501.5,0.962
642,1251,5094,552.0,189.7,272.9,269.9,0.993
643,1251,2483,85.9,676.1,238.1,480.2,0.979
644,1251,4378,136.2,103.9,216.8,443.2,0.979
645,1251,12778,545.9,649.1,297.6,524.4,0.958
646,1252,3483,645.6,753.0,213.1,265.6,0.997
647,1252,29667,624.6,185.8,222.3,216.1,0.971
648,1252,20877,70.7,799.6,332.9,241.4,0.969
649,1252,30308,77.2,80.6,396.2,410.0,0.96
650,1254,3483,618.5,719.3,212.6,270.1,0.997
651,1254,29667,594.4,179.6,220.4,217.1,0.984
652,1254,30308,62.8,67.9,385.1,399.1,0.977
653,1254,20877,37.8,755.4,334.9,250.2,0.973
654,1256,31705,135.0,128.3,242.1,419.9,0.998
655,1256,19607,656.9,272.4,155.9,150.0,0.989
656,1256,16551,92.3,661.1,301.4,489.8,0.961
657,1256,1900,642.9,831.4,172.2,198.2,0.903
658,126,21771,99.6,196.3,187.4,182.3,0.99
659,126,1900,595.3,856.5,209.0,144.4,0.989
660,126,21026,102.6,833.3,182.0,180.6,0.979
661,126,16551,594.3,29.5,348.6,428.2,0.967
662,1261,3483,590.8,845.3,281.6,172.1,0.992
663,1261,27653,94.3,853.0,222.7,206.0,0.988
664,1261,22347,141.3,169.9,204.5,195.4,0.987
665,1261,16232,648.6,231.3,192.1,180.6,0.973
666,1262,3483,563.0,810.4,284.6,177.2,0.996
667,1262,27653,59.4,810.4,225.9,209.9,0.986
668,1262,16232,620.0,220.8,188.4,183.6,0.977
669,1262,22347,124.2,163.8,200.8,194.3,0.965
670,1263,27653,671.8,255.4,219.4,199.1,0.994
671,1263,3483,133.3,290.0,275.8,170.9,0.988
672,1263,22347,645.7,901.8,212.8,207.9,0.974
673,1263,16232,141.8,846.0,195.2,192.3,0.959
674,1264,36637,225.9,318.6,204.2,237.6,0.982
675,1264,31863,638.1,321.4,205.5,206.0,0.98
676,1264,3351,392.2,862.0,188.2,190.2,0.976
677,1265,36637,508.5,661.6,206.7,249.7,0.985
678,1265,31863,81.1,704.5,208.3,212.6,0.979
679,1265,3351,356.6,178.3,182.8,188.0,0.947
680,1269,3351,362.4,233.8,183.4,181.6,0.98
681,1269,36637,221.4,772.6,208.5,232.4,0.979
682,1269,13900,619.6,763.5,174.8,258.9,0.974
683,127,5094,136.4,856.6,285.3,285.9,0.994
684,127,22362,618.0,782.5,258.7,416.8,0.978
685,127,2483,642.4,123.8,197.0,461.7,0.967
686,127,6192,135.1,167.1,288.1,516.0,0.952
687,1270,1900,632.2,894.1,208.3,137.2,0.989
688,1270,18110,640.4,270.7,301.4,286.9,0.973
689,1270,27926,147.7,144.5,258.8,457.9,0.972
690,1270,16548,116.4,852.3,241.2,238.0,0.96
691,1272,1900,156.9,249.6,204.5,126.0,0.987
692,1272,16548,629.6,176.9,238.5,226.7,0.975
693,1272,18110,50.8,739.2,304.2,288.3,0.963
694,1272,27926,598.1,673.8,253.4,481.2,0.948
695,1273,13395,109.2,45.5,245.3,488.3,0.986
696,1273,2483,109.0,677.8,227.0,487.4,0.977
697,1273,25438,555.1,204.3,246.3,251.5,0.97
698,1273,6192,544.1,590.4,293.8,528.4,0.967
699,1274,25438,123.1,812.1,255.9,255.2,0.98
700,1274,13395,593.9,712.2,234.4,498.7,0.974
701,1274,2483,600.2,46.2,215.8,482.9,0.964
702,1274,6192,102.1,79.9,294.7,527.6,0.942
703,1278,3351,417.1,256.9,184.4,180.2,0.993
704,1278,38162,621.9,705.8,187.6,293.8,0.961
705,1278,3832,148.8,604.9,307.5,416.5,0.952
706,1279,31705,121.7,133.7,247.6,419.1,0.994
707,1279,21771,675.1,287.5,187.7,180.8,0.994
708,1279,1900,647.0,856.6,211.5,155.0,0.968
709,1279,16551,91.1,765.4,296.0,498.4,0.964
710,128,5094,136.1,847.2,278.6,274.1,0.984
711,128,22362,607.4,781.4,251.7,405.9,0.979
712,128,6192,132.9,131.3,288.5,528.8,0.932
713,128,2483,649.0,79.5,198.4,487.0,0.886
714,1280,1900,120.2,258.8,203.2,149.8,0.993
715,1280,21771,90.1,810.2,196.3,189.8,0.984
716,1280,31705,604.3,689.3,254.1,452.1,0.977
717,1280,16551,574.0,0.0,282.1,457.8,0.949
718,1282,3743,496.6,124.7,312.9,304.7,0.984
719,1282,2483,61.8,645.0,200.6,486.1,0.977
720,1282,13395,86.9,86.3,229.1,480.6,0.972
721,1282,19552,509.4,589.4,303.7,494.3,0.968
722,1284,3743,115.9,826.0,323.3,322.7,0.978
723,1284,2483,671.9,80.3,201.9,485.4,0.974
724,1284,13395,629.8,676.3,227.9,494.6,0.972
725,1284,19552,123.3,116.0,309.4,499.8,0.963
726,129,22362,80.5,73.2,254.2,396.1,0.987
727,129,5094,522.6,149.8,269.8,265.4,0.981
728,129,2483,83.7,642.6,204.8,490.2,0.976
729,129,6192,520.4,542.6,284.7,524.9,0.965
730,1290,1900,160.7,257.5,128.3,198.4,0.985
731,1290,16548,536.9,138.2,231.7,226.9,0.972
732,1290,18110,43.9,725.5,310.8,295.7,0.971
733,1290,29345,589.1,534.8,270.8,444.9,0.962
734,1293,3483,538.7,780.0,266.4,222.1,0.994
735,1293,20238,575.6,191.0,221.5,213.0,0.987
736,1293,30308,113.7,85.9,312.8,447.0,0.975
737,1293,27777,146.4,776.0,175.3,205.6,0.975
738,1294,3483,590.9,844.5,282.0,171.5,0.991
739,1294,27653,94.5,852.7,223.6,206.4,0.988
740,1294,35206,678.8,152.9,205.6,408.0,0.975
741,1294,34597,11.1,46.8,420.1,451.3,0.968
742,1295,3483,563.1,810.5,287.0,176.9,0.994
743,1295,27653,59.5,810.0,227.1,210.6,0.989
744,1295,34597,3.5,23.7,406.1,454.9,0.977
745,1295,35206,647.0,143.3,203.9,400.5,0.974
746,1296,27653,672.0,255.3,219.0,199.9,0.995
747,1296,3483,132.5,290.4,276.8,171.4,0.985
748,1296,35206,102.5,686.9,207.1,419.9,0.976
749,1296,34597,565.1,732.0,410.8,476.8,0.975
750,1297,12420,688.9,274.4,183.0,171.7,0.988
751,1297,16548,152.7,245.7,230.3,224.2,0.979
752,1297,4543,157.5,890.9,213.0,212.5,0.976
753,1297,3544,645.9,920.0,213.9,214.7,0.963
754,1298,4543,617.7,168.5,206.7,201.4,0.978
755,1298,3544,141.6,145.0,205.9,201.5,0.977
756,1298,12420,118.0,860.3,187.2,181.0,0.972
757,1298,16548,616.7,828.6,237.7,228.4,0.971
758,13,33880,480.2,245.0,440.6,277.0,0.966
759,13,3351,429.6,853.6,190.4,191.8,0.966
760,13,16232,143.8,330.9,194.8,189.2,0.943
761,130,3483,173.3,278.6,258.5,213.2,0.982
762,130,27777,639.0,293.9,173.5,194.7,0.978
763,130,30308,510.1,766.2,463.0,314.2,0.97
764,130,36637,129.3,826.7,192.3,255.5,0.966
765,1300,3483,589.9,844.4,282.1,171.2,0.993
766,1300,29667,633.1,180.6,221.5,214.1,0.99
767,1300,27653,93.7,852.8,222.1,204.8,0.988
768,1300,31885,74.3,124.4,465.8,468.2,0.987
769,1302,3483,561.8,810.1,286.1,177.9,0.991
770,1302,27653,58.2,809.2,226.9,210.4,0.985
771,1302,31885,59.3,103.6,452.4,462.8,0.982
772,1302,29667,602.6,175.9,217.2,215.1,0.978
773,1305,1900,633.5,893.4,208.6,137.8,0.988
774,1305,27926,601.0,159.9,255.5,448.9,0.987
775,1305,16551,83.8,667.0,331.1,470.9,0.977
776,1305,44199,139.8,294.2,279.7,146.8,0.972
777,1309,3483,123.9,305.5,268.2,202.9,0.984
778,1309,29667,87.7,862.7,231.0,226.1,0.984
779,1309,27733,560.7,255.6,300.9,264.0,0.983
780,1309,28763,582.4,869.9,224.0,213.6,0.96
781,1311,27733,93.8,734.2,320.0,274.9,0.988
782,1311,3483,579.4,755.8,274.7,211.7,0.986
783,1311,29667,638.4,175.7,219.0,215.1,0.98
784,1311,28763,175.4,187.4,208.5,198.8,0.971
785,1312,5094,110.3,806.2,277.6,274.7,0.991
786,1312,5886,596.8,684.3,234.0,489.5,0.977
787,1312,2483,617.7,52.5,250.9,468.1,0.974
788,1312,22627,70.5,59.8,321.1,477.4,0.954
789,1315,3351,423.0,878.9,188.7,191.8,0.983
790,1315,16688,146.5,88.1,268.9,609.7,0.981
791,1315,19232,542.4,207.3,302.5,290.1,0.947
792,1316,16688,516.2,479.9,289.4,647.7,0.987
793,1316,3351,325.3,163.2,184.8,187.0,0.979
794,1316,19232,83.2,694.9,306.7,305.9,0.931
795,132,3483,566.2,813.6,263.6,215.9,0.993
796,132,36637,666.5,178.5,185.7,248.9,0.982
797,132,27777,180.1,813.4,172.1,199.5,0.979
798,132,30308,31.3,178.1,451.3,309.3,0.966
799,1322,5094,551.9,189.4,272.9,270.3,0.99
800,1322,2483,87.5,676.8,236.6,479.5,0.98
801,1322,4378,136.5,105.0,216.1,441.5,0.979
802,1322,6192,480.9,593.2,339.9,500.3,0.968
803,1323,5094,104.4,799.5,281.0,275.5,0.992
804,1323,4378,593.0,700.8,214.3,452.3,0.979
805,1323,2483,614.5,55.0,224.6,478.5,0.972
806,1323,6192,124.0,105.9,337.9,501.2,0.971
807,1326,20238,601.3,839.2,225.0,222.8,0.985
808,1326,18357,160.8,672.0,266.3,349.0,0.975
809,1326,3351,370.2,245.5,182.5,182.6,0.97
810,1327,44199,174.8,232.6,200.7,262.0,0.981
811,1327,29451,513.0,242.9,405.5,220.7,0.976
812,1327,16548,168.2,814.3,240.6,238.3,0.974
813,1327,1900,645.6,846.5,185.9,186.3,0.942
814,1328,29451,72.8,841.6,414.1,218.9,0.985
815,1328,16548,580.4,216.9,239.8,227.7,0.98
816,1328,44199,625.2,810.2,208.1,268.3,0.973
817,1328,1900,172.5,247.7,179.1,181.1,0.935
818,1329,44199,598.7,777.9,210.7,275.3,0.982
819,1329,16548,552.9,207.2,231.7,226.4,0.98
820,1329,1900,146.6,240.0,182.8,182.4,0.976
821,1329,29451,34.1,800.2,422.3,226.5,0.963
822,1330,3483,603.3,844.5,278.3,187.9,0.992
823,1330,25469,88.3,828.0,336.4,303.5,0.988
824,1330,34597,91.4,163.9,444.4,421.1,0.97
825,1330,35206,608.3,120.3,236.0,400.6,0.97
826,1331,3483,575.1,811.1,281.5,191.3,0.992
827,1331,25469,50.3,785.9,342.8,304.3,0.989
828,1331,34597,72.2,135.1,436.0,425.4,0.981
829,1331,35206,580.0,112.3,228.3,392.0,0.978
830,1332,3483,124.7,273.9,271.5,186.1,0.986
831,1332,35206,136.7,729.0,246.1,408.9,0.981
832,1332,25469,573.1,183.9,324.8,287.5,0.981
833,1332,34597,462.6,650.4,448.7,435.4,0.972
834,1333,36637,159.5,283.4,193.4,247.4,0.989
835,1333,20014,582.2,282.5,338.6,318.3,0.986
836,1333,3351,399.6,922.2,191.6,192.0,0.98
837,1337,18110,80.0,790.3,305.2,289.8,0.985
838,1337,16548,576.7,187.0,239.5,226.5,0.983
839,1337,29451,495.3,820.4,402.0,266.2,0.968
840,1337,1900,171.4,246.8,180.5,180.0,0.958
841,134,3483,563.2,810.2,286.1,177.7,0.995
842,134,27653,60.1,810.2,225.9,210.2,0.988
843,134,35206,647.1,143.1,202.9,400.8,0.969
844,134,31885,42.8,8.7,354.4,519.2,0.949
845,1340,31705,136.0,125.8,242.9,420.6,0.996
846,1340,24850,580.5,286.2,292.7,168.6,0.989
847,1340,16548,187.4,824.3,239.9,237.5,0.975
848,1340,1900,642.1,860.8,211.8,155.7,0.969
849,1345,25469,86.3,829.1,337.3,300.9,0.989
850,1345,3483,602.4,845.5,278.2,187.9,0.989
851,1345,29667,617.8,174.1,225.4,216.2,0.981
852,1345,31885,165.0,130.8,426.3,496.1,0.981
853,1347,3483,125.8,272.8,271.9,186.4,0.985
854,1347,25469,575.2,185.4,324.2,286.0,0.981
855,1347,29667,141.8,871.4,226.5,225.3,0.977
856,1347,31885,422.2,615.6,410.8,511.5,0.966
857,1348,22074,676.0,309.7,182.9,187.6,0.989
858,1348,31863,186.5,266.1,203.3,204.7,0.986
859,1348,3351,362.2,880.1,190.0,190.9,0.947
860,135,3483,591.0,844.3,282.5,172.0,0.992
861,135,27653,94.3,852.8,223.5,205.8,0.99
862,135,35206,678.4,151.6,205.2,409.4,0.973
863,135,31885,54.3,23.2,371.1,528.4,0.962
864,1350,22074,107.7,814.6,182.0,186.5,0.99
865,1350,31863,589.0,856.8,204.1,205.7,0.966
866,1350,3351,427.4,220.4,183.4,182.2,0.965
867,1353,3483,171.3,279.1,260.4,212.7,0.982
868,1353,27777,638.3,293.6,173.4,195.1,0.981
869,1353,34597,513.1,679.8,440.4,453.4,0.969
870,1353,16232,152.3,828.0,193.1,192.2,0.964
871,1354,3483,140.3,290.9,214.5,259.9,0.991
872,1354,30308,575.6,736.8,345.5,465.3,0.987
873,1354,20877,542.6,293.8,329.6,236.8,0.983
874,1354,36637,167.7,799.3,188.3,257.5,0.973
875,1355,3483,623.6,715.5,209.9,270.7,0.995
876,1355,30308,79.1,45.8,327.1,442.7,0.981
877,1355,20877,84.7,725.1,337.1,239.1,0.976
878,1355,36637,602.6,204.1,180.9,245.4,0.971
879,1357,16548,577.9,168.7,230.2,224.7,0.989
880,1357,12420,626.4,814.7,190.1,186.3,0.97
881,1357,6563,164.4,673.7,219.3,362.9,0.968
882,1357,3544,95.1,228.7,202.9,200.6,0.96
883,1358,12420,655.2,847.9,188.7,181.2,0.991
884,1358,16548,605.8,176.5,237.6,225.2,0.975
885,1358,6563,197.5,715.6,216.2,356.9,0.975
886,1358,3544,112.3,240.5,206.2,200.2,0.97
887,1359,12420,164.4,277.5,183.7,179.6,0.985
888,1359,6563,584.3,232.7,211.3,338.3,0.979
889,1359,16548,141.5,853.9,241.4,237.5,0.967
890,1359,3544,674.7,828.2,212.4,210.4,0.957
891,136,33009,566.1,213.6,319.9,291.5,0.986
892,136,16551,79.2,652.5,315.9,485.7,0.969
893,136,1900,651.7,849.4,210.8,160.5,0.968
894,136,44199,136.2,243.1,241.1,234.2,0.967
895,1361,29667,627.8,692.7,230.3,227.7,0.994
896,1361,19232,169.4,647.5,241.6,358.3,0.981
897,1361,3351,357.4,150.3,184.0,186.4,0.974
898,1363,33880,456.9,243.0,434.1,290.0,0.981
899,1363,3351,432.7,887.4,189.4,192.0,0.98
900,1363,16262,120.0,290.8,241.4,236.6,0.971
901,1366,27653,672.4,255.5,219.7,200.2,0.994
902,1366,29667,124.9,864.1,229.3,227.4,0.99
903,1366,3483,133.3,290.2,276.3,171.2,0.986
904,1366,22347,661.8,836.8,213.5,207.6,0.976
905,1367,3483,561.8,810.5,285.8,177.0,0.994
906,1367,27653,58.5,809.7,226.7,210.2,0.989
907,1367,22347,106.6,225.5,201.7,194.1,0.988
908,1367,29667,602.3,175.3,218.6,215.5,0.973
909,1369,3483,600.7,866.6,257.4,231.8,0.997
910,1369,19861,126.9,865.2,221.1,167.7,0.992
911,1369,16262,640.2,177.8,242.5,230.9,0.987
912,1369,22347,120.2,213.9,205.2,197.9,0.985
913,1371,3483,574.0,833.2,261.2,234.9,0.997
914,1371,19861,92.3,826.0,225.5,174.2,0.991
915,1371,16262,609.1,172.1,239.5,230.4,0.984
916,1371,22347,102.1,204.9,202.4,195.1,0.976
917,1372,2483,598.7,124.3,282.3,427.9,0.989
918,1372,3743,74.8,813.3,331.3,326.4,0.983
919,1372,5886,613.7,696.4,235.1,506.6,0.982
920,1372,22627,83.3,107.1,319.4,468.2,0.954
921,1376,33208,152.5,296.5,205.9,196.1,0.987
922,1376,33009,584.7,243.2,355.7,235.7,0.983
923,1376,1900,642.3,860.3,207.0,165.2,0.976
924,1376,16551,91.0,700.6,294.8,496.0,0.961
925,1377,33208,641.8,806.2,209.9,200.4,0.988
926,1377,33009,49.5,829.4,357.5,225.9,0.98
927,1377,1900,152.5,256.0,196.6,154.8,0.973
928,1377,16551,609.6,55.1,284.6,484.0,0.945
929,1378,3483,147.8,218.5,249.9,223.2,0.989
930,1378,19861,637.5,277.2,220.7,170.6,0.983
931,1378,35206,108.8,775.8,302.4,388.7,0.972
932,1378,22347,623.5,868.8,213.3,207.8,0.96
933,1379,3483,600.6,866.3,257.4,232.0,0.998
934,1379,19861,127.1,864.6,221.7,168.1,0.991
935,1379,35206,583.9,97.1,287.1,377.3,0.972
936,1379,22347,162.5,201.8,204.8,197.3,0.972
937,1381,21325,631.0,276.0,241.0,140.5,0.982
938,1381,32310,33.4,234.4,364.9,235.0,0.973
939,1381,3351,406.3,844.9,190.6,190.9,0.964
940,1384,3483,566.5,815.4,264.2,216.7,0.994
941,1384,20238,603.7,196.2,225.7,214.8,0.99
942,1384,27777,179.9,815.5,172.0,198.1,0.981
943,1384,25367,50.9,92.5,416.9,458.4,0.972
944,1385,3483,537.9,779.3,266.4,223.2,0.996
945,1385,20238,575.6,191.0,221.3,213.0,0.985
946,1385,25367,36.3,82.7,404.4,446.5,0.977
947,1385,27777,146.5,775.4,175.4,205.4,0.973
948,1386,20238,153.3,851.3,231.1,224.5,0.986
949,1386,3483,173.6,276.7,257.7,213.8,0.983
950,1386,25367,536.3,699.6,420.8,468.2,0.979
951,1386,27777,639.8,292.8,173.4,195.0,0.972
952,1387,22347,112.8,241.4,204.7,196.9,0.99
953,1387,20238,601.6,181.2,226.3,215.9,0.988
954,1387,20877,138.0,831.4,278.8,313.0,0.988
955,1387,3483,643.7,756.6,200.1,273.0,0.986
956,139,3483,574.1,811.8,281.3,191.3,0.993
957,139,25469,48.9,786.7,342.4,303.1,0.989
958,139,35206,582.8,112.9,225.7,392.2,0.971
959,139,31885,7.9,53.6,400.8,497.5,0.964
960,1390,25438,157.4,871.9,259.3,265.0,0.977
961,1390,2483,599.9,123.3,206.1,458.4,0.974
962,1390,22362,601.9,748.0,268.3,412.5,0.974
963,1390,22627,113.7,169.6,360.3,444.4,0.971
964,1392,25438,155.3,861.1,255.2,253.4,0.98
965,1392,2483,602.2,81.2,219.0,480.4,0.975
966,1392,22362,595.7,745.1,259.4,405.7,0.97
967,1392,22627,108.9,131.8,366.3,453.9,0.964
968,1393,3483,173.5,276.8,258.5,214.1,0.985
969,1393,27777,640.3,292.9,173.4,194.9,0.977
970,1393,22347,682.3,870.1,214.4,208.6,0.976
971,1393,16262,139.5,837.0,244.8,241.7,0.972
972,1395,3483,537.0,779.2,266.9,223.2,0.995
973,1395,22347,88.0,193.2,201.7,195.3,0.985
974,1395,16262,575.7,185.6,237.6,229.8,0.983
975,1395,27777,145.8,775.8,175.5,204.8,0.977
976,1396,5094,523.9,161.4,270.8,267.3,0.993
977,1396,2483,83.0,662.0,213.4,486.6,0.984
978,1396,13395,81.7,84.8,232.2,483.9,0.978
979,1396,19552,511.1,596.4,322.1,482.1,0.968
980,140,3483,602.9,846.0,278.4,187.4,0.99
981,140,25469,87.3,828.2,336.2,302.9,0.989
982,140,31885,24.0,70.0,414.1,504.6,0.973
983,140,35206,612.7,120.8,231.9,400.7,0.965
984,1401,22347,649.4,851.2,214.9,208.2,0.996
985,1401,3483,125.7,272.2,271.3,186.9,0.986
986,1401,25469,574.7,185.1,325.0,286.0,0.981
987,1401,29667,139.5,871.6,229.3,226.4,0.969
988,1402,20238,83.5,334.8,229.0,221.3,0.989
989,1402,3351,424.7,884.9,190.6,192.1,0.985
990,1402,33880,459.9,200.1,390.3,359.8,0.977
991,1404,20238,670.4,761.6,226.0,223.6,0.984
992,1404,33880,119.4,743.3,390.8,371.5,0.982
993,1404,3351,365.9,215.1,183.6,182.7,0.964
994,1407,38162,603.0,792.2,245.6,255.0,0.986
995,1407,33880,103.7,682.4,311.3,431.8,0.985
996,1407,3351,380.1,231.0,183.4,181.8,0.985
997,1408,1900,188.3,274.5,202.1,134.1,0.992
998,1408,33208,657.6,899.3,218.4,209.9,0.991
999,1408,16548,74.5,808.0,240.9,236.5,0.976
1000,1408,21026,686.7,274.8,174.9,172.5,0.928
1001,1411,3483,592.1,844.1,281.8,171.3,0.99
1002,1411,27653,95.2,853.2,223.2,206.1,0.988
1003,1411,30308,70.5,126.6,388.5,420.7,0.971
1004,1411,36637,643.3,210.4,188.8,244.9,0.953
1005,1413,27653,670.9,255.1,219.1,199.3,0.995
1006,1413,3483,131.8,291.2,276.7,170.8,0.98
1007,1413,30308,546.2,706.6,397.4,423.7,0.977
1008,1413,36637,149.8,803.0,195.4,254.0,0.976
1009,1414,10221,599.5,191.4,218.0,213.0,0.966
1010,1414,16548,54.3,775.5,241.0,233.7,0.956
1011,1414,3544,108.9,194.3,203.7,200.3,0.935
1012,1414,27926,553.1,598.6,274.5,483.1,0.918
1013,1418,31705,592.7,699.2,255.1,449.9,0.988
1014,1418,1900,126.3,255.7,200.6,151.2,0.988
1015,1418,10224,562.0,91.5,242.3,395.2,0.976
1016,1418,16551,104.6,648.7,290.8,490.8,0.971
1017,142,21026,91.4,830.7,180.6,180.3,0.987
1018,142,1900,580.6,865.9,211.0,144.1,0.985
1019,142,16548,593.2,155.3,230.1,225.0,0.979
1020,142,44199,76.9,176.6,248.3,226.7,0.961
1021,1420,3351,410.1,874.8,189.8,190.7,0.988
1022,1420,41768,94.9,238.3,299.1,265.4,0.972
1023,1420,16688,550.1,59.2,257.4,608.8,0.971
1024,1421,16688,115.6,509.6,267.1,661.8,0.983
1025,1421,3351,338.2,166.7,183.8,187.5,0.98
1026,1421,41768,555.4,722.9,300.9,282.2,0.959
1027,1424,3483,537.3,777.1,266.9,223.2,0.995
1028,1424,27777,146.3,774.5,175.3,205.5,0.974
1029,1424,35206,581.4,131.9,222.0,394.9,0.974
1030,1424,31885,97.4,78.6,365.9,517.3,0.958
1031,1425,3483,565.8,813.2,264.6,216.1,0.994
1032,1425,27777,180.1,814.3,171.9,198.5,0.981
1033,1425,35206,612.2,141.7,227.8,401.8,0.974
1034,1425,31885,112.6,97.1,376.2,526.7,0.97
1035,1429,16548,125.5,828.6,240.2,231.0,0.99
1036,1429,10221,678.4,215.3,227.0,214.1,0.989
1037,1429,3544,120.7,251.6,210.0,201.8,0.977
1038,1429,29345,604.3,704.3,287.7,442.7,0.949
1039,143,16548,621.1,161.9,238.3,225.9,0.969
1040,143,1900,610.0,899.3,206.5,136.6,0.965
1041,143,44199,92.2,184.4,256.3,230.5,0.957
1042,143,21026,125.5,865.7,179.3,177.4,0.957
1043,1431,16548,91.5,789.1,240.5,235.5,0.987
1044,1431,10221,647.8,206.9,220.8,215.1,0.971
1045,1431,29345,577.9,667.6,285.3,449.2,0.971
1046,1431,3544,102.2,241.0,205.1,201.0,0.943
1047,1433,32310,0.0,663.6,304.3,329.0,0.986
1048,1433,38162,607.6,756.3,298.4,207.0,0.981
1049,1433,3351,368.7,173.9,180.0,184.3,0.967
1050,1435,3351,397.9,853.2,189.8,191.3,0.972
1051,1435,13900,170.1,341.1,173.3,254.4,0.972
1052,1435,20238,588.2,307.4,226.6,218.7,0.952
1053,1436,3351,349.6,187.0,184.0,186.4,0.984
1054,1436,13900,600.8,627.4,177.0,264.4,0.978
1055,1436,20238,111.3,699.3,228.7,228.9,0.978
1056,1438,12247,175.1,302.4,204.3,126.5,0.986
1057,1438,6563,583.6,233.2,210.9,338.0,0.985
1058,1438,3544,699.9,858.1,212.6,212.7,0.973
1059,1438,16548,208.3,840.9,241.2,238.8,0.961
1060,1439,16548,513.1,179.7,231.8,224.6,0.979
1061,1439,12247,590.9,849.2,213.5,127.4,0.979
1062,1439,6563,166.5,671.9,218.7,364.9,0.967
1063,1439,3544,72.1,200.4,203.0,199.5,0.944
1064,1441,27733,93.0,733.7,320.3,275.7,0.988
1065,1441,22347,117.9,172.9,201.4,194.1,0.986
1066,1441,3483,579.7,757.2,275.0,209.5,0.979
1067,1441,36637,592.4,204.0,252.8,168.7,0.958
1068,1442,22347,134.8,179.2,205.3,195.8,0.986
1069,1442,27733,129.6,777.7,312.4,275.2,0.979
1070,1442,3483,606.1,791.3,274.9,207.3,0.976
1071,1442,36637,620.5,209.3,259.4,169.0,0.976
1072,1444,3743,484.3,150.7,314.6,301.4,0.978
1073,1444,2483,96.5,693.2,210.8,486.7,0.977
1074,1444,4378,135.0,102.6,222.0,442.0,0.971
1075,1444,23223,520.0,625.9,299.5,511.8,0.97
1076,1446,3743,129.3,802.6,326.7,319.4,0.981
1077,1446,4378,589.0,702.6,224.0,449.3,0.977
1078,1446,23223,121.1,72.7,295.6,500.1,0.962
1079,1446,2483,631.4,32.3,198.5,482.4,0.941
1080,1447,10221,626.4,192.0,220.1,214.8,0.982
1081,1447,29451,464.6,766.8,415.9,247.0,0.975
1082,1447,16548,44.4,791.3,242.3,234.5,0.972
1083,1447,3544,102.3,179.5,203.5,200.6,0.967
1084,1449,10221,655.8,198.6,228.0,214.8,0.984
1085,1449,16548,80.0,831.4,240.7,228.7,0.984
1086,1449,3544,118.8,185.5,208.9,200.8,0.977
1087,1449,29451,496.4,805.0,408.2,237.9,0.953
1088,1450,25438,123.3,811.1,255.5,255.7,0.981
1089,1450,13395,593.2,712.5,234.7,498.0,0.976
1090,1450,2483,600.4,46.4,214.7,482.2,0.965
1091,1450,12778,111.9,67.9,292.3,517.7,0.95
1092,1452,25438,124.7,823.5,258.2,265.1,0.98
1093,1452,13395,603.9,711.1,232.1,514.3,0.978
1094,1452,2483,596.3,95.8,204.6,453.7,0.97
1095,1452,12778,115.7,112.7,288.8,505.6,0.951
1096,1453,3351,457.9,907.4,190.9,191.9,0.98
1097,1453,18357,46.8,309.8,280.9,332.5,0.98
1098,1453,16688,477.4,120.8,422.1,526.7,0.979
1099,1455,3351,333.9,193.3,183.4,181.8,0.985
1100,1455,16688,75.6,622.6,427.0,585.3,0.983
1101,1455,18357,653.9,649.4,281.4,345.3,0.978
1102,1458,25438,110.1,829.8,255.2,253.6,0.981
1103,1458,2483,608.5,67.9,247.5,470.2,0.978
1104,1458,23223,73.9,168.8,303.5,499.6,0.974
1105,1458,4378,638.8,706.3,225.1,452.5,0.969
1106,1459,5094,104.6,809.2,284.8,288.8,0.992
1107,1459,12081,647.7,695.2,246.9,459.4,0.975
1108,1459,22627,79.7,192.1,312.9,465.1,0.974
1109,1459,2483,626.2,78.9,225.9,454.3,0.968
1110,146,3483,171.8,279.0,259.4,213.2,0.983
1111,146,27777,637.9,293.1,174.1,195.4,0.978
1112,146,16232,152.8,828.3,192.3,191.9,0.97
1113,146,31885,553.4,672.6,403.6,526.3,0.957
1114,1460,12081,71.5,129.7,224.8,427.9,0.986
1115,1460,5094,551.0,188.0,272.4,270.1,0.982
1116,1460,2483,52.4,699.3,255.4,476.5,0.979
1117,1460,22627,547.5,574.7,318.0,480.6,0.959
1118,1461,5094,104.6,799.4,279.7,277.7,0.991
1119,1461,2483,628.1,34.4,243.4,474.1,0.983
1120,1461,12081,641.0,686.9,236.7,452.2,0.983
1121,1461,22627,74.4,155.5,317.8,472.3,0.961
1122,1462,27653,670.7,254.8,218.9,200.0,0.995
1123,1462,20238,133.6,867.9,231.5,227.4,0.99
1124,1462,3483,131.8,290.3,276.8,171.5,0.98
1125,1462,25367,523.6,674.5,424.1,464.8,0.978
1126,1463,20238,623.3,178.0,224.8,215.1,0.991
1127,1463,3483,591.9,844.7,281.2,171.8,0.989
1128,1463,27653,95.2,853.2,224.2,206.3,0.985
1129,1463,25367,58.7,121.0,420.9,455.8,0.982
1130,1464,3483,563.2,810.5,285.2,176.5,0.992
1131,1464,20238,594.1,174.5,219.8,212.4,0.991
1132,1464,27653,61.6,811.0,225.3,210.9,0.989
1133,1464,25367,44.4,107.4,406.7,446.9,0.966
1134,1466,3483,562.9,810.7,285.3,176.7,0.994
1135,1466,27653,60.0,810.1,226.2,209.9,0.989
1136,1466,22347,105.7,178.5,201.2,194.5,0.984
1137,1466,16262,593.4,176.5,237.9,229.5,0.983
1138,1473,19607,151.7,217.9,158.5,153.6,0.988
1139,1473,1900,615.4,860.0,200.4,157.4,0.98
1140,1473,16551,574.5,90.4,285.6,480.5,0.96
1141,1473,21026,125.9,865.6,179.4,177.2,0.958
1142,1474,27733,125.7,770.6,312.0,273.5,0.979
1143,1474,3483,607.9,789.0,274.6,207.2,0.978
1144,1474,36637,619.3,208.1,259.0,168.6,0.974
1145,1474,34597,66.2,102.0,440.6,426.8,0.973
1146,1476,3483,580.6,755.4,275.5,210.8,0.984
1147,1476,27733,90.1,725.9,320.0,277.9,0.981
1148,1476,34597,53.3,75.3,431.2,430.9,0.98
1149,1476,36637,592.1,203.0,253.8,168.7,0.963
1150,1477,3351,650.9,288.8,183.7,183.2,0.989
1151,1477,36637,86.7,232.0,240.4,209.4,0.985
1152,1477,18357,359.2,677.8,248.0,370.7,0.982
1153,148,20238,119.2,298.9,229.4,220.8,0.985
1154,148,19232,500.9,237.1,333.8,255.5,0.984
1155,148,3351,401.9,850.7,190.2,190.8,0.979
1156,1480,6563,592.7,239.7,211.8,339.4,0.979
1157,1480,10221,158.7,261.2,219.5,212.2,0.972
1158,1480,16548,173.7,834.0,239.6,237.6,0.969
1159,1480,3544,643.1,876.8,213.8,212.8,0.966
1160,1483,3483,148.1,218.5,249.5,223.4,0.99
1161,1483,19861,637.6,277.3,220.7,170.3,0.985
1162,1483,28763,630.1,897.2,222.9,214.5,0.975
1163,1483,35206,107.7,775.5,303.2,389.3,0.969
1164,1485,3483,600.5,866.7,257.6,231.7,0.997
1165,1485,19861,126.8,865.0,221.6,167.8,0.992
1166,1485,35206,584.5,96.8,285.4,377.0,0.975
1167,1485,28763,148.5,169.2,210.2,199.7,0.973
1168,1488,3351,392.6,207.7,183.6,182.0,0.979
1169,1488,21325,212.9,827.2,201.3,197.2,0.962
1170,1488,31863,627.5,831.2,204.6,204.5,0.952
1171,1489,20014,537.1,288.6,340.1,317.9,0.98
1172,1489,3351,402.2,851.1,188.9,190.9,0.976
1173,1489,20238,183.4,280.8,227.4,219.2,0.958
1174,149,20238,594.3,711.4,229.5,228.4,0.994
1175,149,3351,346.1,190.5,183.9,187.5,0.993
1176,149,19232,95.7,699.1,338.5,266.2,0.971
1177,1492,18147,528.8,298.7,344.3,352.6,0.982
1178,1492,3351,379.5,903.6,190.1,191.3,0.982
1179,1492,21325,185.0,276.3,157.9,232.0,0.954
1180,1493,18147,57.3,544.5,349.6,375.7,0.977
1181,1493,3351,367.5,138.7,183.7,187.6,0.976
1182,1493,21325,598.2,721.3,160.1,237.6,0.952
1183,1497,3483,565.7,836.6,260.9,238.0,0.996
1184,1497,19861,85.2,825.0,225.9,174.8,0.99
1185,1497,29667,609.7,198.2,217.8,213.0,0.977
1186,1497,34597,58.2,60.2,308.4,497.3,0.967
1187,15,33880,51.4,783.9,444.0,273.6,0.986
1188,15,16232,642.1,796.7,194.1,189.9,0.968
1189,15,3351,361.0,248.3,183.7,181.8,0.965
1190,150,20238,633.7,801.9,225.7,222.1,0.991
1191,150,3351,388.6,252.2,183.5,181.7,0.98
1192,150,19232,141.3,801.2,330.7,262.7,0.965
1193,1500,3351,352.5,238.1,182.9,181.2,0.983
1194,1500,41768,569.7,859.2,349.3,177.7,0.981
1195,1500,38162,199.3,734.6,183.4,297.0,0.974
1196,151,33208,183.4,266.3,206.9,197.3,0.985
1197,151,29451,512.7,243.1,404.8,220.2,0.971
1198,151,16548,99.2,819.0,240.6,237.1,0.967
1199,151,1900,647.0,845.9,185.3,187.8,0.953
1200,152,16548,618.4,204.1,232.9,224.7,0.99
1201,152,33208,582.0,810.8,213.3,203.7,0.987
1202,152,1900,146.2,239.7,182.0,183.4,0.978
1203,152,29451,34.0,800.6,422.3,225.8,0.967
1204,153,33208,609.9,843.7,212.3,199.5,0.991
1205,153,16548,647.4,212.0,242.6,227.3,0.987
1206,153,29451,73.3,841.7,414.8,219.1,0.985
1207,153,1900,171.4,247.4,179.6,182.4,0.923
1208,154,5094,110.6,806.4,278.3,274.2,0.991
1209,154,5886,597.3,684.5,233.1,488.4,0.98
1210,154,2483,617.7,52.5,251.7,468.0,0.974
1211,154,23223,90.2,135.7,317.5,490.5,0.956
1212,155,5094,547.7,186.4,275.7,268.2,0.995
1213,155,2483,69.6,689.5,252.6,472.0,0.986
1214,155,5886,113.5,82.3,232.8,476.0,0.974
1215,155,23223,533.7,573.8,320.6,497.0,0.961
1216,156,5094,109.7,816.3,285.6,283.9,0.993
1217,156,2483,606.5,98.6,257.0,442.7,0.984
1218,156,5886,602.4,686.6,244.2,496.3,0.974
1219,156,23223,95.5,174.7,311.9,481.1,0.96
1220,157,3483,536.9,779.7,267.8,223.0,0.995
1221,157,16262,575.3,185.2,236.5,230.7,0.981
1222,157,25367,104.1,84.4,395.0,459.4,0.975
1223,157,27777,145.5,775.4,176.0,205.5,0.973
1224,159,3483,565.8,815.8,264.7,216.1,0.992
1225,159,27777,179.6,815.2,172.3,198.3,0.977
1226,159,16262,603.2,192.6,243.2,231.2,0.975
1227,159,25367,121.0,96.6,405.7,468.7,0.969
1228,160,3544,627.2,888.5,213.6,212.3,0.988
1229,160,23203,211.8,315.3,134.6,139.0,0.981
1230,160,4543,146.0,914.7,214.0,213.8,0.971
1231,160,16551,576.5,265.2,286.2,465.1,0.962
1232,162,23203,653.8,853.2,138.0,136.1,0.98
1233,162,16551,128.9,535.5,285.7,478.0,0.968
1234,162,3544,159.2,178.3,205.9,200.2,0.957
1235,162,4543,627.2,144.4,208.4,203.0,0.939
1236,163,3483,567.7,812.7,263.9,216.3,0.994
1237,163,27777,180.5,814.3,172.3,199.0,0.98
1238,163,28763,128.2,174.7,210.0,200.5,0.979
1239,163,16232,643.4,250.4,188.1,180.6,0.967
1240,164,3483,172.5,278.9,258.5,213.2,0.98
1241,164,27777,637.6,293.0,174.4,195.3,0.978
1242,164,28763,651.0,891.1,222.7,213.6,0.975
1243,164,16232,152.2,827.7,192.3,192.4,0.95
1244,165,3483,538.6,777.1,266.8,223.0,0.996
1245,165,28763,111.0,169.2,205.7,196.7,0.987
1246,165,16232,614.8,238.0,184.8,181.4,0.981
1247,165,27777,147.0,775.6,176.7,204.6,0.975
1248,17,35206,116.4,585.0,304.1,386.0,0.984
1249,17,3351,297.6,167.2,183.7,187.3,0.982
1250,17,41768,565.5,646.3,272.1,300.9,0.97
1251,170,5094,104.8,809.0,284.6,287.4,0.99
1252,170,12081,648.3,695.4,246.3,458.9,0.976
1253,170,2483,620.6,81.2,235.5,451.0,0.969
1254,170,6192,117.9,169.6,303.0,506.9,0.951
1255,172,3483,589.7,844.4,281.8,171.9,0.992
1256,172,29667,632.9,180.7,223.0,214.1,0.991
1257,172,27653,93.5,852.0,223.2,206.1,0.989
1258,172,25367,112.9,61.4,344.5,506.6,0.975
1259,173,3483,561.8,810.1,286.2,178.0,0.994
1260,173,27653,58.3,809.1,227.4,210.9,0.988
1261,173,29667,602.5,175.4,218.3,215.4,0.983
1262,173,25367,96.9,53.3,332.0,491.8,0.976
1263,174,27653,672.0,255.8,220.0,200.2,0.994
1264,174,29667,125.2,864.1,229.5,228.0,0.989
1265,174,3483,133.1,290.0,276.9,171.2,0.986
1266,174,25367,550.8,684.4,340.8,517.9,0.971
1267,175,3483,593.1,870.7,257.5,232.8,0.992
1268,175,19861,121.3,863.6,220.0,168.7,0.989
1269,175,30308,122.1,96.6,276.7,472.8,0.98
1270,175,29667,638.9,204.3,223.4,215.0,0.975
1271,176,3483,155.0,214.4,250.8,223.2,0.992
1272,176,19861,643.6,278.2,221.3,169.8,0.984
1273,176,30308,595.1,678.8,286.2,481.1,0.974
1274,176,29667,119.1,840.8,229.8,225.0,0.967
1275,179,20238,152.8,851.5,231.3,223.9,0.988
1276,179,3483,172.8,276.4,258.3,214.3,0.985
1277,179,22347,644.2,833.5,212.9,207.4,0.985
1278,179,27777,639.7,292.0,173.6,195.5,0.975
1279,180,3483,538.3,779.9,265.8,222.7,0.995
1280,180,20238,575.5,190.6,221.5,212.4,0.986
1281,180,22347,123.5,228.1,202.4,195.2,0.985
1282,180,27777,146.1,776.4,175.5,204.7,0.978
1283,183,6563,592.5,239.8,212.3,340.0,0.981
1284,183,10221,159.0,261.3,219.6,212.8,0.976
1285,183,3544,643.0,876.8,213.9,213.2,0.972
1286,183,16551,27.6,695.5,398.7,414.2,0.96
1287,185,23203,627.7,820.4,140.9,140.3,0.985
1288,185,3544,141.9,172.9,202.3,199.0,0.982
1289,185,16548,133.5,737.8,236.9,233.8,0.981
1290,185,4543,598.9,143.7,202.6,200.6,0.974
1291,186,23203,656.2,853.3,137.5,136.7,0.984
1292,186,16548,166.9,781.6,234.7,227.9,0.976
1293,186,3544,158.8,179.0,206.0,200.9,0.961
1294,186,4543,627.3,144.0,208.5,203.4,0.949
1295,189,5094,136.1,856.6,285.5,285.7,0.995
1296,189,22362,618.2,782.0,258.4,417.1,0.979
1297,189,2483,642.2,123.9,198.0,462.5,0.961
1298,189,12778,87.4,148.3,291.9,506.3,0.949
1299,19,28763,101.6,170.7,212.3,200.7,0.987
1300,19,27733,126.5,770.8,311.4,273.7,0.981
1301,19,3483,609.3,787.2,274.1,208.0,0.979
1302,19,36637,618.9,206.1,260.7,169.6,0.958
1303,191,3544,122.0,181.3,203.3,200.5,0.98
1304,191,10221,93.0,788.7,223.8,220.3,0.97
1305,191,4543,638.9,151.3,201.5,199.6,0.966
1306,191,16551,578.5,567.4,288.2,489.3,0.963
1307,196,3743,491.7,126.3,310.9,301.3,0.983
1308,196,2483,91.1,662.2,213.7,490.2,0.983
1309,196,22362,83.4,118.3,257.6,390.4,0.979
1310,196,12778,536.9,519.7,277.2,515.1,0.976
1311,197,3743,122.3,827.1,321.1,320.6,0.985
1312,197,22362,600.9,735.1,262.4,403.1,0.969
1313,197,2483,635.2,62.0,199.8,484.3,0.965
1314,197,12778,117.8,174.7,290.3,517.0,0.952
1315,198,3743,123.0,836.7,326.2,330.5,0.988
1316,198,22362,607.8,737.2,271.0,411.1,0.981
1317,198,2483,630.7,107.4,193.9,459.3,0.96
1318,198,12778,121.1,210.2,288.1,508.4,0.958
1319,199,3483,563.3,814.8,264.9,216.8,0.99
1320,199,29667,630.6,164.6,222.6,213.3,0.982
1321,199,27777,178.5,812.8,172.5,198.8,0.977
1322,199,30308,40.5,116.6,402.5,401.2,0.967
1323,200,3483,175.3,277.1,259.1,214.8,0.988
1324,200,29667,127.8,880.8,228.9,227.7,0.983
1325,200,27777,640.9,295.2,174.5,194.7,0.981
1326,200,30308,558.1,735.9,413.8,406.0,0.972
1327,202,3483,142.1,288.6,214.5,259.8,0.988
1328,202,22347,688.9,866.9,213.9,208.1,0.985
1329,202,20877,544.4,293.1,329.0,236.9,0.983
1330,202,16262,110.7,836.0,248.2,241.1,0.961
1331,203,3483,621.6,717.5,211.3,270.0,0.997
1332,203,22347,81.4,196.9,202.3,195.2,0.989
1333,203,16262,600.7,184.7,239.9,231.3,0.98
1334,203,20877,83.7,725.5,336.6,239.9,0.98
1335,204,3483,647.8,751.0,212.3,265.5,0.996
1336,204,22347,98.8,204.8,205.1,196.7,0.985
1337,204,20877,114.9,770.1,334.0,228.2,0.979
1338,204,16262,631.3,190.9,243.4,233.4,0.971
1339,205,23203,622.8,847.6,141.8,140.4,0.989
1340,205,16548,591.9,121.0,229.6,224.3,0.98
1341,205,6563,165.9,674.1,217.9,363.6,0.968
1342,205,3544,112.1,164.0,202.8,199.7,0.959
1343,210,29667,162.3,750.5,227.0,220.5,0.984
1344,210,3351,418.4,244.8,184.3,181.9,0.97
1345,210,31863,596.8,875.4,203.9,205.4,0.958
1346,212,16551,477.4,139.7,446.2,351.4,0.973
1347,212,21026,138.5,867.9,178.7,177.4,0.971
1348,212,18110,61.6,125.2,304.4,286.9,0.968
1349,212,1900,623.1,887.6,208.4,139.3,0.962
1350,213,1900,595.4,856.2,209.6,144.9,0.989
1351,213,16551,449.8,125.8,432.0,348.4,0.981
1352,213,21026,102.8,833.2,182.2,180.7,0.978
1353,213,18110,44.9,115.0,299.2,286.8,0.968
1354,214,1900,140.6,238.0,199.3,130.7,0.99
1355,214,33208,587.8,799.7,213.2,205.7,0.988
1356,214,27926,89.1,615.3,270.9,479.1,0.979
1357,214,16551,568.5,55.5,278.8,466.3,0.941
1358,215,33208,615.8,834.9,211.0,200.5,0.987
1359,215,1900,157.4,249.1,203.2,126.3,0.983
1360,215,27926,128.1,663.7,260.3,474.1,0.971
1361,215,16551,595.8,62.1,287.4,482.0,0.963
1362,217,3743,117.5,786.1,325.0,320.3,0.978
1363,217,12081,600.6,706.8,236.1,453.0,0.977
1364,217,2483,590.9,72.7,244.3,473.0,0.969
1365,217,6192,129.0,125.4,277.9,533.0,0.931
1366,219,12081,107.3,108.6,229.3,430.3,0.978
1367,219,3743,496.2,167.7,315.3,298.2,0.976
1368,219,2483,91.5,665.7,255.9,469.9,0.975
1369,219,6192,536.8,543.1,271.9,532.0,0.972
1370,222,3351,406.2,204.7,183.9,182.2,0.981
1371,222,41768,607.1,743.3,272.8,300.2,0.977
1372,222,16262,173.9,768.1,239.9,238.3,0.952
1373,224,3483,602.9,844.5,277.9,188.7,0.989
1374,224,25469,85.0,828.3,337.4,300.1,0.989
1375,224,29667,618.4,173.1,226.4,217.4,0.986
1376,224,34597,104.0,83.5,364.4,484.3,0.969
1377,225,3483,125.7,272.9,271.5,186.8,0.984
1378,225,25469,575.1,186.1,325.5,286.4,0.982
1379,225,34597,530.1,665.0,371.6,503.9,0.979
1380,225,29667,140.8,871.2,228.9,227.4,0.971
1381,226,3483,600.4,866.9,257.4,231.2,0.997
1382,226,20238,644.5,188.7,225.6,216.5,0.992
1383,226,19861,126.9,865.3,221.4,167.5,0.991
1384,226,22347,109.1,230.0,205.6,197.7,0.986
1385,229,2483,52.2,678.6,282.1,460.5,0.985
1386,229,3743,536.7,152.5,319.1,302.2,0.976
1387,229,5886,99.4,68.6,240.6,475.9,0.97
1388,229,23223,496.8,657.2,408.1,449.0,0.941
1389,23,3483,562.3,810.3,287.1,177.3,0.993
1390,23,27653,59.3,809.4,227.0,210.8,0.988
1391,23,16262,592.9,176.1,238.3,230.0,0.982
1392,23,25367,18.3,90.3,418.9,437.9,0.971
1393,231,2483,599.4,123.1,280.8,429.5,0.989
1394,231,3743,74.3,813.7,331.9,325.7,0.985
1395,231,5886,612.9,695.3,235.8,507.0,0.983
1396,231,23223,57.2,140.1,387.5,435.0,0.958
1397,232,3483,598.5,799.1,274.3,202.1,0.991
1398,232,29667,677.4,187.1,225.8,215.8,0.986
1399,232,22347,129.3,233.4,204.6,197.6,0.979
1400,232,27733,117.5,776.4,320.7,264.7,0.978
1401,234,29667,648.2,183.8,218.4,214.3,0.993
1402,234,3483,569.9,764.4,277.2,206.6,0.989
1403,234,27733,81.0,732.0,327.8,267.6,0.988
1404,234,22347,111.4,223.8,200.8,193.8,0.98
1405,236,27653,671.9,255.4,218.2,198.9,0.994
1406,236,3483,132.7,291.0,276.1,170.7,0.985
1407,236,28763,615.1,834.9,222.0,212.7,0.983
1408,236,35206,102.8,687.5,205.1,419.1,0.974
1409,237,3483,563.2,810.4,286.3,176.9,0.996
1410,237,27653,60.3,810.3,226.1,210.2,0.988
1411,237,35206,649.8,143.6,201.2,400.0,0.974
1412,237,28763,143.3,222.9,208.2,198.4,0.97
1413,238,18357,68.5,259.6,299.3,295.7,0.989
1414,238,3351,402.9,834.5,187.4,188.9,0.982
1415,238,16262,625.6,238.2,241.9,236.0,0.978
1416,24,3483,590.8,844.8,281.6,171.5,0.99
1417,24,27653,94.4,852.1,223.4,206.5,0.988
1418,24,16262,623.8,182.2,241.3,231.3,0.985
1419,24,25367,33.9,102.4,429.5,448.5,0.967
1420,241,3351,409.9,912.7,191.6,191.6,0.982
1421,241,18147,518.9,256.7,307.9,381.2,0.978
1422,241,20238,129.0,325.9,227.3,219.9,0.971
1423,243,3351,379.0,185.6,183.9,183.1,0.987
1424,243,20238,622.4,768.8,227.7,224.2,0.98
1425,243,18147,145.3,649.9,313.4,400.6,0.98
1426,244,6563,198.1,715.5,215.0,358.0,0.978
1427,244,23203,649.5,879.3,139.3,136.3,0.969
1428,244,3544,128.4,170.5,207.0,199.5,0.968
1429,244,16551,581.2,5.6,284.6,480.5,0.959
1430,247,3743,122.6,837.1,326.4,330.1,0.988
1431,247,22362,607.4,737.1,271.0,412.2,0.981
1432,247,2483,628.7,107.5,194.9,459.8,0.974
1433,247,6192,57.9,146.4,333.6,488.5,0.961
1434,248,3743,121.5,826.5,322.2,321.9,0.985
1435,248,2483,633.5,62.4,203.2,483.8,0.971
1436,248,6192,52.6,103.6,335.7,505.5,0.97
1437,248,22362,600.4,735.3,262.4,403.6,0.969
1438,249,3743,492.2,126.7,311.1,301.4,0.985
1439,249,2483,90.4,662.3,214.4,489.4,0.981
1440,249,22362,83.7,118.6,257.5,390.0,0.98
1441,249,6192,554.1,594.3,342.3,497.5,0.969
1442,250,29667,128.3,205.4,225.3,224.7,0.983
1443,250,3351,378.3,849.0,188.4,191.4,0.974
1444,250,18357,542.6,226.5,246.8,355.2,0.938
1445,251,29667,588.9,796.5,229.5,230.5,0.995
1446,251,18357,142.7,595.0,244.6,373.2,0.985
1447,251,3351,369.7,179.5,182.0,187.1,0.951
1448,252,29667,625.2,887.3,226.3,222.4,0.995
1449,252,3351,411.6,238.5,183.7,182.6,0.983
1450,252,18357,184.5,691.0,242.8,370.6,0.982
1451,253,33880,458.0,253.1,434.0,289.6,0.98
1452,253,3351,445.6,849.5,189.7,190.8,0.978
1453,253,35206,62.9,261.1,411.9,211.6,0.974
1454,256,5886,111.3,85.2,232.8,476.8,0.977
1455,256,2483,65.8,667.4,207.9,484.1,0.97
1456,256,25438,544.8,178.3,245.1,254.2,0.966
1457,256,19552,494.3,656.7,317.0,496.6,0.965
1458,259,3351,384.1,895.1,189.6,191.5,0.986
1459,259,41768,111.1,284.4,271.3,284.6,0.978
1460,259,20238,605.9,279.2,224.2,220.5,0.958
1461,262,3483,562.0,810.1,284.9,177.6,0.992
1462,262,27653,58.1,809.4,227.7,210.5,0.989
1463,262,29667,602.9,174.5,217.8,216.2,0.982
1464,262,34597,75.7,37.3,333.0,491.2,0.973
1465,264,27653,671.8,255.9,220.1,200.1,0.994
1466,264,29667,125.3,864.1,229.0,227.8,0.987
1467,264,3483,133.3,289.4,277.0,172.4,0.985
1468,264,34597,565.4,681.4,351.6,513.0,0.959
1469,265,27653,672.0,255.4,219.1,199.7,0.994
1470,265,3483,133.3,290.6,275.7,170.8,0.985
1471,265,25367,598.9,664.8,374.5,491.9,0.979
1472,265,16232,142.7,846.8,194.9,192.8,0.968
1473,266,3483,590.9,844.8,281.4,171.4,0.992
1474,266,27653,94.3,852.2,223.1,206.1,0.99
1475,266,25367,20.7,105.2,387.0,479.3,0.974
1476,266,16232,648.6,231.6,191.5,180.4,0.972
1477,27,25438,123.4,822.1,259.0,264.9,0.978
1478,27,13395,603.3,710.3,230.5,513.9,0.977
1479,27,23223,73.8,121.6,295.9,487.9,0.974
1480,27,2483,601.5,93.4,198.4,454.5,0.944
1481,271,3483,623.2,715.6,210.6,270.7,0.995
1482,271,20877,85.2,725.4,336.5,239.7,0.978
1483,271,35206,632.2,162.3,217.6,396.0,0.968
1484,271,22347,104.1,187.7,201.2,194.3,0.961
1485,273,3483,141.2,290.0,213.4,259.4,0.991
1486,273,20877,542.6,293.4,329.6,237.2,0.984
1487,273,22347,665.6,876.5,214.7,208.0,0.979
1488,273,35206,94.8,670.7,237.2,412.1,0.978
1489,274,3351,420.0,889.5,189.9,192.0,0.989
1490,274,21325,207.4,328.0,148.4,229.7,0.978
1491,274,20014,581.3,258.3,338.2,315.1,0.975
1492,275,20014,5.6,647.2,348.1,339.2,0.991
1493,275,21325,580.7,664.7,155.1,243.6,0.98
1494,275,3351,328.8,151.0,182.8,187.5,0.965
1495,277,3483,600.4,866.3,257.8,231.9,0.997
1496,277,19861,126.8,864.7,221.5,167.7,0.992
1497,277,36637,618.5,199.0,263.7,151.2,0.982
1498,277,30308,79.8,95.1,398.7,404.1,0.98
1499,278,3483,148.5,218.2,250.0,223.9,0.991
1500,278,19861,637.5,277.4,220.8,170.3,0.984
1501,278,36637,96.0,908.3,274.0,163.6,0.98
1502,278,30308,521.5,746.9,408.4,411.6,0.979
1503,28,3483,565.8,813.8,264.7,215.6,0.993
1504,28,35206,614.5,140.6,226.1,403.6,0.978
1505,28,27777,179.8,814.5,172.8,198.6,0.976
1506,28,25367,19.2,63.4,416.2,459.8,0.969
1507,280,3351,410.2,867.7,188.2,190.4,0.984
1508,280,16232,133.0,291.3,189.1,192.3,0.982
1509,280,3832,432.7,274.7,389.2,350.9,0.952
1510,286,3483,536.9,779.9,266.9,222.7,0.996
1511,286,16262,575.7,185.4,236.2,229.7,0.981
1512,286,27777,145.9,775.2,175.8,205.5,0.976
1513,286,30308,27.8,114.4,379.4,409.3,0.961
1514,287,3483,173.4,276.5,258.3,214.4,0.985
1515,287,27777,639.8,293.0,173.8,195.2,0.976
1516,287,30308,572.2,703.5,397.8,423.6,0.974
1517,287,16262,139.4,836.9,245.6,242.0,0.967
1518,288,3483,565.5,815.7,264.8,216.3,0.992
1519,288,27777,179.7,815.3,172.0,198.0,0.982
1520,288,16262,604.0,192.8,243.0,230.7,0.979
1521,288,30308,44.2,130.6,388.3,420.9,0.976
1522,289,25438,143.5,844.3,255.1,253.5,0.977
1523,289,2483,597.1,84.3,252.8,471.2,0.975
1524,289,22362,586.1,744.5,254.6,406.3,0.968
1525,289,6192,93.3,48.6,277.9,533.9,0.946
1526,29,3483,537.2,777.8,267.3,222.5,0.996
1527,29,27777,146.0,774.9,175.9,204.8,0.974
1528,29,35206,583.4,131.6,221.0,394.9,0.973
1529,29,25367,7.6,51.9,403.5,450.5,0.96
1530,291,22362,102.1,106.9,252.0,392.8,0.983
1531,291,2483,79.6,656.6,256.0,470.8,0.979
1532,291,6192,572.4,610.2,274.8,540.3,0.964
1533,291,25438,536.4,173.5,246.3,253.6,0.961
1534,292,5886,114.5,83.3,228.9,477.4,0.975
1535,292,12778,540.2,590.5,327.4,507.8,0.97
1536,292,2483,71.1,662.3,203.4,485.9,0.965
1537,292,25438,549.1,175.2,245.3,254.8,0.963
1538,295,3351,413.0,864.3,190.2,190.0,0.988
1539,295,20014,125.7,194.1,335.5,311.7,0.985
1540,295,16232,641.4,297.0,193.8,190.7,0.943
1541,298,33208,157.4,234.7,205.2,196.1,0.991
1542,298,16548,161.3,777.3,239.0,234.0,0.981
1543,298,31705,571.9,176.0,246.3,419.7,0.978
1544,298,1900,684.5,879.5,209.6,132.1,0.852
1545,299,33208,610.1,845.6,214.8,206.3,0.985
1546,299,31705,140.3,641.8,249.9,451.2,0.98
1547,299,1900,87.5,258.1,200.3,129.7,0.98
1548,299,16548,560.0,244.5,231.8,227.1,0.973
1549,3,24850,138.2,701.4,187.4,297.1,0.991
1550,3,1900,140.7,240.9,199.4,128.5,0.991
1551,3,16551,526.6,63.9,385.6,396.5,0.958
1552,3,27926,571.3,628.2,255.0,487.8,0.952
1553,302,36637,568.1,713.0,234.6,226.2,0.989
1554,302,3351,309.1,160.9,185.1,188.0,0.967
1555,302,19232,95.8,635.1,281.9,325.8,0.949
1556,304,3743,130.3,814.2,332.3,326.5,0.973
1557,304,4378,594.0,705.3,235.5,459.5,0.969
1558,304,2483,622.6,79.6,194.2,457.7,0.965
1559,304,22627,109.5,152.5,302.8,473.4,0.961
1560,308,41768,563.5,604.1,278.3,300.0,0.972
1561,308,3351,288.8,207.0,184.6,186.9,0.969
1562,308,36637,117.9,711.3,189.9,261.2,0.968
1563,31,12420,655.4,848.3,188.4,181.1,0.99
1564,31,6563,197.7,714.1,216.0,358.3,0.974
1565,31,3544,112.8,240.3,205.9,200.3,0.969
1566,31,16551,592.9,51.5,286.9,478.5,0.952
1567,310,12247,618.7,321.2,175.1,184.9,0.988
1568,310,3544,654.7,890.4,214.5,214.5,0.983
1569,310,4543,139.1,865.8,214.0,213.4,0.976
1570,310,16551,103.2,148.6,316.1,447.5,0.944
1571,313,3483,618.6,719.7,213.2,270.2,0.997
1572,313,29667,594.0,179.6,220.6,217.0,0.983
1573,313,34597,16.2,25.3,448.8,407.7,0.981
1574,313,20877,37.0,754.4,335.5,250.6,0.977
1575,315,3483,143.5,286.7,214.9,260.6,0.986
1576,315,29667,133.7,858.8,229.5,227.7,0.981
1577,315,20877,591.1,258.7,325.1,244.3,0.979
1578,315,34597,506.3,783.7,464.7,420.6,0.976
1579,316,10221,633.1,200.1,223.5,214.5,0.974
1580,316,3544,127.4,235.7,206.7,200.3,0.965
1581,316,16548,167.1,791.2,236.8,228.0,0.961
1582,316,33009,564.8,814.1,365.3,205.0,0.898
1583,317,3544,658.9,831.9,214.4,212.8,0.982
1584,317,10221,125.8,844.1,228.9,227.6,0.982
1585,317,16548,591.6,282.3,231.2,223.4,0.96
1586,317,33009,78.6,268.2,362.9,220.2,0.955
1587,32,12420,164.7,277.8,183.1,179.2,0.985
1588,32,6563,584.3,232.5,210.9,338.3,0.98
1589,32,3544,674.8,828.0,212.6,211.0,0.971
1590,32,16551,106.0,707.1,296.3,495.2,0.968
1591,320,3483,623.5,715.3,210.1,270.7,0.995
1592,320,20877,84.9,725.2,337.1,239.4,0.978
1593,320,28763,136.1,195.8,207.7,199.0,0.976
1594,320,35206,631.9,162.2,217.4,396.4,0.969
1595,323,27653,672.0,255.1,218.2,198.7,0.995
1596,323,3483,132.1,290.5,276.5,170.5,0.984
1597,323,36637,149.4,803.2,195.4,251.9,0.978
1598,323,22347,655.0,875.7,214.7,208.6,0.977
1599,324,3483,591.6,844.6,282.0,171.5,0.991
1600,324,27653,94.8,853.6,223.1,205.9,0.99
1601,324,22347,131.7,194.9,205.0,196.3,0.983
1602,324,36637,644.7,208.5,188.3,247.3,0.96
1603,325,3483,173.6,276.8,258.8,214.2,0.985
1604,325,27777,640.5,293.0,173.2,195.5,0.976
1605,325,16262,139.9,836.4,245.0,241.3,0.968
1606,325,31885,508.6,703.0,403.1,526.8,0.956
1607,327,3483,565.5,815.5,264.3,216.4,0.991
1608,327,27777,179.4,815.2,172.3,198.1,0.982
1609,327,16262,603.2,192.2,243.1,231.6,0.977
1610,327,31885,94.1,28.9,408.1,504.4,0.977
1611,328,3483,123.5,306.4,268.9,203.6,0.988
1612,328,27733,560.7,256.5,301.0,263.9,0.983
1613,328,36637,102.7,881.7,264.6,178.9,0.977
1614,328,31885,514.6,642.0,384.1,534.3,0.959
1615,332,12420,82.8,823.1,189.2,183.1,0.986
1616,332,16551,563.5,536.5,286.0,490.2,0.964
1617,332,4543,588.2,166.2,202.8,199.2,0.953
1618,332,3544,125.5,141.9,201.9,197.7,0.939
1619,334,3483,623.7,715.3,209.8,270.3,0.995
1620,334,22347,145.0,223.1,202.3,194.2,0.983
1621,334,20877,85.0,726.3,335.7,238.4,0.977
1622,334,16232,625.4,218.6,190.9,185.9,0.975
1623,335,3483,141.6,290.0,213.1,259.8,0.993
1624,335,20877,543.1,293.6,329.1,236.3,0.982
1625,335,22347,621.6,839.2,213.6,207.3,0.978
1626,335,16232,133.9,848.6,196.1,189.9,0.97
1627,336,3483,649.2,749.7,212.2,265.7,0.996
1628,336,22347,163.7,232.5,206.0,196.7,0.987
1629,336,20877,116.1,769.9,334.6,228.7,0.98
1630,336,16232,656.0,231.8,192.4,179.4,0.979
1631,337,22347,641.0,836.6,213.2,205.7,0.986
1632,337,3483,125.2,272.9,271.3,185.5,0.986
1633,337,25469,574.3,184.1,324.4,287.1,0.982
1634,337,36637,131.3,827.9,179.4,262.7,0.965
1635,338,3483,575.0,812.0,279.9,190.9,0.994
1636,338,25469,48.4,787.4,342.3,301.7,0.987
1637,338,22347,126.7,224.4,202.1,196.3,0.984
1638,338,36637,644.7,169.0,170.2,248.6,0.949
1639,339,3483,602.6,846.5,278.4,186.8,0.991
1640,339,22347,145.5,236.0,205.1,196.2,0.99
1641,339,25469,87.2,829.6,335.6,301.9,0.989
1642,339,36637,675.8,172.9,174.3,252.6,0.952
1643,340,3483,538.1,779.7,266.9,223.0,0.995
1644,340,20238,575.9,190.7,221.3,213.6,0.985
1645,340,27777,146.5,776.0,176.0,205.2,0.975
1646,340,34597,36.5,88.3,393.5,464.4,0.969
1647,341,3483,566.3,815.8,264.3,216.1,0.993
1648,341,20238,603.4,196.0,226.2,215.3,0.991
1649,341,27777,180.0,815.5,171.9,197.9,0.984
1650,341,34597,51.8,113.7,400.1,464.8,0.969
1651,344,3483,565.8,815.7,264.6,216.2,0.993
1652,344,27777,179.5,815.4,172.2,198.1,0.98
1653,344,16262,604.4,193.6,242.7,230.1,0.977
1654,344,28763,155.4,194.4,210.4,199.9,0.973
1655,345,3483,537.4,780.1,266.1,221.7,0.995
1656,345,16262,575.9,184.8,238.0,230.0,0.984
1657,345,27777,145.6,776.0,175.5,204.8,0.976
1658,345,28763,137.3,186.5,207.1,198.8,0.962
1659,346,3483,567.0,813.2,264.7,215.8,0.993
1660,346,27777,180.5,813.6,172.6,199.5,0.98
1661,346,25367,139.6,54.3,341.4,502.7,0.978
1662,346,16232,642.0,250.6,189.1,180.9,0.974
1663,347,3483,538.4,777.5,266.5,222.1,0.996
1664,347,16232,613.9,238.4,185.1,181.8,0.981
1665,347,27777,146.9,774.9,176.2,205.3,0.976
1666,347,25367,123.1,45.2,333.6,489.7,0.975
1667,349,3483,567.7,812.9,263.5,215.7,0.994
1668,349,27777,180.2,813.6,172.5,199.3,0.981
1669,349,35206,613.7,139.6,226.4,403.8,0.976
1670,349,34597,6.4,130.3,438.2,426.4,0.967
1671,352,5094,137.2,857.0,285.4,285.5,0.995
1672,352,22362,619.6,782.4,257.7,416.5,0.976
1673,352,2483,641.8,124.8,199.1,461.5,0.963
1674,352,19552,114.2,183.3,321.7,476.7,0.962
1675,355,12081,71.7,130.0,224.9,428.1,0.99
1676,355,5094,550.4,188.0,272.8,270.0,0.983
1677,355,2483,54.1,698.4,253.1,477.0,0.977
1678,355,23223,540.9,589.7,304.3,504.8,0.965
1679,356,5094,104.8,799.1,279.3,277.4,0.991
1680,356,12081,641.2,686.8,237.0,452.4,0.983
1681,356,2483,630.1,33.5,239.8,475.5,0.983
1682,356,23223,94.4,111.3,302.5,499.3,0.956
1683,359,3483,563.1,814.8,265.6,216.0,0.993
1684,359,29667,630.2,164.1,222.0,214.0,0.983
1685,359,27777,178.5,812.8,172.7,198.6,0.98
1686,359,31885,79.0,44.9,372.6,528.8,0.967
1687,361,3351,428.9,880.5,191.0,191.5,0.987
1688,361,16262,646.1,287.7,241.1,233.1,0.979
1689,361,18147,213.1,166.7,209.9,417.9,0.973
1690,364,32310,585.8,167.3,243.8,343.0,0.984
1691,364,3351,406.0,855.4,191.8,193.1,0.98
1692,364,35206,101.5,253.3,351.0,325.7,0.966
1693,372,3483,602.9,844.6,280.0,188.7,0.988
1694,372,34597,14.4,143.4,450.0,412.3,0.982
1695,372,16262,574.4,194.8,242.0,231.1,0.975
1696,372,25469,50.6,856.7,373.6,219.3,0.96
1697,374,3483,645.2,752.6,213.6,266.7,0.997
1698,374,29667,624.0,185.6,223.3,216.1,0.974
1699,374,20877,70.4,799.2,331.4,242.2,0.972
1700,374,25367,99.5,32.5,409.5,469.1,0.968
1701,379,31863,136.4,315.6,208.0,207.7,0.985
1702,379,3351,465.2,858.8,189.1,191.3,0.967
1703,379,16688,455.2,156.3,485.9,468.5,0.961
1704,38,3483,623.0,715.4,210.6,270.4,0.994
1705,38,20877,85.2,725.4,335.9,238.6,0.981
1706,38,35206,624.1,162.0,217.3,396.9,0.975
1707,38,31885,112.0,32.6,408.0,498.8,0.968
1708,380,3351,284.7,181.5,186.3,188.0,0.983
1709,380,31863,597.7,715.0,207.6,213.7,0.981
1710,380,16688,0.0,547.9,491.2,515.2,0.974
1711,382,2483,599.2,124.1,280.4,428.1,0.989
1712,382,3743,74.2,813.5,331.7,326.2,0.985
1713,382,5886,613.9,697.3,234.8,505.6,0.976
1714,382,12778,96.3,132.7,374.9,452.7,0.969
1715,384,5886,600.6,696.9,239.9,492.7,0.976
1716,384,3743,73.6,801.8,329.0,319.1,0.974
1717,384,2483,608.4,80.7,279.2,452.5,0.968
1718,384,12778,91.3,89.3,383.7,462.1,0.968
1719,387,27653,671.2,255.1,218.4,199.4,0.995
1720,387,20238,134.2,867.6,230.8,227.4,0.99
1721,387,3483,132.3,290.6,276.4,171.0,0.985
1722,387,31885,498.9,654.4,415.9,513.2,0.959
1723,389,3483,621.9,716.0,211.8,270.9,0.995
1724,389,20877,84.2,724.9,337.2,240.2,0.98
1725,389,34597,26.9,128.0,441.1,423.0,0.97
1726,389,16262,599.4,183.8,240.9,231.7,0.968
1727,390,3483,648.4,750.3,212.0,266.0,0.995
1728,390,20877,116.1,769.2,334.1,228.9,0.977
1729,390,34597,45.4,157.6,447.2,416.4,0.975
1730,390,16262,628.7,190.2,245.9,233.5,0.974
1731,392,1900,186.9,273.5,202.8,136.4,0.994
1732,392,33208,656.5,898.9,219.5,210.6,0.989
1733,392,16551,110.2,701.0,297.9,496.3,0.952
1734,392,21026,686.2,274.6,175.5,173.3,0.932
1735,393,33208,109.5,159.6,205.1,197.1,0.989
1736,393,1900,581.1,866.0,210.5,143.2,0.986
1737,393,21026,91.4,830.7,180.9,180.4,0.986
1738,393,16551,557.8,48.9,280.9,467.7,0.954
1739,394,3483,124.5,273.0,271.6,186.3,0.985
1740,394,20238,138.9,849.9,232.1,225.8,0.981
1741,394,28763,604.6,856.0,222.0,214.3,0.967
1742,394,25469,573.5,229.6,373.9,219.9,0.965
1743,395,3483,603.3,845.6,279.0,187.8,0.99
1744,395,20238,618.7,195.6,224.5,216.8,0.983
1745,395,28763,172.3,209.2,212.0,199.4,0.977
1746,395,25469,51.0,857.6,372.5,218.6,0.953
1747,396,3483,574.4,810.7,281.8,192.2,0.993
1748,396,20238,588.8,189.9,221.6,213.7,0.985
1749,396,28763,153.9,199.8,209.2,199.4,0.971
1750,396,25469,13.9,813.3,377.9,222.3,0.947
1751,4,24850,599.0,253.1,293.5,164.8,0.992
1752,4,1900,684.2,807.7,131.5,208.7,0.982
1753,4,29345,118.4,153.1,273.7,415.1,0.972
1754,4,16551,130.3,647.5,291.9,495.6,0.971
1755,40,3483,156.2,213.7,250.0,223.0,0.993
1756,40,19861,644.5,278.1,221.7,169.9,0.981
1757,40,29667,120.3,838.7,228.7,226.6,0.963
1758,40,31885,611.4,610.8,337.2,556.1,0.947
1759,400,1900,132.4,245.7,196.0,154.8,0.981
1760,400,33208,613.3,770.2,212.8,205.3,0.981
1761,400,16548,602.6,124.5,230.7,224.0,0.974
1762,400,33009,14.2,778.1,364.1,235.1,0.973
1763,401,33208,152.1,295.5,206.6,196.3,0.988
1764,401,33009,585.3,242.7,355.6,235.9,0.983
1765,401,1900,641.9,859.1,208.0,165.1,0.981
1766,401,16548,111.6,898.7,242.0,238.6,0.962
1767,404,18147,16.2,588.5,286.4,419.4,0.987
1768,404,35206,435.3,699.7,418.4,230.4,0.979
1769,404,3351,357.3,145.4,185.3,188.9,0.96
1770,409,1900,133.1,245.1,191.4,164.2,0.986
1771,409,16551,8.2,727.3,460.3,321.2,0.976
1772,409,10224,540.3,129.6,376.6,281.0,0.973
1773,409,33009,516.1,792.8,381.4,208.2,0.939
1774,41,3483,591.8,872.5,257.1,231.4,0.991
1775,41,19861,120.4,863.5,219.6,168.7,0.989
1776,41,29667,638.3,205.6,222.8,215.0,0.967
1777,41,31885,54.4,92.1,324.3,540.7,0.928
1778,411,33009,86.1,254.9,367.6,211.3,0.976
1779,411,16551,497.4,199.8,451.5,310.5,0.974
1780,411,1900,643.8,852.7,204.4,178.4,0.969
1781,411,10224,29.3,828.9,393.4,301.8,0.965
1782,412,5094,105.2,809.5,284.8,288.4,0.991
1783,412,12081,648.2,695.9,246.5,458.6,0.974
1784,412,2483,625.0,80.1,227.3,451.8,0.963
1785,412,19552,118.1,198.2,303.3,484.4,0.946
1786,413,5094,105.4,799.3,278.9,277.2,0.988
1787,413,12081,641.5,686.8,236.6,451.8,0.985
1788,413,2483,626.7,35.2,245.1,472.9,0.983
1789,413,19552,113.2,159.6,309.6,496.7,0.958
1790,414,5094,550.6,187.9,272.4,270.5,0.983
1791,414,12081,71.0,129.5,225.0,427.9,0.982
1792,414,2483,52.6,699.1,257.3,476.1,0.978
1793,414,19552,519.6,551.0,307.9,492.1,0.972
1794,415,3483,600.6,866.8,257.5,231.1,0.998
1795,415,19861,127.0,864.7,220.9,167.5,0.99
1796,415,16262,639.7,177.4,241.5,231.0,0.983
1797,415,31885,97.4,92.8,323.6,542.7,0.959
1798,416,3483,573.8,833.6,261.5,234.7,0.998
1799,416,19861,92.8,825.8,224.7,174.1,0.989
1800,416,16262,608.7,171.9,239.0,230.9,0.982
1801,416,31885,77.1,73.1,318.9,533.7,0.968
1802,417,3483,148.1,218.3,250.5,224.5,0.991
1803,417,19861,637.6,277.6,220.5,169.7,0.983
1804,417,16262,98.7,851.5,252.2,242.1,0.974
1805,417,31885,569.5,613.0,334.6,552.7,0.957
1806,419,3483,124.3,305.2,268.1,205.0,0.986
1807,419,20238,113.9,855.1,231.4,225.4,0.984
1808,419,27733,564.7,261.6,301.8,265.4,0.982
1809,419,25367,540.5,735.0,432.5,442.0,0.976
1810,42,3483,565.6,837.1,260.0,237.4,0.996
1811,42,19861,84.6,824.9,225.5,174.8,0.989
1812,42,29667,609.9,199.4,217.1,211.7,0.975
1813,42,31885,32.0,73.2,321.6,532.2,0.962
1814,420,27733,88.4,727.0,320.0,276.5,0.987
1815,420,20238,613.6,186.1,220.6,213.7,0.987
1816,420,3483,579.9,756.5,274.3,210.4,0.985
1817,420,25367,3.4,75.3,431.3,419.1,0.973
1818,422,3483,149.8,217.2,249.7,223.8,0.994
1819,422,19861,638.9,278.0,220.5,170.2,0.982
1820,422,36637,96.3,906.2,274.4,164.5,0.98
1821,422,34597,561.5,697.8,350.5,514.9,0.977
1822,423,3483,572.4,833.4,261.1,236.4,0.997
1823,423,19861,90.7,825.3,225.9,174.4,0.992
1824,423,34597,80.5,20.2,335.4,488.4,0.984
1825,423,36637,593.0,195.6,255.7,153.5,0.984
1826,429,29667,668.0,178.9,223.6,214.7,0.981
1827,429,3483,607.7,789.1,274.8,206.7,0.977
1828,429,27733,131.8,775.9,311.5,276.5,0.973
1829,429,34597,73.9,155.2,483.4,353.0,0.968
1830,430,33878,617.0,793.4,166.2,218.7,0.991
1831,430,3544,181.0,198.7,204.1,199.6,0.977
1832,430,4543,611.2,154.0,202.9,199.0,0.969
1833,430,16551,72.0,610.3,400.6,408.6,0.967
1834,431,33878,645.9,832.4,162.4,211.6,0.99
1835,431,3544,200.7,207.0,207.4,201.4,0.986
1836,431,4543,641.1,154.9,207.5,201.1,0.966
1837,431,16551,104.8,662.6,400.0,399.1,0.966
1838,432,4543,133.8,904.8,213.4,212.1,0.988
1839,432,33878,195.1,256.2,158.2,215.3,0.978
1840,432,16551,491.4,226.0,398.1,387.6,0.97
1841,432,3544,584.6,858.2,212.7,213.6,0.967
1842,433,27733,89.0,726.5,318.8,277.0,0.988
1843,433,30308,92.6,105.2,356.1,424.0,0.98
1844,433,16232,619.6,178.0,187.7,182.1,0.98
1845,433,3483,579.2,756.3,275.1,210.9,0.979
1846,434,3483,124.0,305.2,268.6,204.3,0.985
1847,434,27733,565.3,260.9,301.5,265.6,0.984
1848,434,30308,532.0,692.8,371.8,446.1,0.969
1849,434,16232,140.5,891.8,197.3,192.4,0.967
1850,435,3483,606.0,790.8,274.3,207.5,0.98
1851,435,16232,648.6,184.5,192.4,179.7,0.979
1852,435,30308,108.3,119.1,366.4,438.7,0.979
1853,435,27733,124.2,771.5,311.9,272.1,0.978
1854,436,3483,603.2,844.5,279.1,188.4,0.988
1855,436,20238,618.4,195.9,223.6,217.0,0.986
1856,436,31885,41.3,134.9,448.5,481.2,0.968
1857,436,25469,50.2,856.9,373.5,218.8,0.957
1858,44,29667,94.7,723.5,229.3,230.8,0.982
1859,44,13900,579.5,673.2,180.3,264.2,0.981
1860,44,3351,371.4,154.5,182.3,187.6,0.979
1861,443,2483,83.4,671.9,248.0,475.1,0.987
1862,443,4378,81.4,105.0,217.2,432.8,0.98
1863,443,25438,568.2,186.0,247.4,254.4,0.963
1864,443,22627,528.8,682.0,350.7,479.0,0.958
1865,444,2483,598.0,114.0,251.8,441.5,0.984
1866,444,25438,111.5,841.0,258.4,265.5,0.983
1867,444,4378,653.6,707.6,218.5,465.6,0.974
1868,444,22627,77.3,90.4,335.6,458.7,0.971
1869,449,3483,591.7,844.5,281.5,171.2,0.991
1870,449,27653,94.7,852.4,223.5,205.7,0.989
1871,449,16262,623.7,181.2,241.6,231.6,0.984
1872,449,34597,44.9,131.4,383.9,478.0,0.972
1873,452,29451,513.0,242.5,405.4,220.9,0.98
1874,452,16551,140.1,635.3,307.9,485.7,0.978
1875,452,44199,175.5,232.4,199.7,261.5,0.977
1876,452,1900,647.2,846.1,184.8,187.2,0.931
1877,454,5094,562.2,195.7,274.0,268.3,0.987
1878,454,2483,104.4,704.4,230.5,480.9,0.98
1879,454,5886,126.1,83.8,232.4,477.7,0.976
1880,454,6192,498.1,585.0,298.2,529.4,0.961
1881,455,5094,94.6,795.2,280.1,275.1,0.993
1882,455,5886,584.7,682.2,232.5,489.9,0.972
1883,455,2483,604.0,24.3,216.7,481.4,0.97
1884,455,6192,142.9,89.7,299.7,518.2,0.958
1885,456,5094,94.6,806.7,285.4,282.7,0.989
1886,456,5886,591.0,683.4,241.7,498.0,0.978
1887,456,6192,145.2,128.7,293.1,507.0,0.959
1888,456,2483,599.3,73.9,204.6,457.8,0.953
1889,457,5094,134.3,833.3,279.0,275.3,0.983
1890,457,13395,631.7,677.2,231.8,494.6,0.976
1891,457,2483,638.9,68.2,216.8,480.2,0.956
1892,457,6192,110.8,158.0,280.9,529.2,0.943
1893,458,5094,134.5,843.0,284.6,285.5,0.987
1894,458,13395,637.5,676.4,244.3,505.6,0.981
1895,458,2483,628.0,112.7,223.3,454.1,0.972
1896,458,6192,114.5,192.5,278.5,518.7,0.947
1897,459,5094,524.0,161.5,271.2,266.6,0.991
1898,459,2483,83.4,661.5,212.2,486.8,0.983
1899,459,13395,80.8,84.4,233.7,484.0,0.977
1900,459,6192,552.6,515.0,269.3,529.6,0.967
1901,46,12081,601.6,707.3,236.6,451.9,0.979
1902,46,3743,118.2,786.1,325.3,320.1,0.978
1903,46,2483,591.1,72.7,245.1,471.9,0.971
1904,46,23223,102.0,114.7,309.2,496.7,0.961
1905,460,3743,492.1,126.5,310.7,301.4,0.984
1906,460,2483,93.9,659.8,207.0,491.1,0.98
1907,460,22362,83.2,118.4,257.7,390.0,0.977
1908,460,23223,508.5,583.2,292.6,507.1,0.968
1909,462,3743,122.3,836.7,326.9,330.4,0.987
1910,462,23223,136.0,159.7,292.0,490.7,0.981
1911,462,22362,607.7,737.3,271.2,411.8,0.978
1912,462,2483,630.7,108.5,196.0,457.0,0.963
1913,463,27653,670.4,254.9,218.1,199.0,0.994
1914,463,20238,133.4,868.5,231.0,227.2,0.991
1915,463,3483,131.4,290.6,276.6,170.8,0.983
1916,463,28763,622.3,873.5,221.1,212.7,0.961
1917,464,3483,564.7,810.1,285.9,177.2,0.992
1918,464,20238,594.6,173.4,219.3,212.1,0.99
1919,464,27653,62.7,811.8,224.7,209.9,0.988
1920,464,28763,137.0,184.1,208.4,199.7,0.976
1921,465,20238,623.6,177.0,224.5,215.4,0.994
1922,465,3483,592.1,844.3,281.8,171.4,0.988
1923,465,27653,96.4,854.0,222.4,205.8,0.977
1924,465,28763,155.2,193.4,212.5,198.9,0.969
1925,468,22362,601.5,748.9,267.4,412.8,0.98
1926,468,25438,156.7,872.8,257.1,265.1,0.978
1927,468,2483,601.3,123.2,202.7,458.6,0.972
1928,468,23223,111.8,129.9,304.6,486.2,0.958
1929,469,27733,125.2,771.6,311.6,272.7,0.98
1930,469,3483,607.0,789.9,274.0,207.3,0.976
1931,469,35206,602.8,125.9,254.4,390.4,0.968
1932,469,28763,149.9,222.4,211.5,199.0,0.966
1933,47,12081,107.0,109.0,228.2,429.3,0.981
1934,47,3743,495.2,167.7,316.1,298.6,0.979
1935,47,2483,91.6,666.3,255.2,470.2,0.974
1936,47,23223,527.9,589.6,311.5,500.9,0.969
1937,472,6563,190.5,708.9,214.2,357.5,0.99
1938,472,33878,630.2,849.6,225.3,137.2,0.983
1939,472,3544,150.5,190.4,207.4,201.1,0.962
1940,472,16548,627.5,147.8,236.5,226.5,0.96
1941,474,33878,147.8,304.5,222.5,148.6,0.987
1942,474,6563,592.1,237.7,208.3,336.9,0.981
1943,474,16548,118.4,881.1,240.5,237.5,0.968
1944,474,3544,636.3,876.1,214.0,213.2,0.967
1945,475,25438,125.2,822.5,258.2,265.6,0.98
1946,475,13395,604.5,711.9,231.4,512.8,0.977
1947,475,2483,596.0,95.4,205.6,453.5,0.973
1948,475,19552,95.3,148.6,308.6,481.7,0.958
1949,477,25438,123.2,811.2,255.4,255.5,0.982
1950,477,13395,593.3,712.0,235.2,498.5,0.974
1951,477,2483,600.7,45.6,214.7,483.5,0.966
1952,477,19552,89.9,105.7,315.8,492.4,0.962
1953,479,3483,536.7,777.8,267.4,222.7,0.996
1954,479,27777,147.1,774.3,175.1,205.1,0.976
1955,479,25367,65.5,84.4,372.1,472.8,0.972
1956,479,36637,636.2,176.5,180.7,244.4,0.937
1957,481,5094,134.7,843.0,284.1,285.5,0.986
1958,481,13395,638.2,676.6,243.7,506.9,0.982
1959,481,2483,626.5,113.0,223.9,452.1,0.98
1960,481,22627,78.7,126.2,303.8,472.3,0.965
1961,482,5094,523.5,161.2,272.1,267.2,0.993
1962,482,2483,83.1,661.6,211.9,486.8,0.984
1963,482,13395,81.3,84.7,233.4,483.6,0.977
1964,482,22627,555.4,634.9,307.9,491.4,0.963
1965,484,32310,20.6,327.7,295.1,326.2,0.99
1966,484,3351,420.7,894.0,190.4,192.7,0.986
1967,484,16688,479.7,121.0,418.7,528.1,0.981
1968,485,32310,622.1,533.3,293.5,345.4,0.989
1969,485,16688,35.5,519.6,426.3,582.5,0.983
1970,485,3351,326.8,146.8,185.0,188.6,0.972
1971,486,32310,661.9,633.2,294.3,346.7,0.985
1972,486,16688,79.3,621.0,421.6,590.1,0.982
1973,486,3351,369.8,205.5,184.8,182.8,0.974
1974,487,3483,606.0,790.9,274.7,206.9,0.982
1975,487,27733,124.2,771.2,311.3,273.0,0.98
1976,487,16232,648.6,185.4,191.8,178.5,0.977
1977,487,31885,94.2,49.9,416.1,508.3,0.972
1978,493,1900,187.2,289.7,198.2,155.7,0.982
1979,493,19607,683.1,901.2,165.2,160.1,0.973
1980,493,16548,125.5,885.7,241.7,238.0,0.967
1981,493,21026,686.6,274.8,175.1,172.7,0.886
1982,494,16548,591.4,138.4,230.8,224.1,0.992
1983,494,21026,91.5,830.9,180.3,180.0,0.986
1984,494,19607,134.2,212.0,155.2,151.9,0.982
1985,494,1900,587.0,828.4,203.3,162.2,0.974
1986,496,3351,394.6,872.4,188.2,190.4,0.98
1987,496,36637,161.4,292.5,191.6,252.4,0.966
1988,496,3832,495.7,177.9,376.3,365.7,0.965
1989,497,3351,353.8,160.2,181.9,184.3,0.979
1990,497,3832,52.9,652.8,382.4,376.3,0.969
1991,497,36637,588.8,668.3,193.6,257.6,0.969
1992,499,3483,124.3,273.4,271.5,187.1,0.983
1993,499,25367,527.3,726.3,436.1,457.8,0.982
1994,499,16262,167.8,835.9,248.8,241.6,0.98
1995,499,25469,573.0,229.9,375.0,219.9,0.956
1996,5,24850,94.9,894.1,300.8,164.9,0.988
1997,5,1900,181.7,267.0,128.9,199.0,0.978
1998,5,16551,570.1,112.2,285.3,480.1,0.966
1999,5,29345,613.1,716.5,288.1,439.4,0.966
2000,500,3483,573.9,810.8,282.8,192.6,0.993
2001,500,16262,544.2,187.1,240.2,229.6,0.983
2002,500,25367,32.2,66.1,418.6,437.2,0.977
2003,500,25469,13.1,812.7,379.3,223.1,0.952
2004,501,3483,602.8,844.6,280.1,188.7,0.988
2005,501,25367,47.1,77.7,429.7,444.6,0.981
2006,501,16262,573.8,194.4,242.7,232.1,0.972
2007,501,25469,50.1,856.9,373.9,219.3,0.956
2008,502,3483,124.2,273.2,272.1,187.4,0.984
2009,502,20238,139.6,850.5,231.9,225.2,0.982
2010,502,30308,547.7,731.0,416.7,410.2,0.977
2011,502,25469,572.9,230.4,375.3,219.5,0.962
2012,503,3483,574.3,811.1,281.8,191.8,0.993
2013,503,20238,588.2,190.9,221.6,213.4,0.984
2014,503,30308,38.1,103.3,388.8,393.9,0.979
2015,503,25469,13.3,812.6,378.7,223.3,0.951
2016,506,3351,351.8,141.9,183.2,185.9,0.984
2017,506,31863,82.1,699.1,208.2,211.2,0.972
2018,506,38162,533.8,632.2,196.8,305.2,0.972
2019,507,3351,393.9,198.4,184.1,182.1,0.983
2020,507,38162,574.4,729.6,192.8,292.0,0.981
2021,507,31863,124.9,785.1,205.1,205.1,0.974
2022,508,22074,166.8,261.7,186.2,188.3,0.982
2023,508,3351,418.9,871.2,190.6,191.4,0.977
2024,508,18147,540.9,240.3,340.0,352.2,0.97
2025,509,22074,589.3,779.8,187.8,193.0,0.988
2026,509,18147,46.2,606.4,347.9,378.6,0.981
2027,509,3351,328.2,167.6,185.3,188.7,0.968
2028,511,3483,149.5,217.1,250.6,224.3,0.994
2029,511,36637,95.6,907.3,274.5,163.6,0.982
2030,511,19861,638.7,277.8,220.7,170.2,0.981
2031,511,25367,575.6,744.2,393.3,494.1,0.977
2032,515,3483,567.6,812.5,263.7,215.9,0.993
2033,515,27777,180.3,813.5,172.7,199.7,0.983
2034,515,30308,93.6,185.8,423.7,366.3,0.978
2035,515,35206,612.5,140.6,228.0,402.5,0.976
2036,516,27777,638.5,293.8,173.2,194.9,0.98
2037,516,3483,171.8,279.2,258.9,212.9,0.979
2038,516,35206,140.3,707.7,240.5,409.5,0.976
2039,516,30308,480.8,702.1,435.1,371.0,0.968
2040,517,3483,591.5,845.0,281.5,171.3,0.992
2041,517,27653,94.6,853.2,223.4,206.0,0.989
2042,517,31885,29.3,18.4,379.0,521.1,0.966
2043,517,36637,644.4,208.4,187.5,247.4,0.962
2044,518,3483,563.0,810.7,287.0,177.0,0.992
2045,518,27653,60.0,810.8,226.2,209.3,0.99
2046,518,36637,614.0,204.7,185.1,241.7,0.964
2047,518,31885,15.6,5.7,370.5,512.5,0.962
2048,519,27653,672.2,255.2,218.4,199.3,0.994
2049,519,3483,132.4,290.4,276.8,171.1,0.987
2050,519,36637,149.3,802.8,196.0,251.9,0.975
2051,519,31885,594.9,700.6,377.0,535.8,0.934
2052,520,3483,175.6,277.8,259.0,213.4,0.986
2053,520,29667,127.3,881.0,229.5,227.6,0.984
2054,520,27777,640.6,295.1,174.1,194.3,0.981
2055,520,28763,613.3,906.2,223.5,212.9,0.975
2056,521,3483,535.4,778.3,267.2,222.4,0.996
2057,521,29667,600.2,159.6,217.0,215.8,0.985
2058,521,27777,143.8,774.3,176.9,204.2,0.978
2059,521,28763,146.9,155.1,207.1,198.5,0.974
2060,522,3483,564.1,814.4,265.3,216.8,0.993
2061,522,29667,629.2,163.5,224.2,214.1,0.983
2062,522,27777,178.9,813.1,172.5,198.4,0.975
2063,522,28763,164.1,160.1,211.5,200.3,0.974
2064,525,3483,124.5,305.0,268.1,203.7,0.986
2065,525,27733,565.7,261.0,300.8,264.5,0.981
2066,525,28763,633.6,864.5,223.3,214.0,0.979
2067,525,16232,140.5,891.5,197.2,193.0,0.967
2068,526,3483,147.8,218.0,250.3,224.1,0.992
2069,526,19861,637.3,277.5,220.7,170.2,0.985
2070,526,16262,98.3,851.2,252.8,243.1,0.977
2071,526,30308,550.3,710.6,316.0,470.5,0.977
2072,527,3483,600.2,866.4,257.6,232.0,0.997
2073,527,19861,127.1,864.9,221.2,167.4,0.991
2074,527,30308,142.1,73.8,309.1,462.5,0.986
2075,527,16262,640.0,177.7,242.2,230.8,0.984
2076,528,3483,574.1,833.9,260.8,234.9,0.998
2077,528,19861,92.4,825.6,225.2,174.6,0.991
2078,528,30308,126.6,65.4,299.3,445.5,0.981
2079,528,16262,609.6,172.3,238.5,230.4,0.978
2080,529,22347,106.4,241.7,205.8,195.6,0.99
2081,529,3483,603.1,845.1,279.0,187.9,0.989
2082,529,20238,618.5,195.8,224.6,216.6,0.981
2083,529,25469,50.4,857.5,372.8,218.9,0.951
2084,53,2483,650.2,112.0,208.5,455.7,0.985
2085,53,25438,133.2,852.4,258.7,265.9,0.979
2086,53,5886,605.9,683.0,238.6,500.2,0.975
2087,53,6192,99.8,119.3,357.6,467.0,0.971
2088,530,3483,124.4,273.4,271.8,186.3,0.985
2089,530,20238,138.6,850.0,232.2,225.6,0.984
2090,530,22347,679.9,831.7,213.0,207.2,0.98
2091,530,25469,573.7,229.3,373.9,220.1,0.959
2092,531,3483,574.9,811.2,281.4,191.7,0.992
2093,531,20238,588.7,190.1,221.8,213.6,0.984
2094,531,22347,89.2,229.9,202.0,195.5,0.982
2095,531,25469,14.1,813.0,377.2,222.4,0.953
2096,532,2483,597.9,125.0,281.6,427.1,0.99
2097,532,3743,74.8,814.1,331.5,326.0,0.987
2098,532,5886,613.3,697.4,235.5,506.0,0.973
2099,532,19552,120.1,119.8,375.0,420.2,0.969
2100,533,2483,607.7,80.6,279.5,452.4,0.979
2101,533,5886,600.2,697.0,240.3,492.7,0.976
2102,533,3743,73.1,801.1,329.0,320.0,0.975
2103,533,19552,116.5,76.5,382.1,429.2,0.974
2104,534,2483,51.5,678.4,282.4,460.7,0.988
2105,534,3743,536.0,152.9,319.6,300.8,0.974
2106,534,19552,444.5,697.3,398.7,434.0,0.971
2107,534,5886,99.5,68.0,239.5,476.4,0.969
2108,535,3483,603.0,845.9,277.9,187.0,0.99
2109,535,25469,87.2,828.8,336.1,301.8,0.989
2110,535,31885,83.4,143.2,415.2,504.0,0.969
2111,535,36637,674.1,173.5,174.7,252.7,0.955
2112,536,3483,573.5,812.0,282.0,191.2,0.994
2113,536,25469,48.4,787.0,342.8,301.6,0.988
2114,536,31885,66.8,121.9,401.2,498.6,0.968
2115,536,36637,644.6,169.5,168.9,249.6,0.952
2116,537,3483,125.4,272.8,271.3,186.3,0.985
2117,537,25469,575.4,184.8,322.9,286.7,0.983
2118,537,36637,132.3,828.9,178.5,264.5,0.966
2119,537,31885,517.2,595.5,400.8,516.7,0.953
2120,539,20014,10.8,668.1,349.7,342.0,0.987
2121,539,3351,320.8,134.2,185.1,187.4,0.987
2122,539,38162,593.2,710.2,198.2,304.1,0.976
2123,54,5886,115.3,82.7,228.9,478.2,0.977
2124,54,2483,69.6,664.2,205.3,484.4,0.976
2125,54,6192,469.1,636.8,370.9,490.6,0.976
2126,54,25438,548.7,175.8,245.5,254.6,0.962
2127,540,3351,364.1,189.9,183.7,182.6,0.985
2128,540,20014,53.9,752.6,346.6,339.4,0.982
2129,540,38162,632.2,806.3,195.5,296.7,0.98
2130,541,3483,148.2,218.4,249.5,223.6,0.991
2131,541,19861,637.8,277.6,220.7,169.9,0.984
2132,541,16232,145.6,899.2,194.0,192.0,0.969
2133,541,31885,582.7,647.6,332.7,556.7,0.954
2134,542,3483,574.2,833.2,260.3,235.1,0.997
2135,542,19861,92.6,825.7,224.7,174.4,0.991
2136,542,16232,616.2,171.8,186.4,181.4,0.975
2137,542,31885,68.8,37.2,316.5,531.1,0.973
2138,543,3483,600.7,867.4,256.6,230.5,0.998
2139,543,19861,127.2,864.8,220.8,167.5,0.992
2140,543,31885,85.1,52.6,324.8,541.0,0.967
2141,543,16232,646.7,175.7,189.8,186.5,0.967
2142,545,3483,175.3,277.4,260.2,213.9,0.99
2143,545,29667,127.5,880.6,229.1,227.6,0.984
2144,545,27777,641.1,294.9,174.5,194.7,0.979
2145,545,22347,662.8,862.2,213.9,209.1,0.967
2146,546,3483,534.7,778.6,267.1,222.5,0.996
2147,546,22347,106.5,199.4,201.1,196.4,0.985
2148,546,29667,599.6,159.9,218.0,216.1,0.984
2149,546,27777,143.2,773.9,177.3,204.4,0.98
2150,547,3483,648.4,751.0,212.1,265.1,0.997
2151,547,22347,122.3,243.5,205.2,195.8,0.986
2152,547,20877,115.2,770.2,334.1,228.1,0.979
2153,547,36637,632.7,208.2,186.0,252.1,0.968
2154,548,3483,141.6,289.1,214.0,259.8,0.993
2155,548,20877,544.0,293.0,328.7,236.8,0.983
2156,548,22347,664.3,830.4,212.4,207.2,0.965
2157,548,36637,166.9,798.0,188.7,256.2,0.965
2158,55,20014,48.5,283.7,341.6,320.4,0.992
2159,55,3351,423.0,847.7,189.7,190.8,0.978
2160,55,16688,439.8,166.8,498.0,454.4,0.949
2161,551,27653,670.0,254.8,219.1,199.8,0.996
2162,551,20238,133.7,868.8,231.1,227.2,0.992
2163,551,3483,131.3,291.4,276.6,170.2,0.983
2164,551,30308,541.8,685.4,391.9,429.8,0.976
2165,552,20238,623.4,177.6,224.2,215.1,0.993
2166,552,3483,592.7,844.2,281.4,171.3,0.987
2167,552,27653,96.2,853.3,223.2,206.0,0.984
2168,552,30308,77.8,143.5,382.8,423.9,0.962
2169,553,3483,574.7,810.6,281.8,192.2,0.99
2170,553,34597,9.5,76.6,420.7,444.8,0.982
2171,553,16232,600.6,212.8,185.4,182.7,0.981
2172,553,25469,13.3,812.7,379.3,222.8,0.952
2173,555,3483,603.3,844.7,278.6,188.3,0.991
2174,555,34597,24.3,101.8,427.9,441.7,0.97
2175,555,16232,630.7,220.0,188.4,187.0,0.957
2176,555,25469,50.6,857.1,373.3,219.1,0.955
2177,56,20014,548.6,619.0,346.6,343.4,0.993
2178,56,3351,324.2,194.2,185.7,187.1,0.983
2179,56,16688,0.0,550.4,507.7,506.1,0.975
2180,560,3483,600.3,866.1,257.8,231.6,0.997
2181,560,19861,127.2,864.8,221.5,167.6,0.991
2182,560,30308,116.7,76.4,277.3,473.8,0.982
2183,560,35206,582.4,97.7,288.5,376.7,0.967
2184,564,21771,162.5,805.9,189.7,186.2,0.993
2185,564,16551,592.6,106.3,294.6,479.0,0.974
2186,564,1900,152.9,254.8,194.0,161.2,0.963
2187,564,33009,549.4,836.7,375.3,198.6,0.927
2188,565,5094,105.4,809.1,284.8,288.6,0.991
2189,565,12778,30.1,167.5,401.7,424.7,0.979
2190,565,12081,647.4,696.4,247.3,458.1,0.976
2191,565,2483,624.4,80.1,229.5,451.7,0.964
2192,569,12081,107.9,109.0,228.2,429.8,0.98
2193,569,3743,496.4,167.9,315.5,298.4,0.979
2194,569,2483,92.3,665.9,254.8,470.3,0.976
2195,569,12778,539.1,576.1,293.3,517.4,0.96
2196,571,21026,90.1,829.8,181.1,180.5,0.987
2197,571,1900,579.9,866.2,211.0,143.3,0.982
2198,571,24850,118.7,137.2,184.0,281.7,0.972
2199,571,16551,541.8,54.3,302.7,454.8,0.962
2200,572,1900,188.5,274.0,202.3,135.9,0.993
2201,572,24850,673.4,829.3,189.1,301.8,0.978
2202,572,16551,103.0,708.6,325.1,481.7,0.967
2203,572,21026,687.1,275.5,175.3,172.9,0.918
2204,573,24850,137.4,141.5,186.4,291.1,0.983
2205,573,21026,125.1,864.9,179.1,177.2,0.966
2206,573,1900,609.3,899.1,206.6,136.2,0.963
2207,573,16551,569.1,62.7,312.2,466.0,0.959
2208,574,3743,116.0,825.6,323.7,323.3,0.975
2209,574,13395,629.8,676.6,228.2,494.5,0.968
2210,574,2483,672.2,80.6,202.5,485.8,0.961
2211,574,22627,92.6,176.2,309.8,481.8,0.951
2212,575,3743,496.5,124.6,312.9,304.8,0.982
2213,575,2483,61.9,645.6,200.4,487.2,0.978
2214,575,13395,86.8,86.7,229.4,480.5,0.974
2215,575,22627,535.2,549.9,308.9,481.5,0.957
2216,576,3743,116.7,838.1,327.4,329.4,0.981
2217,576,13395,634.7,677.1,241.8,506.1,0.981
2218,576,2483,662.7,122.3,206.7,461.4,0.976
2219,576,22627,98.6,210.9,305.2,474.4,0.969
2220,577,19607,138.8,787.0,160.6,156.9,0.993
2221,577,1900,133.6,246.0,195.4,155.1,0.98
2222,577,16551,538.2,71.4,352.0,423.2,0.96
2223,577,33009,519.5,792.8,378.3,207.9,0.958
2224,578,19607,662.4,333.3,155.5,150.6,0.983
2225,578,16551,53.9,725.7,378.5,447.4,0.978
2226,578,33009,86.7,254.5,368.4,211.4,0.977
2227,578,1900,641.7,860.0,207.8,165.4,0.974
2228,579,19607,172.0,822.3,158.1,153.9,0.99
2229,579,1900,153.3,256.3,195.6,154.2,0.974
2230,579,16551,566.6,80.5,365.3,435.0,0.973
2231,579,33009,549.5,837.4,375.1,198.2,0.936
2232,58,3483,573.7,833.3,261.5,234.7,0.997
2233,58,19861,92.2,825.7,225.8,174.4,0.991
2234,58,34597,36.9,51.7,393.6,465.5,0.967
2235,58,35206,552.3,91.5,280.4,369.2,0.964
2236,581,24850,643.8,206.5,179.9,273.4,0.988
2237,581,33009,86.9,253.5,368.7,210.2,0.972
2238,581,16548,104.2,904.9,243.8,240.2,0.96
2239,581,1900,644.3,853.6,204.0,172.9,0.96
2240,583,5094,548.2,186.5,274.4,267.8,0.995
2241,583,2483,69.1,689.8,254.6,471.5,0.987
2242,583,5886,113.4,81.8,233.5,476.4,0.975
2243,583,19552,470.0,634.9,330.6,486.3,0.967
2244,584,5094,108.6,816.0,285.0,284.6,0.993
2245,584,2483,604.3,99.5,258.3,441.4,0.985
2246,584,5886,602.1,686.6,244.6,496.8,0.975
2247,584,19552,148.7,127.9,321.4,467.7,0.964
2248,586,3483,574.0,812.3,281.1,191.2,0.993
2249,586,25469,48.9,787.0,341.6,302.7,0.987
2250,586,28763,145.8,199.5,207.3,196.3,0.984
2251,586,36637,644.9,169.2,170.0,248.3,0.959
2252,587,3483,125.4,272.6,271.1,186.1,0.988
2253,587,25469,574.5,184.1,324.1,287.2,0.981
2254,587,28763,614.2,858.6,221.3,213.4,0.977
2255,587,36637,130.7,829.2,179.9,264.3,0.952
2256,588,3483,602.6,846.8,278.4,186.3,0.991
2257,588,25469,87.4,829.4,335.5,302.3,0.988
2258,588,28763,163.7,207.7,212.4,200.4,0.986
2259,588,36637,676.0,173.4,173.9,252.5,0.944
2260,589,3483,600.5,867.3,257.5,230.5,0.997
2261,589,19861,127.2,864.8,221.1,167.4,0.99
2262,589,16262,640.2,177.5,242.2,231.3,0.987
2263,589,25367,25.8,112.6,348.6,496.4,0.979
2264,591,3483,148.4,218.0,249.6,224.5,0.991
2265,591,25367,628.8,643.6,346.6,508.5,0.988
2266,591,19861,637.7,277.8,220.8,170.0,0.985
2267,591,16262,97.9,851.2,253.2,242.7,0.973
2268,592,3483,149.7,217.2,250.3,223.3,0.994
2269,592,19861,639.5,277.8,219.6,169.6,0.981
2270,592,28763,649.0,901.8,221.9,213.7,0.972
2271,592,29667,119.7,844.1,229.8,226.0,0.971
2272,593,3483,572.7,833.8,260.3,236.0,0.997
2273,593,19861,90.8,825.6,224.9,174.1,0.993
2274,593,29667,609.3,193.1,218.0,215.0,0.983
2275,593,28763,113.6,160.5,207.2,195.8,0.971
2276,594,3483,598.1,867.8,258.7,231.8,0.997
2277,594,19861,125.3,864.8,221.1,167.8,0.993
2278,594,28763,130.3,164.2,210.9,201.6,0.984
2279,594,29667,638.7,200.3,224.9,213.5,0.984
2280,595,32310,111.7,217.6,245.2,341.7,0.985
2281,595,16232,649.9,290.7,189.7,186.3,0.963
2282,595,3351,397.7,867.2,191.0,191.2,0.963
2283,596,32310,579.9,620.1,264.2,368.8,0.985
2284,596,3351,351.5,163.9,180.1,183.1,0.98
2285,596,16232,80.0,732.9,196.8,198.3,0.952
2286,598,3351,402.8,874.9,189.0,190.7,0.988
2287,598,36637,174.7,331.9,182.4,253.9,0.985
2288,598,33880,551.3,190.6,305.3,421.3,0.974
2289,60,3483,147.5,218.1,250.9,224.2,0.99
2290,60,19861,637.4,277.6,220.6,170.4,0.986
2291,60,34597,545.9,692.1,414.6,484.9,0.975
2292,60,35206,106.6,775.5,305.9,388.9,0.962
2293,600,3351,387.4,227.4,183.5,181.4,0.983
2294,600,33880,115.4,685.6,308.9,431.6,0.982
2295,600,36637,624.7,721.9,182.4,257.3,0.974
2296,601,3483,124.4,305.5,268.1,204.4,0.985
2297,601,27733,565.5,261.2,301.5,264.2,0.982
2298,601,16262,154.1,804.1,245.7,241.3,0.963
2299,601,31885,501.4,635.6,454.3,482.7,0.962
2300,602,27733,88.7,726.4,319.6,276.4,0.99
2301,602,3483,578.5,756.2,275.5,211.1,0.981
2302,602,16262,562.2,216.7,238.2,230.1,0.98
2303,602,31885,36.9,112.5,445.9,469.9,0.958
2304,603,3483,606.2,790.7,273.6,207.5,0.98
2305,603,27733,124.3,771.7,311.5,271.6,0.977
2306,603,16262,591.1,227.6,240.9,229.3,0.976
2307,603,31885,51.6,137.3,455.7,470.7,0.973
2308,605,3483,592.5,844.6,281.5,171.0,0.99
2309,605,27653,95.6,854.1,222.6,205.6,0.989
2310,605,28763,145.7,250.1,212.1,200.2,0.972
2311,605,36637,644.9,208.0,188.2,247.3,0.961
2312,608,29667,590.3,722.0,230.5,232.8,0.992
2313,608,33880,46.6,608.3,316.9,444.8,0.985
2314,608,3351,339.9,192.3,184.6,187.7,0.98
2315,610,3483,562.8,810.4,286.0,177.3,0.993
2316,610,27653,59.3,809.9,226.6,210.8,0.989
2317,610,34597,0.0,107.3,397.2,446.8,0.98
2318,610,16232,620.0,221.5,186.9,182.5,0.97
2319,611,27653,671.4,255.4,219.7,199.9,0.994
2320,611,3483,133.2,290.3,276.0,171.1,0.986
2321,611,34597,578.3,655.2,397.7,459.7,0.976
2322,611,16232,142.8,846.6,194.8,193.2,0.968
2323,612,3483,591.0,844.8,281.2,171.5,0.992
2324,612,27653,94.3,852.5,223.0,206.2,0.989
2325,612,34597,0.0,137.0,418.1,441.0,0.986
2326,612,16232,651.1,231.7,189.3,180.6,0.972
2327,614,3351,346.4,154.4,185.0,187.5,0.985
2328,614,22074,634.9,725.9,186.1,193.9,0.985
2329,614,19232,166.8,651.3,240.0,358.6,0.976
2330,615,22074,674.1,820.1,182.9,186.7,0.988
2331,615,19232,209.3,752.9,236.0,356.3,0.969
2332,615,3351,389.4,213.8,183.5,181.4,0.964
2333,616,3483,147.6,217.8,250.3,223.6,0.991
2334,616,19861,637.6,277.2,220.2,170.5,0.985
2335,616,28763,629.2,887.0,222.5,213.8,0.981
2336,616,16232,144.5,899.3,194.5,191.0,0.959
2337,617,3483,600.6,866.6,257.8,231.8,0.997
2338,617,19861,126.7,865.2,221.7,167.7,0.992
2339,617,28763,148.3,179.3,211.3,199.6,0.968
2340,617,16232,646.5,175.1,190.9,186.7,0.955
2341,618,3483,574.1,833.3,260.4,235.0,0.998
2342,618,19861,92.3,826.1,225.3,173.9,0.991
2343,618,28763,131.6,171.6,206.4,198.0,0.98
2344,618,16232,615.8,169.9,186.4,183.8,0.97
2345,62,3351,324.7,156.9,185.1,187.2,0.98
2346,62,18147,92.7,547.8,287.3,419.7,0.977
2347,62,36637,542.4,649.5,203.5,253.6,0.973
2348,620,22362,79.8,74.0,254.1,395.1,0.987
2349,620,5094,521.3,150.1,270.5,265.1,0.982
2350,620,2483,83.4,640.6,203.8,488.9,0.977
2351,620,23223,545.9,636.8,298.2,513.0,0.965
2352,621,5094,137.2,847.4,279.2,274.4,0.98
2353,621,22362,608.8,780.6,251.3,406.7,0.976
2354,621,23223,90.0,57.9,301.7,504.4,0.955
2355,621,2483,649.0,82.2,198.8,486.9,0.92
2356,622,22074,611.0,290.6,187.0,189.2,0.991
2357,622,3351,395.8,890.0,191.2,191.0,0.982
2358,622,41768,130.0,292.8,260.0,295.0,0.979
2359,623,22074,127.3,745.5,188.2,196.0,0.995
2360,623,3351,350.6,149.6,184.7,188.1,0.973
2361,623,41768,558.4,633.4,269.9,308.5,0.97
2362,624,22074,170.3,838.8,184.3,186.4,0.991
2363,624,41768,599.0,722.2,261.4,310.1,0.976
2364,624,3351,393.2,208.9,185.0,182.5,0.971
2365,625,3483,124.6,306.3,267.6,204.2,0.986
2366,625,27733,565.7,261.2,300.9,265.8,0.984
2367,625,16262,153.9,804.3,246.1,241.8,0.973
2368,625,30308,501.2,698.1,421.3,397.4,0.968
2369,627,27733,88.6,727.0,319.4,276.0,0.99
2370,627,3483,579.7,756.2,274.4,210.8,0.983
2371,627,16262,561.7,216.5,239.2,229.9,0.979
2372,627,30308,73.4,148.6,398.2,377.6,0.964
2373,628,3483,124.3,305.4,268.5,203.7,0.987
2374,628,27733,565.4,260.5,301.2,265.3,0.983
2375,628,22347,677.1,850.7,213.3,208.0,0.98
2376,628,16232,139.8,891.5,197.9,192.8,0.967
2377,632,5886,118.0,84.5,232.0,478.5,0.976
2378,632,2483,66.6,666.5,209.6,482.1,0.972
2379,632,23223,500.2,603.5,301.4,509.1,0.966
2380,632,25438,551.7,179.9,245.4,254.2,0.951
2381,633,25438,130.5,847.2,259.0,264.7,0.98
2382,633,5886,598.7,682.7,243.9,497.6,0.975
2383,633,23223,139.6,140.3,291.5,485.6,0.973
2384,633,2483,656.0,106.2,194.5,460.7,0.966
2385,635,33878,617.4,793.4,165.7,217.8,0.99
2386,635,16548,69.3,751.9,238.6,233.0,0.983
2387,635,3544,181.5,198.2,203.3,199.4,0.979
2388,635,4543,611.5,154.1,202.7,198.6,0.961
2389,636,4543,133.6,904.2,213.5,211.9,0.99
2390,636,33878,194.4,255.0,157.7,214.1,0.98
2391,636,16548,653.1,279.7,231.4,223.2,0.972
2392,636,3544,584.6,858.3,212.6,213.5,0.946
2393,637,2483,600.1,124.4,281.1,427.9,0.989
2394,637,6192,53.3,193.2,473.2,344.9,0.988
2395,637,3743,75.0,813.8,331.7,326.0,0.987
2396,637,5886,613.1,696.8,236.1,505.3,0.961
2397,638,3743,73.4,801.0,328.9,320.1,0.98
2398,638,6192,47.7,156.1,482.7,348.8,0.978
2399,638,2483,609.0,80.6,278.9,453.1,0.977
2400,638,5886,600.6,696.7,240.3,493.1,0.975
2401,64,29667,153.4,276.3,228.4,225.1,0.989
2402,64,20014,593.3,267.9,338.1,316.7,0.983
2403,64,3351,396.7,887.3,190.9,191.3,0.963
2404,640,3351,405.4,918.2,190.8,192.5,0.987
2405,640,3832,485.0,283.8,400.8,340.9,0.949
2406,640,20238,94.7,298.0,228.6,223.2,0.86
2407,641,3351,341.2,125.5,184.9,186.0,0.981
2408,641,20238,617.4,707.5,232.6,231.1,0.978
2409,641,3832,40.3,577.7,402.3,349.2,0.975
2410,644,13395,75.5,89.2,232.6,480.8,0.977
2411,644,2483,59.4,650.3,208.0,484.6,0.976
2412,644,3743,485.2,119.4,312.7,303.6,0.975
2413,644,6192,505.2,604.9,274.2,538.0,0.955
2414,646,3483,173.9,278.8,257.8,212.8,0.983
2415,646,27777,639.0,294.2,173.4,194.3,0.98
2416,646,34597,401.8,632.2,456.0,429.0,0.974
2417,646,36637,130.8,825.5,190.0,256.6,0.963
2418,647,3483,565.6,813.8,264.6,215.9,0.992
2419,647,36637,662.5,178.3,190.2,251.9,0.984
2420,647,27777,180.1,813.2,172.0,199.4,0.977
2421,647,34597,142.3,191.8,449.9,412.5,0.972
2422,648,3483,537.1,777.9,266.9,222.3,0.996
2423,648,34597,123.3,160.1,442.8,418.6,0.98
2424,648,27777,146.6,774.7,175.7,205.0,0.976
2425,648,36637,633.7,175.8,182.5,246.1,0.941
2426,65,20014,4.5,632.8,334.0,342.9,0.993
2427,65,29667,560.0,728.6,230.1,231.4,0.991
2428,65,3351,349.9,154.2,185.0,187.4,0.983
2429,650,36637,558.5,822.1,274.8,167.7,0.982
2430,650,32310,0.0,706.2,309.1,314.7,0.978
2431,650,3351,369.9,177.5,178.6,184.8,0.966
2432,652,1900,122.2,256.9,203.2,151.2,0.993
2433,652,24850,112.1,842.2,304.1,169.6,0.985
2434,652,31705,598.3,693.9,253.5,455.2,0.977
2435,652,16551,564.1,66.0,287.1,464.6,0.966
2436,653,31705,131.4,128.8,243.0,419.9,0.998
2437,653,24850,546.2,266.2,296.1,163.5,0.982
2438,653,16551,94.2,691.8,306.6,487.1,0.973
2439,653,1900,645.0,858.0,211.3,156.3,0.96
2440,654,24850,147.0,880.0,300.3,164.1,0.991
2441,654,1900,141.8,267.6,204.6,147.9,0.987
2442,654,31705,625.2,733.4,249.7,444.9,0.972
2443,654,16551,591.1,74.6,295.9,475.2,0.964
2444,656,6563,190.6,708.6,214.7,357.6,0.99
2445,656,33878,630.0,849.4,225.6,136.8,0.982
2446,656,16551,538.1,182.9,417.6,383.7,0.976
2447,656,3544,150.7,190.4,208.2,201.9,0.95
2448,658,18110,80.1,790.0,304.6,289.9,0.989
2449,658,29451,495.4,819.6,402.9,267.2,0.969
2450,658,16551,632.7,11.4,288.1,483.9,0.957
2451,658,1900,171.2,246.4,180.6,181.2,0.947
2452,659,29451,462.5,782.3,406.2,274.1,0.967
2453,659,1900,147.2,238.2,183.4,182.6,0.964
2454,659,18110,43.6,748.8,310.1,298.2,0.96
2455,659,16551,602.8,7.8,280.2,470.2,0.954
2456,66,29667,597.6,821.7,228.6,221.2,0.991
2457,66,20014,33.4,717.5,344.9,339.0,0.987
2458,66,3351,392.4,211.8,184.8,183.6,0.958
2459,660,29451,114.8,214.3,391.2,264.8,0.983
2460,660,18110,611.3,227.8,298.7,286.0,0.964
2461,660,16551,63.5,741.5,296.3,505.4,0.944
2462,660,1900,644.0,847.1,187.4,185.9,0.943
2463,661,31863,178.3,303.7,205.0,205.8,0.983
2464,661,16232,686.8,294.1,190.1,188.6,0.978
2465,661,3351,377.5,879.4,188.4,189.8,0.938
2466,662,31863,556.4,725.4,206.7,211.9,0.978
2467,662,16232,44.5,745.5,194.1,190.5,0.969
2468,662,3351,369.4,161.8,183.6,188.0,0.968
2469,664,3483,140.0,290.0,214.9,260.2,0.992
2470,664,20877,543.2,293.5,328.9,236.1,0.983
2471,664,36637,167.2,800.4,188.5,255.1,0.963
2472,664,28763,629.3,874.4,222.9,212.0,0.958
2473,665,3483,623.9,714.7,209.8,271.2,0.995
2474,665,28763,130.5,184.2,207.9,199.5,0.978
2475,665,20877,85.2,726.0,336.4,238.6,0.977
2476,665,36637,602.7,204.3,181.3,244.7,0.968
2477,667,12081,644.8,702.0,244.8,449.5,0.98
2478,667,25438,121.3,821.0,256.1,254.4,0.98
2479,667,2483,572.9,117.5,298.1,444.7,0.978
2480,667,22627,20.4,142.1,478.2,281.8,0.968
2481,668,2483,67.3,649.4,299.6,452.2,0.984
2482,668,12081,64.9,120.1,228.8,424.9,0.984
2483,668,25438,557.5,194.9,245.2,253.1,0.969
2484,668,22627,428.0,771.2,496.6,302.6,0.965
2485,670,22347,681.8,847.6,213.4,207.5,0.991
2486,670,3483,124.9,274.0,271.4,185.3,0.987
2487,670,25469,574.7,184.2,322.2,288.0,0.983
2488,670,35206,136.5,728.5,242.4,409.9,0.975
2489,672,3483,603.5,845.8,279.1,187.1,0.99
2490,672,25469,88.3,828.8,335.4,303.0,0.989
2491,672,22347,105.9,224.4,205.9,197.4,0.98
2492,672,35206,613.9,120.8,230.9,399.9,0.97
2493,674,27926,600.4,160.1,255.0,448.1,0.988
2494,674,1900,634.7,893.6,207.7,137.9,0.986
2495,674,44199,138.0,294.5,280.3,146.4,0.974
2496,674,16548,152.9,889.8,241.2,239.0,0.932
2497,675,1900,139.0,238.1,199.0,130.4,0.992
2498,675,44199,550.3,833.9,291.5,147.2,0.981
2499,675,16548,564.6,134.0,229.3,225.1,0.974
2500,675,27926,94.8,615.6,269.3,479.1,0.974
2501,677,1900,140.1,239.1,200.1,129.5,0.992
2502,677,18110,13.3,694.0,308.1,298.6,0.977
2503,677,27926,570.0,626.9,254.2,490.4,0.963
2504,677,16551,615.7,14.5,304.5,454.2,0.958
2505,679,5094,104.5,811.0,285.3,285.0,0.991
2506,679,2483,610.9,99.0,212.2,454.4,0.981
2507,679,4378,597.6,704.5,225.8,461.6,0.968
2508,679,22627,134.2,167.7,336.0,459.0,0.965
2509,68,27777,638.4,293.7,173.5,194.9,0.978
2510,68,3483,172.0,279.2,258.2,212.6,0.976
2511,68,30308,511.9,769.4,444.6,370.9,0.968
2512,68,16232,152.7,828.3,192.2,191.8,0.958
2513,680,5094,551.7,189.7,273.2,270.3,0.992
2514,680,2483,87.5,677.0,237.0,478.5,0.983
2515,680,4378,136.3,103.8,216.3,442.4,0.979
2516,680,22627,469.2,606.9,346.7,467.3,0.957
2517,681,5094,104.4,800.1,281.2,274.8,0.989
2518,681,4378,593.2,700.7,214.3,452.8,0.98
2519,681,2483,613.4,54.9,225.8,478.2,0.974
2520,681,22627,131.6,131.9,339.4,465.4,0.963
2521,684,1900,181.7,267.0,128.5,198.7,0.983
2522,684,18110,80.5,764.7,304.6,288.6,0.981
2523,684,16551,529.3,87.9,364.6,431.2,0.974
2524,684,29345,576.9,718.7,328.7,422.5,0.945
2525,685,12081,643.0,703.8,241.7,449.4,0.981
2526,685,2483,576.3,119.2,295.3,444.6,0.98
2527,685,25438,118.5,819.9,255.7,254.5,0.979
2528,685,6192,87.2,9.5,304.0,525.8,0.955
2529,688,20238,612.1,185.7,222.3,214.3,0.988
2530,688,27733,89.2,726.2,319.5,276.8,0.986
2531,688,3483,579.1,755.7,275.3,212.0,0.976
2532,688,34597,97.9,184.8,456.4,401.1,0.974
2533,692,27653,672.1,255.2,218.8,199.7,0.995
2534,692,3483,133.1,290.8,275.9,170.7,0.986
2535,692,22347,658.2,836.6,211.8,206.4,0.983
2536,692,35206,102.2,687.1,206.2,419.7,0.974
2537,694,19232,502.6,237.6,328.7,256.2,0.984
2538,694,3351,402.3,850.8,188.6,189.9,0.98
2539,694,35206,157.5,275.3,256.9,391.4,0.971
2540,697,18357,602.4,201.4,239.5,344.1,0.984
2541,697,3351,402.4,855.5,191.1,191.5,0.981
2542,697,38162,138.6,259.4,226.2,266.8,0.978
2543,698,18357,78.0,631.7,249.7,374.1,0.986
2544,698,3351,347.5,174.9,178.9,183.6,0.984
2545,698,38162,574.2,680.6,236.4,281.4,0.983
2546,70,24850,643.1,257.7,194.4,268.1,0.988
2547,70,29451,47.1,232.7,404.4,229.5,0.958
2548,70,1900,631.1,898.3,211.3,155.6,0.957
2549,70,16551,47.9,708.4,301.3,500.2,0.953
2550,700,3483,573.7,833.2,261.8,235.1,0.997
2551,700,19861,92.2,825.7,226.0,174.5,0.991
2552,700,30308,72.9,129.9,386.5,396.1,0.982
2553,700,16232,616.1,171.6,187.2,182.4,0.975
2554,701,3483,600.2,866.6,258.1,231.2,0.998
2555,701,19861,127.2,864.7,221.0,167.7,0.991
2556,701,30308,88.0,147.6,398.6,404.4,0.983
2557,701,16232,646.3,174.5,189.7,187.7,0.956
2558,702,3483,148.0,218.0,250.2,223.9,0.99
2559,702,19861,637.0,277.7,221.0,170.2,0.984
2560,702,16232,145.0,899.1,195.0,192.1,0.978
2561,702,30308,513.8,695.8,404.9,412.0,0.976
2562,705,3483,592.4,870.9,256.9,233.5,0.993
2563,705,19861,120.1,863.7,220.6,169.3,0.989
2564,705,29667,638.4,204.7,224.9,215.9,0.97
2565,705,22347,122.2,200.4,204.7,198.1,0.969
2566,706,5094,108.8,816.5,285.3,283.9,0.993
2567,706,2483,605.0,98.4,257.2,442.0,0.983
2568,706,5886,602.3,687.0,244.6,496.4,0.974
2569,706,12778,74.0,128.9,339.8,477.2,0.973
2570,707,5094,548.1,186.5,275.1,268.3,0.995
2571,707,2483,69.5,689.5,253.3,471.7,0.986
2572,707,5886,113.7,81.9,232.9,476.0,0.975
2573,707,12778,532.6,628.2,363.3,494.8,0.959
2574,708,5094,110.2,806.3,277.9,274.5,0.99
2575,708,5886,597.3,684.4,233.3,488.6,0.977
2576,708,2483,618.4,52.8,250.5,467.4,0.974
2577,708,12778,67.3,85.4,347.5,488.3,0.953
2578,710,27733,88.4,727.0,320.2,276.4,0.989
2579,710,3483,579.4,755.8,274.5,211.3,0.985
2580,710,16262,563.2,216.1,238.4,230.4,0.981
2581,710,28763,159.5,233.9,206.8,199.0,0.976
2582,712,5094,134.6,842.8,284.8,285.9,0.987
2583,712,13395,637.9,676.8,243.9,506.2,0.984
2584,712,2483,627.4,113.2,222.8,452.1,0.974
2585,712,12778,109.4,131.2,286.1,506.6,0.944
2586,713,5094,524.0,161.4,271.3,267.1,0.993
2587,713,2483,83.0,661.6,212.8,486.0,0.984
2588,713,13395,81.4,84.2,232.6,484.2,0.975
2589,713,12778,549.7,595.5,282.0,523.7,0.958
2590,714,5094,134.8,833.0,278.5,275.5,0.983
2591,714,13395,632.7,675.8,230.0,495.3,0.974
2592,714,2483,638.7,68.1,217.4,479.8,0.966
2593,714,12778,105.6,88.5,290.5,519.2,0.937
2594,716,2483,586.5,115.1,232.2,452.5,0.984
2595,716,3743,117.1,796.8,329.9,327.4,0.98
2596,716,12081,608.1,714.9,244.0,459.8,0.963
2597,716,19552,101.6,147.8,316.2,477.1,0.96
2598,717,3743,496.3,168.1,315.2,298.1,0.979
2599,717,12081,107.5,109.1,228.7,430.2,0.978
2600,717,2483,91.5,665.7,255.9,471.1,0.976
2601,717,19552,524.9,608.6,320.9,488.9,0.963
2602,719,1900,121.1,258.5,201.9,150.2,0.993
2603,719,21771,90.3,810.3,195.9,189.7,0.983
2604,719,31705,604.3,689.7,254.2,451.4,0.98
2605,719,16548,552.1,181.9,231.9,225.5,0.971
2606,72,24850,152.3,776.1,196.2,278.3,0.982
2607,72,16551,643.1,46.9,291.4,481.6,0.972
2608,72,1900,157.6,224.9,204.5,148.5,0.967
2609,72,29451,551.2,841.0,412.7,224.6,0.96
2610,720,21771,674.9,287.6,187.9,180.6,0.994
2611,720,31705,122.0,133.3,247.1,419.8,0.994
2612,720,16548,165.9,842.1,241.6,237.7,0.983
2613,720,1900,647.7,857.2,210.0,154.2,0.978
2614,721,27733,89.6,726.4,319.1,276.3,0.986
2615,721,3483,579.7,756.2,275.5,210.0,0.983
2616,721,35206,568.6,119.3,251.4,380.9,0.977
2617,721,31885,68.7,164.8,447.6,464.5,0.973
2618,724,10221,577.2,166.9,218.7,213.4,0.986
2619,724,31705,573.7,677.4,254.0,449.3,0.986
2620,724,16548,107.1,735.3,236.8,233.5,0.978
2621,724,3544,132.6,177.8,202.3,199.9,0.964
2622,725,31705,145.3,149.7,253.4,419.0,0.989
2623,725,16548,619.7,300.6,230.3,225.1,0.983
2624,725,3544,637.0,885.7,213.0,212.2,0.978
2625,725,10221,152.7,874.7,228.7,226.3,0.978
2626,726,16548,139.0,775.9,237.4,226.2,0.994
2627,726,10221,606.4,172.5,223.9,213.8,0.987
2628,726,31705,601.9,713.0,251.9,444.6,0.975
2629,726,3544,150.1,183.8,206.5,200.5,0.954
2630,727,3483,574.6,811.2,281.6,191.8,0.993
2631,727,16232,600.8,213.9,185.0,181.4,0.98
2632,727,25367,33.1,155.3,413.1,446.9,0.974
2633,727,25469,13.1,812.4,379.1,223.3,0.957
2634,728,3483,603.4,844.2,279.6,188.6,0.989
2635,728,25367,50.8,173.6,422.4,454.3,0.967
2636,728,16232,631.2,219.9,188.6,186.8,0.964
2637,728,25469,50.0,856.8,374.5,219.2,0.962
2638,73,12247,591.1,849.6,213.3,127.1,0.978
2639,73,16551,521.7,72.7,353.9,423.6,0.975
2640,73,6563,165.8,671.3,220.1,365.0,0.967
2641,73,3544,72.0,200.3,203.4,199.6,0.955
2642,731,16548,119.8,768.8,237.3,231.5,0.99
2643,731,3544,101.7,160.1,202.9,200.1,0.985
2644,731,29871,604.1,770.8,204.7,226.7,0.968
2645,731,4543,610.6,141.2,203.6,199.4,0.938
2646,732,16548,607.2,265.9,230.3,220.5,0.979
2647,732,4543,132.5,915.8,215.3,214.8,0.979
2648,732,3544,669.1,899.1,214.8,212.7,0.964
2649,732,29871,166.2,278.7,206.8,212.1,0.963
2650,738,31705,139.7,640.9,250.4,451.7,0.987
2651,738,1900,88.0,258.2,200.0,129.6,0.986
2652,738,44199,604.8,768.6,166.8,287.1,0.98
2653,738,16551,586.0,88.9,289.8,463.5,0.966
2654,740,31705,135.2,128.4,242.0,420.4,0.997
2655,740,19607,657.0,272.3,155.6,150.1,0.987
2656,740,16548,120.7,804.3,240.8,235.6,0.973
2657,740,1900,642.7,831.3,172.0,197.1,0.914
2658,742,2483,83.4,671.7,248.1,474.3,0.989
2659,742,4378,83.5,104.2,213.3,434.3,0.985
2660,742,25438,568.4,186.1,247.0,254.7,0.958
2661,742,6192,564.9,534.7,282.0,531.3,0.956
2662,743,25438,110.0,829.5,254.8,253.3,0.981
2663,743,2483,608.1,68.8,248.3,468.6,0.977
2664,743,4378,642.2,705.6,219.6,454.0,0.974
2665,743,6192,92.5,133.3,284.1,529.4,0.954
2666,745,3351,351.0,892.1,192.1,193.3,0.986
2667,745,32310,115.6,176.1,223.0,366.3,0.984
2668,745,16262,662.9,270.2,236.1,230.8,0.968
2669,747,32310,639.2,733.6,230.6,396.3,0.985
2670,747,3351,437.5,193.6,183.3,181.9,0.98
2671,747,16262,65.3,797.3,239.2,237.0,0.975
2672,75,6563,198.6,713.3,216.9,359.3,0.979
2673,75,16551,551.2,82.8,365.2,433.1,0.975
2674,75,12247,619.4,879.5,211.0,125.1,0.969
2675,75,3544,89.3,209.3,206.3,201.5,0.946
2676,750,16548,149.1,789.3,239.6,236.2,0.975
2677,750,1900,687.6,806.3,129.8,208.7,0.975
2678,750,29345,586.3,132.4,274.6,409.0,0.975
2679,750,44199,175.5,198.7,165.4,269.5,0.97
2680,752,16548,557.0,136.4,230.3,225.2,0.99
2681,752,27993,546.4,776.9,311.7,241.2,0.989
2682,752,6563,165.4,672.5,220.2,364.3,0.965
2683,752,3544,92.0,196.8,203.4,199.9,0.943
2684,754,29667,627.2,763.2,226.3,219.2,0.993
2685,754,3351,373.8,198.9,182.8,180.9,0.982
2686,754,3832,89.1,655.6,367.1,376.6,0.962
2687,756,3351,417.3,890.5,188.2,189.9,0.984
2688,756,29667,125.6,317.6,226.9,223.9,0.978
2689,756,3832,513.3,252.8,368.6,378.7,0.957
2690,758,3483,149.5,217.5,250.3,224.4,0.993
2691,758,19861,639.5,278.3,219.8,169.6,0.981
2692,758,36637,96.6,906.8,273.5,163.5,0.977
2693,758,31885,563.2,657.5,339.6,550.7,0.944
2694,759,3483,572.7,833.3,259.8,235.9,0.998
2695,759,19861,90.0,825.3,226.0,174.1,0.993
2696,759,36637,593.4,195.8,255.7,153.4,0.981
2697,759,31885,75.8,33.7,326.9,525.3,0.961
2698,760,16548,579.9,201.9,232.6,226.3,0.993
2699,760,1900,157.9,259.1,128.1,198.7,0.981
2700,760,33208,655.7,803.9,213.7,203.8,0.979
2701,760,29345,87.5,707.5,287.6,445.8,0.961
2702,761,16548,608.1,211.6,241.4,226.3,0.99
2703,761,1900,178.1,268.8,130.3,198.3,0.986
2704,761,33208,683.0,836.4,211.7,200.3,0.979
2705,761,29345,123.5,748.9,285.3,438.4,0.968
2706,763,3483,124.5,305.9,268.2,204.1,0.985
2707,763,27733,565.4,261.5,301.6,264.0,0.982
2708,763,20238,114.2,854.8,230.9,225.6,0.979
2709,763,31885,498.6,639.7,457.8,482.4,0.971
2710,764,20238,643.6,191.7,224.2,214.8,0.985
2711,764,3483,606.0,790.4,274.5,207.9,0.982
2712,764,27733,124.3,771.7,311.9,271.4,0.978
2713,764,31885,50.9,133.5,459.4,470.9,0.97
2714,766,3483,141.5,289.0,215.0,260.2,0.989
2715,766,20877,543.9,293.5,329.1,236.5,0.983
2716,766,34597,565.3,731.0,410.7,477.3,0.972
2717,766,36637,167.3,798.5,188.8,255.4,0.965
2718,768,3483,622.1,716.7,210.8,270.5,0.996
2719,768,20877,83.7,725.4,336.7,239.4,0.979
2720,768,34597,6.9,23.8,403.2,455.2,0.975
2721,768,36637,602.4,205.8,181.4,244.5,0.967
2722,772,33208,638.7,878.3,210.1,201.0,0.985
2723,772,31705,173.9,687.4,246.8,439.9,0.984
2724,772,16551,556.4,81.2,286.4,478.4,0.961
2725,772,1900,104.1,268.1,205.3,126.6,0.927
2726,773,33208,610.2,845.7,214.4,206.3,0.988
2727,773,1900,87.5,258.2,200.6,129.6,0.985
2728,773,31705,140.5,641.0,249.4,451.7,0.978
2729,773,16551,528.2,71.0,279.7,467.2,0.967
2730,778,3483,603.2,843.9,278.5,189.0,0.989
2731,778,30308,85.2,169.8,403.3,399.9,0.97
2732,778,25469,49.9,857.0,374.0,219.3,0.958
2733,778,16232,631.0,220.4,188.3,186.5,0.956
2734,779,3483,124.6,273.4,271.3,187.1,0.984
2735,779,30308,512.7,685.2,412.9,405.8,0.976
2736,779,16232,162.8,856.1,194.6,191.8,0.974
2737,779,25469,572.7,230.1,375.6,219.9,0.964
2738,780,3483,574.8,810.7,281.4,191.8,0.992
2739,780,16232,600.6,212.9,185.7,182.5,0.982
2740,780,30308,70.4,150.3,392.0,392.1,0.981
2741,780,25469,13.4,812.6,378.8,223.1,0.952
2742,782,20014,8.3,625.8,349.9,340.6,0.99
2743,782,22074,586.4,727.5,186.8,194.9,0.985
2744,782,3351,339.6,184.5,184.7,186.9,0.979
2745,785,27653,671.8,255.3,219.4,199.8,0.994
2746,785,3483,132.7,290.9,276.3,170.5,0.981
2747,785,25367,541.4,690.5,391.2,493.9,0.977
2748,785,35206,102.8,687.3,206.7,419.5,0.976
2749,787,3483,147.5,218.5,250.7,223.5,0.99
2750,787,19861,638.1,277.7,220.0,170.3,0.985
2751,787,20238,113.1,856.9,230.0,225.9,0.982
2752,787,34597,537.7,654.7,351.8,509.4,0.972
2753,788,3483,573.9,833.2,261.2,235.3,0.997
2754,788,19861,92.5,825.8,225.2,174.4,0.991
2755,788,20238,614.5,185.3,220.6,213.5,0.983
2756,788,34597,95.7,63.2,340.3,490.1,0.979
2757,79,16262,128.8,298.5,241.8,233.7,0.984
2758,79,3351,387.7,846.3,188.9,190.6,0.978
2759,79,19232,501.4,237.6,331.4,254.7,0.977
2760,797,27993,492.5,853.1,340.9,161.3,0.977
2761,797,4543,601.1,188.2,203.9,198.9,0.976
2762,797,16551,40.9,528.9,307.3,473.4,0.963
2763,797,3544,146.3,191.3,203.2,198.6,0.952
2764,798,27993,521.5,889.6,337.1,156.7,0.973
2765,798,4543,629.8,192.9,208.5,200.8,0.954
2766,798,16551,71.4,576.7,309.5,467.6,0.953
2767,798,3544,164.6,199.3,206.1,199.5,0.949
2768,799,3483,600.5,867.8,257.6,230.8,0.997
2769,799,20238,644.9,188.9,224.8,216.3,0.992
2770,799,19861,127.2,865.1,221.1,167.8,0.989
2771,799,28763,169.8,179.9,210.2,201.4,0.983
2772,8,20238,623.9,177.8,224.6,215.1,0.992
2773,8,3483,592.3,845.3,281.0,171.5,0.991
2774,8,27653,95.1,853.8,223.8,206.0,0.986
2775,8,22347,130.4,220.4,204.1,196.4,0.971
2776,80,16262,572.6,696.0,242.6,242.8,0.984
2777,80,3351,359.3,195.2,183.9,187.8,0.983
2778,80,19232,95.1,698.5,338.5,267.4,0.976
2779,807,3483,154.7,214.2,251.1,223.6,0.993
2780,807,19861,643.9,278.6,221.5,169.7,0.983
2781,807,25367,610.1,708.0,318.9,525.3,0.983
2782,807,29667,118.6,840.0,230.0,225.7,0.964
2783,808,29871,634.8,824.8,166.1,239.8,0.994
2784,808,6563,192.3,707.1,216.7,357.0,0.978
2785,808,16551,614.1,49.9,337.7,454.2,0.958
2786,808,3544,109.0,207.2,207.2,201.3,0.957
2787,810,29871,607.4,789.9,170.9,244.3,0.986
2788,810,6563,159.4,666.7,220.9,362.8,0.98
2789,810,16551,583.5,43.3,331.6,441.9,0.941
2790,810,3544,92.9,199.0,203.4,198.7,0.906
2791,815,20238,99.8,711.7,229.1,228.3,0.99
2792,815,32310,522.3,615.7,279.9,358.0,0.983
2793,815,3351,363.1,170.4,180.6,184.8,0.973
2794,817,3483,590.7,844.8,280.9,170.9,0.991
2795,817,27653,94.4,852.6,223.0,206.1,0.989
2796,817,16232,650.2,232.0,190.6,179.8,0.974
2797,817,30308,95.0,155.3,385.3,421.9,0.964
2798,818,27653,672.5,255.6,218.2,199.7,0.994
2799,818,3483,132.7,290.2,276.4,171.3,0.984
2800,818,30308,524.7,676.7,389.2,426.4,0.97
2801,818,16232,142.7,846.9,195.2,192.9,0.965
2802,819,3483,562.6,810.3,285.7,177.4,0.992
2803,819,27653,59.4,809.7,226.3,210.4,0.988
2804,819,16232,620.1,221.4,186.9,182.8,0.975
2805,819,30308,80.2,138.5,375.3,410.8,0.972
2806,82,3743,123.0,837.0,326.7,330.0,0.987
2807,82,22362,608.1,737.3,271.1,411.9,0.98
2808,82,2483,632.2,107.9,193.4,459.4,0.965
2809,82,19552,120.3,159.2,315.7,479.3,0.951
2810,820,2483,97.2,693.9,210.9,486.1,0.982
2811,820,3743,484.3,150.3,315.3,302.3,0.98
2812,820,4378,135.3,104.3,221.5,440.2,0.973
2813,820,19552,485.8,644.9,334.1,482.2,0.962
2814,822,3743,130.3,814.5,332.7,326.3,0.982
2815,822,4378,593.8,706.0,235.4,459.1,0.973
2816,822,2483,622.9,79.6,193.6,457.7,0.96
2817,822,19552,129.5,119.8,327.3,469.8,0.954
2818,826,3351,408.2,862.0,189.0,191.4,0.992
2819,826,38162,176.1,203.1,251.3,262.7,0.98
2820,826,18147,542.0,321.7,302.8,383.5,0.976
2821,828,38162,551.7,864.3,250.0,252.2,0.994
2822,828,3351,382.8,237.9,183.5,182.0,0.983
2823,828,18147,131.6,573.5,306.5,407.9,0.982
2824,829,3483,537.5,778.5,266.4,221.4,0.996
2825,829,28763,98.0,169.0,206.3,198.9,0.976
2826,829,27777,146.7,775.6,176.1,204.2,0.975
2827,829,36637,637.3,176.9,179.6,242.7,0.946
2828,83,3743,491.7,126.4,310.9,301.6,0.987
2829,83,2483,93.7,660.9,208.2,490.8,0.981
2830,83,22362,83.2,118.2,257.4,389.9,0.978
2831,83,19552,506.6,598.9,316.7,483.7,0.964
2832,830,3483,173.7,277.5,258.6,214.1,0.989
2833,830,27777,639.1,293.6,173.5,194.2,0.979
2834,830,36637,129.7,826.8,191.1,254.9,0.97
2835,830,28763,665.7,891.3,222.2,212.7,0.96
2836,831,3483,566.3,813.8,263.9,215.8,0.991
2837,831,36637,667.2,177.6,186.0,250.0,0.981
2838,831,27777,179.9,814.0,172.3,198.9,0.979
2839,831,28763,112.9,176.5,212.2,199.8,0.97
2840,832,16548,606.6,162.8,236.8,225.5,0.975
2841,832,1900,623.4,887.7,208.2,139.2,0.97
2842,832,21026,138.5,868.1,178.8,177.2,0.97
2843,832,18110,61.8,125.5,302.7,286.6,0.965
2844,838,1900,140.1,239.0,199.7,129.6,0.993
2845,838,33208,588.1,800.3,213.2,205.4,0.988
2846,838,16548,592.4,162.0,229.9,224.7,0.977
2847,838,27926,89.4,615.9,270.5,478.7,0.976
2848,842,3483,124.4,305.8,267.9,204.2,0.986
2849,842,27733,565.4,261.5,301.1,265.7,0.984
2850,842,16262,153.6,803.4,247.1,242.0,0.975
2851,842,34597,471.6,668.3,460.9,428.9,0.971
2852,85,21771,149.0,849.1,195.2,190.8,0.987
2853,85,1900,160.5,257.6,128.0,197.8,0.986
2854,85,16548,569.4,250.3,233.4,226.3,0.985
2855,85,29345,585.4,678.0,286.8,447.1,0.957
2856,851,3743,122.9,837.0,326.6,330.3,0.986
2857,851,22362,608.1,737.6,270.7,411.5,0.979
2858,851,2483,631.4,108.6,195.2,458.1,0.964
2859,851,22627,110.1,166.6,304.8,473.4,0.963
2860,855,3743,130.3,814.3,332.4,325.9,0.975
2861,855,4378,594.1,705.7,235.3,458.8,0.969
2862,855,2483,622.7,79.3,194.7,459.0,0.966
2863,855,12778,91.4,153.7,301.9,500.7,0.961
2864,857,16262,94.9,679.9,244.1,244.1,0.986
2865,857,3351,338.0,135.0,183.6,185.5,0.981
2866,857,31863,575.1,745.8,207.5,212.7,0.972
2867,858,3351,380.5,190.4,183.8,182.8,0.99
2868,858,16262,138.7,769.5,239.1,238.0,0.975
2869,858,31863,613.2,835.2,205.5,205.3,0.926
2870,86,21771,619.1,251.1,186.0,180.3,0.992
2871,86,16548,152.3,769.0,239.7,237.2,0.985
2872,86,1900,683.5,807.9,132.2,208.0,0.985
2873,86,29345,117.8,153.8,273.8,415.9,0.974
2874,861,2483,568.9,159.7,297.3,422.9,0.988
2875,861,25438,123.5,832.0,258.5,265.3,0.983
2876,861,12081,652.3,706.4,252.8,461.0,0.975
2877,861,19552,71.5,105.2,341.9,453.7,0.973
2878,862,3483,602.9,846.7,278.1,186.2,0.99
2879,862,25469,87.5,828.2,335.5,302.8,0.989
2880,862,34597,76.7,135.5,447.0,415.5,0.97
2881,862,36637,672.5,174.3,176.9,252.3,0.946
2882,864,3483,574.2,811.5,280.7,191.5,0.991
2883,864,25469,48.8,786.7,341.9,302.8,0.989
2884,864,34597,60.5,106.8,440.0,421.6,0.972
2885,864,36637,643.9,169.1,169.9,249.9,0.954
2886,866,16688,30.8,523.2,431.9,577.2,0.985
2887,866,3832,484.5,557.3,383.3,373.5,0.982
2888,866,3351,304.9,174.1,186.2,188.2,0.969
2889,867,3351,347.2,234.0,184.3,182.8,0.983
2890,867,16688,75.2,623.1,425.6,583.6,0.982
2891,867,3832,526.0,657.3,376.6,363.0,0.967
2892,868,3483,590.4,844.7,281.9,171.3,0.993
2893,868,27653,94.3,852.7,222.7,205.8,0.989
2894,868,31885,32.3,60.1,411.8,506.0,0.975
2895,868,16232,650.7,231.9,189.8,180.2,0.973
2896,869,3483,562.3,810.6,287.4,177.4,0.995
2897,869,27653,59.3,809.9,226.3,209.9,0.987
2898,869,16232,620.0,221.9,187.1,182.4,0.981
2899,869,31885,18.5,43.0,402.3,499.7,0.954
2900,870,27653,672.2,255.4,219.1,199.9,0.994
2901,870,3483,133.1,290.4,276.3,171.0,0.986
2902,870,16232,143.0,846.1,194.6,193.2,0.97
2903,870,31885,566.9,676.3,401.1,520.0,0.96
2904,873,3351,344.2,225.8,184.2,181.7,0.982
2905,873,18147,620.8,671.7,281.8,421.6,0.981
2906,873,16688,74.0,623.2,430.0,584.9,0.981
2907,874,3483,623.0,715.3,210.7,270.8,0.994
2908,874,20877,85.4,725.8,335.8,238.0,0.983
2909,874,16232,625.3,219.9,189.7,185.6,0.979
2910,874,31885,145.0,154.4,436.8,476.9,0.977
2911,875,3483,648.6,749.8,211.8,264.9,0.995
2912,875,20877,116.7,769.5,333.2,227.2,0.984
2913,875,16232,655.2,232.2,192.4,179.1,0.979
2914,875,31885,162.5,180.7,449.0,477.8,0.975
2915,878,3483,592.4,844.5,280.8,170.4,0.99
2916,878,27653,95.2,853.0,223.7,206.0,0.988
2917,878,34597,74.5,125.4,336.5,494.4,0.975
2918,878,36637,643.5,207.8,188.7,247.9,0.953
2919,879,3483,563.7,810.0,284.0,176.2,0.991
2920,879,27653,60.8,810.3,226.2,210.2,0.99
2921,879,34597,59.4,98.7,328.6,493.5,0.964
2922,879,36637,613.6,203.0,184.9,242.6,0.964
2923,88,31705,622.4,733.1,247.7,445.8,0.975
2924,88,1900,129.5,230.2,206.7,138.0,0.959
2925,88,18110,80.9,801.2,304.2,287.2,0.958
2926,88,16551,609.6,48.9,288.0,483.1,0.949
2927,880,5094,510.5,160.0,269.2,266.0,0.991
2928,880,2483,77.1,669.0,220.1,483.1,0.985
2929,880,13395,68.7,90.6,233.2,483.1,0.975
2930,880,23223,509.0,605.3,303.0,505.9,0.958
2931,882,5094,148.4,836.3,279.6,275.3,0.985
2932,882,13395,643.9,671.1,235.3,493.1,0.979
2933,882,2483,638.4,61.9,223.7,479.7,0.97
2934,882,23223,125.2,98.0,303.7,497.7,0.962
2935,883,3483,602.9,845.1,279.6,187.2,0.992
2936,883,28763,143.6,232.0,210.7,200.3,0.97
2937,883,16232,631.2,219.7,188.6,186.8,0.959
2938,883,25469,51.5,857.4,371.7,218.7,0.953
2939,886,3351,409.4,891.6,189.5,192.0,0.988
2940,886,31863,163.6,284.8,205.0,206.7,0.976
2941,886,35206,543.9,264.3,266.2,383.6,0.971
2942,888,3351,381.1,206.7,183.8,182.3,0.98
2943,888,35206,164.8,646.1,261.9,395.1,0.964
2944,888,31863,611.3,835.5,204.8,205.0,0.961
2945,889,3483,140.6,289.9,214.1,259.9,0.992
2946,889,20877,543.1,293.3,329.1,236.2,0.983
2947,889,16232,134.3,848.3,195.4,189.8,0.97
2948,889,28763,708.5,888.7,222.7,211.8,0.964
2949,89,1900,112.8,223.0,203.9,141.6,0.983
2950,89,31705,593.0,696.5,255.7,448.6,0.977
2951,89,18110,42.9,759.5,309.7,297.6,0.964
2952,89,16551,582.3,43.1,277.4,471.2,0.949
2953,891,3483,623.9,715.4,209.6,270.6,0.995
2954,891,20877,85.6,726.0,335.6,239.2,0.978
2955,891,16232,625.7,218.9,190.2,185.8,0.976
2956,891,28763,55.4,171.8,208.6,199.1,0.964
2957,894,3483,622.4,716.5,211.0,270.5,0.996
2958,894,20877,83.6,725.2,336.9,240.1,0.976
2959,894,25367,25.2,30.4,414.5,438.3,0.971
2960,894,36637,600.7,205.5,183.2,243.8,0.965
2961,895,21026,99.7,819.1,180.7,180.9,0.982
2962,895,10221,584.3,774.6,224.8,222.1,0.972
2963,895,3544,92.5,221.5,203.3,200.4,0.972
2964,895,16551,534.0,39.1,295.4,458.9,0.966
2965,896,10221,611.6,813.3,223.6,215.1,0.982
2966,896,21026,134.3,854.8,178.4,177.0,0.981
2967,896,16551,562.6,45.7,302.3,470.0,0.959
2968,896,3544,109.3,233.0,207.6,199.9,0.942
2969,897,21026,677.9,284.8,176.3,172.4,0.971
2970,897,10221,169.2,274.2,219.4,215.9,0.966
2971,897,16551,116.4,721.8,319.5,488.3,0.955
2972,897,3544,676.4,834.9,214.3,212.5,0.944
2973,898,12247,617.3,205.4,173.3,186.6,0.989
2974,898,16548,73.2,778.3,238.4,233.1,0.974
2975,898,3544,119.7,172.5,201.7,197.9,0.958
2976,898,27926,569.2,583.4,254.3,486.9,0.925
2977,9,3483,563.8,810.3,285.3,177.8,0.993
2978,9,20238,594.4,174.1,220.2,212.0,0.991
2979,9,22347,113.2,211.1,201.0,195.1,0.991
2980,9,27653,62.0,811.6,224.9,209.5,0.99
2981,90,31705,135.3,127.5,243.4,421.9,0.998
2982,90,1900,657.0,902.1,212.5,148.4,0.975
2983,90,18110,609.4,219.3,299.2,284.5,0.966
2984,90,16551,89.0,707.8,292.1,495.5,0.965
2985,900,12247,647.5,204.9,175.0,189.6,0.983
2986,900,3544,136.3,177.8,206.3,200.9,0.959
2987,900,16548,108.6,821.9,235.7,226.3,0.957
2988,900,27926,598.0,627.3,251.3,481.9,0.911
2989,904,20238,643.0,191.3,225.7,214.8,0.988
2990,904,27733,124.3,771.4,312.2,272.7,0.98
2991,904,3483,605.8,789.9,275.4,208.1,0.979
2992,904,30308,160.7,52.9,296.6,472.6,0.976
2993,906,3483,124.3,304.8,268.1,205.3,0.986
2994,906,27733,565.7,261.5,301.3,265.1,0.984
2995,906,20238,113.5,855.1,231.6,225.5,0.981
2996,906,30308,545.0,720.7,300.0,484.2,0.965
2997,908,20238,117.5,716.5,226.5,226.8,0.991
2998,908,3351,304.9,194.4,183.8,187.0,0.977
2999,908,31863,575.5,745.7,207.5,212.7,0.968
3000,91,1900,631.5,893.5,208.7,137.9,0.987
3001,91,19607,689.1,299.0,157.4,149.7,0.983
3002,91,16548,124.2,865.3,240.0,237.6,0.979
3003,91,27926,146.7,143.1,258.7,455.9,0.969
3004,910,3483,175.1,277.6,260.0,213.5,0.985
3005,910,29667,127.4,880.3,229.9,227.7,0.984
3006,910,27777,640.9,295.4,174.5,194.3,0.983
3007,910,25367,510.6,699.3,451.2,440.1,0.98
3008,912,3483,533.9,778.4,268.0,223.2,0.996
3009,912,29667,599.5,160.3,217.8,216.2,0.981
3010,912,27777,143.1,773.5,177.4,204.6,0.978
3011,912,25367,28.4,108.6,435.9,421.0,0.967
3012,914,35206,42.0,613.2,344.2,356.6,0.985
3013,914,13900,556.2,709.8,203.5,246.3,0.978
3014,914,3351,369.4,124.6,182.9,188.5,0.969
3015,915,3351,412.0,179.9,184.4,183.2,0.978
3016,915,13900,595.4,798.6,199.3,243.2,0.976
3017,915,35206,88.7,708.5,338.2,348.7,0.956
3018,916,3483,124.0,306.1,268.6,204.0,0.984
3019,916,27733,565.6,261.4,301.4,265.7,0.982
3020,916,25367,502.3,679.8,462.0,427.8,0.974
3021,916,16232,140.9,891.7,197.2,192.5,0.965
3022,919,3483,123.3,307.0,268.1,204.5,0.986
3023,919,36637,102.3,882.5,264.6,179.6,0.984
3024,919,27733,564.8,260.3,300.2,267.0,0.984
3025,919,30308,492.9,678.3,372.6,439.8,0.979
3026,920,3483,581.2,755.3,274.8,210.8,0.985
3027,920,30308,127.2,122.3,359.9,424.9,0.983
3028,920,27733,90.4,725.9,319.3,277.5,0.981
3029,920,36637,592.0,203.5,252.8,169.3,0.961
3030,923,3483,141.3,288.5,215.8,260.6,0.99
3031,923,20877,543.9,293.3,329.8,237.0,0.983
3032,923,25367,538.6,706.3,433.7,452.8,0.981
3033,923,16262,110.9,836.3,248.4,241.2,0.965
3034,925,3483,147.9,219.0,249.9,222.9,0.99
3035,925,19861,637.5,277.7,220.9,170.1,0.985
3036,925,34597,482.7,625.4,441.3,454.8,0.974
3037,925,16232,144.9,899.2,195.3,191.6,0.965
3038,927,3483,573.7,833.6,261.9,234.8,0.998
3039,927,19861,92.5,825.9,225.3,174.0,0.991
3040,927,34597,61.1,144.1,426.4,439.4,0.983
3041,927,16232,616.2,171.6,186.1,182.5,0.973
3042,929,3483,574.9,811.0,281.9,192.1,0.992
3043,929,31885,25.6,43.4,421.2,486.2,0.984
3044,929,16232,600.5,212.7,185.5,182.7,0.98
3045,929,25469,13.8,812.9,378.1,222.3,0.952
3046,930,3483,124.5,273.0,271.7,186.8,0.986
3047,930,16232,164.2,855.7,193.2,191.7,0.976
3048,930,25469,573.8,230.2,373.6,219.7,0.964
3049,930,31885,538.5,687.5,428.3,511.3,0.957
3050,931,1900,177.9,268.5,129.7,199.0,0.986
3051,931,19607,166.0,917.6,158.8,154.7,0.981
3052,931,16551,477.9,243.7,486.4,262.8,0.981
3053,931,29345,575.9,719.8,329.2,420.1,0.946
3054,932,1900,156.4,258.9,128.5,199.1,0.979
3055,932,19607,130.4,885.9,161.9,157.1,0.975
3056,932,29345,546.1,680.2,332.4,428.8,0.956
3057,932,16551,451.8,220.8,478.0,269.1,0.945
3058,933,19607,667.2,252.3,155.7,152.3,0.992
3059,933,16551,25.4,733.7,489.4,281.3,0.982
3060,933,29345,118.6,167.2,308.8,401.6,0.978
3061,933,1900,687.9,806.4,129.6,208.9,0.977
3062,936,2483,599.3,114.0,250.7,441.8,0.984
3063,936,25438,111.3,841.1,258.8,265.7,0.983
3064,936,4378,654.4,707.8,217.2,465.4,0.974
3065,936,19552,119.8,203.0,307.7,481.0,0.95
3066,937,3743,130.5,814.1,332.6,326.6,0.977
3067,937,2483,622.9,79.6,194.4,459.2,0.97
3068,937,4378,594.0,705.5,235.7,459.0,0.968
3069,937,6192,126.9,111.2,291.8,513.0,0.949
3070,938,3743,129.8,802.0,325.9,319.9,0.98
3071,938,4378,589.0,702.7,223.8,449.7,0.975
3072,938,6192,124.2,70.5,293.3,528.1,0.938
3073,938,2483,631.8,32.8,196.8,483.0,0.921
3074,940,3351,422.4,899.0,189.0,190.1,0.981
3075,940,16232,642.4,322.8,193.2,187.8,0.973
3076,940,18147,205.6,226.0,217.1,415.8,0.969
3077,941,16232,92.7,711.7,192.0,193.4,0.982
3078,941,18147,517.7,546.1,212.6,453.0,0.981
3079,941,3351,325.8,143.7,184.6,186.6,0.973
3080,942,16232,133.3,800.5,190.0,189.1,0.983
3081,942,3351,368.0,200.4,184.8,183.5,0.976
3082,942,18147,555.8,640.1,215.3,451.4,0.976
3083,945,3483,148.4,217.7,249.5,224.5,0.992
3084,945,19861,637.4,277.7,220.7,170.0,0.986
3085,945,25367,629.4,641.8,320.3,521.4,0.984
3086,945,20238,113.2,857.1,229.6,226.2,0.984
3087,947,27653,672.4,255.3,218.1,198.9,0.993
3088,947,3483,133.3,289.3,275.3,171.7,0.988
3089,947,28763,592.2,886.5,223.1,213.5,0.974
3090,947,16232,142.0,846.1,195.0,192.0,0.96
3091,948,3483,590.6,844.5,281.3,172.3,0.991
3092,948,27653,94.5,853.1,222.5,205.7,0.989
3093,948,16232,648.8,231.3,191.8,180.4,0.972
3094,948,28763,184.8,179.9,210.6,199.6,0.962
3095,949,3483,141.0,289.4,215.2,259.8,0.991
3096,949,20877,543.0,293.4,329.7,236.2,0.984
3097,949,30308,502.3,725.0,420.6,399.1,0.981
3098,949,16262,111.9,837.6,247.0,240.0,0.971
3099,95,32310,499.3,718.5,384.3,239.0,0.981
3100,95,29667,62.4,744.3,227.8,231.2,0.978
3101,95,3351,338.5,184.0,180.7,185.0,0.956
3102,950,3483,622.5,716.7,210.9,270.2,0.996
3103,950,20877,85.1,725.3,336.4,240.0,0.977
3104,950,16262,599.3,184.0,240.5,230.8,0.97
3105,950,30308,72.9,119.4,398.8,384.4,0.969
3106,951,3483,648.4,750.8,212.5,265.6,0.995
3107,951,30308,88.4,136.7,409.0,391.3,0.98
3108,951,20877,116.2,769.4,333.9,228.8,0.978
3109,951,16262,629.1,190.0,245.4,233.4,0.974
3110,952,30308,560.1,649.9,391.5,428.4,0.984
3111,952,3483,124.4,273.3,271.6,186.7,0.983
3112,952,16262,168.7,835.6,247.5,241.7,0.973
3113,952,25469,573.1,230.2,374.0,220.0,0.957
3114,953,3483,575.1,810.3,281.2,193.2,0.992
3115,953,16262,544.6,186.9,240.0,229.8,0.985
3116,953,30308,46.0,160.7,373.2,415.1,0.979
3117,953,25469,13.1,812.8,378.5,222.9,0.954
3118,954,3483,602.9,844.9,280.0,187.8,0.988
3119,954,30308,62.0,181.2,386.0,425.4,0.979
3120,954,16262,575.2,194.9,240.9,231.4,0.973
3121,954,25469,49.8,857.0,373.8,219.2,0.959
3122,956,19607,141.0,862.1,160.3,155.4,0.988
3123,956,1900,157.8,249.2,204.5,126.6,0.985
3124,956,27926,598.8,674.0,252.9,480.6,0.957
3125,956,16551,598.2,0.0,309.9,445.3,0.951
3126,957,1900,631.8,893.9,207.8,137.2,0.99
3127,957,19607,689.1,299.2,157.4,149.6,0.982
3128,957,16551,81.8,783.9,311.8,491.8,0.972
3129,957,27926,146.6,142.4,259.0,456.5,0.971
3130,962,19607,142.7,847.7,160.9,157.4,0.993
3131,962,29451,473.9,777.1,403.4,276.8,0.972
3132,962,1900,146.4,239.0,182.4,184.0,0.966
3133,962,16551,625.9,108.1,283.0,475.0,0.953
3134,966,31705,134.2,127.2,244.6,422.1,0.997
3135,966,1900,657.2,902.7,212.2,147.9,0.983
3136,966,16548,127.0,852.4,243.1,237.5,0.973
3137,966,18110,609.3,219.5,299.6,284.0,0.966
3138,967,29667,589.0,305.7,224.8,222.0,0.992
3139,967,41768,127.3,300.0,260.1,296.3,0.98
3140,967,3351,406.9,888.3,188.5,189.8,0.98
3141,968,3351,341.5,156.2,183.6,186.6,0.986
3142,968,29667,111.9,697.3,230.3,232.2,0.985
3143,968,41768,562.4,623.2,266.4,309.8,0.968
3144,97,19607,667.3,252.1,155.6,152.4,0.993
3145,97,29345,118.6,167.1,309.1,402.1,0.977
3146,97,1900,687.2,806.0,130.6,209.1,0.968
3147,97,16548,100.2,820.0,242.0,239.9,0.967
3148,972,1900,140.8,240.2,199.7,129.4,0.992
3149,972,21771,125.9,773.9,193.4,190.2,0.989
3150,972,16551,570.7,17.2,330.8,435.5,0.972
3151,972,27926,571.5,627.2,253.6,489.0,0.956
3152,973,1900,181.5,266.8,129.3,198.8,0.983
3153,973,21771,184.4,883.6,191.1,185.6,0.976
3154,973,16551,569.5,82.9,307.1,469.2,0.97
3155,973,29345,613.3,716.6,287.3,439.8,0.969
3156,974,21771,149.0,848.5,195.4,191.3,0.987
3157,974,1900,160.7,257.5,128.0,198.2,0.985
3158,974,16551,541.8,72.9,298.1,460.5,0.973
3159,974,29345,585.2,677.5,287.7,447.4,0.945
3160,975,21771,619.0,251.2,186.5,180.3,0.992
3161,975,1900,683.5,807.8,132.2,208.2,0.983
3162,975,16551,106.0,687.5,317.4,484.8,0.976
3163,975,29345,118.1,153.2,273.9,416.6,0.973
3164,979,22074,584.2,709.2,187.0,194.2,0.99
3165,979,3351,392.5,157.7,182.2,186.6,0.975
3166,979,18357,69.4,550.0,286.8,338.1,0.96
3167,980,18357,577.0,306.3,281.9,322.2,0.988
3168,980,3351,354.2,873.3,188.5,190.2,0.966
3169,980,22074,169.7,310.9,187.1,191.6,0.958
3170,982,3743,116.4,838.6,327.8,328.4,0.98
3171,982,13395,634.7,677.3,241.6,506.1,0.979
3172,982,2483,661.6,123.1,206.3,459.6,0.976
3173,982,23223,104.4,129.6,294.3,488.8,0.969
3174,983,3743,115.8,825.6,323.2,323.3,0.977
3175,983,2483,671.8,80.2,202.5,485.0,0.975
3176,983,13395,629.1,676.8,229.3,495.1,0.971
3177,983,23223,100.3,83.7,299.2,503.5,0.959
3178,984,3743,496.4,124.2,313.1,305.4,0.984
3179,984,2483,61.8,644.2,200.1,488.1,0.973
3180,984,13395,86.4,86.3,230.0,481.4,0.972
3181,984,23223,537.3,612.5,299.9,509.5,0.949
3182,985,16548,576.1,186.6,231.7,224.2,0.983
3183,985,1900,136.4,217.0,204.0,152.4,0.983
3184,985,24850,117.8,740.2,198.6,282.3,0.98
3185,985,29451,521.8,802.5,421.6,234.7,0.978
3186,986,24850,643.4,257.9,194.2,267.9,0.989
3187,986,16548,143.4,836.8,242.0,237.2,0.977
3188,986,29451,47.2,232.4,404.3,229.4,0.952
3189,986,1900,632.0,898.3,209.8,154.7,0.943
3190,988,3483,598.0,867.7,258.6,231.4,0.997
3191,988,19861,125.6,864.7,220.8,168.1,0.993
3192,988,36637,620.5,200.0,262.3,150.7,0.986
3193,988,22347,159.6,182.7,205.9,197.5,0.985
3194,989,3483,572.3,833.7,261.0,236.1,0.997
3195,989,19861,90.4,825.7,225.8,174.1,0.994
3196,989,22347,142.0,176.2,201.9,195.3,0.988
3197,989,36637,592.8,194.9,256.1,153.1,0.984
3198,990,3483,149.8,217.2,250.0,223.5,0.992
3199,990,19861,639.1,277.8,220.3,169.8,0.981
3200,990,36637,95.7,907.2,273.9,163.2,0.98
3201,990,22347,626.3,887.0,214.7,208.2,0.977
3202,991,16548,571.9,221.3,230.3,224.6,0.985
3203,991,21026,100.0,819.2,180.4,180.8,0.985
3204,991,3544,92.3,221.5,203.1,200.3,0.976
3205,991,10221,584.1,774.5,225.2,221.5,0.971
3206,993,16548,599.9,233.5,237.1,225.3,0.986
3207,993,10221,611.5,813.4,223.0,214.8,0.985
3208,993,21026,134.5,854.6,178.0,177.4,0.983
3209,993,3544,108.9,232.9,207.5,200.1,0.946
3210,994,27653,671.2,255.5,219.8,199.5,0.995
3211,994,3483,133.2,290.4,276.0,171.1,0.984
3212,994,16262,116.4,846.2,249.6,243.9,0.98
3213,994,30308,508.4,754.3,391.9,430.4,0.967
3214,996,3483,591.3,844.7,281.5,171.8,0.99
3215,996,27653,94.4,852.7,223.5,205.9,0.988
3216,996,16262,623.3,182.5,241.8,230.7,0.986
3217,996,30308,110.9,75.2,386.6,422.3,0.979
3218,997,21771,123.9,805.0,195.5,188.8,0.975
3219,997,29451,456.8,808.4,424.8,226.0,0.974
3220,997,1900,146.7,239.5,183.2,182.9,0.968
3221,997,16551,589.7,61.0,280.3,471.7,0.961
3222,998,21771,157.0,840.0,193.2,184.4,0.989
3223,998,29451,486.6,845.6,420.9,219.9,0.973
3224,998,16551,617.7,69.5,288.8,483.1,0.945
3225,998,1900,170.9,247.4,180.9,182.1,0.937
3226,999,21771,643.8,291.1,188.4,181.5,0.992
3227,999,29451,103.5,235.7,410.4,221.8,0.973
3228,999,16551,80.0,686.8,294.7,498.6,0.956
3229,999,1900,646.3,846.6,185.9,186.7,0.943
