annotation_id,image_id,category_id,bbox_x,bbox_y,bbox_w,bbox_h,score
1,1,1,152.2,251.5,210.3,126.1,0.983
2,1,39,592.5,673.1,265.6,480.2,0.497
3,1,37,556.6,73.0,393.1,404.5,0.185
4,1,42,593.6,678.7,265.7,474.3,0.081
5,1,3,169.9,740.4,185.7,294.3,0.065
6,1,53,158.6,254.8,200.6,121.8,0.063
7,1,42,170.3,743.0,184.7,291.4,0.048
8,1,37,169.2,739.8,187.7,292.1,0.048
9,1,56,159.1,253.4,198.5,124.1,0.032
10,1,53,594.0,677.8,264.9,469.4,0.021
11,1,53,550.6,71.7,404.0,403.9,0.02
12,1,17,559.8,67.9,389.4,410.8,0.017
13,1,45,558.6,71.4,391.1,405.4,0.013
14,10,1,640.6,840.2,192.2,191.2,0.928
15,10,16,102.2,808.5,241.7,237.7,0.865
16,10,23,640.0,288.2,193.3,185.2,0.737
17,10,49,102.0,234.8,408.5,218.8,0.502
18,10,31,102.4,808.4,241.7,237.3,0.439
19,10,37,104.7,235.5,402.7,216.3,0.407
20,10,37,640.3,288.6,191.9,184.0,0.183
21,10,43,103.7,234.7,404.8,218.3,0.177
22,10,15,103.1,805.5,232.0,239.1,0.084
23,10,53,643.5,843.4,189.6,191.4,0.037
24,10,37,642.2,845.6,191.5,188.8,0.035
25,10,16,102.1,236.2,408.5,218.0,0.029
26,10,1,664.7,845.1,168.0,137.8,0.026
27,10,26,641.4,842.9,191.5,188.8,0.016
28,10,33,104.4,237.6,403.2,215.4,0.015
29,10,3,106.4,235.2,405.7,218.4,0.015
30,10,55,643.0,843.2,190.1,189.3,0.014
31,100,1,133.3,242.0,189.7,164.6,0.971
32,100,16,584.3,130.6,232.3,225.8,0.942
33,100,33,515.0,790.1,380.6,212.7,0.57
34,100,49,514.6,789.1,380.7,215.1,0.473
35,100,31,585.9,134.1,231.3,220.3,0.316
36,100,55,587.5,130.7,228.1,225.2,0.292
37,100,44,42.7,749.4,308.6,296.9,0.258
38,100,15,586.8,132.6,233.2,222.9,0.06
39,100,53,133.6,243.4,191.2,163.0,0.06
40,100,1,135.1,243.1,135.0,133.9,0.044
41,100,37,132.3,243.6,193.1,161.9,0.03
42,100,16,43.7,750.2,307.1,296.2,0.027
43,100,56,132.9,243.1,191.8,164.3,0.027
44,100,1,134.4,242.6,157.2,101.4,0.024
45,100,15,44.0,751.1,307.0,296.6,0.019
46,100,27,132.3,241.7,192.8,165.7,0.013
47,1003,4,605.2,791.5,273.8,209.0,0.972
48,1003,37,119.4,770.4,316.2,277.7,0.903
49,1003,14,649.0,184.7,193.1,180.2,0.813
50,1003,45,36.6,163.4,452.8,414.3,0.443
51,1003,31,648.8,184.8,191.9,180.4,0.104
52,1003,53,120.1,771.9,316.6,277.6,0.047
53,1003,35,649.3,184.9,192.1,180.2,0.035
54,1003,23,648.3,183.9,195.3,180.9,0.034
55,1003,1,649.2,183.5,197.1,182.8,0.015
56,1003,4,648.5,185.5,191.7,180.4,0.014
57,1003,26,647.4,184.5,199.6,181.7,0.011
58,1003,37,38.2,163.1,450.0,416.2,0.011
59,1004,4,124.0,307.1,268.5,202.6,0.987
60,1004,14,140.9,893.2,198.9,193.2,0.977
61,1004,37,564.5,257.5,303.5,271.1,0.9
62,1004,45,513.3,658.8,457.2,438.4,0.167
63,1004,31,141.5,892.5,199.2,194.3,0.127
64,1004,29,564.2,257.9,305.0,269.8,0.082
65,1004,23,140.1,890.8,199.6,196.3,0.075
66,1004,34,516.5,658.9,452.9,441.2,0.046
67,1004,37,516.5,659.8,451.7,440.0,0.02
68,1004,39,564.1,258.8,302.1,269.2,0.018
69,1004,53,566.0,258.6,302.9,272.2,0.016
70,1004,1,142.5,890.4,199.0,189.3,0.016
71,1004,21,142.1,892.2,198.1,193.5,0.011
72,1005,4,577.8,757.1,276.2,214.0,0.983
73,1005,14,618.7,177.4,187.6,184.4,0.864
74,1005,37,86.0,728.7,317.9,278.2,0.839
75,1005,45,24.1,128.6,435.6,427.1,0.239
76,1005,34,21.6,130.9,437.4,423.9,0.102
77,1005,53,85.9,726.7,321.5,281.6,0.081
78,1005,4,618.9,177.7,187.1,185.0,0.056
79,1005,21,619.7,176.8,186.1,185.7,0.018
80,1005,1,623.3,178.4,184.5,185.0,0.012
81,1005,35,619.2,177.6,186.5,184.6,0.01
82,1006,4,601.8,845.2,283.6,187.8,0.94
83,1006,36,41.7,853.6,382.1,223.2,0.901
84,1006,34,40.0,178.2,458.5,427.1,0.894
85,1006,26,619.2,189.0,228.1,229.3,0.51
86,1006,4,39.7,855.0,385.5,221.0,0.077
87,1006,27,45.1,860.1,377.3,215.9,0.034
88,1006,1,620.7,193.7,229.5,232.5,0.024
89,1006,51,39.7,856.2,384.5,220.2,0.021
90,1007,34,33.7,155.2,430.1,423.6,0.985
91,1007,4,574.1,810.1,285.9,194.0,0.964
92,1007,36,9.2,811.4,381.1,224.2,0.862
93,1007,26,591.4,191.3,216.2,215.1,0.698
94,1007,27,5.5,813.2,386.8,223.9,0.044
95,1007,51,2.4,810.8,389.7,225.3,0.038
96,1007,37,587.5,190.4,223.7,215.0,0.026
97,1007,4,12.0,814.5,374.7,221.9,0.014
98,1009,31,78.2,197.3,203.1,196.2,0.975
99,1009,15,544.9,188.1,241.4,227.8,0.952
100,1009,4,574.4,810.1,283.7,193.8,0.948
101,1009,36,9.1,811.4,380.2,223.4,0.916
102,1009,15,77.6,197.9,204.1,195.1,0.097
103,1009,16,76.8,197.9,202.7,194.9,0.078
104,1009,51,6.6,812.0,384.8,221.2,0.059
105,1009,27,5.9,813.7,385.7,223.1,0.051
106,1009,16,545.0,188.2,238.9,229.6,0.022
107,1009,4,12.1,814.9,382.4,221.0,0.011
108,1010,4,602.1,844.8,282.9,188.6,0.941
109,1010,36,40.6,854.2,382.8,222.2,0.911
110,1010,31,93.6,204.4,206.8,199.6,0.853
111,1010,15,575.6,196.0,244.2,230.8,0.839
112,1010,15,94.0,203.5,200.9,200.2,0.08
113,1010,4,38.7,855.8,386.0,219.6,0.056
114,1010,27,44.6,859.9,378.0,215.7,0.043
115,1010,51,37.0,857.1,387.9,218.6,0.035
116,1010,31,572.6,195.1,246.4,233.6,0.032
117,1010,16,573.0,196.5,245.2,233.6,0.017
118,1010,16,93.9,204.5,207.9,198.7,0.014
119,1010,37,94.7,202.4,207.8,201.8,0.013
120,1012,1,143.5,241.7,192.7,129.6,0.997
121,1012,39,566.9,630.2,264.0,484.2,0.688
122,1012,16,610.6,157.6,232.8,225.3,0.425
123,1012,31,610.0,158.0,233.7,224.7,0.298
124,1012,42,563.4,632.4,270.8,485.3,0.112
125,1012,23,611.1,158.4,234.9,225.8,0.111
126,1012,53,140.1,243.3,200.0,125.5,0.11
127,1012,56,141.0,242.5,199.0,128.2,0.067
128,1012,32,567.9,629.8,262.1,486.9,0.05
129,1012,8,138.5,704.3,189.2,294.3,0.047
130,1012,3,139.3,703.8,188.3,295.0,0.044
131,1012,2,567.3,632.0,262.2,486.8,0.041
132,1012,45,139.1,704.3,188.5,294.4,0.039
133,1012,36,138.3,700.7,189.0,298.3,0.025
134,1012,53,567.2,614.4,264.5,496.4,0.013
135,1012,5,140.5,240.3,199.8,130.3,0.012
136,1012,1,142.6,253.2,106.9,112.6,0.012
137,1012,15,610.0,158.4,232.7,223.6,0.011
138,1013,1,629.1,890.5,215.0,139.0,0.948
139,1013,16,103.2,865.5,245.3,239.7,0.814
140,1013,39,145.0,141.3,257.3,458.3,0.557
141,1013,55,105.5,866.0,240.9,241.1,0.433
142,1013,42,637.3,275.8,178.2,274.1,0.249
143,1013,42,143.9,144.1,258.8,456.3,0.158
144,1013,32,146.9,142.4,256.3,458.7,0.115
145,1013,3,635.6,274.7,178.2,275.6,0.097
146,1013,54,634.8,275.7,180.9,275.3,0.05
147,1013,53,150.3,142.0,257.8,460.0,0.035
148,1013,53,630.2,894.1,210.2,131.7,0.028
149,1013,25,628.2,880.1,213.7,147.0,0.025
150,1013,24,630.6,892.9,209.3,133.0,0.024
151,1013,15,104.3,865.3,225.9,241.3,0.019
152,1013,37,630.8,893.9,209.8,131.6,0.018
153,1013,56,630.6,893.7,209.0,131.6,0.017
154,1013,13,631.0,893.0,209.8,132.0,0.014
155,1013,26,95.9,862.8,262.1,237.9,0.013
156,1013,31,103.6,864.4,243.3,240.6,0.012
157,1013,51,638.9,275.5,176.3,274.1,0.012
158,1014,1,154.1,251.7,206.9,126.8,0.989
159,1014,16,637.5,164.1,241.8,226.8,0.72
160,1014,31,639.6,165.4,240.4,224.5,0.459
161,1014,39,593.6,673.7,263.5,480.0,0.386
162,1014,55,640.6,164.0,235.5,225.1,0.098
163,1014,42,594.8,679.0,263.4,474.6,0.095
164,1014,3,170.8,741.3,186.0,292.8,0.076
165,1014,42,171.1,743.6,184.9,290.3,0.058
166,1014,37,169.8,741.0,188.3,290.5,0.05
167,1014,53,159.0,254.7,200.1,122.3,0.048
168,1014,53,594.1,677.2,262.6,470.9,0.04
169,1014,56,159.2,253.1,198.5,124.8,0.033
170,1014,26,641.7,162.4,238.4,228.8,0.024
171,1014,15,640.7,162.5,233.0,226.7,0.023
172,1014,13,159.0,251.5,199.4,126.8,0.015
173,1014,1,637.9,167.1,240.8,221.0,0.015
174,1014,36,174.2,742.5,182.6,289.6,0.012
175,1014,37,637.5,164.7,241.9,226.3,0.011
176,1014,23,160.0,253.2,198.8,124.6,0.011
177,1015,53,660.4,178.0,220.4,402.7,0.941
178,1015,4,649.7,745.4,211.5,270.4,0.856
179,1015,27,116.0,772.0,333.7,231.1,0.75
180,1015,45,61.7,124.2,405.1,409.2,0.57
181,1015,42,663.4,178.0,211.4,399.2,0.213
182,1015,32,60.9,124.3,404.1,407.6,0.135
183,1015,36,113.7,774.9,334.9,228.1,0.092
184,1015,27,59.1,116.0,405.3,418.9,0.028
185,1015,1,648.2,300.9,237.9,274.0,0.02
186,1015,20,113.9,774.5,334.0,227.4,0.016
187,1015,36,84.7,136.0,374.2,397.6,0.014
188,1015,19,648.3,748.0,213.0,268.3,0.011
189,1016,53,92.9,670.2,241.3,421.8,0.985
190,1016,4,144.1,293.0,209.8,256.4,0.982
191,1016,27,542.5,293.7,328.7,235.1,0.775
192,1016,45,529.7,718.7,411.6,422.8,0.681
193,1016,42,95.6,676.3,236.4,404.9,0.133
194,1016,1,97.2,813.1,250.5,260.7,0.035
195,1016,34,529.0,718.9,412.4,422.9,0.033
196,1016,27,542.0,719.9,401.1,417.0,0.024
197,1016,51,539.4,295.0,332.1,233.5,0.02
198,1016,55,538.7,295.1,334.1,233.8,0.013
199,1018,4,123.8,307.7,269.3,202.5,0.987
200,1018,37,557.4,253.0,303.4,270.0,0.947
201,1018,44,85.9,862.3,232.6,226.9,0.924
202,1018,45,434.1,741.3,483.4,308.0,0.284
203,1018,29,557.6,252.3,305.5,270.3,0.106
204,1018,36,436.9,753.7,479.9,296.5,0.065
205,1018,53,557.7,253.6,309.1,269.7,0.026
206,1018,37,436.1,739.0,480.9,310.3,0.022
207,1019,4,605.7,791.8,272.2,208.8,0.978
208,1019,44,669.9,181.1,227.2,216.7,0.968
209,1019,37,125.2,778.6,315.1,277.6,0.85
210,1019,45,86.5,210.6,479.2,301.6,0.512
211,1019,53,128.5,778.1,309.1,277.9,0.102
212,1019,27,85.5,210.5,472.3,301.4,0.064
213,1019,36,83.7,215.4,473.5,298.6,0.055
214,1019,51,86.6,218.1,465.5,293.7,0.021
215,1019,39,128.4,780.2,311.8,276.3,0.018
216,1019,37,85.0,211.5,479.2,302.7,0.015
217,102,1,151.0,253.9,185.3,156.3,0.997
218,102,16,614.0,135.5,239.9,228.2,0.925
219,102,49,545.2,833.7,373.7,204.5,0.855
220,102,31,613.0,136.4,241.8,227.0,0.504
221,102,44,78.2,796.3,303.1,287.1,0.206
222,102,55,614.3,136.6,237.1,225.9,0.136
223,102,15,612.7,133.3,231.6,229.0,0.135
224,102,33,545.2,833.6,374.3,204.7,0.087
225,102,4,79.6,794.7,303.1,290.1,0.044
226,102,37,79.7,796.0,300.2,287.8,0.042
227,102,1,151.9,256.7,143.5,133.8,0.034
228,102,16,79.8,794.1,301.6,290.2,0.028
229,102,23,152.0,253.0,195.0,163.0,0.025
230,102,53,150.2,255.1,197.2,161.3,0.025
231,102,37,545.2,832.1,374.1,204.1,0.012
232,1020,44,637.9,174.5,220.3,217.7,0.993
233,1020,4,578.3,756.0,276.0,214.6,0.976
234,1020,37,90.6,734.0,319.4,277.3,0.873
235,1020,45,71.1,186.6,458.0,299.9,0.306
236,1020,53,90.5,732.9,324.5,278.4,0.111
237,1020,36,68.7,187.5,464.0,301.4,0.056
238,1020,51,70.8,187.0,460.7,302.8,0.052
239,1020,27,66.4,187.8,467.2,300.3,0.05
240,1020,37,70.8,187.0,461.5,301.8,0.026
241,1022,1,149.8,243.5,174.1,179.7,0.995
242,1022,49,35.2,800.3,422.2,226.4,0.324
243,1022,43,35.0,800.6,421.8,224.8,0.257
244,1022,42,622.1,27.9,284.2,466.1,0.241
245,1022,53,146.6,241.0,179.6,180.7,0.115
246,1022,37,36.3,801.1,422.2,225.2,0.103
247,1022,39,623.5,23.7,280.8,466.0,0.086
248,1022,56,146.7,239.9,179.1,180.0,0.084
249,1022,31,578.8,809.8,218.0,207.9,0.081
250,1022,37,147.2,240.2,179.5,180.1,0.067
251,1022,53,624.4,28.9,283.0,473.7,0.061
252,1022,37,581.5,810.5,215.6,208.1,0.056
253,1022,1,581.0,812.7,220.3,200.2,0.049
254,1022,26,581.5,810.6,216.6,208.0,0.018
255,1022,55,34.0,801.3,420.1,226.3,0.018
256,1022,20,33.7,800.3,420.0,228.3,0.014
257,1022,36,38.9,800.5,413.8,228.3,0.011
258,1022,23,33.5,800.2,424.4,225.7,0.01
259,1023,1,168.2,248.8,180.3,181.0,0.981
260,1023,42,652.3,28.1,289.5,482.6,0.494
261,1023,49,71.2,844.2,415.5,215.3,0.439
262,1023,53,651.0,26.1,296.9,493.8,0.27
263,1023,33,69.4,844.8,417.0,214.8,0.223
264,1023,31,606.6,843.9,212.4,202.9,0.138
265,1023,39,653.4,26.3,288.6,483.8,0.063
266,1023,43,69.1,843.0,415.1,217.7,0.06
267,1023,37,166.8,247.3,181.2,185.7,0.053
268,1023,17,651.9,26.1,287.4,484.4,0.038
269,1023,53,167.1,248.9,181.8,183.5,0.034
270,1023,16,166.2,248.6,182.8,183.8,0.019
271,1023,55,166.7,249.6,181.8,182.2,0.015
272,1023,1,607.1,843.7,212.7,195.8,0.014
273,1023,26,609.0,847.4,209.2,196.5,0.013
274,1023,37,71.2,839.7,416.5,220.7,0.01
275,1025,4,144.9,291.7,210.1,257.8,0.986
276,1025,15,110.4,838.1,247.8,239.0,0.978
277,1025,27,541.7,292.4,329.3,236.9,0.779
278,1025,26,646.3,866.2,222.4,207.9,0.149
279,1025,15,649.3,864.5,221.1,209.5,0.026
280,1025,51,537.8,292.2,333.9,236.5,0.026
281,1025,31,649.6,865.8,214.3,207.9,0.022
282,1025,16,648.6,865.1,218.1,208.8,0.021
283,1025,36,540.2,288.3,331.5,240.7,0.017
284,1025,1,645.4,865.7,220.1,199.3,0.013
285,1025,55,538.6,293.2,334.1,235.9,0.01
286,1026,4,649.0,747.8,212.3,268.6,0.908
287,1026,15,632.7,193.5,242.4,230.5,0.83
288,1026,27,115.1,770.7,335.2,233.9,0.739
289,1026,15,134.3,206.7,211.6,200.1,0.096
290,1026,36,112.4,773.7,337.9,230.9,0.068
291,1026,26,138.4,209.7,207.4,198.0,0.058
292,1026,19,648.0,749.9,214.0,266.8,0.018
293,1026,31,133.9,207.8,211.5,200.7,0.014
294,1026,7,117.9,771.1,316.8,232.5,0.013
295,1027,3,354.1,882.8,188.4,193.3,0.996
296,1027,13,188.7,282.0,199.2,239.3,0.975
297,1027,30,604.8,265.0,184.2,183.5,0.634
298,1027,14,603.5,264.9,182.0,183.8,0.315
299,1027,46,605.4,265.0,179.8,184.6,0.03
300,1028,13,552.4,705.5,205.6,251.0,0.993
301,1028,3,392.4,157.8,182.7,186.7,0.979
302,1028,14,135.6,781.6,188.9,186.9,0.718
303,1028,30,135.7,780.4,189.0,188.8,0.329
304,1028,18,669.3,1152.9,306.7,127.1,0.038
305,1028,46,135.2,781.2,189.8,187.6,0.028
306,1028,34,674.8,1153.4,301.2,126.6,0.015
307,1029,3,433.1,213.5,186.6,186.2,0.997
308,1029,13,592.6,796.7,199.9,244.5,0.98
309,1029,30,179.9,865.7,185.9,192.2,0.294
310,1029,14,180.1,866.5,184.2,191.5,0.19
311,1029,46,179.5,866.5,185.1,191.1,0.053
312,1030,4,577.8,756.2,277.3,214.4,0.98
313,1030,53,572.8,121.4,246.7,384.7,0.949
314,1030,37,86.8,728.6,317.9,279.0,0.741
315,1030,45,40.3,152.0,450.3,409.3,0.357
316,1030,34,40.8,152.0,448.5,410.4,0.197
317,1030,53,85.6,727.4,323.2,281.2,0.174
318,1030,53,578.2,249.8,240.4,250.0,0.015
319,1030,42,569.7,120.5,244.1,380.1,0.014
320,1030,37,570.7,118.6,243.6,382.3,0.013
321,1034,4,147.2,218.3,251.4,225.5,0.965
322,1034,24,644.6,278.4,218.2,170.5,0.576
323,1034,33,90.5,906.3,279.1,166.7,0.113
324,1034,53,643.7,276.9,218.6,170.5,0.106
325,1034,37,92.4,906.3,277.7,165.5,0.106
326,1034,26,653.6,884.6,213.3,210.3,0.082
327,1034,23,89.7,906.2,281.5,166.2,0.074
328,1034,37,644.3,277.4,217.2,171.0,0.055
329,1034,4,92.0,906.7,276.8,165.2,0.044
330,1034,54,91.1,905.0,281.2,167.4,0.044
331,1034,25,655.7,885.0,203.2,208.0,0.038
332,1034,53,90.6,906.4,279.1,165.8,0.035
333,1034,1,654.2,878.2,216.4,220.8,0.03
334,1034,15,656.7,884.2,214.4,213.1,0.029
335,1034,3,93.5,904.8,278.4,168.7,0.022
336,1034,4,644.3,276.2,218.1,170.1,0.017
337,1034,27,90.0,907.5,277.3,164.1,0.016
338,1034,36,92.3,905.2,277.5,167.4,0.013
339,1039,4,602.4,844.1,282.3,190.0,0.924
340,1039,36,41.9,854.0,381.8,222.6,0.815
341,1039,15,574.8,196.1,242.4,230.8,0.791
342,1039,26,132.6,218.3,205.7,204.9,0.199
343,1039,4,39.9,855.4,385.3,220.6,0.061
344,1039,27,42.2,856.4,382.9,219.9,0.036
345,1039,15,126.9,213.4,209.1,202.5,0.03
346,1039,51,39.6,856.6,385.0,219.6,0.027
347,1039,31,125.2,214.1,210.6,204.0,0.015
348,1039,1,132.8,216.7,204.5,194.8,0.011
349,104,3,325.7,204.2,182.3,187.6,0.99
350,104,20,104.5,615.0,255.1,363.0,0.986
351,104,28,616.8,760.6,172.8,230.4,0.476
352,104,54,617.0,760.5,173.8,230.9,0.342
353,104,54,719.6,1148.1,256.4,131.9,0.012
354,104,48,106.0,611.3,250.6,369.4,0.01
355,1041,15,166.7,836.4,250.4,238.8,0.979
356,1041,4,124.7,275.8,271.0,185.9,0.975
357,1041,36,571.1,229.4,370.8,218.6,0.786
358,1041,15,658.7,855.0,214.0,212.3,0.085
359,1041,26,654.1,861.6,216.8,201.6,0.034
360,1041,51,571.5,231.1,370.6,215.9,0.024
361,1041,27,572.1,230.9,368.3,216.1,0.015
362,1041,4,570.3,229.5,386.3,217.8,0.013
363,1043,3,313.1,168.6,183.3,187.8,0.989
364,1043,20,50.4,628.1,270.8,353.6,0.921
365,1043,53,510.1,599.7,245.2,421.6,0.829
366,1043,7,510.0,606.2,244.3,409.3,0.334
367,1043,48,50.6,629.8,267.9,352.2,0.033
368,1043,55,48.9,629.8,270.8,347.8,0.032
369,1043,25,0.0,1226.9,118.1,52.7,0.018
370,1043,54,681.0,1164.2,295.0,115.8,0.013
371,1043,27,0.0,1219.4,216.4,60.5,0.011
372,1044,3,354.1,227.7,185.3,184.2,0.98
373,1044,20,91.5,723.1,268.3,352.0,0.813
374,1044,53,549.2,701.7,238.3,403.6,0.606
375,1044,48,95.7,727.2,263.4,347.9,0.29
376,1044,7,548.7,702.3,238.5,402.1,0.127
377,1044,55,90.9,723.5,271.3,351.4,0.124
378,1045,44,593.4,171.7,221.2,221.5,0.992
379,1045,27,40.4,755.9,325.6,252.2,0.898
380,1045,4,622.7,715.7,212.7,271.2,0.774
381,1045,15,133.0,212.6,206.4,200.8,0.541
382,1045,7,41.8,755.6,324.6,253.0,0.082
383,1045,26,145.4,200.3,192.7,219.2,0.059
384,1045,51,40.4,762.5,328.5,244.9,0.042
385,1045,19,619.7,716.2,216.0,271.6,0.029
386,1045,31,132.8,213.4,205.7,200.4,0.024
387,1045,36,38.8,760.7,330.6,246.7,0.021
388,1045,25,133.6,211.9,198.2,200.9,0.018
389,1045,55,38.8,758.1,330.6,250.1,0.014
390,1046,44,622.1,181.0,227.3,218.7,0.91
391,1046,4,648.9,747.8,215.9,268.9,0.838
392,1046,27,70.1,801.6,333.6,244.0,0.837
393,1046,15,151.6,223.8,210.5,200.4,0.139
394,1046,26,144.0,214.7,226.8,216.5,0.08
395,1046,51,73.9,803.5,326.2,242.7,0.05
396,1046,19,647.8,748.4,218.0,269.1,0.019
397,1046,20,78.9,801.3,321.7,244.4,0.01
398,1047,4,145.3,291.3,209.5,257.7,0.985
399,1047,44,131.2,863.0,231.3,226.5,0.84
400,1047,27,588.9,255.2,327.7,245.9,0.678
401,1047,51,584.8,260.0,330.9,240.4,0.071
402,1047,15,132.3,864.9,230.8,223.1,0.035
403,1047,26,628.1,840.9,211.9,210.0,0.034
404,1047,1,630.0,844.7,213.6,204.3,0.025
405,1047,16,132.0,862.3,231.3,227.9,0.018
406,1047,15,630.3,847.9,213.8,206.1,0.016
407,1050,32,609.8,780.2,250.1,406.0,0.999
408,1050,2,646.9,89.7,205.2,481.6,0.996
409,1050,46,137.9,850.3,273.2,271.5,0.331
410,1050,22,92.8,170.1,342.6,477.0,0.276
411,1050,11,94.9,170.7,340.3,477.5,0.255
412,1050,39,93.2,170.6,333.9,477.9,0.182
413,1050,14,136.5,850.2,276.5,273.6,0.167
414,1050,34,96.1,174.2,334.3,471.8,0.021
415,1050,39,608.6,779.8,254.5,406.2,0.016
416,1051,2,89.5,674.0,227.0,483.7,0.977
417,1051,46,552.0,192.0,269.9,268.6,0.665
418,1051,2,142.7,109.7,209.3,434.8,0.614
419,1051,24,554.2,192.8,267.8,267.9,0.379
420,1051,11,487.4,654.7,388.3,475.4,0.273
421,1051,34,487.0,653.5,387.8,475.3,0.223
422,1051,39,488.3,651.8,387.9,477.8,0.053
423,1051,17,484.9,653.2,389.2,475.9,0.028
424,1051,17,143.1,110.7,208.6,432.1,0.023
425,1051,51,0.0,1201.8,252.0,78.2,0.013
426,1053,2,619.5,59.5,214.8,479.4,0.995
427,1053,2,584.9,703.7,219.6,446.9,0.834
428,1053,22,76.5,72.2,389.2,478.8,0.369
429,1053,11,77.9,75.5,390.0,473.5,0.338
430,1053,14,103.8,803.3,279.1,269.9,0.289
431,1053,34,77.6,74.7,390.1,472.4,0.253
432,1053,46,104.5,804.6,275.5,266.5,0.156
433,1053,24,105.8,805.7,273.7,266.1,0.073
434,1053,39,73.3,74.6,391.4,473.9,0.063
435,1053,44,104.9,804.2,274.9,267.8,0.028
436,1053,30,106.1,804.3,272.9,269.6,0.026
437,1055,44,649.3,185.1,218.4,213.8,0.989
438,1055,4,570.8,764.8,275.5,210.3,0.976
439,1055,37,80.6,734.1,324.3,268.4,0.879
440,1055,53,81.3,734.0,325.7,265.6,0.08
441,1055,37,49.7,34.4,428.9,485.5,0.068
442,1055,56,51.3,33.4,426.1,485.9,0.027
443,1055,53,58.8,33.1,407.2,487.0,0.013
444,1056,4,596.8,799.4,275.0,204.2,0.973
445,1056,44,679.3,190.7,225.5,214.9,0.949
446,1056,37,116.5,778.5,320.7,266.2,0.899
447,1056,56,62.1,48.1,438.4,496.8,0.066
448,1056,53,116.3,778.5,321.4,267.9,0.056
449,1056,37,60.3,48.5,440.8,497.4,0.051
450,1056,53,62.9,51.2,440.2,494.8,0.032
451,1056,42,61.6,46.2,439.0,499.1,0.015
452,1056,17,61.3,49.9,439.0,495.4,0.013
453,1057,2,607.4,70.9,251.8,474.2,0.993
454,1057,2,639.8,710.2,222.3,448.7,0.957
455,1057,35,107.4,831.5,258.8,253.1,0.955
456,1057,11,80.8,66.9,336.3,508.7,0.655
457,1057,22,79.7,64.5,336.2,510.9,0.403
458,1057,3,114.1,830.2,250.5,256.6,0.128
459,1057,40,107.5,831.0,257.3,252.9,0.078
460,1057,34,82.1,68.8,332.4,505.2,0.072
461,1057,15,108.0,832.6,256.5,252.9,0.052
462,1057,17,81.5,63.7,334.6,512.2,0.029
463,1057,39,81.9,67.5,329.7,508.1,0.012
464,1058,2,593.9,115.7,255.8,445.2,0.987
465,1058,35,109.2,843.5,260.4,262.1,0.943
466,1058,2,654.8,712.2,216.1,458.9,0.59
467,1058,11,88.7,119.7,326.3,488.0,0.565
468,1058,22,87.6,119.0,327.3,490.0,0.33
469,1058,32,653.9,711.5,218.2,458.5,0.163
470,1058,3,116.3,842.4,253.7,263.3,0.092
471,1058,15,110.6,842.2,261.3,263.8,0.065
472,1058,34,90.2,120.2,321.3,490.4,0.031
473,1058,40,110.4,842.0,258.9,263.3,0.025
474,1058,39,89.5,120.2,322.1,487.0,0.012
475,1058,17,88.8,122.1,325.3,487.4,0.011
476,1060,2,115.5,677.9,213.1,494.6,0.988
477,1060,35,554.9,207.8,252.4,249.7,0.899
478,1060,2,119.3,60.6,237.8,470.0,0.663
479,1060,11,535.5,637.1,362.8,479.9,0.389
480,1060,22,532.5,634.9,361.6,481.8,0.335
481,1060,39,533.2,637.2,356.1,477.9,0.274
482,1060,3,561.2,206.6,243.4,250.3,0.158
483,1060,34,535.2,637.9,362.4,480.0,0.111
484,1060,40,554.7,207.4,252.0,250.4,0.11
485,1060,15,555.7,207.3,247.0,250.2,0.022
486,1060,17,119.4,57.0,240.3,471.2,0.022
487,1064,4,602.5,845.2,281.2,188.4,0.928
488,1064,36,42.9,854.1,380.5,221.3,0.913
489,1064,45,51.8,133.5,463.9,416.4,0.558
490,1064,26,622.1,191.7,224.4,219.8,0.202
491,1064,4,40.8,855.5,383.7,219.4,0.07
492,1064,27,42.5,856.4,381.6,218.6,0.031
493,1064,1,619.5,195.7,230.3,226.7,0.02
494,1064,51,37.4,857.5,385.6,218.5,0.018
495,1065,4,123.0,276.3,272.8,185.9,0.976
496,1065,36,570.3,229.7,371.6,218.6,0.747
497,1065,45,488.5,682.3,456.8,441.5,0.483
498,1065,26,135.1,848.4,234.8,232.3,0.066
499,1065,34,487.0,682.8,458.1,440.6,0.044
500,1065,25,138.6,848.1,226.9,231.7,0.038
501,1065,37,488.7,683.8,459.1,440.5,0.027
502,1065,27,570.5,231.4,371.7,216.3,0.018
503,1065,15,134.7,850.6,235.2,228.8,0.013
504,1067,15,119.2,847.8,245.4,240.8,0.974
505,1067,4,134.1,291.6,275.7,171.4,0.938
506,1067,37,557.1,673.9,399.2,527.7,0.049
507,1067,42,558.0,674.0,398.9,527.5,0.036
508,1067,26,683.9,258.7,205.9,194.2,0.033
509,1067,53,561.2,673.4,396.6,513.8,0.03
510,1067,15,684.1,258.6,205.1,197.4,0.028
511,1067,31,683.2,258.8,205.0,197.2,0.024
512,1067,3,686.1,257.5,200.9,199.1,0.022
513,1069,1,622.5,890.2,204.8,140.2,0.991
514,1069,23,113.6,203.9,197.3,184.3,0.626
515,1069,16,641.6,166.6,241.1,225.6,0.614
516,1069,1,112.5,203.2,195.6,187.9,0.364
517,1069,31,641.6,166.8,242.6,224.8,0.257
518,1069,44,137.5,869.3,181.9,177.2,0.151
519,1069,37,137.7,869.9,182.3,175.9,0.116
520,1069,55,642.6,165.6,239.5,223.7,0.09
521,1069,29,114.5,202.4,194.9,186.8,0.076
522,1069,23,622.7,892.6,206.1,134.9,0.061
523,1069,1,652.6,167.9,230.3,223.9,0.058
524,1069,26,625.4,888.0,205.4,141.8,0.057
525,1069,53,622.7,892.6,206.6,135.3,0.047
526,1069,16,113.7,202.8,197.3,183.7,0.038
527,1069,1,137.8,871.9,175.4,173.5,0.034
528,1069,37,622.2,891.7,205.8,136.3,0.032
529,1069,26,654.1,162.3,229.9,229.6,0.031
530,1069,3,113.5,200.6,196.8,187.0,0.022
531,1069,23,639.7,165.8,244.4,226.9,0.02
532,1069,53,137.3,869.4,181.8,177.6,0.019
533,1069,13,623.0,892.1,205.5,135.4,0.014
534,1069,15,642.3,163.8,231.9,226.7,0.012
535,1069,37,639.6,166.3,243.7,225.8,0.011
536,1070,1,173.9,280.8,201.7,138.3,0.982
537,1070,16,100.8,863.9,242.5,240.4,0.76
538,1070,55,102.6,865.0,238.8,240.0,0.475
539,1070,23,682.2,880.5,204.6,196.6,0.449
540,1070,23,677.1,274.9,171.7,169.1,0.195
541,1070,23,173.9,282.7,202.6,136.4,0.071
542,1070,15,101.1,864.1,224.6,239.9,0.07
543,1070,53,174.6,282.5,202.8,135.8,0.056
544,1070,3,683.6,882.0,204.2,195.6,0.053
545,1070,26,96.9,862.9,256.0,234.3,0.044
546,1070,29,684.1,880.3,201.4,195.7,0.024
547,1070,1,109.0,863.8,232.5,236.8,0.024
548,1070,55,174.9,281.9,203.2,136.3,0.022
549,1070,53,676.8,273.6,172.3,171.1,0.021
550,1070,16,685.4,881.8,200.3,194.4,0.02
551,1070,14,674.3,272.3,172.2,171.5,0.017
552,1070,22,676.3,274.7,173.5,169.7,0.016
553,1070,27,175.0,282.2,201.4,137.2,0.01
554,1073,4,533.8,777.0,269.9,225.8,0.96
555,1073,31,114.3,197.8,202.3,196.1,0.916
556,1073,16,114.4,197.8,201.9,196.2,0.407
557,1073,56,635.5,178.2,184.3,244.8,0.307
558,1073,53,636.1,176.0,185.6,247.0,0.272
559,1073,54,635.6,177.6,183.4,245.3,0.218
560,1073,56,145.3,774.5,179.6,209.7,0.162
561,1073,28,144.9,773.7,179.8,210.7,0.036
562,1073,54,145.2,774.4,179.1,209.1,0.029
563,1073,15,114.5,196.4,209.1,196.6,0.015
564,1073,53,144.5,773.8,180.3,208.9,0.015
565,1075,54,611.3,139.4,200.5,203.0,0.471
566,1075,37,601.8,769.7,206.5,223.4,0.198
567,1075,56,103.5,159.6,202.9,200.9,0.172
568,1075,56,610.3,140.0,202.1,203.1,0.146
569,1075,37,97.1,593.7,335.5,462.9,0.14
570,1075,5,102.6,159.6,203.3,199.9,0.123
571,1075,23,102.4,159.4,206.7,201.0,0.088
572,1075,17,96.8,591.6,336.6,464.5,0.079
573,1075,53,100.6,159.5,206.3,201.1,0.073
574,1075,4,602.7,771.2,207.9,222.7,0.059
575,1075,53,91.7,597.1,346.7,464.4,0.057
576,1075,37,102.9,159.3,203.4,201.1,0.038
577,1075,53,608.0,138.3,207.8,202.8,0.036
578,1075,39,96.9,591.6,337.6,465.1,0.026
579,1075,56,601.2,769.1,206.8,223.8,0.024
580,1075,53,602.7,770.0,207.3,223.8,0.022
581,1075,24,102.3,160.5,205.4,200.3,0.019
582,1075,42,97.7,594.1,335.2,464.8,0.016
583,1075,14,100.4,159.1,198.0,200.4,0.014
584,1075,54,101.7,159.5,203.9,199.5,0.013
585,1075,3,602.2,769.1,206.5,224.2,0.013
586,1075,1,99.8,167.0,208.4,191.7,0.013
587,1075,55,602.4,770.4,204.5,221.6,0.011
588,1075,51,600.5,770.2,210.9,225.5,0.011
589,1076,54,128.6,918.1,218.8,210.5,0.418
590,1076,56,128.9,917.9,217.1,211.0,0.301
591,1076,39,538.9,191.8,321.9,440.6,0.229
592,1076,37,166.7,276.8,205.7,213.5,0.189
593,1076,17,540.0,191.6,321.0,441.9,0.116
594,1076,37,538.9,191.8,321.6,442.1,0.078
595,1076,53,129.9,914.4,219.4,215.1,0.06
596,1076,23,666.9,896.4,216.2,216.9,0.041
597,1076,37,667.7,896.9,214.3,216.1,0.032
598,1076,16,167.9,276.6,203.5,216.2,0.03
599,1076,39,167.0,276.6,204.1,211.9,0.019
600,1076,3,167.6,276.5,203.4,216.1,0.012
601,1076,3,668.1,896.3,214.2,216.7,0.01
602,1077,54,638.2,139.4,215.4,205.9,0.277
603,1077,37,629.7,807.8,209.4,216.8,0.251
604,1077,23,116.7,164.2,211.4,205.1,0.234
605,1077,37,130.7,649.0,330.1,454.7,0.193
606,1077,17,128.1,647.6,332.7,457.3,0.189
607,1077,16,630.8,807.3,206.2,218.4,0.16
608,1077,56,638.5,140.2,214.6,205.2,0.11
609,1077,42,124.5,646.8,335.7,455.7,0.107
610,1077,26,630.4,807.6,207.4,218.0,0.087
611,1077,42,116.0,163.9,213.1,204.5,0.078
612,1077,23,637.6,139.6,216.5,205.8,0.052
613,1077,54,117.5,163.4,208.9,204.5,0.05
614,1077,53,116.1,164.7,209.9,204.1,0.04
615,1077,39,130.4,645.1,328.6,457.4,0.035
616,1077,55,630.5,807.0,204.7,217.0,0.03
617,1077,3,629.0,805.4,209.0,219.4,0.015
618,1077,53,131.3,647.4,332.6,461.8,0.011
619,1077,4,630.5,807.5,204.1,216.9,0.011
620,1077,35,629.6,807.5,207.9,218.0,0.011
621,1079,4,645.2,751.3,214.0,268.3,0.903
622,1079,44,622.1,184.7,228.2,218.3,0.902
623,1079,31,120.6,218.8,205.4,196.3,0.869
624,1079,27,69.0,800.8,325.3,245.2,0.748
625,1079,15,119.8,218.8,201.7,196.7,0.198
626,1079,16,119.8,218.4,202.7,197.1,0.092
627,1079,20,71.2,804.6,323.8,241.8,0.057
628,1079,51,69.4,803.6,327.4,243.9,0.015
629,1079,19,646.2,752.4,211.8,268.0,0.013
630,108,32,586.4,743.2,255.4,410.9,0.987
631,108,2,594.8,85.8,250.6,474.1,0.983
632,108,35,139.3,846.8,258.5,253.2,0.944
633,108,11,115.9,52.5,277.2,515.4,0.614
634,108,3,144.0,845.4,253.3,253.8,0.137
635,108,22,114.7,54.4,281.8,511.6,0.047
636,108,15,141.1,845.8,255.4,254.9,0.045
637,108,39,586.4,742.1,256.5,410.9,0.038
638,108,39,117.9,55.7,274.1,509.5,0.03
639,108,37,115.2,53.0,278.0,511.6,0.023
640,108,40,146.7,848.0,250.9,251.9,0.018
641,108,26,840.7,1236.1,135.3,43.8,0.013
642,108,27,810.3,1217.1,165.7,62.9,0.012
643,108,53,790.8,1219.0,185.2,61.0,0.011
644,1080,44,595.1,176.3,221.0,219.6,0.982
645,1080,31,102.4,210.0,203.2,195.3,0.945
646,1080,27,36.9,755.4,325.0,252.8,0.899
647,1080,4,617.6,718.7,214.5,270.1,0.864
648,1080,15,101.6,209.0,201.9,195.9,0.088
649,1080,16,102.2,209.7,201.5,196.1,0.085
650,1080,51,37.1,761.5,329.7,246.5,0.032
651,1081,1,609.7,902.1,206.7,138.5,0.97
652,1081,44,126.7,865.7,180.7,177.6,0.583
653,1081,37,483.0,205.2,456.2,325.8,0.54
654,1081,37,611.6,902.7,204.9,135.7,0.119
655,1081,53,89.8,184.2,261.9,231.1,0.092
656,1081,23,612.8,902.5,205.5,135.8,0.086
657,1081,55,89.4,184.0,261.9,230.6,0.037
658,1081,53,609.6,903.5,208.0,134.0,0.034
659,1081,27,90.6,182.7,260.6,231.6,0.028
660,1081,45,92.2,181.2,258.5,233.3,0.025
661,1081,26,616.8,899.2,199.8,139.2,0.022
662,1081,13,611.1,904.0,206.1,135.6,0.018
663,1081,36,90.6,181.6,259.8,233.6,0.017
664,1081,27,610.9,902.4,206.5,135.8,0.015
665,1081,53,481.6,204.0,469.4,333.0,0.015
666,1081,24,483.1,203.4,454.6,330.2,0.013
667,1081,14,126.0,866.5,179.7,177.3,0.012
668,1085,14,626.6,221.1,188.7,184.9,0.989
669,1085,34,36.1,126.5,438.6,418.9,0.957
670,1085,4,623.8,714.8,213.4,271.3,0.861
671,1085,27,83.6,726.2,335.8,238.8,0.784
672,1085,36,84.6,729.2,333.9,236.3,0.023
673,1085,40,626.3,220.0,188.2,186.7,0.018
674,1085,1,626.9,222.1,195.8,181.7,0.017
675,1085,31,627.1,221.7,186.7,184.9,0.011
676,1087,53,82.5,592.4,300.1,478.4,0.19
677,1087,5,132.5,173.1,207.3,203.7,0.091
678,1087,42,84.6,590.3,299.2,484.3,0.091
679,1087,54,132.7,173.6,208.3,202.7,0.081
680,1087,44,622.3,203.5,220.6,214.2,0.073
681,1087,14,623.2,204.3,218.7,213.5,0.066
682,1087,24,132.2,173.2,208.2,203.6,0.049
683,1087,37,132.0,173.9,208.8,202.2,0.042
684,1087,56,132.9,173.9,207.1,202.8,0.041
685,1087,1,131.2,167.7,206.5,208.2,0.041
686,1087,39,85.6,588.0,295.0,482.3,0.026
687,1087,17,559.9,671.8,278.4,456.1,0.025
688,1087,53,132.3,172.5,206.3,204.3,0.023
689,1087,42,559.3,671.2,278.4,457.6,0.018
690,1087,3,131.7,174.5,208.6,201.5,0.015
691,1087,39,562.2,672.2,276.0,455.4,0.014
692,1087,18,558.8,672.0,280.2,456.0,0.012
693,1087,2,562.2,676.2,275.0,449.5,0.012
694,1087,16,560.5,676.9,277.2,447.2,0.012
695,1089,23,634.5,884.4,215.4,216.8,0.44
696,1089,39,584.1,179.7,292.9,462.2,0.28
697,1089,42,583.4,181.3,294.2,460.2,0.267
698,1089,42,139.3,145.2,275.8,424.0,0.103
699,1089,17,139.0,143.0,274.6,426.9,0.084
700,1089,44,104.6,831.2,233.1,228.2,0.078
701,1089,37,634.1,884.1,217.5,214.7,0.069
702,1089,17,584.1,179.3,293.1,460.3,0.068
703,1089,16,141.9,144.9,272.0,421.2,0.056
704,1089,18,583.8,181.4,295.1,460.9,0.052
705,1089,14,104.8,832.8,234.0,226.3,0.034
706,1089,15,105.2,833.9,234.2,225.1,0.031
707,1089,32,139.2,145.3,277.5,422.4,0.024
708,1089,55,142.6,143.6,273.2,424.0,0.017
709,1089,4,634.6,886.4,217.4,213.1,0.016
710,1089,53,632.1,886.7,218.4,214.2,0.015
711,1089,53,583.0,181.8,297.6,464.8,0.015
712,1089,35,105.9,832.3,231.3,227.2,0.014
713,1089,39,139.9,144.3,275.2,423.2,0.013
714,1089,13,633.2,885.1,218.2,216.5,0.011
715,109,4,147.1,218.6,250.6,225.4,0.96
716,109,53,109.1,777.6,298.0,382.2,0.68
717,109,34,580.2,713.7,387.0,498.9,0.551
718,109,24,644.6,279.6,217.9,169.0,0.509
719,109,53,643.9,277.8,218.1,169.5,0.131
720,109,42,104.4,773.9,298.0,391.8,0.042
721,109,56,103.7,773.9,298.6,393.5,0.024
722,109,4,644.2,277.1,218.5,169.3,0.022
723,109,37,643.4,278.1,218.9,169.7,0.018
724,109,17,103.6,773.8,298.8,393.5,0.018
725,1092,1,651.1,851.9,208.2,160.1,0.983
726,1092,16,82.7,914.9,243.8,239.3,0.592
727,1092,55,132.2,241.6,242.9,234.7,0.21
728,1092,3,569.2,212.9,319.6,292.4,0.146
729,1092,15,82.5,913.1,245.3,240.7,0.102
730,1092,37,568.8,214.2,320.6,291.5,0.07
731,1092,37,652.4,851.1,211.2,160.4,0.044
732,1092,45,570.5,214.0,318.4,293.0,0.044
733,1092,31,80.9,912.7,247.1,240.9,0.044
734,1092,53,651.2,850.1,212.6,158.1,0.023
735,1092,26,642.3,845.6,218.8,165.1,0.019
736,1092,16,133.7,240.2,241.2,234.9,0.013
737,1092,25,652.9,847.3,195.3,160.1,0.012
738,1092,27,652.0,850.1,211.7,159.4,0.012
739,1093,4,147.2,219.5,250.9,223.8,0.967
740,1093,15,99.2,850.4,252.2,243.1,0.941
741,1093,24,643.7,278.7,218.9,170.6,0.509
742,1093,45,505.3,694.6,458.5,444.5,0.495
743,1093,53,643.3,277.4,218.8,170.8,0.097
744,1093,37,643.4,277.7,217.9,171.3,0.055
745,1093,4,166.2,223.3,205.1,120.0,0.026
746,1093,4,643.7,276.6,219.0,170.5,0.023
747,1093,56,504.6,696.8,456.1,440.9,0.012
748,1095,4,600.5,865.1,260.0,234.8,0.972
749,1095,15,638.8,175.8,246.8,232.2,0.766
750,1095,45,39.7,128.5,454.9,414.8,0.577
751,1095,24,126.8,865.7,222.1,168.3,0.251
752,1095,34,41.1,130.0,450.6,413.4,0.069
753,1095,53,125.5,866.0,223.4,168.3,0.053
754,1096,37,550.4,780.3,308.4,240.4,0.706
755,1096,37,481.2,110.1,440.0,331.9,0.703
756,1096,5,91.1,193.5,204.8,204.3,0.215
757,1096,53,545.8,778.1,315.4,243.5,0.126
758,1096,54,165.9,671.2,218.5,369.4,0.107
759,1096,14,90.1,194.5,204.8,202.2,0.102
760,1096,23,92.8,193.3,205.1,203.2,0.084
761,1096,53,89.6,194.3,208.5,203.9,0.062
762,1096,39,164.5,668.7,219.2,369.8,0.034
763,1096,37,92.5,193.0,203.0,203.7,0.025
764,1096,17,166.9,672.0,219.4,367.1,0.022
765,1096,21,90.7,194.4,206.3,203.1,0.021
766,1096,24,481.4,111.2,443.4,331.3,0.021
767,1096,4,90.7,195.5,206.2,201.8,0.02
768,1096,36,543.6,778.6,316.8,243.0,0.016
769,1096,53,480.3,117.4,445.4,326.8,0.015
770,1096,27,548.6,776.3,310.3,245.5,0.012
771,1096,1,92.2,198.9,207.9,194.1,0.011
772,1096,53,162.7,673.6,222.7,364.8,0.011
773,1097,37,510.4,125.1,447.4,334.6,0.466
774,1097,37,576.7,815.4,308.5,234.7,0.344
775,1097,23,105.3,203.4,213.3,206.2,0.164
776,1097,53,573.3,817.3,310.8,233.9,0.163
777,1097,27,576.0,816.2,308.9,235.8,0.119
778,1097,53,104.9,202.8,214.8,205.2,0.097
779,1097,3,576.3,817.5,309.2,233.9,0.065
780,1097,3,196.5,716.5,223.8,362.8,0.058
781,1097,22,195.9,706.2,224.9,370.0,0.056
782,1097,45,576.1,815.5,310.4,237.0,0.045
783,1097,53,196.0,719.0,223.8,363.5,0.035
784,1097,14,107.5,202.3,205.5,205.2,0.028
785,1097,42,196.5,716.1,224.9,362.2,0.025
786,1097,43,196.1,715.7,224.4,362.2,0.018
787,1097,54,196.7,714.0,223.2,362.9,0.015
788,1097,16,196.1,718.5,221.9,361.3,0.014
789,1097,39,509.2,128.7,447.1,331.1,0.013
790,1097,51,574.4,817.0,309.5,233.5,0.01
791,1097,4,106.9,202.9,211.9,205.1,0.01
792,1098,37,17.8,788.5,465.4,343.6,0.853
793,1098,37,121.0,253.7,302.1,233.7,0.334
794,1098,23,677.8,862.5,214.9,211.6,0.332
795,1098,27,119.6,251.9,300.8,236.3,0.178
796,1098,14,676.3,862.5,218.3,211.3,0.13
797,1098,53,584.2,234.7,213.5,336.4,0.04
798,1098,32,583.1,231.0,214.6,340.4,0.031
799,1098,8,582.3,232.3,217.2,336.9,0.025
800,1098,53,120.2,252.8,301.7,237.3,0.023
801,1098,36,119.7,253.1,301.2,236.0,0.021
802,1098,3,582.3,231.6,213.8,339.8,0.017
803,1098,55,582.5,236.6,214.6,333.4,0.016
804,1098,29,24.4,786.0,460.0,345.9,0.015
805,1098,39,582.0,232.4,215.3,337.7,0.013
806,1098,37,676.1,862.5,218.1,210.2,0.011
807,110,4,600.5,864.8,261.0,235.0,0.972
808,110,34,39.4,47.3,388.0,481.8,0.943
809,110,53,581.7,96.5,289.4,383.5,0.895
810,110,24,126.8,864.9,222.2,169.3,0.315
811,110,42,580.8,99.2,287.5,376.2,0.133
812,110,53,125.6,865.3,223.3,169.2,0.07
813,110,3,125.8,864.8,222.9,169.6,0.035
814,1100,4,534.4,778.4,269.7,223.9,0.949
815,1100,56,633.4,177.7,185.5,244.7,0.399
816,1100,54,633.6,177.3,184.2,245.1,0.379
817,1100,53,634.0,176.4,186.7,246.5,0.218
818,1100,54,146.5,774.7,177.5,208.7,0.19
819,1100,56,146.1,774.6,178.2,209.2,0.14
820,1100,56,48.5,101.3,415.8,489.6,0.084
821,1100,37,46.4,100.0,421.5,490.8,0.075
822,1100,53,145.7,773.9,178.5,208.2,0.035
823,1100,53,47.0,102.4,403.3,488.0,0.022
824,1101,4,563.3,814.7,267.1,217.2,0.955
825,1101,23,176.1,810.5,177.4,205.3,0.426
826,1101,56,662.2,179.6,191.2,253.5,0.296
827,1101,53,662.9,179.2,192.7,253.6,0.285
828,1101,56,61.9,123.0,430.0,498.6,0.169
829,1101,42,60.4,121.9,432.2,497.9,0.127
830,1101,54,663.4,179.3,191.7,252.7,0.12
831,1101,53,63.8,122.5,429.9,498.7,0.091
832,1101,13,177.1,811.8,176.9,208.6,0.082
833,1101,53,178.4,811.0,177.1,205.7,0.035
834,1101,56,177.0,810.6,176.7,210.9,0.022
835,1101,37,63.2,123.9,428.8,498.0,0.02
836,1101,54,175.9,812.1,178.6,206.3,0.016
837,1101,37,176.2,811.7,177.7,203.6,0.015
838,1101,17,61.2,127.5,431.7,492.8,0.011
839,1105,4,605.8,791.1,273.6,209.1,0.979
840,1105,37,119.5,771.1,316.4,278.1,0.929
841,1105,31,112.8,212.0,206.3,197.8,0.783
842,1105,53,603.5,121.5,254.4,393.7,0.74
843,1105,16,112.7,211.2,204.8,198.6,0.044
844,1105,53,120.6,772.4,316.0,277.6,0.041
845,1105,42,603.4,127.9,256.3,390.3,0.014
846,1105,15,112.8,209.8,208.6,200.3,0.012
847,1105,39,121.2,772.7,313.9,276.7,0.012
848,1105,37,111.7,211.7,208.2,198.2,0.01
849,1105,54,603.1,126.3,254.8,392.6,0.01
850,1109,4,588.1,844.8,285.7,170.0,0.915
851,1109,15,623.3,182.2,245.9,232.9,0.908
852,1109,31,94.6,855.4,212.2,207.2,0.103
853,1109,26,95.0,854.9,209.6,207.7,0.081
854,1109,26,138.9,228.1,216.9,204.5,0.058
855,1109,15,95.1,855.4,212.2,206.1,0.045
856,1109,15,137.7,226.1,215.3,202.6,0.03
857,1109,31,137.1,226.5,214.0,202.9,0.03
858,1109,1,97.2,854.6,211.7,207.2,0.027
859,1109,1,137.6,222.7,216.0,212.9,0.021
860,1109,16,623.7,181.5,241.9,233.6,0.016
861,1109,37,138.2,225.4,213.3,202.0,0.012
862,1109,37,95.3,854.1,215.1,207.9,0.011
863,1109,16,95.4,854.8,211.7,206.1,0.01
864,1109,25,139.4,241.4,203.6,186.5,0.01
865,1111,44,605.4,172.8,220.5,217.2,0.993
866,1111,4,557.6,809.0,287.9,178.4,0.977
867,1111,15,114.0,188.2,211.3,200.3,0.365
868,1111,26,62.0,804.0,211.2,213.9,0.154
869,1111,31,59.3,812.3,215.3,206.6,0.037
870,1111,3,60.0,806.7,218.9,210.6,0.024
871,1111,15,62.5,812.7,212.2,205.8,0.023
872,1114,53,103.0,691.0,201.6,411.7,0.986
873,1114,4,133.4,291.2,276.0,171.4,0.931
874,1114,45,553.1,695.4,402.3,426.9,0.496
875,1114,42,101.9,687.1,200.8,418.9,0.26
876,1114,34,554.6,693.8,399.7,428.9,0.214
877,1114,26,682.0,256.9,202.5,194.7,0.047
878,1114,17,101.9,685.3,202.5,418.8,0.039
879,1114,1,685.3,255.4,198.4,199.3,0.033
880,1114,32,554.8,695.4,400.3,425.9,0.032
881,1114,31,682.4,258.2,206.0,198.1,0.022
882,1114,56,554.3,694.6,399.8,426.6,0.022
883,1114,15,683.0,258.1,206.6,198.4,0.013
884,1114,3,686.9,258.8,196.0,196.2,0.012
885,1115,53,646.5,145.9,207.2,396.3,0.986
886,1115,4,559.5,808.8,286.9,178.4,0.969
887,1115,45,38.4,123.8,388.2,409.7,0.706
888,1115,34,36.9,122.6,389.0,409.7,0.565
889,1115,26,66.1,805.2,208.0,212.6,0.209
890,1115,32,37.1,124.6,389.2,406.3,0.098
891,1115,42,645.4,147.8,205.1,395.4,0.078
892,1115,3,64.5,807.2,211.3,209.7,0.066
893,1115,31,60.8,812.6,216.0,205.6,0.032
894,1115,1,632.2,176.7,211.6,338.7,0.018
895,1115,15,63.5,813.3,213.5,204.5,0.017
896,1115,37,62.3,815.2,217.1,203.3,0.014
897,1115,53,32.1,125.4,386.1,405.6,0.012
898,1115,18,644.5,145.4,204.5,397.4,0.012
899,1115,16,62.9,812.6,213.7,206.2,0.01
900,1116,53,678.8,157.4,204.7,404.5,0.986
901,1116,4,589.4,845.3,282.3,169.7,0.876
902,1116,45,42.4,139.7,407.2,423.3,0.637
903,1116,31,94.7,854.1,210.3,207.4,0.209
904,1116,42,679.2,155.7,195.8,402.8,0.135
905,1116,37,95.3,852.3,213.5,209.0,0.03
906,1116,15,95.7,853.4,209.5,206.8,0.027
907,1116,26,96.7,854.2,205.9,208.1,0.024
908,1116,55,41.2,144.3,400.5,414.9,0.021
909,1116,3,97.0,854.3,206.1,211.4,0.018
910,1116,16,42.7,144.0,398.9,418.4,0.014
911,1116,54,679.1,155.3,195.4,402.1,0.014
912,1116,16,95.4,853.5,209.9,206.9,0.011
913,1118,16,100.7,882.3,241.9,237.7,0.895
914,1118,23,677.4,859.7,216.0,209.3,0.206
915,1118,31,100.0,880.8,244.2,240.8,0.104
916,1118,53,195.7,239.2,173.5,236.3,0.103
917,1118,14,676.0,859.7,208.6,211.8,0.05
918,1118,55,101.4,881.4,239.4,237.5,0.049
919,1118,42,586.6,236.5,215.9,338.1,0.047
920,1118,8,585.1,233.7,220.1,340.3,0.038
921,1118,53,676.9,860.2,217.5,211.6,0.037
922,1118,5,193.3,238.7,175.6,237.2,0.036
923,1118,53,588.3,237.6,215.1,338.5,0.025
924,1118,37,195.0,239.0,172.9,237.6,0.023
925,1118,55,586.4,239.9,215.6,334.2,0.018
926,1118,15,100.0,880.1,227.4,239.2,0.018
927,1118,23,196.0,238.5,172.6,237.3,0.015
928,1118,21,676.7,859.9,217.7,211.8,0.012
929,1118,4,195.8,239.1,172.1,236.0,0.011
930,1119,16,645.4,146.6,235.0,227.0,0.892
931,1119,31,644.8,145.6,236.4,228.1,0.693
932,1119,23,106.5,206.0,214.1,204.4,0.302
933,1119,31,191.1,709.4,219.0,361.7,0.242
934,1119,4,631.7,826.1,175.6,244.1,0.205
935,1119,14,631.1,826.3,176.2,244.0,0.197
936,1119,16,191.0,713.2,218.9,358.8,0.166
937,1119,53,631.5,826.1,176.4,244.0,0.1
938,1119,53,106.5,205.7,214.6,203.9,0.065
939,1119,5,630.3,825.8,177.1,243.2,0.05
940,1119,15,644.8,146.1,235.7,227.8,0.033
941,1119,39,630.6,826.1,176.7,242.1,0.032
942,1119,55,645.2,145.9,233.4,227.3,0.028
943,1119,21,631.8,827.2,174.9,243.4,0.016
944,1119,54,630.5,825.1,177.8,244.4,0.015
945,1119,33,189.4,714.0,221.0,353.2,0.015
946,1119,3,189.5,713.6,221.0,355.8,0.014
947,1119,13,188.8,712.3,222.5,357.6,0.011
948,1119,39,188.6,704.1,225.1,364.6,0.01
949,112,49,555.1,808.7,371.8,210.7,0.524
950,112,44,632.0,198.3,227.5,216.3,0.492
951,112,23,126.8,232.4,212.0,205.5,0.211
952,112,42,160.1,588.5,298.2,468.9,0.156
953,112,17,160.0,585.4,299.3,470.2,0.135
954,112,54,125.9,233.1,212.4,204.2,0.092
955,112,53,154.0,588.4,310.8,470.5,0.086
956,112,5,126.6,233.3,212.3,204.5,0.086
957,112,37,125.3,233.5,214.2,203.5,0.078
958,112,56,127.8,233.0,211.3,204.6,0.035
959,112,33,554.9,807.0,372.4,211.9,0.018
960,112,39,159.9,583.3,299.0,472.5,0.018
961,112,1,126.0,231.3,210.5,213.8,0.017
962,112,53,126.2,230.8,210.3,206.6,0.015
963,112,37,631.5,196.6,228.6,217.4,0.015
964,112,3,126.6,233.0,213.1,203.5,0.011
965,1121,4,124.1,275.5,271.9,185.0,0.972
966,1121,36,574.3,185.0,328.6,288.5,0.865
967,1121,44,135.3,869.5,233.1,230.0,0.816
968,1121,51,567.0,183.9,338.4,292.5,0.515
969,1121,26,623.9,862.7,208.4,211.4,0.239
970,1121,27,572.2,184.3,329.7,289.2,0.043
971,1121,16,135.8,872.0,231.5,227.2,0.039
972,1121,15,136.7,871.0,232.6,228.1,0.031
973,1121,15,625.2,862.6,214.0,212.7,0.013
974,1121,45,565.9,182.6,336.9,290.5,0.01
975,1121,25,625.1,866.4,205.7,203.6,0.01
976,1123,4,123.8,307.5,268.8,202.3,0.991
977,1123,37,564.1,257.0,303.1,271.2,0.933
978,1123,15,153.0,804.8,245.5,240.6,0.921
979,1123,34,490.9,666.0,449.0,442.9,0.858
980,1123,29,563.5,256.9,305.1,270.3,0.085
981,1123,53,125.4,307.1,267.7,201.0,0.022
982,1123,53,565.6,258.1,302.8,272.7,0.018
983,1123,43,492.5,662.3,449.1,446.5,0.017
984,1123,39,563.5,258.4,302.0,269.4,0.015
985,1125,4,605.7,791.1,272.1,209.3,0.978
986,1125,34,57.9,154.4,464.8,434.3,0.945
987,1125,37,119.2,769.9,316.9,277.6,0.918
988,1125,15,589.6,228.2,245.1,230.2,0.762
989,1125,53,120.1,771.2,316.6,277.7,0.061
990,1125,39,120.9,771.4,314.4,276.7,0.011
991,1126,4,145.0,291.4,211.5,255.9,0.987
992,1126,15,111.3,837.3,248.5,238.7,0.938
993,1126,27,542.7,291.0,328.8,239.5,0.677
994,1126,37,511.1,727.9,464.9,482.0,0.026
995,1126,42,511.1,728.2,464.9,484.6,0.021
996,1126,51,537.4,291.6,335.4,238.8,0.017
997,1126,36,539.7,288.2,332.7,242.6,0.014
998,1126,55,539.1,292.2,334.7,237.8,0.013
999,1129,4,125.1,306.3,268.6,202.9,0.99
1000,1129,37,560.8,256.5,306.3,270.6,0.921
1001,1129,31,682.5,827.7,213.0,207.0,0.703
1002,1129,26,123.9,856.0,221.8,221.2,0.157
1003,1129,16,682.0,826.6,212.3,207.7,0.154
1004,1129,15,111.2,854.8,230.8,228.2,0.14
1005,1129,15,683.3,826.5,212.6,209.1,0.043
1006,1129,39,562.3,258.0,303.2,269.9,0.019
1007,1129,31,114.5,856.3,228.3,228.4,0.015
1008,1129,16,112.9,856.6,227.9,226.2,0.014
1009,1129,53,561.5,257.9,309.1,270.5,0.012
1010,113,49,77.1,270.0,364.4,217.8,0.573
1011,113,44,122.3,844.1,236.6,225.5,0.559
1012,113,17,534.9,225.1,296.1,460.4,0.254
1013,113,39,535.8,225.3,294.6,460.0,0.165
1014,113,15,125.6,844.8,231.0,225.6,0.105
1015,113,23,657.1,831.3,216.1,214.6,0.075
1016,113,37,657.4,832.0,216.0,212.9,0.039
1017,113,42,532.1,229.5,301.1,463.4,0.032
1018,113,37,535.5,226.0,295.3,460.6,0.022
1019,113,53,657.0,832.0,217.6,212.2,0.012
1020,113,35,125.1,844.8,231.3,226.1,0.012
1021,113,16,127.3,844.6,229.9,225.8,0.012
1022,1135,1,151.9,254.5,184.2,155.7,0.996
1023,1135,49,545.2,832.4,373.1,203.9,0.842
1024,1135,42,605.5,58.4,289.4,479.9,0.326
1025,1135,44,77.9,796.0,303.9,287.3,0.197
1026,1135,39,605.3,56.2,286.6,478.4,0.158
1027,1135,17,605.7,56.1,287.6,481.3,0.154
1028,1135,18,608.2,58.4,285.3,479.1,0.053
1029,1135,37,79.6,795.7,300.5,288.0,0.045
1030,1135,4,79.3,794.6,303.8,290.0,0.034
1031,1135,37,152.1,252.9,195.0,163.1,0.033
1032,1135,53,150.7,254.3,197.3,160.6,0.028
1033,1135,53,608.1,42.5,290.9,495.1,0.026
1034,1135,16,79.7,794.1,302.3,290.3,0.022
1035,1135,32,608.7,51.8,280.1,482.2,0.021
1036,1135,43,545.0,830.8,374.1,204.0,0.021
1037,1135,33,546.0,832.1,373.1,204.5,0.012
1038,1136,1,641.3,857.2,207.6,173.6,0.95
1039,1136,49,89.5,257.6,364.7,207.6,0.687
1040,1136,53,88.9,710.1,295.6,490.0,0.218
1041,1136,17,87.5,704.5,292.6,491.8,0.131
1042,1136,16,612.7,222.7,292.8,286.2,0.109
1043,1136,42,84.3,705.6,296.8,491.3,0.091
1044,1136,37,643.0,854.3,207.2,173.9,0.071
1045,1136,15,612.7,223.2,294.4,286.4,0.056
1046,1136,33,88.1,258.1,364.6,207.8,0.048
1047,1136,4,612.9,223.8,294.1,284.5,0.044
1048,1136,24,643.5,856.0,206.5,173.6,0.033
1049,1136,55,643.5,854.9,205.3,173.0,0.031
1050,1136,13,88.3,257.9,364.3,207.2,0.03
1051,1136,37,612.3,223.9,293.9,286.3,0.024
1052,1136,54,89.3,257.6,361.2,207.8,0.021
1053,1136,37,88.2,257.5,364.4,207.7,0.02
1054,1136,26,642.2,852.0,205.1,172.8,0.016
1055,1136,39,88.9,706.9,291.5,488.5,0.014
1056,1136,45,85.8,704.5,294.7,490.0,0.013
1057,1136,23,611.6,223.9,294.3,284.6,0.012
1058,1136,56,643.8,854.7,206.4,174.1,0.011
1059,1138,4,561.9,808.7,286.7,177.8,0.982
1060,1138,26,70.6,808.9,204.3,210.0,0.627
1061,1138,45,33.5,93.6,368.4,477.6,0.404
1062,1138,26,593.9,168.9,222.0,219.3,0.156
1063,1138,3,68.8,809.5,208.8,208.9,0.106
1064,1138,37,594.1,174.4,222.4,212.1,0.041
1065,1138,31,593.1,173.2,222.4,214.0,0.03
1066,1138,34,32.9,92.8,367.8,478.2,0.025
1067,1138,15,593.4,173.8,221.7,212.6,0.025
1068,1138,25,66.5,810.0,210.0,209.1,0.018
1069,1138,1,593.1,171.7,223.1,212.8,0.017
1070,1138,56,34.4,91.3,366.2,478.3,0.016
1071,1138,31,61.1,814.1,216.6,206.9,0.015
1072,1138,25,593.8,181.2,211.8,204.3,0.013
1073,114,49,527.2,762.8,381.4,227.4,0.564
1074,114,44,606.1,189.7,219.6,216.6,0.488
1075,114,17,125.4,538.0,307.4,474.8,0.111
1076,114,53,107.4,223.2,208.6,201.2,0.1
1077,114,23,106.6,223.3,211.8,201.6,0.074
1078,114,39,125.5,535.9,306.9,473.4,0.061
1079,114,14,107.9,223.2,208.0,200.7,0.058
1080,114,5,107.7,223.7,208.0,199.4,0.052
1081,114,53,121.9,539.5,319.7,472.6,0.038
1082,114,3,527.0,763.1,380.3,227.2,0.036
1083,114,56,106.4,223.9,208.7,200.2,0.03
1084,114,37,125.7,536.8,306.6,475.1,0.022
1085,114,4,109.1,223.2,206.6,200.9,0.019
1086,114,42,119.7,538.6,314.0,479.1,0.017
1087,1140,4,588.9,843.2,285.5,172.3,0.925
1088,1140,26,624.2,172.4,224.0,220.3,0.402
1089,1140,45,38.6,121.8,386.7,473.4,0.401
1090,1140,1,622.5,175.5,225.3,217.2,0.095
1091,1140,26,98.3,855.3,205.4,205.3,0.088
1092,1140,31,95.8,855.0,211.7,208.4,0.064
1093,1140,15,96.5,854.7,210.8,206.7,0.048
1094,1140,35,96.5,854.7,210.6,207.7,0.047
1095,1140,3,101.0,854.7,204.0,206.3,0.03
1096,1140,37,96.2,854.3,214.6,207.6,0.026
1097,1141,2,69.9,647.7,304.1,459.3,0.994
1098,1141,11,575.0,572.1,295.1,502.3,0.959
1099,1141,35,555.8,197.9,251.8,248.8,0.928
1100,1141,2,67.7,119.2,226.5,424.0,0.666
1101,1141,3,562.8,195.6,242.8,251.2,0.155
1102,1141,40,556.0,194.7,250.3,251.4,0.097
1103,1141,15,556.5,196.1,248.5,250.1,0.063
1104,1141,17,68.6,117.0,225.7,426.3,0.02
1105,1141,32,0.0,1209.4,246.8,70.6,0.014
1106,1142,2,572.9,113.2,300.5,458.2,0.993
1107,1142,35,120.6,823.1,254.2,252.6,0.964
1108,1142,11,74.8,131.2,290.9,500.9,0.895
1109,1142,2,640.9,706.2,243.3,449.4,0.124
1110,1142,3,124.3,824.0,251.0,251.0,0.117
1111,1142,18,641.5,706.2,244.1,444.6,0.099
1112,1142,40,120.2,820.6,254.5,254.8,0.077
1113,1142,32,641.6,705.2,243.0,446.0,0.062
1114,1142,15,121.8,820.9,254.6,253.9,0.042
1115,1142,17,77.0,124.0,288.9,506.5,0.033
1116,1142,17,641.1,704.0,244.8,448.5,0.025
1117,1143,2,565.1,158.4,299.0,431.1,0.984
1118,1143,35,122.0,836.8,261.4,262.7,0.948
1119,1143,11,75.0,178.2,289.5,485.9,0.758
1120,1143,18,649.6,710.7,252.8,457.2,0.16
1121,1143,3,123.9,833.3,258.6,265.4,0.148
1122,1143,40,122.4,834.4,257.5,263.9,0.054
1123,1143,2,650.1,713.0,252.6,455.3,0.047
1124,1143,15,123.6,835.5,254.0,263.4,0.046
1125,1143,53,648.8,708.9,253.0,452.7,0.037
1126,1143,32,649.5,710.2,253.0,455.9,0.034
1127,1143,17,75.7,178.4,288.7,484.5,0.019
1128,1144,4,602.3,845.3,281.2,187.2,0.934
1129,1144,36,43.9,853.9,380.1,221.0,0.914
1130,1144,15,573.5,197.2,243.8,231.9,0.579
1131,1144,37,47.7,167.9,443.3,494.3,0.101
1132,1144,53,45.2,169.8,445.5,490.5,0.062
1133,1144,4,41.9,855.1,383.1,219.1,0.049
1134,1144,56,48.4,168.0,442.2,493.7,0.046
1135,1144,27,43.7,856.1,381.2,218.3,0.028
1136,1144,51,42.5,856.3,382.4,218.3,0.025
1137,1148,3,381.9,159.4,185.9,188.7,0.982
1138,1148,56,550.3,629.4,275.2,310.0,0.967
1139,1148,14,146.7,734.6,192.1,190.1,0.929
1140,1148,53,544.8,625.8,283.5,313.4,0.022
1141,1148,30,147.7,733.9,192.7,192.1,0.011
1142,1149,3,427.4,221.5,183.4,182.7,0.992
1143,1149,56,588.9,719.1,269.8,311.5,0.972
1144,1149,14,189.5,821.0,188.9,187.9,0.968
1145,1149,30,190.4,820.1,188.3,190.0,0.049
1146,1149,31,190.3,822.5,187.6,186.1,0.017
1147,1149,53,585.3,714.9,275.9,311.8,0.016
1148,1149,7,585.9,715.1,277.8,309.6,0.013
1149,115,4,122.7,307.4,270.6,201.6,0.976
1150,115,37,557.4,253.3,303.2,270.0,0.92
1151,115,34,496.3,645.3,424.8,468.6,0.877
1152,115,37,95.6,878.8,276.3,183.6,0.272
1153,115,33,94.4,879.3,277.9,181.1,0.208
1154,115,23,95.7,879.3,278.5,181.1,0.071
1155,115,53,97.4,880.0,274.6,182.4,0.059
1156,115,4,113.2,878.3,252.6,185.5,0.041
1157,115,53,557.5,253.3,308.8,269.9,0.037
1158,1150,44,627.9,161.7,228.4,217.8,0.968
1159,1150,4,561.4,815.5,268.4,217.7,0.967
1160,1150,45,76.7,59.8,409.5,459.2,0.454
1161,1150,23,174.6,811.2,179.7,205.1,0.402
1162,1150,13,175.8,812.5,178.9,207.9,0.053
1163,1150,53,176.9,812.0,179.3,205.2,0.025
1164,1150,56,174.5,812.7,180.0,203.3,0.012
1165,1150,24,74.4,59.0,416.3,462.7,0.01
1166,1153,4,599.9,863.9,259.9,235.3,0.972
1167,1153,31,145.2,210.6,207.3,196.1,0.891
1168,1153,14,647.4,175.3,189.0,186.7,0.631
1169,1153,24,127.0,865.1,222.4,169.8,0.354
1170,1153,23,646.2,172.4,193.7,187.8,0.34
1171,1153,31,646.4,175.2,190.5,186.9,0.251
1172,1153,16,144.9,209.7,207.4,198.0,0.105
1173,1153,53,125.4,865.5,224.0,169.8,0.052
1174,1153,3,126.1,865.0,222.9,169.9,0.048
1175,1153,4,646.3,175.2,190.4,188.0,0.034
1176,1153,37,144.2,208.1,212.4,199.5,0.033
1177,1153,15,145.1,208.0,210.1,199.8,0.031
1178,1153,21,648.1,174.6,188.1,188.3,0.019
1179,1153,37,123.0,859.4,225.9,173.7,0.01
1180,1154,4,570.6,829.7,267.1,242.1,0.966
1181,1154,31,127.3,199.7,202.0,197.4,0.929
1182,1154,14,616.6,170.6,186.2,183.5,0.832
1183,1154,24,90.9,828.1,228.4,173.9,0.517
1184,1154,31,616.7,170.6,186.9,182.6,0.083
1185,1154,53,91.9,827.9,228.2,174.3,0.067
1186,1154,23,616.5,169.7,185.8,185.1,0.055
1187,1154,4,616.7,170.5,186.6,183.9,0.048
1188,1154,16,126.2,198.9,198.4,198.7,0.041
1189,1154,37,124.7,199.0,208.7,198.9,0.029
1190,1154,21,618.0,170.2,184.5,184.1,0.014
1191,1154,15,126.2,199.1,201.0,197.2,0.013
1192,1154,37,92.6,827.5,227.0,173.8,0.012
1193,1154,1,620.8,171.0,183.2,188.4,0.011
1194,1154,1,178.7,830.1,136.5,172.7,0.01
1195,1155,4,147.3,218.5,251.0,225.2,0.964
1196,1155,14,144.8,898.9,193.4,192.5,0.882
1197,1155,31,640.5,861.8,215.2,207.6,0.703
1198,1155,24,643.6,278.3,219.4,170.9,0.657
1199,1155,16,640.4,860.0,214.7,208.6,0.162
1200,1155,53,642.7,276.9,219.9,171.0,0.108
1201,1155,21,144.6,899.1,194.1,191.8,0.105
1202,1155,37,643.2,277.3,218.4,171.4,0.071
1203,1155,35,144.3,899.5,193.6,191.5,0.062
1204,1155,4,144.4,898.4,193.9,192.8,0.061
1205,1155,15,640.2,860.0,219.9,209.6,0.046
1206,1155,31,143.8,898.9,196.1,191.0,0.039
1207,1155,4,165.0,222.7,207.3,125.0,0.019
1208,1155,4,643.6,276.1,219.5,170.6,0.016
1209,1155,37,638.0,860.7,218.7,208.3,0.011
1210,1156,3,393.2,857.1,189.4,192.1,0.995
1211,1156,15,574.3,309.1,240.7,237.1,0.982
1212,1156,13,179.8,280.7,208.1,233.3,0.98
1213,1157,15,110.9,676.3,249.7,246.2,0.981
1214,1157,3,354.8,181.6,183.3,188.3,0.978
1215,1157,13,552.4,712.9,212.1,245.5,0.963
1216,1157,56,687.3,1128.2,288.7,151.8,0.01
1217,1158,3,397.2,242.0,183.2,183.4,0.995
1218,1158,13,593.1,802.9,206.1,241.1,0.981
1219,1158,15,155.1,768.6,243.5,238.2,0.973
1220,1159,3,403.2,808.7,187.7,192.2,0.996
1221,1159,20,151.4,302.7,244.4,353.2,0.943
1222,1159,14,646.6,295.7,186.7,190.5,0.732
1223,1159,30,646.2,294.9,188.8,191.1,0.06
1224,1159,31,646.9,295.1,188.5,192.3,0.048
1225,1159,21,153.1,301.1,240.2,350.2,0.019
1226,1159,48,151.2,305.3,243.4,349.9,0.018
1227,1161,3,389.2,280.8,181.9,182.7,0.994
1228,1161,14,134.2,818.4,186.0,187.2,0.948
1229,1161,20,581.4,619.4,246.7,367.9,0.894
1230,1161,48,584.4,615.4,240.7,373.0,0.079
1231,1161,40,132.8,819.5,186.2,185.3,0.018
1232,1161,30,132.3,817.6,187.3,186.0,0.015
1233,1161,31,133.4,819.3,187.9,186.5,0.011
1234,1163,23,117.3,182.7,214.1,203.5,0.786
1235,1163,49,491.5,806.5,413.7,239.4,0.428
1236,1163,43,493.6,807.2,410.8,237.0,0.301
1237,1163,44,657.9,196.6,229.3,216.5,0.172
1238,1163,42,38.3,608.3,307.2,473.7,0.108
1239,1163,53,34.7,605.7,307.8,471.8,0.094
1240,1163,37,496.9,807.5,408.7,237.3,0.069
1241,1163,24,658.3,196.7,227.9,216.0,0.041
1242,1163,39,38.3,603.5,304.1,470.8,0.035
1243,1163,3,496.5,807.5,408.4,238.0,0.032
1244,1163,37,116.0,184.4,214.5,201.9,0.027
1245,1163,23,492.8,807.6,412.7,238.7,0.026
1246,1163,35,655.5,198.4,230.8,214.2,0.024
1247,1163,15,656.7,198.6,231.2,213.8,0.021
1248,1163,55,489.1,809.2,417.8,234.3,0.015
1249,1163,17,37.6,602.5,305.2,470.6,0.015
1250,1163,37,658.1,195.5,227.2,216.7,0.014
1251,1163,33,491.8,807.1,412.1,235.5,0.012
1252,1163,13,116.7,183.8,213.4,202.5,0.012
1253,1163,22,492.0,805.1,412.7,240.3,0.01
1254,1164,43,462.5,764.2,418.8,251.2,0.195
1255,1164,23,103.6,175.1,209.7,206.0,0.162
1256,1164,53,13.6,562.3,304.2,479.1,0.108
1257,1164,42,13.1,557.6,298.4,477.6,0.079
1258,1164,14,102.2,175.7,201.0,202.9,0.066
1259,1164,3,461.4,763.6,419.2,250.0,0.06
1260,1164,55,467.8,767.5,410.6,244.9,0.049
1261,1164,17,13.6,556.3,296.6,476.5,0.043
1262,1164,44,626.1,190.9,224.3,217.9,0.031
1263,1164,54,103.2,175.5,207.7,205.4,0.03
1264,1164,36,468.3,764.7,409.8,247.7,0.029
1265,1164,53,101.6,176.4,210.6,203.4,0.028
1266,1164,39,15.6,557.9,295.4,478.2,0.024
1267,1164,14,626.2,191.2,225.1,215.9,0.02
1268,1164,24,626.0,191.2,224.0,217.3,0.018
1269,1164,3,104.3,176.3,206.3,205.7,0.016
1270,1164,21,102.2,176.4,209.7,202.9,0.014
1271,1164,37,626.9,191.0,223.3,217.1,0.012
1272,1166,4,125.0,275.9,271.4,185.4,0.96
1273,1166,36,573.9,182.5,330.3,291.9,0.902
1274,1166,34,565.2,680.7,397.4,493.3,0.808
1275,1166,51,568.8,181.7,336.4,296.3,0.502
1276,1166,54,126.5,831.8,190.8,266.3,0.496
1277,1166,53,128.3,831.1,188.4,263.7,0.2
1278,1166,27,572.1,181.8,329.7,292.6,0.065
1279,1166,8,127.1,829.0,190.2,267.1,0.018
1280,1167,34,40.8,89.6,399.7,477.5,0.953
1281,1167,4,602.0,847.3,279.7,186.9,0.944
1282,1167,36,87.6,836.4,340.9,297.7,0.626
1283,1167,51,86.3,827.5,342.7,308.2,0.357
1284,1167,54,673.0,172.2,179.6,257.1,0.26
1285,1167,18,673.1,172.3,180.6,256.4,0.077
1286,1167,53,671.8,170.4,180.8,260.0,0.062
1287,1167,27,87.0,827.1,343.3,308.0,0.045
1288,1167,19,88.6,825.8,339.3,311.5,0.029
1289,1167,45,87.0,827.5,341.9,305.5,0.026
1290,1167,56,673.7,172.2,178.5,257.5,0.024
1291,1168,4,574.1,809.9,285.2,193.6,0.965
1292,1168,44,589.6,165.7,220.2,217.5,0.96
1293,1168,36,47.6,785.9,353.4,306.4,0.835
1294,1168,45,38.9,17.9,355.7,428.0,0.575
1295,1168,51,52.4,786.1,343.2,313.1,0.165
1296,1168,27,46.6,786.1,348.9,307.9,0.059
1297,1168,15,590.1,167.1,220.8,215.9,0.011
1298,1170,4,601.5,845.3,281.3,188.8,0.955
1299,1170,44,618.4,169.9,228.7,218.0,0.75
1300,1170,36,85.9,836.8,344.1,295.9,0.709
1301,1170,45,47.3,26.4,368.7,439.3,0.443
1302,1170,51,85.6,826.8,345.0,308.9,0.375
1303,1170,27,85.9,827.5,345.0,307.1,0.05
1304,1170,56,45.6,24.4,372.2,440.5,0.039
1305,1170,45,85.5,828.0,344.4,304.5,0.018
1306,1170,32,46.1,26.3,372.3,438.8,0.015
1307,1170,55,40.5,27.0,371.1,444.0,0.013
1308,1170,15,620.6,170.2,223.4,216.7,0.011
1309,1171,16,579.4,744.9,240.8,234.6,0.765
1310,1171,31,578.8,745.2,242.2,234.1,0.337
1311,1171,54,638.7,154.0,204.8,195.9,0.321
1312,1171,55,579.5,745.1,239.7,234.4,0.145
1313,1171,56,121.5,176.6,208.7,205.7,0.131
1314,1171,54,121.5,176.3,207.0,205.0,0.127
1315,1171,56,638.5,153.9,206.3,195.7,0.117
1316,1171,5,121.9,176.8,208.6,204.8,0.094
1317,1171,14,92.8,787.5,228.0,221.5,0.085
1318,1171,15,579.3,742.2,231.0,236.8,0.039
1319,1171,23,93.5,788.5,228.0,218.7,0.036
1320,1171,53,638.4,150.8,203.6,198.3,0.032
1321,1171,35,91.5,788.0,230.4,220.6,0.032
1322,1171,42,120.3,177.9,210.0,204.3,0.029
1323,1171,13,120.9,178.5,208.6,204.2,0.023
1324,1171,21,638.8,150.6,202.0,197.8,0.019
1325,1171,5,93.8,788.2,227.3,217.9,0.016
1326,1171,23,122.4,176.7,208.6,204.3,0.012
1327,1171,44,94.3,788.2,226.9,219.1,0.012
1328,1173,16,160.9,287.2,232.3,226.1,0.85
1329,1173,31,160.4,288.5,232.5,224.5,0.464
1330,1173,15,160.8,287.9,229.2,225.0,0.343
1331,1173,54,101.2,903.4,215.9,214.0,0.266
1332,1173,23,645.0,873.3,218.2,215.5,0.12
1333,1173,14,643.4,263.1,221.1,211.3,0.095
1334,1173,53,644.2,874.2,222.2,213.3,0.095
1335,1173,24,645.4,874.4,217.7,214.4,0.058
1336,1173,56,100.9,903.9,215.6,213.6,0.056
1337,1173,37,645.0,874.2,219.6,214.4,0.053
1338,1173,4,643.9,263.2,220.9,211.0,0.048
1339,1173,24,642.5,260.1,222.2,214.5,0.036
1340,1173,35,644.1,262.2,220.1,212.8,0.034
1341,1173,54,644.7,873.7,219.4,215.1,0.031
1342,1173,15,644.0,262.6,219.9,211.2,0.028
1343,1173,3,644.3,875.1,219.5,213.9,0.018
1344,1173,1,638.6,868.7,235.8,218.8,0.016
1345,1173,14,644.4,874.8,209.2,213.2,0.011
1346,1174,44,122.0,863.1,233.6,226.2,0.947
1347,1174,4,134.5,290.6,276.2,171.2,0.931
1348,1174,45,568.2,752.5,403.4,436.3,0.245
1349,1174,26,685.0,256.7,205.5,198.4,0.061
1350,1174,32,567.0,752.9,403.8,435.0,0.06
1351,1174,15,684.9,258.3,204.5,198.2,0.03
1352,1174,3,686.3,254.5,202.5,203.1,0.023
1353,1174,31,683.7,258.4,204.7,197.8,0.021
1354,1174,16,123.7,862.8,231.7,228.1,0.017
1355,1176,44,632.1,180.2,226.4,216.4,0.965
1356,1176,4,586.6,844.1,286.4,171.0,0.941
1357,1176,45,37.3,74.4,395.2,425.3,0.65
1358,1176,31,93.7,854.4,211.0,206.6,0.089
1359,1176,26,93.6,855.2,209.2,205.1,0.047
1360,1176,15,94.6,854.4,210.6,205.5,0.038
1361,1176,1,96.4,854.6,209.4,205.2,0.034
1362,1176,3,94.5,854.7,208.8,207.5,0.027
1363,1176,27,25.4,77.1,391.6,419.3,0.019
1364,1176,37,94.6,853.7,214.1,206.6,0.018
1365,1176,55,27.6,77.4,403.9,417.9,0.014
1366,1178,4,536.5,780.9,269.0,223.6,0.943
1367,1178,26,577.2,191.2,220.8,214.7,0.925
1368,1178,37,99.9,50.7,401.4,500.2,0.096
1369,1178,56,146.5,777.5,178.7,207.5,0.092
1370,1178,42,99.6,48.2,401.0,503.3,0.034
1371,1178,53,146.2,776.0,178.9,208.0,0.028
1372,1178,54,146.9,777.2,177.5,207.3,0.026
1373,1178,53,97.4,53.1,399.5,492.1,0.024
1374,1178,28,146.4,777.0,178.7,207.8,0.017
1375,1178,25,575.6,198.5,227.5,200.2,0.013
1376,118,18,422.5,79.6,431.6,528.0,0.997
1377,118,3,457.9,846.9,189.2,192.6,0.997
1378,118,13,62.3,307.7,230.1,218.6,0.982
1379,118,51,0.0,1176.2,217.2,103.7,0.032
1380,118,54,0.0,1193.3,178.1,86.7,0.023
1381,118,25,0.0,1197.6,121.5,82.1,0.019
1382,118,32,422.0,79.3,432.0,526.9,0.016
1383,118,15,0.0,1160.9,206.1,118.9,0.011
1384,1180,3,395.2,915.4,192.2,194.1,0.998
1385,1180,21,493.2,232.2,330.5,259.2,0.913
1386,1180,13,188.1,305.2,162.9,228.3,0.514
1387,1180,28,188.1,306.0,163.6,227.1,0.291
1388,1180,48,493.2,234.0,324.1,257.9,0.024
1389,1180,20,495.3,231.1,326.0,261.3,0.011
1390,1180,54,187.9,306.9,165.0,224.5,0.011
1391,1184,1,188.9,272.4,203.1,136.0,0.979
1392,1184,16,143.3,879.9,246.9,237.1,0.781
1393,1184,31,142.9,879.8,246.2,238.8,0.335
1394,1184,15,140.1,878.8,249.4,240.2,0.21
1395,1184,23,682.0,276.3,179.7,169.1,0.106
1396,1184,37,187.4,274.9,202.2,134.4,0.064
1397,1184,53,684.2,275.7,177.4,170.5,0.052
1398,1184,42,670.6,827.9,194.1,299.0,0.05
1399,1184,53,187.3,274.7,202.3,135.4,0.037
1400,1184,23,187.9,275.8,201.1,133.5,0.035
1401,1184,55,143.0,878.9,245.0,237.0,0.034
1402,1184,3,670.4,828.1,195.0,299.8,0.032
1403,1184,37,671.5,827.8,194.2,299.8,0.032
1404,1184,22,670.9,832.5,194.3,294.8,0.025
1405,1184,8,672.5,831.0,193.9,296.5,0.019
1406,1184,44,683.0,274.2,179.9,172.5,0.017
1407,1184,56,671.8,828.7,193.5,298.9,0.013
1408,1184,36,670.2,828.9,194.8,299.6,0.012
1409,1184,13,186.6,275.1,202.6,133.7,0.012
1410,1184,14,684.1,275.0,174.6,171.0,0.011
1411,1184,53,672.7,829.8,191.7,297.8,0.011
1412,1184,51,672.1,829.2,192.4,299.3,0.01
1413,1185,1,609.2,902.7,206.3,138.2,0.982
1414,1185,31,600.9,151.2,238.5,226.7,0.585
1415,1185,16,598.9,151.7,240.1,226.8,0.556
1416,1185,3,137.9,141.9,185.8,291.0,0.549
1417,1185,44,126.8,865.4,182.2,178.0,0.546
1418,1185,42,139.1,143.7,185.9,291.2,0.211
1419,1185,18,138.5,141.6,187.1,292.0,0.144
1420,1185,23,611.5,903.8,204.9,134.3,0.098
1421,1185,15,600.4,150.0,238.7,227.9,0.073
1422,1185,26,615.9,899.3,198.5,139.0,0.059
1423,1185,53,610.1,903.4,207.2,133.9,0.027
1424,1185,37,611.2,904.6,206.3,133.8,0.017
1425,1185,14,126.1,866.3,180.1,177.5,0.016
1426,1185,13,611.1,905.0,205.9,134.5,0.015
1427,1185,27,610.8,903.3,206.2,135.2,0.012
1428,1185,36,136.6,144.1,187.2,290.3,0.012
1429,1185,37,600.9,151.4,239.7,226.9,0.011
1430,1186,2,86.0,673.7,228.7,484.0,0.963
1431,1186,2,141.5,108.9,212.2,434.9,0.777
1432,1186,46,552.0,191.9,270.8,269.7,0.514
1433,1186,22,515.6,558.4,313.5,486.1,0.432
1434,1186,39,516.1,558.5,316.0,486.7,0.402
1435,1186,11,514.3,557.6,319.0,491.2,0.316
1436,1186,24,554.0,192.8,268.9,268.7,0.275
1437,1186,17,141.7,110.4,210.7,431.9,0.026
1438,1186,34,514.3,561.1,320.8,487.2,0.022
1439,1186,32,0.0,1207.3,318.6,72.7,0.016
1440,1186,51,0.0,1206.9,285.1,73.1,0.012
1441,1187,2,614.1,58.9,224.9,478.6,0.99
1442,1187,2,584.7,704.0,221.3,446.4,0.93
1443,1187,22,116.9,149.4,314.3,501.5,0.26
1444,1187,24,104.9,804.7,274.6,267.5,0.174
1445,1187,46,103.5,803.3,276.6,268.3,0.154
1446,1187,14,102.8,803.5,280.0,270.1,0.071
1447,1187,39,117.5,150.6,306.8,499.6,0.052
1448,1187,30,105.1,803.6,273.9,270.6,0.039
1449,1187,44,103.6,802.7,276.3,269.5,0.034
1450,1187,11,115.8,147.8,319.4,505.1,0.026
1451,1187,51,818.0,1189.7,158.0,90.3,0.013
1452,1187,26,859.5,1239.1,116.5,40.8,0.012
1453,1189,2,587.6,75.0,242.9,474.6,0.983
1454,1189,11,103.8,133.0,308.5,484.8,0.562
1455,1189,22,103.7,129.8,308.0,488.6,0.256
1456,1189,14,117.8,788.8,321.0,319.0,0.237
1457,1189,2,599.9,713.2,232.4,452.0,0.143
1458,1189,39,104.6,132.1,307.0,485.5,0.137
1459,1189,32,600.4,710.6,233.8,453.5,0.109
1460,1189,46,117.5,787.1,320.6,320.0,0.107
1461,1189,32,115.5,785.2,323.5,322.1,0.046
1462,1189,37,104.7,134.2,306.4,482.1,0.025
1463,1189,27,816.5,1216.6,159.5,63.4,0.016
1464,1189,17,598.6,712.4,237.5,451.5,0.014
1465,119,3,293.4,193.0,183.4,187.5,0.983
1466,119,18,74.9,577.0,455.8,574.6,0.944
1467,119,13,652.5,705.0,226.0,223.7,0.858
1468,1190,2,585.5,118.7,228.9,453.4,0.994
1469,1190,11,111.1,171.3,303.0,476.5,0.866
1470,1190,14,118.9,801.6,327.7,324.7,0.52
1471,1190,2,605.7,719.9,243.6,457.8,0.202
1472,1190,32,606.8,719.7,243.6,458.1,0.169
1473,1190,39,113.1,170.5,300.4,476.3,0.15
1474,1190,18,604.2,718.9,244.4,457.2,0.103
1475,1190,22,114.4,174.1,300.0,474.0,0.017
1476,1190,53,605.8,714.9,244.8,455.1,0.016
1477,1191,2,89.9,665.3,252.4,472.2,0.98
1478,1191,11,530.3,580.0,311.3,494.1,0.76
1479,1191,2,111.1,107.6,229.1,432.4,0.433
1480,1191,22,529.5,576.6,311.7,494.7,0.355
1481,1191,30,494.6,166.5,311.1,302.7,0.126
1482,1191,46,494.6,167.7,311.7,300.1,0.101
1483,1191,14,492.9,167.0,313.9,301.1,0.055
1484,1191,17,112.5,107.0,228.5,431.4,0.043
1485,1191,39,531.0,579.1,309.5,494.4,0.036
1486,1191,17,532.6,577.4,306.5,496.4,0.031
1487,1191,32,110.8,109.7,228.4,429.4,0.021
1488,1191,32,0.0,1210.7,252.1,69.3,0.013
1489,1191,37,526.9,580.6,314.2,491.6,0.011
1490,1192,1,641.7,855.3,207.8,175.4,0.883
1491,1192,49,89.6,256.6,364.9,207.7,0.69
1492,1192,42,650.2,206.2,175.0,276.5,0.539
1493,1192,3,648.3,205.1,175.8,278.0,0.224
1494,1192,17,82.0,695.8,290.5,491.9,0.212
1495,1192,42,80.2,696.3,291.4,491.0,0.131
1496,1192,37,645.1,854.0,205.7,175.1,0.09
1497,1192,53,82.5,695.4,291.9,493.1,0.058
1498,1192,39,82.8,697.1,290.4,490.0,0.043
1499,1192,55,644.8,853.1,204.3,176.4,0.038
1500,1192,13,87.8,255.8,365.3,208.4,0.036
1501,1192,37,88.1,255.9,364.7,208.0,0.035
1502,1192,33,88.1,256.7,365.0,207.9,0.031
1503,1192,54,89.5,256.6,361.3,207.8,0.029
1504,1192,56,645.2,854.7,205.8,175.1,0.012
1505,1192,16,644.5,852.4,205.1,177.0,0.012
1506,1194,1,155.3,252.9,184.7,162.0,0.997
1507,1194,49,544.5,832.7,375.1,203.9,0.754
1508,1194,39,613.3,64.6,285.1,478.1,0.173
1509,1194,42,613.4,65.0,286.8,480.5,0.171
1510,1194,17,613.5,65.4,285.3,478.1,0.132
1511,1194,53,609.3,66.4,288.9,473.1,0.093
1512,1194,3,165.2,821.1,191.3,289.1,0.071
1513,1194,42,165.0,818.7,189.5,292.1,0.066
1514,1194,53,149.9,254.4,197.4,162.5,0.036
1515,1194,23,151.4,252.6,195.1,163.8,0.036
1516,1194,37,152.1,253.0,194.5,163.9,0.02
1517,1194,1,151.8,256.2,168.4,119.9,0.019
1518,1194,33,545.3,833.0,375.3,203.7,0.013
1519,1194,43,544.6,831.0,375.7,204.0,0.011
1520,1196,4,170.4,280.2,261.4,215.2,0.96
1521,1196,53,144.0,705.2,232.6,417.4,0.925
1522,1196,26,617.3,886.0,221.7,209.3,0.275
1523,1196,16,637.5,290.8,172.3,200.6,0.118
1524,1196,55,637.8,291.1,172.4,201.4,0.104
1525,1196,42,140.9,707.6,231.9,410.7,0.092
1526,1196,1,630.2,294.2,181.1,194.8,0.054
1527,1196,37,634.2,291.6,174.1,199.2,0.035
1528,1196,1,618.9,886.6,222.7,209.0,0.033
1529,1196,54,634.6,292.1,173.7,198.0,0.024
1530,1196,23,634.5,291.4,174.6,199.7,0.02
1531,1196,17,140.3,705.8,234.0,412.1,0.018
1532,1196,15,620.1,889.4,216.0,212.3,0.018
1533,1196,13,634.6,292.6,173.9,198.2,0.016
1534,1196,31,618.0,889.3,217.1,212.5,0.013
1535,1196,26,627.8,294.2,181.2,195.0,0.013
1536,1196,53,637.7,291.1,173.3,200.7,0.012
1537,1197,53,614.3,144.6,226.8,408.3,0.969
1538,1197,4,565.2,814.1,268.4,218.1,0.947
1539,1197,23,177.0,812.8,180.4,204.5,0.423
1540,1197,15,160.1,178.6,213.8,202.1,0.208
1541,1197,42,615.3,146.1,218.9,398.5,0.159
1542,1197,31,159.4,179.8,213.6,202.1,0.132
1543,1197,56,177.5,813.3,179.9,207.7,0.058
1544,1197,1,159.7,178.2,214.8,211.1,0.022
1545,1197,26,159.0,170.1,212.7,219.7,0.017
1546,1197,53,177.9,813.6,181.6,204.8,0.012
1547,1198,4,563.9,817.0,268.0,217.3,0.953
1548,1198,23,176.8,815.1,179.0,203.4,0.628
1549,1198,26,604.0,195.6,227.7,215.3,0.614
1550,1198,26,128.1,219.0,210.4,206.5,0.283
1551,1198,13,177.4,815.3,178.7,206.6,0.031
1552,1198,53,178.8,815.8,178.9,203.4,0.022
1553,1198,1,133.7,215.5,205.2,215.5,0.016
1554,1198,1,608.0,198.0,221.4,220.2,0.014
1555,1198,15,603.4,194.8,227.9,215.9,0.013
1556,1199,4,170.4,277.2,261.7,216.0,0.967
1557,1199,26,654.9,854.2,207.8,211.8,0.389
1558,1199,26,155.7,859.7,227.3,219.2,0.24
1559,1199,31,638.1,290.7,172.2,199.8,0.163
1560,1199,16,637.7,290.4,172.0,201.6,0.087
1561,1199,55,638.1,290.9,172.2,200.6,0.086
1562,1199,15,152.2,850.8,231.3,226.6,0.043
1563,1199,1,630.7,294.0,179.9,193.6,0.028
1564,1199,25,656.0,857.0,192.4,205.7,0.017
1565,1199,23,634.6,291.0,174.9,199.7,0.015
1566,1199,26,628.0,295.1,180.2,193.1,0.014
1567,1199,54,634.8,292.1,174.2,198.4,0.013
1568,120,3,333.7,255.2,184.7,181.0,0.996
1569,120,18,116.6,675.0,459.1,573.3,0.99
1570,120,13,688.1,792.8,229.6,222.9,0.921
1571,1201,31,584.1,213.5,230.8,224.8,0.685
1572,1201,16,584.6,213.8,229.7,224.9,0.623
1573,1201,1,585.9,817.7,203.1,150.6,0.364
1574,1201,5,142.4,188.1,206.1,197.6,0.262
1575,1201,5,103.2,822.7,180.3,176.3,0.201
1576,1201,44,103.1,822.7,181.8,176.0,0.124
1577,1201,23,143.8,187.3,204.8,198.6,0.11
1578,1201,55,583.8,815.9,210.4,155.8,0.108
1579,1201,53,101.5,823.3,183.4,177.1,0.06
1580,1201,27,583.7,815.8,210.4,155.8,0.05
1581,1201,55,584.7,212.7,228.4,223.8,0.046
1582,1201,56,141.7,187.5,207.6,198.7,0.037
1583,1201,53,583.7,815.5,209.3,156.4,0.031
1584,1201,54,142.8,188.4,206.8,198.8,0.03
1585,1201,15,584.0,213.5,232.2,224.3,0.03
1586,1201,37,585.0,816.1,208.6,157.6,0.026
1587,1201,13,143.2,187.4,206.3,197.9,0.026
1588,1201,14,100.4,823.5,181.3,177.0,0.026
1589,1201,36,582.8,815.2,210.5,156.3,0.014
1590,1201,26,589.1,819.4,203.2,152.5,0.014
1591,1201,3,143.1,188.3,206.4,196.7,0.011
1592,1204,3,391.9,860.0,194.8,193.7,0.996
1593,1204,48,70.1,217.7,337.8,252.4,0.944
1594,1204,30,689.8,264.8,180.4,184.5,0.843
1595,1204,14,687.6,265.1,181.6,183.9,0.036
1596,1204,18,0.0,0.0,246.1,116.7,0.026
1597,1204,20,66.8,218.3,341.7,251.2,0.016
1598,1206,3,396.2,225.2,182.7,181.6,0.994
1599,1206,48,569.1,816.2,350.8,272.6,0.934
1600,1206,30,94.1,855.7,185.2,185.7,0.798
1601,1206,14,92.4,854.5,185.4,185.8,0.053
1602,1207,14,154.2,830.8,188.4,189.5,0.98
1603,1207,4,170.2,279.6,261.6,215.5,0.944
1604,1207,31,688.2,812.4,210.9,206.2,0.748
1605,1207,31,153.7,830.2,189.0,190.2,0.385
1606,1207,31,637.7,291.2,171.5,199.5,0.233
1607,1207,16,637.4,291.0,171.4,201.2,0.193
1608,1207,55,638.0,291.5,171.7,200.5,0.164
1609,1207,35,153.3,829.8,187.9,190.6,0.077
1610,1207,15,687.1,808.0,212.3,211.6,0.041
1611,1207,16,686.6,811.8,213.8,209.9,0.038
1612,1207,1,630.0,294.5,180.9,194.2,0.029
1613,1207,23,634.3,291.7,174.3,199.1,0.022
1614,1207,23,154.6,827.1,188.3,192.5,0.018
1615,1207,37,634.1,291.7,174.1,198.8,0.017
1616,1207,1,145.9,829.7,205.1,183.6,0.014
1617,1207,54,634.6,292.1,173.5,197.8,0.012
1618,1209,31,99.6,259.5,208.2,199.0,0.963
1619,1209,4,565.5,814.0,266.8,218.4,0.923
1620,1209,14,645.5,252.8,187.1,178.9,0.878
1621,1209,23,177.1,812.6,180.1,203.7,0.486
1622,1209,15,100.2,258.7,209.0,199.5,0.245
1623,1209,31,644.7,252.3,188.8,179.8,0.219
1624,1209,13,177.7,813.5,179.4,207.5,0.084
1625,1209,35,646.6,251.9,184.2,179.1,0.079
1626,1209,16,100.1,259.7,205.3,199.5,0.065
1627,1209,23,644.6,249.3,187.7,184.1,0.05
1628,1209,4,644.3,251.6,186.9,180.4,0.019
1629,1209,53,179.5,813.2,179.0,204.4,0.017
1630,1209,56,177.7,813.7,179.4,202.3,0.011
1631,1209,24,177.0,812.9,180.1,204.9,0.011
1632,1210,53,658.6,177.4,221.7,404.8,0.955
1633,1210,4,649.8,745.8,211.7,269.9,0.85
1634,1210,27,115.5,770.9,333.8,232.4,0.661
1635,1210,45,63.2,138.8,478.5,387.8,0.481
1636,1210,42,660.2,178.0,214.3,398.9,0.163
1637,1210,36,112.7,773.8,336.6,229.4,0.069
1638,1210,1,645.2,325.6,237.7,245.8,0.034
1639,1210,7,118.2,770.8,317.6,231.3,0.013
1640,1210,19,648.3,748.4,213.0,267.3,0.011
1641,1210,20,112.4,772.9,336.2,229.0,0.011
1642,1212,53,99.1,672.3,232.4,412.9,0.991
1643,1212,4,144.9,293.4,208.8,255.4,0.985
1644,1212,27,540.5,293.0,330.5,236.9,0.766
1645,1212,45,455.5,709.6,483.2,402.5,0.432
1646,1212,42,100.4,676.5,231.1,404.5,0.151
1647,1212,51,542.2,294.0,328.8,235.9,0.025
1648,1212,1,98.7,814.2,240.0,268.3,0.022
1649,1212,36,549.9,291.4,320.9,238.4,0.018
1650,1212,52,455.7,711.3,480.7,400.2,0.015
1651,1212,55,539.5,294.5,333.1,235.2,0.01
1652,1213,2,651.8,68.2,212.5,480.4,0.996
1653,1213,35,125.7,840.4,258.1,251.0,0.943
1654,1213,11,115.3,8.2,306.1,477.7,0.728
1655,1213,22,116.0,4.7,303.3,482.3,0.554
1656,1213,18,586.7,684.4,239.3,487.6,0.264
1657,1213,40,126.9,840.1,255.2,251.3,0.177
1658,1213,39,115.8,5.8,303.4,481.2,0.146
1659,1213,2,588.8,682.5,234.9,491.5,0.128
1660,1213,3,126.6,838.1,255.8,256.0,0.091
1661,1213,32,586.9,684.4,237.8,485.4,0.032
1662,1213,37,115.6,9.3,303.8,475.3,0.032
1663,1213,15,127.6,838.6,250.5,253.2,0.031
1664,1214,2,650.6,110.4,199.9,456.0,0.996
1665,1214,11,123.0,53.3,297.9,472.7,0.95
1666,1214,35,127.6,849.5,262.0,264.8,0.896
1667,1214,39,123.2,49.9,294.3,472.4,0.275
1668,1214,18,594.5,688.2,250.1,493.5,0.248
1669,1214,40,129.4,847.9,260.8,263.8,0.06
1670,1214,3,137.9,848.2,249.4,262.6,0.059
1671,1214,22,124.5,54.2,294.5,469.6,0.033
1672,1214,15,129.8,849.9,249.4,262.4,0.029
1673,1214,7,592.2,686.4,250.6,484.1,0.028
1674,1214,2,595.0,686.2,250.5,498.0,0.024
1675,1214,32,593.9,684.3,250.7,498.4,0.012
1676,1214,53,592.3,686.1,250.9,486.6,0.011
1677,1216,39,154.9,166.0,265.8,460.7,0.777
1678,1216,42,616.8,177.5,283.0,464.9,0.321
1679,1216,39,616.4,174.8,279.6,468.4,0.308
1680,1216,14,130.7,847.1,229.0,223.5,0.156
1681,1216,42,154.6,168.4,266.6,460.3,0.113
1682,1216,17,617.0,177.2,282.6,466.2,0.111
1683,1216,32,155.6,167.6,268.1,459.7,0.101
1684,1216,23,658.4,865.0,214.9,212.1,0.07
1685,1216,21,658.4,864.8,217.4,214.0,0.034
1686,1216,15,131.0,845.5,228.3,225.2,0.027
1687,1216,14,657.9,864.6,218.7,213.6,0.026
1688,1216,35,132.1,846.5,228.0,224.4,0.018
1689,1216,53,158.0,176.2,262.7,449.9,0.018
1690,1216,23,128.2,845.8,231.8,223.9,0.018
1691,1216,53,617.6,177.4,282.9,475.8,0.017
1692,1216,54,658.7,865.0,215.8,212.7,0.013
1693,1216,18,619.3,176.6,277.5,466.3,0.011
1694,1216,29,659.4,864.7,217.7,213.3,0.01
1695,1219,42,569.6,669.0,295.9,441.5,0.793
1696,1219,44,649.9,205.9,223.1,213.6,0.314
1697,1219,53,65.2,584.2,345.0,475.8,0.102
1698,1219,23,103.0,237.3,210.6,205.3,0.07
1699,1219,5,102.9,237.2,207.8,204.9,0.068
1700,1219,15,647.8,206.5,224.8,213.5,0.061
1701,1219,53,577.5,666.3,281.7,438.3,0.059
1702,1219,1,98.8,237.3,211.0,207.3,0.057
1703,1219,56,103.5,236.9,208.1,206.1,0.054
1704,1219,54,102.7,237.5,208.1,203.8,0.045
1705,1219,53,100.7,237.4,212.0,205.1,0.042
1706,1219,3,103.6,238.0,207.3,205.6,0.038
1707,1219,42,66.4,586.2,337.8,458.3,0.038
1708,1219,39,64.8,585.4,340.4,459.2,0.026
1709,1219,18,67.0,586.7,336.6,458.8,0.019
1710,1219,54,67.3,586.0,333.2,458.8,0.011
1711,122,4,573.3,810.8,283.6,193.9,0.95
1712,122,44,589.9,166.3,220.8,217.6,0.943
1713,122,34,48.9,91.7,376.9,473.7,0.886
1714,122,36,47.4,785.7,352.3,304.7,0.82
1715,122,51,46.1,785.8,351.2,306.6,0.187
1716,122,27,47.9,786.1,348.8,305.9,0.059
1717,122,19,45.1,786.0,358.2,305.6,0.015
1718,122,15,590.1,167.6,222.0,215.8,0.012
1719,1220,42,603.2,705.1,279.0,442.0,0.979
1720,1220,5,121.4,250.3,211.8,203.0,0.215
1721,1220,23,121.9,250.8,212.1,203.6,0.176
1722,1220,44,679.7,216.3,228.4,211.0,0.169
1723,1220,42,96.0,631.2,334.2,457.5,0.122
1724,1220,54,121.5,249.9,211.5,203.6,0.069
1725,1220,39,93.7,632.5,336.7,455.4,0.06
1726,1220,53,88.9,637.7,344.6,472.2,0.052
1727,1220,3,120.2,250.6,213.3,202.8,0.05
1728,1220,4,121.2,250.9,208.4,203.1,0.014
1729,1220,13,120.1,250.1,212.8,203.2,0.013
1730,1220,56,123.2,251.2,212.4,203.8,0.011
1731,1222,4,558.8,809.4,286.2,177.2,0.969
1732,1222,34,93.5,101.2,317.8,496.4,0.63
1733,1222,54,612.1,205.7,191.2,242.1,0.422
1734,1222,53,610.4,202.1,193.8,245.4,0.364
1735,1222,26,66.1,806.9,207.7,212.3,0.266
1736,1222,22,92.9,101.0,318.0,493.4,0.255
1737,1222,56,611.9,204.9,190.1,243.3,0.097
1738,1222,3,65.3,809.0,210.0,208.8,0.079
1739,1222,8,612.4,203.8,191.3,243.8,0.023
1740,1222,31,61.2,813.4,215.4,205.4,0.017
1741,1222,39,96.6,103.1,319.4,490.3,0.014
1742,1222,37,62.4,815.8,217.2,203.4,0.01
1743,1224,4,588.0,844.7,285.5,170.1,0.909
1744,1224,34,108.9,116.2,328.0,502.1,0.65
1745,1224,22,112.4,113.7,322.0,503.7,0.427
1746,1224,53,637.6,206.8,199.7,254.4,0.317
1747,1224,54,638.2,210.9,197.4,251.9,0.208
1748,1224,56,637.9,210.0,198.0,250.9,0.157
1749,1224,31,95.7,854.9,208.7,207.0,0.142
1750,1224,39,111.0,117.1,320.2,500.2,0.081
1751,1224,8,637.3,209.1,198.0,252.2,0.076
1752,1224,26,97.1,855.0,205.7,206.2,0.041
1753,1224,37,96.1,854.4,212.7,207.2,0.041
1754,1224,15,96.4,854.6,208.4,205.8,0.018
1755,1224,3,97.5,855.2,205.4,208.6,0.017
1756,1224,1,98.5,855.0,205.9,206.9,0.017
1757,1224,16,96.0,854.5,209.0,206.2,0.011
1758,1226,4,599.4,864.9,260.8,234.7,0.967
1759,1226,53,574.3,96.5,297.8,382.1,0.775
1760,1226,24,127.2,864.9,222.0,169.3,0.365
1761,1226,42,577.1,98.6,291.5,376.5,0.201
1762,1226,17,125.6,5.0,320.5,550.1,0.182
1763,1226,42,124.8,7.4,322.6,546.7,0.14
1764,1226,53,125.8,865.4,223.0,169.2,0.061
1765,1226,39,125.1,1.9,318.5,552.1,0.055
1766,1226,18,122.6,5.2,324.4,551.1,0.012
1767,1227,4,147.5,219.1,250.0,225.1,0.955
1768,1227,53,109.0,775.7,300.1,385.0,0.644
1769,1227,24,643.3,278.6,218.9,170.9,0.632
1770,1227,53,643.1,276.8,219.1,171.1,0.161
1771,1227,42,104.9,773.4,299.0,392.7,0.074
1772,1227,42,550.2,685.4,329.6,567.7,0.053
1773,1227,17,104.0,773.5,300.3,394.3,0.039
1774,1227,45,550.9,684.8,328.2,567.6,0.035
1775,1227,56,104.2,773.7,300.1,394.5,0.023
1776,1227,4,643.7,276.0,219.5,170.7,0.022
1777,1227,37,642.1,276.5,220.1,172.8,0.021
1778,1227,17,551.0,681.2,327.8,570.2,0.019
1779,1227,4,166.1,223.5,204.4,118.8,0.018
1780,1227,39,550.7,680.2,328.0,571.3,0.017
1781,1232,4,146.1,290.2,211.6,255.8,0.991
1782,1232,44,130.2,860.2,232.3,225.6,0.896
1783,1232,27,591.3,255.9,329.0,245.2,0.708
1784,1232,42,542.8,655.7,401.3,534.6,0.02
1785,1232,37,545.7,655.5,399.0,533.3,0.019
1786,1232,51,587.9,260.2,329.5,242.1,0.018
1787,1232,15,132.2,859.4,228.9,226.5,0.014
1788,1232,36,590.0,256.1,327.3,244.8,0.013
1789,1232,45,543.6,655.0,402.8,532.2,0.011
1790,1232,16,131.8,858.2,230.0,229.2,0.01
1791,1235,1,150.7,253.3,185.0,158.1,0.997
1792,1235,49,545.3,834.2,373.9,204.0,0.859
1793,1235,23,162.7,805.4,193.6,188.2,0.648
1794,1235,31,620.1,144.7,238.9,229.6,0.395
1795,1235,16,619.9,145.4,238.7,229.7,0.353
1796,1235,15,621.1,145.2,227.9,228.4,0.042
1797,1235,23,152.2,252.4,193.7,163.0,0.03
1798,1235,53,150.2,254.1,196.6,162.2,0.03
1799,1235,1,155.7,805.4,205.1,193.5,0.027
1800,1235,4,161.4,804.4,193.7,188.7,0.023
1801,1235,44,545.4,832.7,374.2,203.4,0.016
1802,1235,1,152.0,256.1,165.9,115.2,0.015
1803,1235,14,160.8,804.1,195.1,188.4,0.015
1804,1235,55,620.6,144.6,236.6,227.2,0.014
1805,1237,1,100.9,269.1,205.3,126.2,0.969
1806,1237,16,613.6,188.4,238.7,226.4,0.929
1807,1237,31,613.2,189.2,239.1,224.9,0.591
1808,1237,55,614.1,189.5,237.0,223.8,0.357
1809,1237,55,630.3,800.4,168.1,281.2,0.198
1810,1237,23,105.7,274.2,201.0,118.9,0.115
1811,1237,15,612.7,190.7,230.4,223.7,0.106
1812,1237,1,107.6,273.4,103.5,117.7,0.055
1813,1237,42,162.8,682.1,271.5,450.5,0.05
1814,1237,16,159.9,688.1,271.5,442.5,0.049
1815,1237,25,638.4,828.2,157.6,255.2,0.039
1816,1237,1,627.2,816.0,169.2,271.5,0.037
1817,1237,39,161.8,683.0,274.4,449.9,0.037
1818,1237,53,106.6,270.7,201.0,124.3,0.037
1819,1237,26,635.8,829.7,159.0,253.9,0.034
1820,1237,26,98.4,266.2,203.8,129.8,0.023
1821,1237,55,159.5,687.7,270.2,444.3,0.022
1822,1237,37,105.9,272.0,201.3,122.6,0.022
1823,1237,3,163.2,682.9,269.8,449.3,0.017
1824,1237,17,161.3,680.2,274.7,451.6,0.015
1825,1237,26,604.2,193.2,253.3,221.8,0.013
1826,1237,24,106.3,273.1,201.0,121.4,0.012
1827,1238,16,131.2,844.3,241.6,237.3,0.962
1828,1238,31,129.8,843.4,244.1,238.8,0.542
1829,1238,1,684.3,877.7,210.2,134.6,0.517
1830,1238,23,682.7,878.2,211.1,132.7,0.386
1831,1238,55,205.1,228.6,162.2,275.1,0.23
1832,1238,55,131.5,844.6,239.8,236.3,0.222
1833,1238,37,681.9,878.4,211.9,133.8,0.111
1834,1238,55,563.3,174.5,262.2,418.6,0.088
1835,1238,45,560.4,169.3,266.7,431.6,0.07
1836,1238,53,682.0,879.0,213.5,132.1,0.042
1837,1238,25,217.3,236.9,154.0,267.4,0.039
1838,1238,39,561.3,169.0,266.1,429.1,0.024
1839,1238,17,560.4,169.6,267.1,428.0,0.022
1840,1238,29,682.6,878.6,211.8,133.1,0.018
1841,1238,16,133.3,844.8,237.9,166.8,0.018
1842,1238,1,207.0,243.7,158.8,253.0,0.017
1843,1238,18,561.0,174.1,263.7,427.7,0.016
1844,1238,25,219.1,318.6,149.5,183.7,0.01
1845,1238,26,128.0,839.2,251.0,251.0,0.01
1846,1239,1,86.5,259.9,200.5,127.7,0.916
1847,1239,16,583.9,180.5,234.5,227.3,0.827
1848,1239,31,584.5,180.3,234.1,226.6,0.425
1849,1239,55,600.0,767.4,171.4,286.6,0.344
1850,1239,25,610.4,796.0,156.7,254.2,0.103
1851,1239,55,585.6,180.4,230.9,225.9,0.093
1852,1239,16,132.7,642.4,264.2,449.6,0.057
1853,1239,26,88.7,256.8,194.1,129.0,0.052
1854,1239,1,600.5,783.1,167.8,276.2,0.051
1855,1239,26,606.0,801.6,160.3,249.1,0.044
1856,1239,1,88.9,263.4,127.7,115.1,0.038
1857,1239,27,88.5,259.5,198.8,125.4,0.036
1858,1239,16,599.3,766.9,172.9,289.2,0.036
1859,1239,53,89.0,259.3,197.8,125.9,0.028
1860,1239,42,128.0,645.4,279.8,450.8,0.019
1861,1239,56,88.9,258.8,197.7,126.7,0.014
1862,1239,17,128.7,646.3,278.3,449.4,0.014
1863,124,1,173.0,280.7,203.5,140.3,0.985
1864,124,23,683.9,880.5,202.6,196.8,0.512
1865,124,23,676.4,274.9,172.3,170.2,0.354
1866,124,17,4.8,769.3,360.7,452.4,0.109
1867,124,37,4.0,766.4,358.8,455.0,0.109
1868,124,23,172.8,282.8,203.7,137.1,0.096
1869,124,53,173.6,282.8,203.8,136.1,0.072
1870,124,3,685.4,882.4,202.4,195.4,0.06
1871,124,37,684.9,880.5,203.9,197.5,0.055
1872,124,53,676.5,273.5,172.4,171.8,0.036
1873,124,29,685.9,880.4,199.6,195.5,0.034
1874,124,14,674.0,272.2,172.1,172.4,0.021
1875,124,42,4.0,765.0,358.4,458.9,0.02
1876,124,55,173.9,282.3,204.1,136.5,0.019
1877,124,27,174.2,281.7,202.0,138.5,0.018
1878,124,37,675.8,274.6,174.0,171.1,0.015
1879,124,35,687.2,881.6,199.1,195.4,0.015
1880,124,4,675.3,273.2,173.8,171.7,0.013
1881,124,39,4.6,767.2,362.0,454.0,0.012
1882,124,1,680.5,277.9,166.1,164.5,0.012
1883,124,45,5.0,766.1,359.9,454.8,0.011
1884,124,25,173.0,277.2,197.1,141.8,0.011
1885,124,37,172.3,283.6,204.1,135.3,0.011
1886,1242,1,159.0,257.8,128.1,197.8,0.996
1887,1242,42,89.5,707.3,282.0,443.9,0.875
1888,1242,1,636.2,817.0,162.3,281.7,0.357
1889,1242,42,543.2,92.0,294.1,469.4,0.202
1890,1242,53,87.7,701.6,291.8,444.1,0.191
1891,1242,55,633.6,802.4,165.8,286.8,0.13
1892,1242,53,159.1,258.1,126.5,197.9,0.055
1893,1242,26,633.7,832.9,160.8,258.5,0.04
1894,1242,39,543.9,88.8,292.8,469.0,0.037
1895,1242,53,543.9,94.3,298.1,470.7,0.035
1896,1242,16,634.3,801.6,164.5,289.6,0.034
1897,1242,17,543.5,89.5,293.9,468.3,0.032
1898,1242,5,160.3,257.4,124.5,198.9,0.029
1899,1242,25,636.8,813.7,164.4,274.2,0.024
1900,1242,27,159.3,257.3,126.8,200.1,0.016
1901,1243,4,606.6,791.1,270.7,208.9,0.972
1902,1243,37,119.7,769.6,317.2,278.1,0.9
1903,1243,45,61.4,134.7,388.3,434.6,0.644
1904,1243,53,600.3,122.5,258.3,393.4,0.54
1905,1243,32,60.4,138.2,388.1,430.4,0.161
1906,1243,53,120.8,771.6,315.9,277.4,0.072
1907,1243,42,599.6,126.2,257.3,392.3,0.057
1908,1243,34,60.5,136.4,386.3,431.3,0.029
1909,1243,54,600.7,126.4,255.6,393.1,0.012
1910,1243,39,121.1,771.5,314.4,276.5,0.01
1911,1244,4,121.5,307.7,271.2,203.0,0.992
1912,1244,53,122.7,734.9,269.1,399.1,0.939
1913,1244,37,563.7,256.9,302.9,271.5,0.891
1914,1244,45,559.8,680.6,384.2,443.2,0.363
1915,1244,34,559.2,679.7,386.1,444.4,0.191
1916,1244,42,115.6,735.4,272.3,402.3,0.1
1917,1244,29,563.2,256.9,305.0,270.4,0.061
1918,1244,56,116.8,735.8,270.7,401.4,0.044
1919,1244,32,560.8,680.9,382.8,442.4,0.028
1920,1244,56,559.4,680.5,385.1,442.7,0.018
1921,1244,17,116.0,735.7,272.2,397.9,0.017
1922,1244,39,563.2,258.3,301.8,269.9,0.015
1923,1244,53,123.1,306.6,269.7,202.9,0.015
1924,1244,53,562.0,258.7,308.0,270.2,0.011
1925,1245,4,579.1,756.3,276.3,214.3,0.98
1926,1245,53,574.1,122.2,247.1,381.6,0.964
1927,1245,37,86.9,728.4,317.0,279.1,0.668
1928,1245,34,43.0,118.7,379.2,421.1,0.665
1929,1245,45,45.1,120.0,378.2,420.5,0.412
1930,1245,53,85.6,727.7,321.4,280.5,0.183
1931,1245,42,571.7,119.9,243.5,381.0,0.012
1932,1245,37,572.7,117.5,242.8,383.5,0.011
1933,1246,4,536.4,779.5,269.1,226.5,0.957
1934,1246,15,575.6,187.3,237.8,229.5,0.892
1935,1246,56,146.3,777.3,179.3,207.6,0.193
1936,1246,45,55.2,87.6,400.5,460.7,0.177
1937,1246,34,50.4,87.7,405.6,461.1,0.14
1938,1246,54,146.7,777.3,178.2,207.1,0.044
1939,1246,53,146.0,775.8,180.1,208.0,0.033
1940,1246,28,146.3,776.9,179.0,207.9,0.027
1941,1246,16,573.5,187.6,238.9,232.1,0.011
1942,1246,56,54.4,87.7,400.5,461.5,0.01
1943,1248,4,172.3,278.1,260.3,214.3,0.942
1944,1248,15,136.7,837.6,250.5,239.9,0.913
1945,1248,45,524.5,668.9,415.5,480.1,0.316
1946,1248,16,638.2,290.8,172.0,200.6,0.121
1947,1248,55,638.4,291.3,172.2,199.8,0.081
1948,1248,24,526.1,668.2,412.2,481.2,0.05
1949,1248,34,522.9,668.0,418.4,479.5,0.035
1950,1248,1,633.1,294.2,178.7,193.3,0.031
1951,1248,56,524.8,667.9,414.5,480.0,0.028
1952,1248,37,635.3,291.5,174.3,198.6,0.024
1953,1248,56,635.4,291.3,174.5,198.8,0.017
1954,1248,54,635.3,291.4,173.6,198.0,0.015
1955,1248,13,635.5,292.5,173.7,197.2,0.012
1956,125,1,624.7,890.2,204.5,140.4,0.984
1957,125,23,113.5,202.5,197.5,186.0,0.499
1958,125,37,624.0,33.4,350.7,443.1,0.367
1959,125,29,114.1,200.9,195.6,188.3,0.153
1960,125,37,137.9,869.4,182.6,177.5,0.115
1961,125,44,137.2,870.2,182.9,176.1,0.104
1962,125,1,111.8,201.8,195.9,190.3,0.092
1963,125,23,623.3,892.5,206.3,134.6,0.091
1964,125,17,625.2,32.0,350.0,443.2,0.09
1965,125,42,625.4,35.6,348.0,440.8,0.071
1966,125,1,139.4,871.7,175.0,175.0,0.055
1967,125,53,623.2,892.1,207.1,135.0,0.047
1968,125,26,626.2,890.1,207.6,137.8,0.047
1969,125,37,622.9,891.7,205.7,135.9,0.035
1970,125,39,627.7,33.9,346.0,442.0,0.034
1971,125,53,624.7,34.4,351.3,446.6,0.028
1972,125,53,137.4,869.2,182.5,178.1,0.026
1973,125,45,625.5,36.1,348.0,439.1,0.026
1974,125,55,623.7,891.3,207.0,135.7,0.018
1975,125,3,113.3,200.4,197.0,188.2,0.015
1976,125,27,624.2,891.2,203.6,136.3,0.011
1977,1250,2,609.4,96.7,209.0,457.6,0.978
1978,1250,11,111.6,84.8,280.9,499.0,0.765
1979,1250,14,103.4,814.1,280.7,279.5,0.316
1980,1250,18,594.6,708.1,227.3,455.5,0.277
1981,1250,2,595.3,708.3,225.0,460.1,0.123
1982,1250,46,104.9,812.4,280.0,280.9,0.063
1983,1250,32,593.3,709.4,225.0,455.7,0.052
1984,1250,12,593.1,708.1,228.9,456.3,0.035
1985,1250,39,112.9,82.8,276.9,498.1,0.034
1986,1250,30,104.9,812.0,279.3,281.4,0.027
1987,1250,15,104.6,814.6,281.1,278.3,0.019
1988,1251,2,85.9,676.1,230.6,482.1,0.958
1989,1251,11,542.5,651.8,300.0,520.7,0.874
1990,1251,2,140.1,112.3,211.2,430.3,0.677
1991,1251,46,552.1,191.8,269.8,268.9,0.535
1992,1251,24,554.2,192.6,267.9,268.0,0.366
1993,1251,17,544.9,647.4,295.9,519.7,0.072
1994,1251,32,0.0,1206.2,262.4,73.8,0.014
1995,1251,51,0.0,1202.8,254.2,77.2,0.01
1996,1252,44,621.0,184.7,229.7,218.9,0.952
1997,1252,4,645.0,752.3,214.3,266.1,0.857
1998,1252,27,67.9,801.5,332.4,243.4,0.716
1999,1252,45,69.5,78.9,406.8,414.4,0.614
2000,1252,20,75.2,803.7,320.4,241.9,0.046
2001,1252,27,60.2,85.6,409.1,408.4,0.032
2002,1252,55,60.1,83.1,410.2,416.6,0.014
2003,1252,51,72.4,804.0,324.8,242.4,0.014
2004,1252,19,646.0,753.0,212.4,265.8,0.012
2005,1254,44,595.3,175.4,220.5,220.1,0.989
2006,1254,27,37.8,755.1,324.2,253.4,0.889
2007,1254,4,618.3,718.1,214.0,270.0,0.881
2008,1254,45,57.3,67.4,401.2,404.5,0.546
2009,1254,32,56.5,69.0,399.6,399.8,0.143
2010,1254,7,38.1,754.5,328.7,254.7,0.058
2011,1254,27,66.0,68.2,376.9,401.2,0.048
2012,1254,34,56.4,65.3,404.0,405.2,0.044
2013,1254,55,41.8,762.9,325.1,244.8,0.036
2014,1254,19,616.5,718.9,215.7,269.8,0.03
2015,1254,36,80.1,89.2,364.1,380.8,0.022
2016,1254,36,39.6,760.5,327.1,247.4,0.017
2017,1254,53,57.6,70.2,387.4,424.0,0.014
2018,1254,55,53.3,73.7,397.0,406.8,0.013
2019,1256,1,642.6,826.5,173.2,202.1,0.782
2020,1256,23,656.1,273.9,155.7,147.1,0.456
2021,1256,42,86.4,664.4,304.5,484.0,0.172
2022,1256,17,86.8,662.9,303.8,487.3,0.162
2023,1256,37,641.4,826.5,175.3,205.3,0.146
2024,1256,53,642.2,827.3,174.7,204.4,0.098
2025,1256,31,656.1,273.4,156.0,148.1,0.093
2026,1256,55,125.1,120.9,262.3,426.5,0.08
2027,1256,17,116.6,126.7,272.1,422.3,0.053
2028,1256,39,87.7,659.6,301.4,487.9,0.049
2029,1256,16,122.6,130.2,264.4,419.4,0.044
2030,1256,55,642.8,827.7,173.3,203.7,0.044
2031,1256,21,657.0,273.7,156.1,147.9,0.036
2032,1256,14,655.7,272.8,156.8,149.4,0.035
2033,1256,3,658.1,274.0,154.1,149.3,0.032
2034,1256,45,118.1,128.1,269.2,421.5,0.032
2035,1256,53,89.0,658.5,300.2,491.7,0.025
2036,1256,3,642.3,827.3,174.1,203.5,0.022
2037,1256,42,114.9,128.4,273.4,421.3,0.018
2038,1256,16,656.8,273.4,155.8,148.2,0.015
2039,1256,35,656.5,273.9,155.5,148.0,0.014
2040,1256,39,118.6,124.7,267.6,424.0,0.012
2041,126,1,598.4,856.2,203.8,143.5,0.975
2042,126,5,103.8,832.7,181.9,180.4,0.224
2043,126,37,99.0,192.9,190.9,185.2,0.202
2044,126,37,597.3,28.6,340.8,431.2,0.16
2045,126,17,595.2,28.2,342.6,430.5,0.141
2046,126,44,103.7,832.8,183.4,180.1,0.105
2047,126,23,99.4,192.8,190.5,185.7,0.097
2048,126,23,594.8,859.2,210.1,142.2,0.096
2049,126,39,597.5,27.3,341.2,434.2,0.086
2050,126,42,597.5,29.1,340.0,429.5,0.078
2051,126,14,102.0,834.1,185.1,179.2,0.057
2052,126,53,102.5,833.6,183.9,181.5,0.029
2053,126,53,595.1,858.1,209.3,142.2,0.027
2054,126,29,99.3,192.4,190.5,185.5,0.027
2055,126,26,596.7,851.6,207.3,149.9,0.026
2056,126,53,602.3,31.2,338.0,447.9,0.017
2057,126,1,100.3,196.1,190.0,179.8,0.016
2058,126,27,596.4,856.7,208.7,144.3,0.014
2059,1261,31,142.2,167.9,204.6,197.9,0.967
2060,1261,4,589.0,844.6,282.9,171.2,0.914
2061,1261,14,648.7,230.2,195.2,182.9,0.9
2062,1261,4,648.3,229.7,195.0,182.4,0.177
2063,1261,31,94.6,855.2,209.8,207.1,0.153
2064,1261,15,142.1,165.9,206.7,199.0,0.067
2065,1261,26,94.9,854.3,207.7,208.7,0.035
2066,1261,1,96.0,854.8,209.7,208.2,0.034
2067,1261,15,95.4,854.8,209.1,205.9,0.032
2068,1261,16,140.0,169.4,206.3,196.7,0.029
2069,1261,37,139.8,168.2,209.6,194.3,0.016
2070,1261,1,648.8,230.5,198.2,182.6,0.016
2071,1261,3,94.7,854.3,208.3,210.7,0.015
2072,1261,37,95.2,854.4,213.5,207.3,0.014
2073,1261,35,648.7,229.4,194.3,182.8,0.014
2074,1261,23,647.7,231.8,198.4,180.8,0.012
2075,1262,31,125.3,163.5,200.4,195.0,0.985
2076,1262,4,559.4,809.7,284.1,177.1,0.97
2077,1262,14,621.1,221.0,186.6,183.8,0.934
2078,1262,31,620.4,220.0,187.2,184.5,0.196
2079,1262,26,63.9,804.3,210.9,214.6,0.171
2080,1262,16,125.2,163.5,200.4,195.7,0.114
2081,1262,31,60.5,812.9,215.3,206.0,0.056
2082,1262,3,61.7,807.3,218.1,211.1,0.048
2083,1262,15,62.6,813.1,213.3,205.7,0.044
2084,1262,25,63.1,807.0,211.4,212.6,0.029
2085,1262,35,621.5,220.5,185.4,184.8,0.021
2086,1262,23,122.4,162.7,205.3,193.9,0.015
2087,1262,16,62.5,812.9,213.3,206.2,0.013
2088,1262,4,621.1,219.9,186.1,184.7,0.013
2089,1263,31,645.2,901.3,213.7,208.5,0.958
2090,1263,4,134.5,290.6,274.7,170.9,0.947
2091,1263,14,140.4,846.0,198.0,193.4,0.84
2092,1263,31,140.7,846.6,199.0,192.9,0.158
2093,1263,15,644.7,899.1,216.9,211.3,0.074
2094,1263,35,140.5,845.6,197.3,193.7,0.068
2095,1263,16,645.2,902.5,214.0,205.7,0.043
2096,1263,15,683.5,259.4,205.2,196.7,0.034
2097,1263,31,683.0,259.4,204.7,196.8,0.033
2098,1263,21,139.5,844.2,198.9,195.3,0.029
2099,1263,23,139.8,844.5,197.4,194.7,0.028
2100,1263,16,683.2,258.2,208.1,198.4,0.018
2101,1263,26,683.5,259.6,205.0,193.7,0.016
2102,1263,3,685.8,256.6,201.2,198.2,0.015
2103,1264,3,392.4,862.1,189.0,191.4,0.985
2104,1264,54,228.2,318.6,200.3,238.1,0.752
2105,1264,46,639.4,321.2,202.1,204.5,0.739
2106,1264,28,228.1,319.5,202.0,237.8,0.289
2107,1265,3,356.5,176.1,184.3,188.9,0.991
2108,1265,46,82.6,703.9,207.7,213.1,0.85
2109,1265,54,504.7,662.3,211.5,254.4,0.641
2110,1265,28,504.5,662.0,210.7,253.1,0.016
2111,1269,3,362.5,232.5,183.4,182.9,0.988
2112,1269,13,617.0,761.0,173.2,261.8,0.981
2113,1269,54,218.0,770.0,207.9,242.6,0.704
2114,1269,28,217.1,770.2,209.9,242.5,0.227
2115,127,32,617.2,785.8,256.8,412.0,0.993
2116,127,2,641.0,131.1,199.7,454.4,0.992
2117,127,11,147.9,177.6,277.8,508.0,0.547
2118,127,14,135.9,862.0,282.6,278.8,0.273
2119,127,22,146.8,176.4,280.3,509.5,0.215
2120,127,39,147.6,176.7,275.2,510.0,0.059
2121,127,39,617.4,783.6,259.0,415.8,0.057
2122,127,46,138.1,859.5,277.4,279.8,0.024
2123,127,34,146.2,178.8,279.5,507.0,0.016
2124,1270,1,628.6,891.9,218.6,138.5,0.91
2125,1270,16,114.3,854.1,244.3,237.5,0.895
2126,1270,39,148.6,142.3,257.4,458.5,0.747
2127,1270,32,150.4,143.2,256.6,458.9,0.135
2128,1270,42,146.6,144.6,259.7,457.3,0.134
2129,1270,16,645.2,271.4,294.0,287.5,0.051
2130,1270,25,626.7,880.6,218.9,150.9,0.032
2131,1270,53,152.3,144.0,257.9,456.6,0.03
2132,1270,37,642.1,271.4,294.4,287.9,0.024
2133,1270,55,114.7,852.3,241.9,236.8,0.024
2134,1270,53,629.8,894.2,211.1,134.4,0.023
2135,1270,15,644.7,272.4,293.7,286.4,0.018
2136,1270,37,629.9,893.9,211.5,134.1,0.018
2137,1270,4,644.7,270.7,292.9,280.1,0.015
2138,1270,56,629.7,893.8,210.7,133.8,0.014
2139,1270,13,630.0,893.3,211.5,134.5,0.012
2140,1270,26,630.7,886.5,213.9,141.4,0.011
2141,1270,15,113.2,852.2,245.2,239.0,0.011
2142,1272,1,150.9,250.4,209.2,125.4,0.961
2143,1272,31,628.1,176.5,242.2,228.6,0.661
2144,1272,16,628.4,177.7,240.7,228.1,0.632
2145,1272,39,593.9,673.0,265.3,481.7,0.482
2146,1272,53,159.0,253.1,200.3,121.6,0.095
2147,1272,37,45.7,743.5,307.2,286.7,0.072
2148,1272,23,45.7,744.0,308.0,286.1,0.07
2149,1272,42,594.7,673.4,264.7,482.6,0.07
2150,1272,56,159.4,252.2,198.5,123.8,0.041
2151,1272,4,46.5,744.0,308.0,286.2,0.025
2152,1272,16,46.2,745.1,308.4,285.1,0.021
2153,1272,15,628.1,174.6,242.2,230.9,0.021
2154,1272,53,594.1,678.5,263.6,469.7,0.014
2155,1272,13,159.1,250.6,199.6,125.9,0.013
2156,1273,2,108.1,678.3,227.9,491.9,0.992
2157,1273,35,554.0,207.5,251.4,247.5,0.92
2158,1273,2,117.3,59.3,238.4,469.0,0.779
2159,1273,11,547.3,591.3,293.5,526.3,0.44
2160,1273,3,559.4,206.3,243.4,249.2,0.19
2161,1273,40,552.8,207.0,252.0,248.4,0.113
2162,1273,17,544.1,591.2,293.2,523.3,0.036
2163,1273,39,541.8,591.7,296.2,522.7,0.026
2164,1273,17,117.9,55.4,239.6,471.4,0.025
2165,1273,15,553.6,206.6,247.4,248.2,0.018
2166,1273,18,117.9,55.2,236.2,472.0,0.018
2167,1274,2,598.2,47.2,215.4,487.6,0.995
2168,1274,35,121.6,814.8,256.8,254.0,0.949
2169,1274,2,586.1,715.1,234.9,499.9,0.511
2170,1274,11,106.8,82.5,294.3,523.1,0.352
2171,1274,22,107.0,80.7,293.0,522.4,0.172
2172,1274,3,123.0,812.5,254.2,255.7,0.108
2173,1274,18,585.9,715.7,235.1,497.9,0.088
2174,1274,40,123.0,813.3,253.9,254.0,0.05
2175,1274,39,109.0,83.2,291.3,522.4,0.042
2176,1274,15,123.6,812.3,253.5,254.2,0.021
2177,1274,17,586.4,719.6,236.1,491.6,0.02
2178,1274,26,866.6,1234.0,109.4,46.0,0.019
2179,1274,17,595.7,47.8,219.9,483.2,0.014
2180,1274,34,109.1,82.8,291.4,524.7,0.011
2181,1278,3,415.0,257.0,186.1,180.7,0.994
2182,1278,7,149.3,593.7,316.9,437.7,0.931
2183,1278,55,620.0,703.4,193.1,297.8,0.65
2184,1278,36,153.0,576.0,308.3,448.1,0.025
2185,1278,26,616.4,724.0,205.5,279.2,0.014
2186,1278,19,148.4,600.6,321.6,418.1,0.01
2187,1279,1,647.6,857.2,210.8,156.9,0.959
2188,1279,42,85.7,767.6,299.2,490.7,0.325
2189,1279,17,87.3,767.7,296.1,491.3,0.268
2190,1279,23,673.5,286.7,193.4,184.3,0.191
2191,1279,37,672.7,286.4,194.8,184.5,0.166
2192,1279,55,114.5,127.2,262.2,425.8,0.115
2193,1279,39,110.6,127.0,267.8,427.8,0.082
2194,1279,53,90.6,755.7,295.2,504.5,0.078
2195,1279,39,89.5,769.8,292.9,488.3,0.058
2196,1279,37,647.5,859.5,210.8,154.0,0.045
2197,1279,32,110.3,132.4,266.1,422.4,0.041
2198,1279,25,110.3,131.6,268.6,421.8,0.041
2199,1279,45,112.4,132.4,263.6,420.8,0.025
2200,1279,26,644.1,855.0,207.2,158.4,0.024
2201,1279,53,646.8,857.0,212.4,154.9,0.023
2202,1279,45,86.8,766.8,296.7,490.6,0.023
2203,1279,32,88.9,767.2,293.7,490.5,0.015
2204,1279,25,647.8,857.4,201.2,151.3,0.013
2205,128,32,610.2,781.9,249.1,404.3,0.998
2206,128,2,646.1,86.8,206.0,483.4,0.997
2207,128,11,146.9,136.4,272.4,525.1,0.489
2208,128,22,146.5,133.4,272.6,523.8,0.478
2209,128,46,137.4,850.6,271.8,270.2,0.259
2210,128,14,135.7,850.0,274.6,272.1,0.25
2211,128,39,608.0,782.2,251.0,404.8,0.171
2212,128,39,146.6,137.8,271.8,517.7,0.04
2213,128,30,137.8,849.9,274.0,271.2,0.035
2214,1280,1,123.1,261.9,197.3,146.4,0.966
2215,1280,42,571.0,0.0,283.8,456.4,0.463
2216,1280,23,88.7,808.4,199.2,190.8,0.439
2217,1280,55,591.9,687.7,279.4,452.6,0.164
2218,1280,17,571.4,0.0,282.3,453.9,0.129
2219,1280,39,572.6,0.0,280.8,457.2,0.129
2220,1280,3,88.6,807.8,199.4,193.8,0.111
2221,1280,37,122.4,259.4,201.6,148.4,0.103
2222,1280,1,82.0,808.4,208.1,193.7,0.069
2223,1280,23,122.7,259.6,200.4,148.7,0.055
2224,1280,53,573.6,0.0,278.4,454.8,0.053
2225,1280,26,84.2,808.0,203.6,191.6,0.042
2226,1280,17,595.3,687.3,280.3,455.8,0.042
2227,1280,3,595.1,688.2,279.4,456.5,0.033
2228,1280,53,121.5,259.7,202.3,149.7,0.031
2229,1280,42,595.2,689.1,280.3,454.7,0.023
2230,1280,16,89.4,807.9,199.0,192.2,0.017
2231,1280,56,594.9,687.6,279.1,456.2,0.017
2232,1280,32,572.5,0.0,282.8,456.9,0.014
2233,1280,27,121.9,260.0,201.2,149.1,0.013
2234,1280,31,89.7,809.1,198.7,190.9,0.012
2235,1282,2,59.9,645.2,208.0,486.9,0.978
2236,1282,11,510.6,586.1,310.1,499.6,0.879
2237,1282,2,90.1,89.4,224.2,476.6,0.442
2238,1282,46,497.6,128.1,310.7,302.2,0.288
2239,1282,39,511.8,587.3,309.2,497.1,0.122
2240,1282,30,496.1,128.3,311.4,302.6,0.072
2241,1282,22,511.7,587.7,308.6,498.0,0.049
2242,1282,32,498.4,129.6,310.1,302.7,0.047
2243,1282,14,497.0,129.1,311.7,303.7,0.029
2244,1282,34,505.6,585.6,318.0,497.0,0.013
2245,1282,32,87.7,91.7,225.3,474.2,0.012
2246,1282,12,88.0,86.4,231.5,475.4,0.011
2247,1284,2,671.4,84.5,202.6,483.8,0.997
2248,1284,22,129.5,114.3,303.2,506.0,0.585
2249,1284,2,619.1,674.6,240.2,499.8,0.453
2250,1284,11,127.9,115.4,308.4,500.0,0.216
2251,1284,46,116.3,831.6,319.6,316.7,0.198
2252,1284,14,115.9,833.2,319.7,315.2,0.117
2253,1284,32,115.8,833.9,320.6,315.8,0.068
2254,1284,39,128.8,116.0,296.5,503.4,0.059
2255,1284,12,619.8,671.6,238.7,501.7,0.052
2256,1284,18,620.8,670.9,240.1,500.3,0.02
2257,129,2,83.9,645.1,203.4,485.5,0.99
2258,129,32,87.3,80.3,243.5,389.8,0.969
2259,129,11,524.2,543.0,285.4,523.0,0.909
2260,129,46,522.4,153.2,267.0,263.5,0.336
2261,129,39,526.1,543.7,281.0,523.1,0.161
2262,129,17,87.0,82.1,245.3,387.9,0.071
2263,129,39,86.7,76.4,243.9,390.7,0.024
2264,129,17,526.7,553.1,281.5,510.5,0.021
2265,129,14,520.8,153.1,269.4,263.5,0.016
2266,1290,1,161.3,254.3,126.4,200.5,0.998
2267,1290,42,591.2,536.3,272.0,440.1,0.882
2268,1290,31,537.9,138.4,230.9,227.3,0.449
2269,1290,16,538.3,139.6,230.8,226.7,0.365
2270,1290,37,43.6,725.0,304.9,297.0,0.133
2271,1290,15,537.9,135.8,230.0,228.7,0.11
2272,1290,53,161.8,257.3,125.4,197.4,0.055
2273,1290,44,41.0,725.5,309.3,295.6,0.049
2274,1290,27,161.3,256.9,126.3,198.5,0.03
2275,1290,37,163.5,255.8,124.0,198.4,0.029
2276,1290,53,589.7,533.9,272.5,437.0,0.029
2277,1290,16,161.1,256.4,127.8,199.6,0.019
2278,1290,15,45.3,724.8,304.9,297.5,0.019
2279,1290,5,162.7,255.6,125.6,199.3,0.017
2280,1290,4,45.6,723.4,304.9,298.6,0.015
2281,1290,16,44.9,724.5,304.6,296.5,0.012
2282,1293,4,537.1,779.7,268.2,223.6,0.951
2283,1293,26,577.1,190.4,221.9,215.4,0.925
2284,1293,45,104.0,86.0,319.1,448.4,0.326
2285,1293,32,103.7,85.0,319.3,450.2,0.129
2286,1293,56,147.0,778.0,178.6,207.2,0.074
2287,1293,54,147.5,778.3,177.8,206.8,0.05
2288,1293,37,102.5,85.3,321.9,448.2,0.04
2289,1293,28,147.1,778.0,178.3,207.1,0.021
2290,1293,53,106.4,73.8,311.0,456.3,0.016
2291,1293,37,574.1,191.1,224.1,215.5,0.013
2292,1293,53,147.0,776.3,178.4,208.1,0.013
2293,1293,13,575.2,191.1,222.9,215.8,0.011
2294,1294,53,679.2,158.0,204.4,403.0,0.991
2295,1294,4,589.3,845.5,281.4,169.2,0.887
2296,1294,45,10.7,48.7,424.1,456.7,0.595
2297,1294,42,679.3,155.8,195.6,402.5,0.121
2298,1294,31,94.9,854.5,210.7,207.5,0.089
2299,1294,15,95.4,854.5,210.7,206.6,0.041
2300,1294,26,95.4,854.4,208.4,208.5,0.029
2301,1294,37,95.6,853.5,214.0,208.1,0.026
2302,1294,3,95.4,853.7,208.4,211.9,0.024
2303,1294,1,676.8,235.7,204.0,321.0,0.021
2304,1294,1,98.1,854.0,207.5,209.8,0.016
2305,1294,34,9.0,50.6,430.9,453.0,0.012
2306,1295,53,646.9,146.4,206.2,394.6,0.991
2307,1295,4,559.8,809.3,285.6,176.8,0.977
2308,1295,45,4.9,30.0,404.2,451.4,0.531
2309,1295,26,66.1,804.3,207.6,213.4,0.235
2310,1295,34,5.6,27.9,405.1,452.8,0.093
2311,1295,42,646.8,148.0,203.4,395.1,0.071
2312,1295,3,64.4,806.7,211.0,210.7,0.045
2313,1295,15,63.2,813.4,214.5,204.7,0.024
2314,1295,31,60.7,812.6,217.0,205.8,0.021
2315,1295,1,633.8,176.5,209.4,339.7,0.02
2316,1295,25,63.9,807.0,209.7,211.1,0.015
2317,1296,53,102.8,690.8,201.8,411.0,0.987
2318,1296,4,134.3,290.8,275.0,171.1,0.93
2319,1296,45,571.8,734.5,404.2,477.0,0.269
2320,1296,42,101.5,687.2,199.9,417.5,0.232
2321,1296,26,683.6,256.6,203.4,197.0,0.061
2322,1296,1,685.9,255.6,198.8,201.4,0.037
2323,1296,17,101.9,685.4,201.3,418.1,0.035
2324,1296,24,572.8,732.9,403.2,476.5,0.023
2325,1296,42,573.6,733.5,402.4,476.3,0.014
2326,1296,31,682.6,258.6,205.2,197.4,0.013
2327,1297,16,152.4,248.0,232.4,224.1,0.877
2328,1297,54,156.0,890.0,210.2,211.7,0.319
2329,1297,23,686.6,274.4,183.7,172.7,0.28
2330,1297,23,642.0,921.1,218.5,212.8,0.149
2331,1297,15,151.2,247.8,231.2,223.7,0.145
2332,1297,56,154.8,889.9,212.3,214.8,0.098
2333,1297,24,641.8,921.3,218.2,211.8,0.097
2334,1297,54,686.7,274.5,183.5,173.4,0.062
2335,1297,56,641.3,920.6,220.2,212.4,0.054
2336,1297,16,686.2,272.8,183.7,173.8,0.049
2337,1297,21,686.8,273.1,183.0,174.1,0.044
2338,1297,53,641.5,919.4,221.1,214.6,0.037
2339,1297,54,641.8,920.5,219.6,212.4,0.032
2340,1297,31,153.0,248.3,230.4,224.3,0.031
2341,1297,4,686.6,272.1,182.4,174.4,0.022
2342,1297,3,155.4,890.3,212.9,211.5,0.021
2343,1297,55,686.8,272.9,181.3,174.2,0.017
2344,1297,53,152.8,890.1,216.6,212.6,0.016
2345,1298,16,615.7,828.1,240.7,229.0,0.751
2346,1298,23,115.0,861.6,190.5,184.0,0.51
2347,1298,31,617.0,829.1,239.3,228.0,0.348
2348,1298,23,140.4,142.5,210.0,203.6,0.21
2349,1298,54,616.2,168.3,207.4,200.9,0.09
2350,1298,8,616.0,167.9,207.6,200.7,0.078
2351,1298,23,616.4,168.9,210.4,201.9,0.072
2352,1298,37,616.0,167.9,207.9,202.6,0.052
2353,1298,53,139.4,141.8,211.9,204.0,0.049
2354,1298,15,617.9,830.3,225.7,227.0,0.039
2355,1298,3,616.7,168.3,206.7,201.7,0.038
2356,1298,14,617.1,167.4,200.7,201.4,0.034
2357,1298,21,139.5,141.3,211.2,204.7,0.03
2358,1298,53,615.9,167.1,208.9,202.1,0.026
2359,1298,14,618.1,828.9,222.1,226.6,0.015
2360,1298,21,617.9,167.1,207.0,201.9,0.014
2361,1298,56,616.4,168.7,207.3,200.7,0.013
2362,1298,1,116.8,861.9,188.3,181.8,0.01
2363,13,3,429.4,852.6,191.0,194.5,0.996
2364,13,51,476.5,239.8,446.9,281.7,0.922
2365,13,14,144.4,330.6,192.8,189.7,0.567
2366,13,30,146.1,329.5,192.8,190.0,0.193
2367,13,51,0.0,1190.9,200.3,89.0,0.013
2368,13,54,0.0,1210.0,169.3,70.0,0.01
2369,130,4,170.7,279.6,262.7,215.8,0.952
2370,130,54,125.4,830.2,200.7,256.5,0.444
2371,130,45,501.5,760.4,474.5,322.4,0.293
2372,130,53,126.7,828.1,200.8,258.3,0.253
2373,130,16,637.7,291.4,171.9,199.6,0.055
2374,130,55,638.0,291.4,172.1,200.8,0.041
2375,130,36,507.0,782.9,469.0,298.6,0.032
2376,130,54,634.8,292.3,173.1,197.5,0.031
2377,130,1,633.2,294.7,177.4,194.0,0.027
2378,130,13,635.0,293.1,173.2,197.4,0.027
2379,130,37,634.8,292.0,172.9,198.7,0.027
2380,130,14,636.6,291.4,172.2,199.4,0.016
2381,130,27,507.2,764.3,468.8,319.1,0.016
2382,130,8,124.5,830.7,200.7,254.9,0.011
2383,1300,44,631.7,180.7,226.2,215.6,0.976
2384,1300,4,587.3,844.7,286.0,170.9,0.922
2385,1300,45,69.1,125.0,461.9,468.6,0.201
2386,1300,53,69.0,125.0,458.8,467.9,0.116
2387,1300,31,93.4,854.4,211.0,206.3,0.11
2388,1300,26,94.6,855.1,207.7,204.7,0.057
2389,1300,15,94.8,854.1,209.8,204.8,0.043
2390,1300,1,96.0,854.8,208.6,204.2,0.038
2391,1300,42,69.5,125.8,462.4,469.5,0.03
2392,1300,37,94.5,853.7,213.6,206.5,0.025
2393,1300,3,94.2,855.1,208.7,206.1,0.024
2394,1300,37,66.0,125.1,466.4,468.4,0.012
2395,1300,16,94.8,853.9,210.3,205.9,0.011
2396,1302,44,605.6,173.0,219.1,217.7,0.989
2397,1302,4,557.1,809.0,288.4,178.2,0.966
2398,1302,37,54.2,103.8,450.7,468.5,0.259
2399,1302,26,62.0,803.8,210.9,213.2,0.079
2400,1302,31,59.3,811.2,216.4,206.9,0.071
2401,1302,15,63.1,812.4,213.2,204.4,0.037
2402,1302,3,60.0,806.2,216.9,211.5,0.032
2403,1302,16,62.2,811.6,214.0,206.4,0.013
2404,1302,37,62.0,814.5,216.6,202.7,0.012
2405,1305,1,633.8,892.9,213.2,138.8,0.982
2406,1305,39,598.5,155.4,266.8,453.2,0.724
2407,1305,32,598.5,155.7,266.3,453.5,0.076
2408,1305,37,78.4,669.6,334.5,470.7,0.071
2409,1305,17,79.8,668.1,331.8,469.3,0.053
2410,1305,53,79.3,654.4,335.3,482.0,0.04
2411,1305,53,631.7,894.6,210.9,136.0,0.032
2412,1305,42,594.9,159.1,267.4,451.0,0.032
2413,1305,42,77.6,672.7,335.7,466.8,0.032
2414,1305,24,632.3,893.2,211.9,138.0,0.031
2415,1305,37,138.6,292.8,282.5,149.6,0.026
2416,1305,56,632.2,894.2,211.7,136.3,0.023
2417,1305,53,604.3,155.1,259.5,457.1,0.021
2418,1305,37,632.4,894.2,211.8,136.6,0.018
2419,1305,39,80.1,669.0,330.8,468.3,0.015
2420,1305,45,78.4,669.1,335.4,471.3,0.015
2421,1305,45,595.4,159.0,268.6,450.6,0.014
2422,1309,4,123.5,306.5,269.5,201.8,0.987
2423,1309,37,558.7,253.2,301.5,268.9,0.952
2424,1309,44,84.9,862.5,233.0,227.2,0.943
2425,1309,26,589.5,869.3,213.5,213.7,0.411
2426,1309,53,558.7,253.2,307.5,268.8,0.037
2427,1309,1,590.5,873.0,211.9,194.7,0.021
2428,1309,15,587.4,871.8,217.9,211.0,0.019
2429,1309,55,588.3,872.3,216.6,211.0,0.013
2430,1309,37,586.2,871.5,220.2,211.5,0.01
2431,1311,44,637.9,174.6,220.9,217.4,0.988
2432,1311,4,578.1,755.9,276.3,215.0,0.98
2433,1311,37,90.4,734.6,319.2,277.1,0.89
2434,1311,15,174.9,187.9,208.4,199.8,0.229
2435,1311,53,90.0,733.7,324.0,277.9,0.119
2436,1311,26,174.2,187.3,209.5,202.9,0.115
2437,1311,25,175.6,189.9,202.7,198.7,0.05
2438,1312,2,614.3,54.7,254.8,473.0,0.992
2439,1312,11,74.7,57.1,323.6,482.3,0.623
2440,1312,46,107.6,807.3,274.4,270.3,0.382
2441,1312,39,75.9,56.1,322.6,485.2,0.295
2442,1312,18,589.0,689.1,244.5,488.2,0.291
2443,1312,14,107.0,805.9,278.0,273.1,0.07
2444,1312,2,590.8,687.3,242.3,491.8,0.045
2445,1312,7,589.8,687.0,241.1,477.7,0.031
2446,1312,17,77.9,56.6,319.1,484.2,0.013
2447,1312,3,106.3,807.8,276.1,270.8,0.011
2448,1315,3,423.9,879.2,187.7,192.2,0.999
2449,1315,18,151.3,94.0,275.5,594.3,0.915
2450,1315,21,540.0,206.4,296.0,291.6,0.834
2451,1315,20,540.4,206.7,298.7,290.3,0.211
2452,1316,18,516.5,482.5,289.5,639.8,0.968
2453,1316,3,326.4,161.8,183.8,188.3,0.966
2454,1316,21,81.8,695.4,303.8,305.8,0.878
2455,1316,18,674.2,1163.8,301.8,115.9,0.107
2456,1316,4,771.9,1179.5,204.1,100.5,0.012
2457,132,4,564.0,813.4,268.2,218.6,0.947
2458,132,45,21.9,179.7,473.1,308.0,0.759
2459,132,23,177.9,813.1,177.8,204.6,0.384
2460,132,54,662.7,179.4,190.1,253.3,0.25
2461,132,53,663.7,178.4,191.5,254.2,0.231
2462,132,27,21.8,177.4,468.1,316.1,0.119
2463,132,56,662.8,179.6,188.7,252.9,0.061
2464,132,13,178.2,813.5,177.6,208.1,0.055
2465,132,51,23.5,184.5,449.4,306.3,0.031
2466,132,36,16.3,196.0,469.0,294.7,0.023
2467,132,53,179.5,813.7,177.9,204.9,0.019
2468,132,56,178.4,813.5,177.7,209.1,0.015
2469,132,20,21.7,183.6,463.0,307.8,0.013
2470,1322,2,85.1,675.6,231.3,482.5,0.957
2471,1322,2,142.0,112.6,208.2,429.9,0.684
2472,1322,11,480.0,593.2,345.1,501.7,0.631
2473,1322,46,551.9,191.5,270.5,269.0,0.602
2474,1322,24,554.0,192.2,268.4,268.2,0.328
2475,1322,39,477.6,591.8,341.3,503.3,0.068
2476,1322,22,477.1,592.0,345.8,502.6,0.044
2477,1322,17,142.7,111.4,207.8,431.3,0.021
2478,1322,32,0.0,1203.5,279.7,76.5,0.012
2479,1323,2,611.8,59.5,226.4,478.8,0.994
2480,1323,2,584.6,702.8,220.4,447.6,0.869
2481,1323,39,131.4,105.5,330.3,502.4,0.18
2482,1323,46,103.7,804.3,276.2,267.2,0.159
2483,1323,14,102.8,803.7,279.6,269.8,0.153
2484,1323,22,131.1,105.7,330.0,501.4,0.137
2485,1323,24,105.1,805.4,274.4,267.1,0.102
2486,1323,11,130.8,105.6,331.5,502.6,0.074
2487,1323,30,105.4,804.1,273.2,270.3,0.029
2488,1323,44,104.0,804.0,275.5,268.3,0.021
2489,1323,26,834.7,1237.4,141.3,42.4,0.012
2490,1326,3,369.1,245.5,184.5,182.6,0.996
2491,1326,20,159.7,673.8,271.4,347.7,0.963
2492,1326,26,594.0,839.4,233.6,224.7,0.83
2493,1326,48,160.3,671.4,266.4,348.0,0.06
2494,1326,21,160.2,670.9,270.2,359.5,0.04
2495,1326,46,372.7,251.4,181.3,175.8,0.02
2496,1327,16,166.2,815.4,241.9,235.8,0.941
2497,1327,1,640.2,842.9,192.0,188.9,0.863
2498,1327,49,514.9,242.3,403.1,221.5,0.304
2499,1327,55,169.5,230.0,202.5,266.3,0.208
2500,1327,37,512.3,242.3,403.6,221.0,0.166
2501,1327,31,165.6,814.0,244.2,238.1,0.125
2502,1327,43,510.6,241.8,406.8,219.3,0.11
2503,1327,55,167.1,814.7,239.1,236.0,0.083
2504,1327,16,643.2,845.8,190.4,189.2,0.053
2505,1327,53,643.8,845.7,189.1,189.9,0.051
2506,1327,55,643.2,845.5,190.3,188.3,0.044
2507,1327,20,166.8,230.1,205.8,265.3,0.044
2508,1327,13,509.5,243.5,406.3,217.4,0.03
2509,1327,37,642.4,848.0,191.3,187.2,0.029
2510,1327,16,168.7,229.9,203.8,267.0,0.025
2511,1327,16,513.0,242.5,407.0,221.1,0.019
2512,1327,3,513.8,242.3,408.1,221.0,0.016
2513,1328,1,167.8,249.1,181.8,181.6,0.982
2514,1328,16,581.2,218.0,236.4,226.4,0.792
2515,1328,31,581.9,219.0,235.0,225.7,0.603
2516,1328,37,69.9,842.5,415.9,217.2,0.365
2517,1328,49,69.8,843.0,416.0,216.4,0.214
2518,1328,33,68.8,844.4,417.1,214.1,0.125
2519,1328,43,68.2,840.3,418.0,219.0,0.086
2520,1328,55,621.3,807.7,216.2,275.0,0.07
2521,1328,20,621.6,808.0,214.4,274.5,0.057
2522,1328,37,166.9,247.8,182.1,184.8,0.055
2523,1328,37,581.5,219.1,235.1,226.3,0.043
2524,1328,53,167.4,249.4,182.6,182.6,0.027
2525,1328,16,166.7,249.0,183.7,183.1,0.023
2526,1328,15,581.7,218.2,232.4,226.3,0.02
2527,1328,53,623.4,808.1,212.6,273.9,0.018
2528,1328,3,71.6,843.3,413.7,215.1,0.017
2529,1328,55,582.4,218.5,233.7,223.8,0.012
2530,1328,55,167.0,249.9,182.6,181.7,0.011
2531,1329,1,151.7,243.3,172.3,179.6,0.993
2532,1329,16,554.7,209.0,228.7,223.6,0.816
2533,1329,31,554.5,208.6,229.9,224.5,0.491
2534,1329,49,34.0,800.7,421.7,225.6,0.35
2535,1329,55,592.5,775.5,223.4,278.9,0.238
2536,1329,4,554.8,208.0,228.7,224.4,0.237
2537,1329,43,33.9,801.1,421.3,224.2,0.169
2538,1329,53,147.0,241.3,179.6,179.5,0.138
2539,1329,15,553.0,208.3,231.5,225.0,0.125
2540,1329,20,594.9,775.4,221.2,281.3,0.108
2541,1329,37,35.3,801.6,422.1,224.5,0.086
2542,1329,56,147.2,239.9,178.9,179.2,0.077
2543,1329,53,591.8,776.2,222.3,279.1,0.073
2544,1329,14,555.1,206.4,221.7,226.0,0.058
2545,1329,37,147.7,240.3,179.3,179.3,0.058
2546,1329,55,555.3,208.8,226.6,223.4,0.053
2547,1329,16,146.3,240.8,180.2,179.9,0.044
2548,1329,55,33.3,801.8,420.7,224.6,0.02
2549,1329,23,31.7,800.7,423.7,224.4,0.011
2550,1330,53,611.3,125.0,231.2,395.5,0.948
2551,1330,4,603.7,846.8,277.5,186.4,0.941
2552,1330,36,88.6,835.8,340.2,298.7,0.557
2553,1330,45,90.1,164.0,454.4,422.6,0.538
2554,1330,51,87.6,827.7,341.6,308.5,0.41
2555,1330,27,88.0,827.1,340.4,308.2,0.063
2556,1330,19,89.3,825.4,339.1,312.2,0.037
2557,1330,45,88.3,827.1,340.8,306.6,0.035
2558,1330,42,612.4,123.5,224.9,394.6,0.033
2559,1330,52,91.5,163.8,452.7,423.7,0.012
2560,1330,1,607.4,173.9,236.0,336.7,0.01
2561,1331,53,585.0,114.7,223.5,393.3,0.975
2562,1331,4,574.4,809.5,285.3,193.5,0.964
2563,1331,36,51.3,792.2,344.1,299.8,0.76
2564,1331,45,68.5,131.6,444.4,434.0,0.303
2565,1331,51,47.9,785.8,348.9,308.2,0.23
2566,1331,34,68.7,135.6,444.3,431.9,0.219
2567,1331,27,50.2,785.5,345.7,308.6,0.043
2568,1331,1,581.2,155.2,222.2,331.4,0.021
2569,1331,42,586.9,114.4,216.8,388.4,0.013
2570,1331,24,67.9,134.6,442.8,430.9,0.011
2571,1332,4,125.5,276.9,269.8,185.5,0.964
2572,1332,53,136.1,722.1,244.7,419.8,0.961
2573,1332,36,575.9,186.1,327.5,287.6,0.721
2574,1332,51,568.3,184.6,335.1,291.2,0.453
2575,1332,45,460.9,650.9,457.1,438.6,0.355
2576,1332,42,137.9,731.6,238.8,409.3,0.09
2577,1332,45,568.3,181.8,331.7,291.5,0.032
2578,1332,27,575.0,183.6,325.1,289.3,0.022
2579,1333,3,399.8,921.5,191.5,193.5,0.996
2580,1333,25,579.5,282.5,340.6,322.7,0.99
2581,1333,54,158.0,286.2,193.2,248.0,0.865
2582,1333,25,0.0,1238.5,118.2,41.3,0.014
2583,1333,51,0.0,1196.9,218.2,83.1,0.01
2584,1337,1,168.3,248.1,181.4,179.8,0.99
2585,1337,16,575.1,186.4,242.0,226.9,0.648
2586,1337,31,576.5,186.4,239.1,227.1,0.368
2587,1337,3,493.3,820.1,400.6,270.7,0.32
2588,1337,43,494.8,820.1,397.7,269.9,0.265
2589,1337,37,495.7,819.9,400.7,270.1,0.156
2590,1337,37,80.0,793.8,300.0,288.0,0.083
2591,1337,37,167.0,246.6,182.3,183.8,0.058
2592,1337,13,78.3,794.1,302.6,287.5,0.032
2593,1337,53,167.4,248.4,182.8,181.5,0.028
2594,1337,29,80.0,793.2,299.9,287.9,0.027
2595,1337,37,574.9,186.8,242.3,228.6,0.024
2596,1337,23,77.5,794.4,304.4,287.1,0.024
2597,1337,49,493.5,820.8,398.6,269.4,0.018
2598,1337,16,166.7,248.0,183.5,182.0,0.016
2599,1337,24,574.3,186.7,244.1,227.6,0.015
2600,1337,16,77.9,793.8,307.2,288.4,0.015
2601,1337,36,495.5,824.9,401.2,264.7,0.011
2602,1337,24,80.5,792.5,301.3,289.7,0.011
2603,134,4,559.8,809.6,286.5,176.6,0.983
2604,134,53,645.7,145.7,207.8,395.8,0.958
2605,134,26,64.9,805.2,208.3,212.8,0.203
2606,134,42,38.3,11.1,351.2,517.4,0.188
2607,134,42,644.9,146.9,205.1,396.4,0.141
2608,134,49,39.6,11.1,349.1,517.7,0.044
2609,134,3,63.9,808.0,211.3,209.9,0.044
2610,134,53,37.1,7.5,356.6,526.0,0.036
2611,134,31,61.2,813.4,214.0,204.6,0.033
2612,134,15,63.9,814.0,211.5,203.6,0.03
2613,134,17,38.8,7.7,351.4,521.2,0.02
2614,134,1,631.9,176.6,211.8,339.5,0.015
2615,134,16,63.1,813.3,212.1,205.1,0.01
2616,1340,1,639.3,861.8,218.8,157.9,0.942
2617,1340,16,184.4,825.6,244.0,238.7,0.853
2618,1340,33,583.2,288.8,287.1,166.1,0.574
2619,1340,49,584.0,288.4,286.8,165.6,0.353
2620,1340,37,642.3,860.5,211.9,158.9,0.1
2621,1340,16,125.2,127.9,262.4,420.2,0.072
2622,1340,26,638.6,858.5,212.0,159.2,0.05
2623,1340,17,121.8,124.1,268.3,421.4,0.041
2624,1340,39,122.2,123.1,265.8,422.5,0.034
2625,1340,24,642.8,861.2,211.2,158.8,0.034
2626,1340,55,643.2,861.2,211.0,157.5,0.03
2627,1340,45,122.2,126.1,266.5,421.1,0.029
2628,1340,53,642.8,860.4,211.2,156.8,0.028
2629,1340,55,184.9,825.0,244.5,233.4,0.025
2630,1340,55,128.2,128.8,256.5,416.9,0.015
2631,1340,42,120.3,126.4,269.6,420.6,0.013
2632,1340,3,581.0,287.9,290.2,169.6,0.012
2633,1340,25,642.7,860.3,204.3,156.3,0.012
2634,1340,25,122.8,123.5,265.5,422.4,0.01
2635,1345,4,600.7,846.0,281.0,188.0,0.949
2636,1345,44,617.5,170.0,228.4,218.4,0.944
2637,1345,36,85.8,837.2,344.1,294.9,0.741
2638,1345,51,85.1,826.9,342.9,308.1,0.269
2639,1345,37,164.0,123.8,426.9,508.2,0.059
2640,1345,45,85.6,828.3,341.4,302.9,0.046
2641,1345,27,86.0,828.6,343.7,305.3,0.038
2642,1345,19,87.6,826.6,339.5,310.0,0.029
2643,1347,44,136.9,869.9,233.6,228.0,0.947
2644,1347,4,125.5,276.0,271.6,185.7,0.944
2645,1347,36,573.1,185.1,330.8,288.8,0.677
2646,1347,51,570.4,186.0,334.9,289.8,0.335
2647,1347,37,417.2,615.1,422.2,517.9,0.088
2648,1347,45,565.3,182.2,338.1,291.3,0.031
2649,1347,27,572.8,185.0,330.1,288.3,0.024
2650,1347,16,137.4,871.4,232.7,226.2,0.016
2651,1347,53,414.2,615.7,411.1,476.0,0.013
2652,1347,42,415.0,617.8,424.2,515.5,0.012
2653,1347,17,415.3,615.0,423.3,517.9,0.011
2654,1348,3,362.1,880.1,190.4,191.4,0.997
2655,1348,30,676.1,310.1,185.2,190.4,0.653
2656,1348,46,187.4,267.3,202.5,204.9,0.64
2657,1348,14,677.1,311.3,181.3,187.1,0.197
2658,1348,46,676.5,310.9,184.3,188.6,0.026
2659,1348,14,187.4,266.4,202.9,204.7,0.026
2660,1348,3,676.7,309.5,182.9,188.6,0.018
2661,1348,13,676.9,309.7,183.8,190.8,0.012
2662,135,53,678.2,157.7,207.7,403.7,0.976
2663,135,4,590.0,846.2,282.4,168.7,0.882
2664,135,42,679.2,155.7,197.4,403.0,0.183
2665,135,31,94.2,854.3,211.0,207.5,0.112
2666,135,42,48.0,23.3,365.1,533.6,0.099
2667,135,17,48.9,17.4,364.0,541.1,0.07
2668,135,15,94.8,854.4,210.7,206.5,0.049
2669,135,53,45.4,23.7,364.8,524.0,0.044
2670,135,26,94.9,853.9,207.9,209.0,0.03
2671,135,37,95.1,853.1,214.2,207.7,0.022
2672,135,1,674.3,233.2,207.6,324.3,0.019
2673,135,3,93.8,853.7,209.5,210.5,0.016
2674,135,54,679.2,154.8,196.1,402.8,0.016
2675,135,1,97.2,854.6,208.0,208.4,0.014
2676,1350,3,427.1,220.4,183.8,182.6,0.996
2677,1350,30,106.5,813.5,185.0,188.2,0.892
2678,1350,46,587.0,859.6,205.2,202.5,0.856
2679,1350,46,106.2,814.4,185.5,186.0,0.079
2680,1350,14,586.8,860.4,206.4,201.7,0.074
2681,1350,3,105.8,814.9,185.9,186.5,0.063
2682,1350,14,106.1,816.2,183.3,185.3,0.026
2683,1350,13,106.5,815.8,185.1,186.4,0.014
2684,1350,21,585.8,861.4,207.1,200.2,0.012
2685,1350,13,588.1,858.5,206.0,206.2,0.011
2686,1353,14,155.1,830.9,189.3,189.9,0.98
2687,1353,4,168.7,280.1,263.4,215.9,0.953
2688,1353,31,154.6,830.3,189.8,190.8,0.27
2689,1353,45,517.1,678.1,434.4,465.3,0.236
2690,1353,16,637.7,291.6,171.5,199.9,0.076
2691,1353,55,637.9,291.6,171.5,201.0,0.055
2692,1353,37,515.1,682.1,439.0,460.2,0.048
2693,1353,34,518.5,678.0,433.0,465.3,0.04
2694,1353,35,155.5,829.6,187.8,191.4,0.034
2695,1353,1,147.1,830.4,203.1,185.2,0.034
2696,1353,14,636.7,291.5,172.0,199.6,0.034
2697,1353,1,631.3,295.8,179.5,193.2,0.033
2698,1353,23,156.1,827.6,188.4,191.9,0.032
2699,1353,24,515.7,679.4,437.1,465.2,0.03
2700,1353,37,634.6,292.4,173.2,198.3,0.027
2701,1353,23,634.7,292.3,173.8,198.7,0.02
2702,1353,13,634.8,293.4,173.3,197.3,0.017
2703,1353,4,635.9,293.0,174.9,202.9,0.012
2704,1353,56,518.9,679.0,430.9,463.1,0.011
2705,1354,4,144.8,293.2,209.2,256.4,0.986
2706,1354,27,541.7,293.0,329.7,235.9,0.8
2707,1354,54,160.2,798.8,197.7,259.9,0.346
2708,1354,45,576.1,734.2,343.0,470.8,0.152
2709,1354,56,158.2,798.7,200.6,260.0,0.071
2710,1354,32,576.8,733.0,342.0,470.4,0.036
2711,1354,53,162.5,798.9,196.6,258.2,0.031
2712,1354,51,541.7,294.2,329.8,234.5,0.023
2713,1354,17,576.2,732.2,340.5,470.2,0.016
2714,1354,36,547.3,294.9,324.0,234.0,0.016
2715,1354,37,573.2,735.0,344.2,469.1,0.015
2716,1354,39,160.3,798.6,198.6,259.6,0.012
2717,1354,42,570.7,735.3,347.8,471.8,0.011
2718,1355,4,624.0,714.3,212.0,271.0,0.848
2719,1355,27,83.7,726.4,335.5,238.8,0.805
2720,1355,54,601.4,203.3,182.8,247.0,0.448
2721,1355,45,74.4,43.0,330.6,447.3,0.337
2722,1355,53,602.1,201.5,185.2,248.3,0.12
2723,1355,32,73.4,44.2,328.2,443.8,0.053
2724,1355,56,601.4,202.3,181.5,248.0,0.035
2725,1355,56,74.4,41.8,330.5,447.1,0.011
2726,1357,16,576.0,168.4,234.0,227.5,0.774
2727,1357,31,575.9,168.6,233.9,227.1,0.665
2728,1357,14,91.8,225.9,205.5,202.3,0.33
2729,1357,23,625.4,812.7,189.7,186.3,0.323
2730,1357,15,576.7,165.9,229.2,229.0,0.246
2731,1357,23,95.0,226.3,204.6,202.1,0.135
2732,1357,37,626.2,813.2,190.7,187.0,0.03
2733,1357,16,160.4,673.9,223.2,364.9,0.03
2734,1357,4,92.4,226.8,205.3,202.2,0.025
2735,1357,13,95.6,226.6,204.1,201.6,0.021
2736,1357,54,626.3,812.8,188.6,185.2,0.018
2737,1357,54,163.9,671.5,218.1,368.5,0.016
2738,1357,53,161.3,673.3,221.8,361.4,0.015
2739,1357,53,626.3,813.4,191.3,185.4,0.013
2740,1357,15,163.2,673.4,221.5,363.6,0.012
2741,1357,4,159.2,681.0,227.1,355.8,0.012
2742,1358,16,605.6,176.7,237.6,225.9,0.767
2743,1358,31,605.5,176.0,238.3,226.5,0.682
2744,1358,23,109.9,236.6,214.0,207.0,0.613
2745,1358,23,652.6,849.9,194.8,179.1,0.514
2746,1358,15,606.0,175.1,231.8,227.6,0.222
2747,1358,53,195.4,720.2,223.0,362.7,0.06
2748,1358,54,653.1,848.2,192.5,180.3,0.051
2749,1358,54,111.3,236.5,211.8,205.7,0.047
2750,1358,31,194.7,718.4,222.0,361.5,0.032
2751,1358,3,196.1,718.9,224.3,362.4,0.031
2752,1358,16,195.6,721.0,223.1,358.5,0.031
2753,1358,39,195.6,709.8,225.2,366.8,0.029
2754,1358,3,110.0,237.5,214.4,206.4,0.027
2755,1358,4,653.1,847.9,187.9,178.8,0.022
2756,1358,21,652.9,848.1,188.4,179.2,0.017
2757,1358,53,109.7,237.9,214.3,203.9,0.016
2758,1358,14,654.6,846.6,187.6,180.9,0.015
2759,1358,49,196.1,718.3,225.1,361.8,0.013
2760,1358,13,196.9,717.9,222.5,359.3,0.012
2761,1358,43,195.8,717.7,225.0,362.2,0.01
2762,1359,16,139.2,855.4,244.2,236.5,0.823
2763,1359,23,672.1,826.3,217.8,212.9,0.143
2764,1359,31,138.5,854.5,242.0,238.0,0.114
2765,1359,54,163.5,279.0,182.2,177.3,0.103
2766,1359,23,163.0,278.9,183.0,178.8,0.075
2767,1359,53,583.8,234.1,215.4,335.8,0.056
2768,1359,21,672.5,828.2,218.6,210.5,0.029
2769,1359,8,581.9,230.3,216.7,340.0,0.028
2770,1359,14,672.3,827.4,205.1,210.6,0.028
2771,1359,55,139.0,854.6,242.9,234.9,0.025
2772,1359,56,164.2,277.3,182.3,178.6,0.024
2773,1359,3,581.6,231.1,215.3,339.0,0.02
2774,1359,4,163.2,277.8,184.6,178.9,0.02
2775,1359,37,673.2,827.0,216.3,211.3,0.018
2776,1359,51,582.7,234.7,216.0,334.2,0.016
2777,1359,42,581.2,233.4,214.9,337.4,0.016
2778,1359,15,136.5,856.0,245.7,237.2,0.012
2779,1359,26,138.1,862.8,239.0,228.3,0.012
2780,136,1,652.9,853.5,208.6,161.0,0.96
2781,136,55,133.0,242.9,241.2,234.1,0.209
2782,136,17,81.6,650.1,306.9,484.4,0.16
2783,136,42,79.5,653.7,309.1,483.0,0.089
2784,136,3,570.3,212.9,318.3,290.6,0.064
2785,136,37,652.8,851.9,209.7,160.6,0.063
2786,136,37,569.5,213.9,319.8,291.2,0.055
2787,136,45,571.2,213.8,317.7,292.5,0.048
2788,136,53,80.1,654.6,310.6,482.3,0.043
2789,136,34,569.6,213.9,319.5,290.4,0.041
2790,136,39,81.0,648.9,306.8,484.6,0.025
2791,136,53,651.6,850.9,211.8,158.9,0.024
2792,136,45,135.7,240.7,240.3,234.8,0.016
2793,136,27,652.4,851.5,210.6,159.0,0.014
2794,136,16,134.5,241.0,239.8,235.0,0.013
2795,1361,44,625.6,689.6,234.2,232.5,0.993
2796,1361,3,357.3,147.7,183.9,190.6,0.986
2797,1361,21,165.8,651.8,244.4,355.5,0.985
2798,1361,51,167.6,651.9,242.4,354.4,0.064
2799,1361,18,652.3,1121.3,323.7,158.6,0.024
2800,1363,3,432.9,887.3,190.6,193.2,0.992
2801,1363,15,119.5,289.1,244.6,238.7,0.93
2802,1363,51,449.8,242.5,439.2,293.0,0.666
2803,1363,51,0.0,1176.6,188.1,103.3,0.014
2804,1363,25,0.0,1235.9,119.7,43.9,0.012
2805,1366,4,134.7,290.3,275.4,171.9,0.937
2806,1366,44,120.9,863.3,234.9,226.4,0.876
2807,1366,31,665.7,836.0,210.7,208.4,0.669
2808,1366,15,664.8,834.8,211.1,209.9,0.471
2809,1366,16,665.8,836.4,210.1,209.1,0.091
2810,1366,26,684.2,258.6,206.7,196.2,0.038
2811,1366,15,685.6,258.8,203.7,198.2,0.033
2812,1366,16,123.2,863.1,232.6,228.1,0.025
2813,1366,26,657.4,838.3,229.3,201.4,0.013
2814,1366,1,686.4,255.0,201.8,202.2,0.012
2815,1367,44,605.2,173.4,221.3,217.1,0.99
2816,1367,4,557.2,808.4,287.9,178.8,0.975
2817,1367,31,107.2,225.9,202.6,190.7,0.959
2818,1367,26,63.1,803.5,209.5,214.8,0.352
2819,1367,15,107.5,225.7,207.3,193.0,0.104
2820,1367,16,107.8,225.3,200.5,192.0,0.095
2821,1367,3,60.9,806.3,215.2,211.6,0.061
2822,1367,31,59.8,812.3,214.5,207.1,0.03
2823,1367,15,63.1,813.3,211.7,205.0,0.023
2824,1367,55,105.7,226.5,203.4,190.9,0.015
2825,1367,37,106.0,225.4,203.3,193.7,0.01
2826,1367,25,62.8,806.8,211.3,211.6,0.01
2827,1369,4,600.1,864.1,260.4,235.3,0.975
2828,1369,31,120.0,213.4,206.3,197.6,0.859
2829,1369,15,639.4,177.3,245.9,231.9,0.841
2830,1369,24,126.8,865.7,222.8,168.8,0.276
2831,1369,16,119.4,213.2,206.3,198.2,0.154
2832,1369,53,125.5,866.0,223.5,169.0,0.059
2833,1369,31,636.6,177.6,245.2,234.1,0.045
2834,1369,3,125.7,865.4,223.3,169.1,0.042
2835,1369,37,118.9,213.2,209.2,198.8,0.014
2836,1369,15,118.7,211.7,205.8,200.4,0.011
2837,1371,15,608.5,170.9,242.8,230.4,0.97
2838,1371,4,570.0,831.8,266.6,239.3,0.968
2839,1371,31,101.2,205.5,204.5,194.5,0.957
2840,1371,24,91.0,827.7,228.1,174.2,0.675
2841,1371,16,101.3,204.8,200.8,195.1,0.209
2842,1371,15,100.5,204.2,201.4,195.2,0.203
2843,1371,53,92.2,827.7,228.0,174.4,0.063
2844,1371,37,92.7,827.0,226.8,173.9,0.012
2845,1372,2,589.3,125.4,293.8,434.7,0.998
2846,1372,11,91.1,109.3,323.4,467.7,0.929
2847,1372,32,74.7,813.8,324.7,325.0,0.499
2848,1372,2,611.5,704.3,236.1,497.0,0.224
2849,1372,18,612.0,704.5,235.5,496.8,0.222
2850,1372,17,90.9,109.6,322.9,468.9,0.088
2851,1372,14,71.7,816.7,331.2,324.7,0.082
2852,1372,46,75.6,814.6,324.1,326.9,0.05
2853,1372,7,611.1,701.4,240.7,495.4,0.036
2854,1376,1,641.3,861.7,208.0,166.8,0.846
2855,1376,49,584.3,242.2,355.3,237.4,0.318
2856,1376,53,92.1,698.2,290.8,501.1,0.243
2857,1376,15,154.9,296.9,203.3,197.6,0.236
2858,1376,42,87.8,702.8,290.9,491.3,0.185
2859,1376,31,152.0,297.1,206.5,197.2,0.123
2860,1376,37,641.1,858.6,209.3,167.4,0.101
2861,1376,24,641.2,859.8,208.8,167.4,0.055
2862,1376,17,88.5,705.0,290.0,489.6,0.055
2863,1376,55,641.0,858.3,207.8,166.6,0.026
2864,1376,54,586.0,243.3,355.0,235.8,0.025
2865,1376,16,154.6,296.4,204.6,198.7,0.022
2866,1376,39,90.2,705.1,289.4,489.4,0.018
2867,1376,3,583.2,241.7,356.4,236.4,0.01
2868,1377,1,155.5,255.8,187.8,154.7,0.98
2869,1377,49,40.2,818.8,370.6,240.0,0.45
2870,1377,42,609.1,57.5,285.4,482.1,0.265
2871,1377,33,40.3,818.3,370.8,239.8,0.151
2872,1377,31,641.0,805.6,213.1,202.4,0.119
2873,1377,39,606.8,56.0,284.0,480.4,0.106
2874,1377,15,641.1,806.6,212.3,201.5,0.064
2875,1377,17,608.5,56.7,285.4,481.1,0.062
2876,1377,23,152.1,254.9,196.4,156.5,0.059
2877,1377,53,150.6,255.9,198.7,156.4,0.05
2878,1377,26,639.8,811.1,207.9,198.7,0.035
2879,1377,26,156.6,264.1,179.1,148.0,0.033
2880,1377,18,609.6,58.6,282.6,481.3,0.033
2881,1377,53,607.6,56.5,285.9,482.6,0.024
2882,1377,1,641.2,804.4,208.5,203.0,0.024
2883,1377,43,40.2,817.1,371.8,243.2,0.02
2884,1377,3,42.1,818.6,368.4,239.4,0.02
2885,1377,37,640.6,807.1,214.6,201.6,0.019
2886,1377,24,152.4,253.5,197.4,157.4,0.015
2887,1377,27,150.9,255.8,198.3,156.2,0.013
2888,1378,4,147.5,219.5,250.4,224.0,0.972
2889,1378,24,642.6,278.3,219.9,170.8,0.639
2890,1378,31,625.6,870.0,212.8,209.7,0.618
2891,1378,53,108.8,776.6,299.2,385.0,0.545
2892,1378,16,623.0,870.5,215.6,207.9,0.122
2893,1378,53,642.3,277.0,219.8,170.3,0.087
2894,1378,37,642.5,277.3,218.8,171.3,0.062
2895,1378,42,104.8,774.8,298.5,391.5,0.042
2896,1378,56,103.9,774.9,299.2,393.6,0.027
2897,1378,4,642.9,276.2,219.5,169.9,0.023
2898,1378,17,103.7,774.9,299.5,393.3,0.02
2899,1378,15,623.0,867.0,213.2,212.4,0.018
2900,1378,4,166.5,223.7,194.0,120.3,0.015
2901,1378,26,624.1,865.9,219.8,210.5,0.015
2902,1378,37,621.9,869.2,217.6,209.3,0.011
2903,1379,4,600.6,864.0,261.6,235.5,0.978
2904,1379,31,160.6,200.9,208.6,199.0,0.923
2905,1379,53,582.5,96.2,287.9,376.6,0.824
2906,1379,24,127.2,865.2,222.2,169.4,0.459
2907,1379,16,161.4,200.9,205.5,198.9,0.255
2908,1379,15,161.3,199.3,202.0,199.6,0.155
2909,1379,42,582.7,98.4,284.6,376.2,0.107
2910,1379,53,126.0,865.5,223.3,169.6,0.049
2911,1379,37,162.3,199.6,207.5,198.6,0.022
2912,1379,17,580.8,98.5,285.9,377.3,0.014
2913,1379,37,123.2,859.3,225.7,173.8,0.012
2914,1381,3,405.5,844.0,192.7,193.8,0.996
2915,1381,48,35.8,234.7,364.1,235.2,0.946
2916,1381,54,633.1,279.7,236.8,136.1,0.833
2917,1384,4,564.3,815.9,269.3,217.8,0.947
2918,1384,34,40.3,89.4,439.9,459.9,0.925
2919,1384,26,604.3,197.0,228.9,215.1,0.454
2920,1384,23,176.8,814.4,177.7,203.1,0.441
2921,1384,13,177.3,814.8,177.7,206.8,0.065
2922,1384,53,178.7,815.3,177.9,202.8,0.022
2923,1384,25,600.8,225.4,221.2,182.5,0.021
2924,1384,1,607.3,197.7,222.5,223.3,0.012
2925,1385,34,38.4,83.3,414.8,443.8,0.952
2926,1385,4,536.5,778.3,268.9,226.6,0.946
2927,1385,26,576.4,190.8,220.9,215.0,0.914
2928,1385,56,146.3,777.8,179.1,207.3,0.078
2929,1385,54,146.5,778.0,178.2,206.9,0.038
2930,1385,53,145.7,776.3,179.9,208.0,0.027
2931,1385,28,146.1,777.5,179.1,207.6,0.02
2932,1385,25,574.1,197.8,227.1,200.2,0.018
2933,1385,37,573.3,190.6,224.8,215.2,0.012
2934,1385,13,574.4,190.5,223.7,216.0,0.01
2935,1386,4,171.1,277.8,261.2,215.1,0.956
2936,1386,34,533.6,699.8,421.3,477.4,0.887
2937,1386,26,148.2,850.4,236.5,230.4,0.229
2938,1386,45,535.5,701.6,420.1,474.6,0.12
2939,1386,16,638.6,290.8,171.9,199.3,0.096
2940,1386,55,638.5,290.9,172.0,199.8,0.064
2941,1386,1,630.3,293.7,180.7,195.0,0.033
2942,1386,54,635.8,291.1,173.3,199.1,0.026
2943,1386,13,635.8,292.1,172.9,197.6,0.021
2944,1386,37,635.6,291.3,173.0,198.6,0.018
2945,1386,26,627.3,293.5,182.0,194.6,0.012
2946,1386,15,151.1,850.9,233.1,228.8,0.012
2947,1387,4,641.3,755.8,200.8,275.5,0.889
2948,1387,31,114.3,241.8,204.1,196.3,0.8
2949,1387,15,602.7,181.0,223.9,218.1,0.263
2950,1387,53,137.6,832.2,277.9,315.7,0.2
2951,1387,26,594.5,182.6,231.3,216.0,0.133
2952,1387,27,137.6,833.6,277.2,314.5,0.12
2953,1387,16,114.3,241.5,204.1,197.7,0.097
2954,1387,31,602.3,180.9,228.3,217.3,0.089
2955,1387,55,135.9,833.6,283.7,314.6,0.08
2956,1387,23,112.8,240.1,208.2,200.2,0.074
2957,1387,37,140.0,834.0,279.6,313.6,0.052
2958,1387,34,138.8,834.1,280.8,314.8,0.051
2959,1387,16,603.2,182.3,222.4,216.8,0.035
2960,1387,15,114.5,239.4,204.8,200.2,0.028
2961,1387,20,135.6,834.9,281.7,313.0,0.023
2962,1387,1,613.0,180.4,216.1,214.1,0.012
2963,139,4,573.7,810.6,282.6,193.6,0.961
2964,139,53,587.1,115.7,222.3,393.0,0.919
2965,139,36,48.8,785.8,351.1,306.5,0.882
2966,139,51,47.3,787.0,367.5,304.2,0.151
2967,139,27,48.3,786.3,348.1,308.9,0.069
2968,139,17,11.0,47.5,389.4,508.2,0.055
2969,139,18,11.8,48.4,390.8,505.9,0.045
2970,139,1,581.4,152.2,226.6,333.2,0.021
2971,139,53,11.5,50.5,387.0,503.8,0.018
2972,139,42,11.6,46.6,389.4,509.0,0.017
2973,139,42,589.9,114.9,215.1,389.2,0.013
2974,139,19,46.9,786.0,357.4,307.8,0.011
2975,1390,2,594.1,127.7,210.6,457.5,0.988
2976,1390,32,603.3,747.4,269.0,418.3,0.981
2977,1390,35,155.6,872.8,262.8,265.3,0.957
2978,1390,22,114.5,168.4,369.3,452.5,0.637
2979,1390,34,116.9,173.3,366.1,443.9,0.34
2980,1390,3,157.5,869.9,259.8,269.2,0.104
2981,1390,40,156.6,872.2,258.9,265.3,0.061
2982,1390,11,117.6,168.0,366.9,454.8,0.046
2983,1390,37,115.7,172.5,362.0,445.3,0.021
2984,1390,39,115.8,169.9,361.5,449.1,0.018
2985,1390,15,156.6,871.8,255.8,266.2,0.013
2986,1392,32,595.3,742.7,255.5,412.3,0.993
2987,1392,2,602.1,83.4,218.0,479.9,0.991
2988,1392,35,154.9,863.8,254.2,250.9,0.917
2989,1392,22,110.8,128.0,369.8,461.1,0.527
2990,1392,3,156.4,861.4,251.9,256.6,0.284
2991,1392,40,154.4,864.8,255.0,248.8,0.105
2992,1392,39,110.4,129.1,363.2,458.9,0.022
2993,1392,15,155.6,864.4,252.5,250.7,0.015
2994,1392,34,113.0,128.6,363.3,459.4,0.014
2995,1392,43,111.7,128.1,370.1,463.2,0.013
2996,1392,2,595.6,746.1,257.7,409.2,0.012
2997,1392,37,111.4,128.7,360.0,457.1,0.012
2998,1392,26,869.1,1250.1,106.9,29.7,0.011
2999,1393,15,135.9,837.2,250.2,239.1,0.968
3000,1393,4,171.5,277.4,261.9,216.2,0.953
3001,1393,31,682.3,870.4,215.0,209.3,0.63
3002,1393,15,683.1,869.2,214.0,210.9,0.253
3003,1393,16,682.4,871.9,215.1,209.1,0.12
3004,1393,16,639.0,291.1,171.9,199.8,0.095
3005,1393,55,638.8,291.1,171.8,200.8,0.078
3006,1393,1,633.2,295.2,178.1,193.5,0.034
3007,1393,26,682.5,867.4,212.7,210.0,0.026
3008,1393,54,636.2,291.7,172.7,198.3,0.024
3009,1393,37,636.2,291.4,173.3,199.4,0.021
3010,1393,56,636.1,291.3,173.8,199.6,0.018
3011,1393,13,636.1,292.5,173.2,198.1,0.013
3012,1393,26,630.9,295.3,179.2,193.6,0.012
3013,1395,4,535.4,777.4,269.3,228.0,0.962
3014,1395,15,575.3,188.1,238.6,227.6,0.943
3015,1395,31,87.3,193.1,205.8,194.6,0.933
3016,1395,15,86.0,194.1,201.7,194.3,0.207
3017,1395,16,86.9,192.5,205.3,196.4,0.151
3018,1395,56,146.4,777.6,178.9,207.6,0.09
3019,1395,46,146.7,777.8,178.0,206.9,0.031
3020,1395,16,574.1,188.1,237.9,228.9,0.028
3021,1395,28,146.3,777.4,179.0,207.6,0.024
3022,1395,53,146.1,776.2,179.2,208.1,0.02
3023,1395,31,572.2,188.2,240.6,228.7,0.02
3024,1396,2,82.4,661.1,219.2,484.4,0.995
3025,1396,11,516.1,592.2,320.1,487.3,0.576
3026,1396,39,516.3,589.5,317.2,487.6,0.506
3027,1396,46,523.7,165.5,266.1,262.4,0.389
3028,1396,2,88.9,91.8,222.9,473.4,0.366
3029,1396,22,516.7,592.1,313.7,487.3,0.176
3030,1396,27,0.8,1199.2,315.0,80.8,0.016
3031,1396,34,513.3,593.0,322.9,483.4,0.012
3032,1396,13,525.3,168.8,263.7,259.6,0.01
3033,140,53,610.7,124.8,232.7,397.9,0.949
3034,140,4,602.3,847.7,280.7,186.5,0.924
3035,140,36,87.9,834.1,338.3,299.0,0.623
3036,140,51,86.7,826.3,341.2,309.1,0.373
3037,140,37,17.4,65.3,409.9,514.1,0.063
3038,140,27,87.3,827.1,339.8,307.6,0.049
3039,140,42,614.4,121.9,225.5,401.6,0.041
3040,140,17,17.0,67.6,407.2,508.6,0.028
3041,140,45,87.2,827.0,340.1,305.3,0.023
3042,140,53,19.6,67.4,403.1,510.2,0.012
3043,140,45,19.2,65.9,405.2,512.0,0.012
3044,140,1,611.3,185.5,236.4,328.0,0.011
3045,140,42,16.0,63.4,411.0,514.4,0.011
3046,140,54,614.3,121.6,224.9,402.8,0.011
3047,1401,4,126.4,275.7,270.0,185.2,0.969
3048,1401,44,135.7,869.4,232.1,228.7,0.853
3049,1401,36,575.2,186.9,328.2,286.5,0.837
3050,1401,51,569.4,185.8,336.2,290.4,0.549
3051,1401,16,650.1,852.5,215.7,205.9,0.372
3052,1401,31,649.4,852.1,217.0,206.2,0.144
3053,1401,26,644.2,846.1,222.2,206.0,0.08
3054,1401,16,136.0,872.0,231.2,225.7,0.058
3055,1401,15,650.9,851.9,216.6,206.7,0.05
3056,1401,27,573.0,185.0,329.8,288.9,0.03
3057,1401,15,136.8,870.7,232.1,227.4,0.023
3058,1402,3,425.6,884.8,189.5,193.6,0.997
3059,1402,51,454.8,188.6,395.5,372.6,0.801
3060,1402,26,84.4,328.2,225.2,226.3,0.65
3061,1402,13,83.9,334.1,229.0,225.7,0.012
3062,1402,25,0.0,1227.8,114.7,52.0,0.011
3063,1404,3,365.3,213.4,183.7,185.6,0.995
3064,1404,26,658.6,761.9,240.1,224.7,0.952
3065,1404,51,109.3,733.4,399.1,385.2,0.764
3066,1404,48,119.9,741.9,392.2,378.0,0.011
3067,1404,46,367.9,215.5,182.0,183.7,0.011
3068,1407,3,380.4,229.5,183.1,183.8,0.978
3069,1407,55,601.9,790.7,250.8,256.9,0.891
3070,1407,51,103.1,687.4,315.0,426.6,0.857
3071,1408,1,188.2,272.6,205.3,136.6,0.983
3072,1408,16,72.3,809.0,244.6,237.6,0.944
3073,1408,15,74.0,806.8,241.4,239.3,0.129
3074,1408,44,682.8,276.2,178.5,168.8,0.116
3075,1408,37,186.9,275.6,202.7,133.5,0.096
3076,1408,31,73.1,808.9,244.7,237.3,0.09
3077,1408,24,682.1,274.9,178.7,170.9,0.061
3078,1408,23,187.5,276.4,201.7,132.4,0.057
3079,1408,3,658.2,899.1,217.4,214.0,0.044
3080,1408,53,684.5,275.5,177.2,170.8,0.037
3081,1408,31,656.1,899.3,220.7,212.1,0.034
3082,1408,53,187.1,275.3,202.4,134.4,0.032
3083,1408,1,660.3,903.3,217.9,205.4,0.025
3084,1408,37,654.4,899.4,221.8,210.7,0.017
3085,1408,13,186.2,275.6,203.2,133.1,0.016
3086,1408,55,75.7,807.1,239.1,237.6,0.016
3087,1408,35,653.6,899.4,222.0,212.6,0.014
3088,1408,22,683.9,276.6,178.4,169.1,0.013
3089,1408,4,660.9,903.7,214.1,207.1,0.011
3090,1411,4,588.4,844.4,285.6,169.9,0.902
3091,1411,45,61.3,128.7,404.9,422.2,0.68
3092,1411,53,639.7,207.1,197.7,253.6,0.284
3093,1411,54,639.5,210.8,196.5,251.2,0.266
3094,1411,32,60.4,130.1,403.4,419.9,0.165
3095,1411,56,639.4,209.7,197.0,250.6,0.153
3096,1411,31,95.6,854.7,210.1,207.5,0.086
3097,1411,8,639.3,209.4,196.5,251.3,0.08
3098,1411,26,96.0,854.3,207.6,207.4,0.056
3099,1411,15,95.7,854.7,210.3,206.5,0.053
3100,1411,3,96.4,854.3,207.5,209.2,0.023
3101,1411,37,95.4,853.7,214.3,208.3,0.02
3102,1411,27,60.8,123.6,396.8,424.4,0.019
3103,1411,1,99.1,854.5,206.0,207.1,0.018
3104,1413,4,131.7,291.9,276.1,170.8,0.934
3105,1413,45,546.9,704.2,393.6,431.9,0.706
3106,1413,56,145.8,803.2,203.0,256.8,0.284
3107,1413,54,146.9,802.5,203.6,256.9,0.172
3108,1413,34,546.1,702.6,394.8,433.6,0.105
3109,1413,52,547.4,706.4,392.3,428.9,0.089
3110,1413,56,545.6,706.3,395.5,429.8,0.07
3111,1413,53,145.4,801.8,206.2,258.2,0.058
3112,1413,26,680.5,258.4,205.9,196.0,0.028
3113,1413,15,681.3,258.4,205.4,198.2,0.025
3114,1413,31,682.0,258.4,204.1,198.2,0.02
3115,1413,1,685.0,255.7,199.9,200.6,0.017
3116,1413,27,546.6,700.3,393.9,435.0,0.014
3117,1413,16,681.6,257.5,208.1,199.4,0.013
3118,1414,16,53.5,776.3,243.6,233.3,0.655
3119,1414,31,53.6,775.9,245.0,233.6,0.438
3120,1414,39,546.8,596.6,279.5,485.6,0.392
3121,1414,5,107.2,192.0,208.2,202.5,0.347
3122,1414,15,54.3,775.3,242.7,233.9,0.127
3123,1414,44,600.7,190.2,219.8,215.9,0.106
3124,1414,46,108.0,191.9,207.3,202.0,0.068
3125,1414,42,546.8,600.3,282.0,480.9,0.06
3126,1414,53,107.7,192.3,209.6,202.4,0.037
3127,1414,32,549.0,597.5,277.1,485.7,0.032
3128,1414,53,547.6,584.4,277.2,494.2,0.03
3129,1414,24,106.7,191.4,210.0,201.3,0.022
3130,1414,14,108.7,193.5,202.1,199.0,0.013
3131,1414,15,600.0,190.5,221.4,214.4,0.012
3132,1414,37,107.4,192.6,208.4,200.9,0.012
3133,1414,13,107.8,192.5,209.0,201.3,0.011
3134,1418,1,127.3,256.5,199.7,151.2,0.964
3135,1418,42,104.8,649.5,291.6,488.9,0.218
3136,1418,39,557.3,84.2,246.0,401.7,0.203
3137,1418,42,583.9,699.5,282.0,451.8,0.189
3138,1418,16,582.4,690.7,277.2,457.0,0.094
3139,1418,37,125.7,256.8,199.8,149.2,0.089
3140,1418,53,105.0,649.2,292.6,486.0,0.086
3141,1418,48,583.8,699.9,283.1,452.9,0.082
3142,1418,23,126.1,257.2,199.2,150.0,0.071
3143,1418,55,582.3,681.2,276.1,469.1,0.044
3144,1418,53,126.2,256.4,199.1,150.2,0.044
3145,1418,17,583.5,698.6,280.1,453.5,0.043
3146,1418,39,103.5,647.6,289.5,488.8,0.041
3147,1418,18,583.8,700.8,285.4,447.4,0.016
3148,1418,37,556.6,88.7,245.2,397.5,0.014
3149,1418,27,126.5,255.5,199.1,151.9,0.014
3150,1418,39,584.6,698.2,282.0,452.6,0.013
3151,1418,17,102.8,650.0,293.3,486.3,0.011
3152,142,1,583.1,866.2,210.8,145.1,0.946
3153,142,31,593.3,157.0,229.8,224.4,0.695
3154,142,16,593.4,157.3,230.0,223.6,0.25
3155,142,55,73.8,174.3,254.9,228.2,0.199
3156,142,14,91.2,832.2,184.0,179.1,0.149
3157,142,5,92.6,832.0,181.4,179.8,0.117
3158,142,55,592.9,156.8,229.9,224.4,0.059
3159,142,23,93.9,831.7,180.6,180.7,0.059
3160,142,37,582.1,867.2,208.8,144.8,0.047
3161,142,44,93.8,831.9,181.2,179.0,0.033
3162,142,15,593.1,159.6,231.3,221.6,0.029
3163,142,27,74.8,173.7,253.1,230.0,0.028
3164,142,53,581.3,867.6,209.7,142.0,0.025
3165,142,53,90.8,832.0,182.5,179.6,0.024
3166,142,37,77.2,174.9,254.5,230.4,0.017
3167,142,26,588.3,860.1,201.2,149.2,0.01
3168,142,27,581.9,866.4,209.5,143.0,0.01
3169,1420,3,411.0,873.6,188.7,193.6,0.998
3170,1420,56,100.9,241.1,291.9,263.7,0.921
3171,1420,18,543.1,73.1,269.8,593.3,0.91
3172,1420,48,540.8,73.0,270.9,593.0,0.061
3173,1420,51,0.0,1175.9,188.4,104.1,0.031
3174,1420,25,0.1,1195.4,125.5,84.3,0.029
3175,1420,54,0.0,1194.7,166.9,85.3,0.024
3176,1420,53,95.6,238.1,295.7,266.1,0.015
3177,1421,3,336.6,165.3,186.2,187.8,0.993
3178,1421,56,549.4,722.0,303.4,284.0,0.966
3179,1421,18,111.9,521.0,272.0,639.5,0.343
3180,1421,18,737.2,1145.5,238.8,134.4,0.062
3181,1421,53,762.0,1157.5,214.0,122.4,0.014
3182,1421,4,801.9,1175.9,174.1,104.0,0.013
3183,1424,53,589.1,133.0,216.8,393.6,0.983
3184,1424,4,536.7,777.6,268.5,224.3,0.968
3185,1424,56,146.2,774.7,178.1,210.0,0.136
3186,1424,1,573.7,167.7,227.6,335.0,0.083
3187,1424,42,96.7,74.6,360.4,527.1,0.054
3188,1424,54,146.6,774.2,177.5,210.0,0.051
3189,1424,53,95.7,75.0,357.8,527.3,0.048
3190,1424,53,146.2,773.7,178.8,209.9,0.027
3191,1424,17,95.8,76.4,359.5,524.3,0.013
3192,1424,42,588.9,136.7,209.8,393.0,0.01
3193,1425,53,608.9,145.8,233.0,402.4,0.965
3194,1425,4,564.7,815.0,266.7,217.0,0.943
3195,1425,23,177.9,813.4,176.6,204.0,0.355
3196,1425,42,613.2,147.4,220.9,397.0,0.134
3197,1425,17,105.1,92.9,373.5,535.7,0.098
3198,1425,42,105.3,96.6,374.0,533.2,0.094
3199,1425,13,178.3,813.9,176.7,207.6,0.065
3200,1425,53,106.6,149.3,362.6,473.4,0.026
3201,1425,1,612.8,211.4,226.6,315.8,0.021
3202,1425,53,179.8,813.9,176.7,204.4,0.015
3203,1425,56,178.7,813.9,176.1,208.6,0.014
3204,1429,42,607.1,704.6,275.7,442.8,0.974
3205,1429,31,126.0,829.8,236.5,229.8,0.429
3206,1429,5,121.0,250.2,212.4,203.3,0.231
3207,1429,44,679.8,216.4,228.5,211.4,0.154
3208,1429,16,124.6,830.7,236.7,228.7,0.121
3209,1429,54,121.1,249.9,211.9,203.9,0.074
3210,1429,3,119.7,250.5,213.7,203.3,0.048
3211,1429,37,679.6,217.5,228.2,212.3,0.037
3212,1429,37,124.7,829.2,237.9,231.0,0.027
3213,1429,3,607.1,701.6,272.4,445.2,0.021
3214,1429,15,127.1,831.4,236.2,227.7,0.019
3215,1429,13,119.7,250.1,213.2,203.6,0.014
3216,1429,56,122.6,251.2,212.7,204.0,0.012
3217,1429,23,679.6,216.9,228.7,214.4,0.012
3218,1429,24,124.1,829.5,238.0,231.7,0.012
3219,1429,23,121.8,248.8,210.6,203.3,0.011
3220,143,1,609.8,902.7,206.3,139.1,0.977
3221,143,16,620.6,161.2,239.6,228.5,0.868
3222,143,44,126.2,865.5,183.1,177.3,0.656
3223,143,55,621.7,161.7,240.4,226.9,0.452
3224,143,31,620.5,163.2,239.8,226.0,0.446
3225,143,55,90.1,182.8,261.0,232.3,0.16
3226,143,23,611.9,904.0,203.6,134.1,0.108
3227,143,16,92.5,183.1,257.3,230.5,0.051
3228,143,26,617.5,898.9,197.5,139.1,0.051
3229,143,15,622.3,161.7,223.5,226.6,0.044
3230,143,27,91.8,181.6,258.0,232.1,0.041
3231,143,53,610.4,904.0,205.5,134.3,0.034
3232,143,37,611.8,904.8,205.0,133.5,0.017
3233,143,13,611.5,905.3,204.6,134.1,0.017
3234,143,14,125.6,866.4,180.9,177.1,0.017
3235,143,27,611.0,903.2,205.3,135.2,0.014
3236,1431,16,92.2,791.1,238.1,231.8,0.881
3237,1431,42,575.2,668.6,290.9,442.5,0.773
3238,1431,31,92.0,789.8,239.1,232.9,0.494
3239,1431,44,649.4,205.6,222.9,214.0,0.458
3240,1431,56,102.6,238.0,207.6,204.0,0.125
3241,1431,15,91.9,790.3,238.7,233.0,0.097
3242,1431,23,102.8,238.1,210.6,204.7,0.077
3243,1431,54,102.4,237.9,207.9,203.5,0.077
3244,1431,1,98.7,237.6,211.8,205.8,0.06
3245,1431,3,103.4,238.4,207.1,205.8,0.051
3246,1431,53,581.1,663.6,278.7,440.3,0.04
3247,1431,55,91.3,791.0,237.9,231.6,0.039
3248,1431,14,647.2,205.8,224.3,214.7,0.035
3249,1431,53,100.4,237.9,211.8,204.6,0.034
3250,1431,13,102.6,238.6,208.0,205.7,0.03
3251,1431,23,91.8,791.2,239.7,233.8,0.015
3252,1431,35,648.8,205.4,223.0,215.7,0.012
3253,1431,15,647.3,203.7,224.9,217.1,0.011
3254,1433,3,367.7,174.3,181.2,184.1,0.993
3255,1433,48,0.0,663.9,301.0,329.2,0.982
3256,1433,55,606.6,752.9,295.7,211.7,0.808
3257,1433,15,606.4,750.1,297.1,213.8,0.038
3258,1433,26,622.0,747.4,278.1,220.4,0.027
3259,1433,54,0.0,1213.9,183.2,66.1,0.023
3260,1433,25,0.0,1223.0,128.2,56.6,0.019
3261,1433,20,0.0,657.8,301.4,334.7,0.016
3262,1433,20,606.8,750.4,294.8,214.6,0.016
3263,1433,51,0.0,1216.4,207.0,63.5,0.01
3264,1435,3,397.5,853.1,190.6,192.5,0.998
3265,1435,13,168.0,339.0,171.8,258.5,0.954
3266,1435,26,589.2,307.3,227.9,218.0,0.941
3267,1435,25,587.6,306.7,224.8,221.4,0.022
3268,1436,26,109.4,697.1,229.1,232.3,0.993
3269,1436,3,347.2,187.1,186.9,186.8,0.98
3270,1436,13,596.1,621.6,179.5,272.1,0.956
3271,1436,56,619.0,1142.2,357.0,137.8,0.016
3272,1436,34,623.7,1143.8,352.3,136.2,0.011
3273,1438,16,207.1,842.1,245.1,238.9,0.779
3274,1438,23,696.7,859.3,217.3,210.1,0.421
3275,1438,16,174.3,304.5,205.7,125.0,0.186
3276,1438,1,175.0,302.6,202.0,128.2,0.085
3277,1438,53,583.3,234.7,214.9,335.0,0.048
3278,1438,31,174.2,304.0,205.0,126.2,0.042
3279,1438,16,696.4,858.9,217.7,211.0,0.041
3280,1438,55,207.5,842.4,244.5,237.6,0.039
3281,1438,23,174.9,303.7,204.5,126.3,0.034
3282,1438,42,582.0,233.0,214.2,336.8,0.033
3283,1438,8,580.9,231.1,218.7,337.3,0.03
3284,1438,27,174.3,304.3,205.5,126.6,0.025
3285,1438,51,581.6,236.2,216.7,333.0,0.024
3286,1438,31,698.5,857.7,218.2,212.1,0.023
3287,1438,31,205.2,840.0,245.3,239.5,0.02
3288,1438,4,175.6,301.2,198.0,131.4,0.016
3289,1438,21,699.3,858.6,216.1,210.6,0.016
3290,1438,37,174.7,303.9,205.3,125.7,0.015
3291,1438,55,174.6,304.0,205.8,125.3,0.014
3292,1439,1,598.8,846.8,203.4,131.8,0.978
3293,1439,16,511.0,179.8,234.9,227.5,0.702
3294,1439,5,70.2,198.7,208.0,202.7,0.218
3295,1439,31,161.2,673.8,224.2,364.4,0.114
3296,1439,26,595.5,841.4,210.1,136.8,0.101
3297,1439,53,69.6,200.0,208.8,200.1,0.062
3298,1439,23,593.5,850.7,209.9,128.1,0.052
3299,1439,20,162.3,677.7,224.5,360.7,0.045
3300,1439,16,162.0,673.3,222.8,365.7,0.041
3301,1439,54,166.1,672.2,217.0,367.0,0.04
3302,1439,27,592.4,848.8,212.5,129.3,0.036
3303,1439,37,70.3,196.0,209.1,204.3,0.036
3304,1439,55,591.3,848.7,214.1,129.1,0.032
3305,1439,54,70.8,196.9,208.2,202.9,0.029
3306,1439,15,512.9,178.2,231.0,228.1,0.027
3307,1439,53,162.2,672.6,223.0,362.9,0.027
3308,1439,51,163.2,678.7,223.4,359.5,0.025
3309,1439,21,69.9,199.0,209.1,200.9,0.025
3310,1439,56,69.8,197.7,209.0,202.3,0.024
3311,1439,53,591.2,849.2,213.7,128.8,0.021
3312,1439,4,70.0,198.1,208.8,201.2,0.02
3313,1439,55,512.3,179.5,232.6,226.4,0.018
3314,1439,15,163.4,672.0,222.5,364.5,0.018
3315,1439,36,590.1,848.7,214.2,128.8,0.017
3316,1439,37,593.3,850.7,210.9,128.8,0.014
3317,1439,26,512.4,173.6,241.0,237.3,0.011
3318,1441,4,576.8,757.0,278.3,213.8,0.984
3319,1441,37,90.6,734.5,318.2,277.4,0.865
3320,1441,31,117.5,172.6,203.1,193.6,0.73
3321,1441,4,589.1,201.7,262.1,172.3,0.204
3322,1441,16,118.0,172.3,202.8,194.3,0.137
3323,1441,53,90.7,734.2,322.7,277.9,0.116
3324,1441,37,591.3,201.1,257.9,172.8,0.083
3325,1441,23,115.8,172.2,207.8,192.8,0.027
3326,1441,53,588.8,201.5,261.9,173.0,0.014
3327,1442,4,605.5,791.6,275.0,209.8,0.979
3328,1442,37,124.9,780.7,314.0,276.5,0.894
3329,1442,31,134.1,177.3,209.0,200.3,0.576
3330,1442,37,133.4,176.5,211.6,201.3,0.15
3331,1442,4,619.5,206.7,265.7,173.7,0.149
3332,1442,37,618.3,209.1,266.7,171.0,0.137
3333,1442,53,128.9,779.1,309.7,277.2,0.124
3334,1442,16,134.2,176.7,209.2,200.4,0.04
3335,1442,53,619.3,207.4,266.1,172.9,0.028
3336,1442,15,134.0,175.8,208.2,201.0,0.026
3337,1442,27,618.1,205.5,267.8,176.0,0.021
3338,1442,56,619.0,209.4,264.1,170.6,0.015
3339,1442,3,621.3,206.4,265.3,174.1,0.011
3340,1444,2,94.9,697.8,210.2,480.7,0.992
3341,1444,11,524.0,623.1,294.9,511.4,0.897
3342,1444,2,134.4,109.2,221.1,432.4,0.417
3343,1444,46,486.3,150.0,308.4,301.7,0.307
3344,1444,30,485.9,151.8,308.5,300.5,0.131
3345,1444,14,484.9,154.5,313.5,299.5,0.113
3346,1444,39,523.9,622.1,295.1,510.3,0.034
3347,1444,53,133.6,118.3,221.2,426.3,0.023
3348,1444,7,135.4,118.8,220.5,420.0,0.022
3349,1444,32,0.0,1204.4,245.5,75.6,0.019
3350,1444,17,525.2,628.8,293.4,503.2,0.01
3351,1444,17,91.7,697.6,219.2,476.9,0.01
3352,1446,2,626.2,33.6,201.7,489.5,0.98
3353,1446,11,132.2,64.2,285.8,510.9,0.921
3354,1446,2,582.1,706.1,228.9,444.7,0.318
3355,1446,14,130.0,805.1,324.3,318.0,0.093
3356,1446,32,128.9,805.9,321.9,316.3,0.089
3357,1446,46,129.2,807.1,321.0,315.1,0.089
3358,1446,39,132.1,59.0,286.5,513.1,0.08
3359,1446,30,129.4,807.4,319.8,315.3,0.036
3360,1446,7,581.6,712.6,228.0,435.9,0.03
3361,1446,27,755.6,1215.0,220.4,65.0,0.017
3362,1446,37,130.9,67.9,286.7,505.9,0.013
3363,1446,26,830.7,1239.1,145.3,40.7,0.011
3364,1447,23,103.6,174.7,206.3,206.2,0.481
3365,1447,16,45.0,791.4,241.2,233.3,0.441
3366,1447,31,44.8,791.9,242.9,233.9,0.152
3367,1447,43,463.9,764.8,418.2,250.2,0.112
3368,1447,55,466.9,767.7,409.3,244.5,0.086
3369,1447,14,102.3,176.7,203.1,201.6,0.084
3370,1447,15,45.7,792.5,239.0,232.5,0.072
3371,1447,5,626.1,191.0,224.9,217.5,0.058
3372,1447,13,103.7,176.3,206.4,205.6,0.043
3373,1447,24,625.8,191.2,225.0,216.8,0.032
3374,1447,3,462.8,764.3,418.6,248.5,0.026
3375,1447,44,625.9,191.0,226.0,216.7,0.025
3376,1447,37,626.7,191.1,224.1,216.7,0.019
3377,1447,4,103.0,177.3,208.3,201.7,0.018
3378,1447,14,625.9,191.4,225.7,215.6,0.018
3379,1447,21,102.3,177.0,208.1,201.7,0.017
3380,1447,14,46.2,792.2,227.7,232.0,0.015
3381,1447,36,463.1,766.5,416.7,246.1,0.015
3382,1447,37,44.6,793.2,243.3,232.2,0.014
3383,1447,3,103.1,175.8,209.0,205.1,0.013
3384,1447,35,626.0,191.7,223.4,215.6,0.011
3385,1447,53,102.3,176.3,208.2,203.5,0.01
3386,1449,23,118.1,182.4,213.8,203.6,0.808
3387,1449,31,81.6,833.5,233.3,227.1,0.351
3388,1449,49,492.9,806.9,411.6,239.2,0.339
3389,1449,37,495.7,806.9,407.2,236.4,0.293
3390,1449,43,495.2,807.8,408.4,236.4,0.262
3391,1449,44,658.2,197.1,226.7,215.7,0.173
3392,1449,16,81.9,834.0,233.0,226.0,0.126
3393,1449,37,117.1,184.2,213.9,201.9,0.039
3394,1449,3,497.8,807.7,405.4,237.6,0.031
3395,1449,23,494.4,807.6,410.2,238.7,0.025
3396,1449,33,493.3,807.8,409.7,235.1,0.025
3397,1449,15,81.8,833.9,232.5,226.0,0.024
3398,1449,55,491.8,808.8,411.4,234.5,0.024
3399,1449,13,117.4,183.8,213.2,202.5,0.024
3400,1449,15,656.8,199.1,229.6,213.1,0.02
3401,1449,3,118.2,182.9,212.6,202.4,0.016
3402,1449,37,658.5,195.9,224.4,215.5,0.013
3403,1449,35,655.3,198.9,228.9,213.6,0.012
3404,1449,21,117.4,184.4,210.9,200.7,0.011
3405,1450,2,593.6,48.5,218.6,487.6,0.996
3406,1450,35,121.9,814.3,257.3,253.3,0.925
3407,1450,11,124.3,65.9,271.2,519.2,0.667
3408,1450,2,586.8,715.9,234.1,497.9,0.333
3409,1450,3,123.5,811.9,254.1,255.6,0.116
3410,1450,39,122.0,65.9,274.5,519.9,0.107
3411,1450,18,586.5,716.7,234.3,496.2,0.094
3412,1450,17,586.9,720.4,234.9,489.4,0.035
3413,1450,22,125.1,66.3,272.8,517.0,0.031
3414,1450,26,861.3,1232.6,114.7,47.3,0.03
3415,1450,15,123.6,811.9,254.4,253.6,0.027
3416,1450,40,121.2,815.7,258.3,250.7,0.022
3417,1450,17,592.7,48.4,221.4,483.7,0.014
3418,1450,37,123.5,69.5,272.5,515.4,0.011
3419,1452,2,590.7,100.3,211.4,449.8,0.996
3420,1452,11,132.6,116.3,261.3,500.8,0.939
3421,1452,35,123.5,823.6,261.4,265.2,0.902
3422,1452,2,597.7,718.3,234.2,511.4,0.539
3423,1452,25,131.6,116.2,262.4,499.9,0.068
3424,1452,17,590.0,99.2,211.6,451.6,0.061
3425,1452,3,123.5,825.9,260.5,261.7,0.053
3426,1452,12,595.7,722.1,239.5,504.1,0.047
3427,1452,40,125.1,823.6,259.0,265.1,0.044
3428,1452,15,125.5,824.2,255.2,264.8,0.043
3429,1452,17,132.6,120.8,259.7,495.7,0.024
3430,1452,18,596.9,717.9,237.9,506.2,0.023
3431,1453,3,458.9,907.2,190.6,192.9,0.998
3432,1453,18,481.5,119.0,421.5,536.8,0.992
3433,1453,20,51.4,313.5,277.3,328.7,0.92
3434,1453,48,50.6,313.8,276.1,327.1,0.233
3435,1453,55,49.8,313.0,277.6,334.9,0.038
3436,1453,25,0.0,1230.3,121.6,49.4,0.024
3437,1453,51,0.0,1183.8,212.6,96.1,0.02
3438,1455,18,71.8,618.5,440.7,591.1,0.999
3439,1455,3,333.5,193.2,184.4,182.2,0.991
3440,1455,20,652.7,652.0,281.6,342.0,0.935
3441,1455,48,655.9,650.6,274.4,343.8,0.157
3442,1455,55,652.7,647.9,282.0,357.1,0.049
3443,1455,21,653.7,647.0,278.5,356.6,0.036
3444,1458,2,607.6,69.8,248.5,475.1,0.991
3445,1458,35,107.2,833.3,260.0,250.4,0.967
3446,1458,2,637.5,711.2,228.7,445.0,0.875
3447,1458,11,87.5,166.0,293.3,502.4,0.839
3448,1458,3,111.9,830.5,253.1,256.2,0.164
3449,1458,40,107.4,831.5,258.4,251.3,0.08
3450,1458,15,107.9,833.8,257.8,250.4,0.065
3451,1458,39,83.8,165.7,296.7,503.6,0.033
3452,1458,7,641.3,712.2,222.2,441.6,0.014
3453,1459,2,623.3,84.9,225.4,452.4,0.995
3454,1459,11,80.2,182.4,307.9,481.5,0.844
3455,1459,22,81.3,182.3,305.0,479.7,0.404
3456,1459,18,645.5,700.1,244.6,451.7,0.318
3457,1459,14,106.3,814.3,280.9,279.1,0.144
3458,1459,48,645.0,699.4,243.4,458.9,0.104
3459,1459,32,646.0,699.1,242.8,452.7,0.088
3460,1459,46,106.9,813.6,279.3,279.4,0.056
3461,1459,30,106.5,813.0,279.1,280.1,0.034
3462,1459,39,84.9,184.5,300.4,475.6,0.024
3463,146,14,154.8,830.6,188.8,190.2,0.976
3464,146,4,170.0,279.8,262.0,215.9,0.956
3465,146,31,154.2,830.1,189.1,190.8,0.384
3466,146,16,637.1,291.1,172.8,199.9,0.192
3467,146,1,630.3,294.6,179.6,194.9,0.104
3468,146,55,637.6,291.3,172.5,200.7,0.098
3469,146,53,636.9,291.5,173.0,200.0,0.078
3470,146,35,155.6,829.5,186.5,191.5,0.05
3471,146,37,554.1,673.7,403.3,529.2,0.047
3472,146,42,555.1,673.8,402.8,528.7,0.046
3473,146,23,155.6,826.7,188.4,192.8,0.033
3474,146,26,628.1,294.4,180.1,194.7,0.028
3475,146,37,633.5,291.7,174.5,198.8,0.026
3476,146,54,634.0,292.0,174.2,197.8,0.021
3477,146,1,146.5,831.0,203.2,182.3,0.017
3478,146,56,633.9,291.5,174.8,199.2,0.017
3479,146,53,565.1,766.4,395.1,427.3,0.014
3480,1460,2,49.0,703.4,252.6,473.2,0.991
3481,1460,11,541.6,562.5,325.0,492.3,0.847
3482,1460,2,71.9,131.5,226.1,424.5,0.558
3483,1460,22,540.7,564.6,324.5,490.0,0.455
3484,1460,46,552.0,192.3,269.2,267.4,0.22
3485,1460,17,550.6,191.6,270.2,268.6,0.147
3486,1460,30,551.9,192.3,269.7,267.3,0.141
3487,1460,24,552.2,192.0,268.4,266.1,0.024
3488,1460,17,72.7,130.7,226.4,426.4,0.013
3489,1461,2,624.2,38.3,245.1,478.7,0.997
3490,1461,11,76.3,141.3,315.7,490.8,0.9
3491,1461,46,104.8,804.4,275.5,268.0,0.237
3492,1461,2,632.9,690.4,240.3,453.3,0.23
3493,1461,39,80.3,139.9,309.1,490.9,0.145
3494,1461,32,633.1,690.6,240.5,451.2,0.144
3495,1461,14,104.6,803.8,277.2,270.1,0.023
3496,1461,17,631.6,691.4,241.8,446.5,0.015
3497,1461,24,105.5,804.1,274.7,268.9,0.014
3498,1461,53,775.0,1216.2,201.0,63.8,0.011
3499,1462,4,132.1,290.4,276.5,172.9,0.913
3500,1462,34,525.1,673.8,423.1,471.4,0.86
3501,1462,26,123.8,865.1,248.7,229.7,0.249
3502,1462,26,682.0,258.7,204.0,195.2,0.028
3503,1462,15,681.8,258.3,204.2,198.3,0.027
3504,1462,31,682.5,258.4,203.4,197.9,0.019
3505,1462,3,685.4,255.6,198.5,199.8,0.019
3506,1462,25,132.3,869.3,220.9,224.6,0.014
3507,1462,26,190.6,871.5,174.3,222.5,0.013
3508,1463,34,49.1,123.5,443.4,451.8,0.924
3509,1463,4,588.7,844.1,284.6,173.0,0.924
3510,1463,26,623.5,172.6,226.5,219.9,0.465
3511,1463,26,96.4,854.8,206.6,207.6,0.074
3512,1463,31,94.2,855.3,211.8,208.9,0.074
3513,1463,15,95.7,855.2,210.0,206.7,0.056
3514,1463,1,623.6,176.1,226.4,218.8,0.054
3515,1463,1,99.4,854.3,204.3,209.1,0.024
3516,1463,37,95.2,854.3,214.6,207.8,0.023
3517,1463,3,97.9,854.7,205.1,210.3,0.019
3518,1464,4,559.6,809.1,288.9,178.6,0.975
3519,1464,34,41.2,105.8,426.9,447.6,0.889
3520,1464,26,67.2,807.0,206.3,211.7,0.416
3521,1464,26,590.9,166.6,225.1,222.4,0.132
3522,1464,3,67.0,809.2,208.9,208.5,0.106
3523,1464,37,594.1,174.9,223.0,212.0,0.044
3524,1464,15,593.5,174.1,221.9,212.6,0.034
3525,1464,15,63.8,814.4,212.2,205.5,0.029
3526,1464,31,60.4,814.2,215.0,206.0,0.026
3527,1464,31,593.1,173.3,223.2,214.5,0.022
3528,1464,25,65.4,809.1,207.7,209.6,0.016
3529,1464,35,591.6,174.0,223.2,214.9,0.01
3530,1466,15,595.2,176.8,237.6,227.7,0.989
3531,1466,4,558.2,809.2,289.1,177.2,0.978
3532,1466,31,107.0,178.7,198.4,193.8,0.927
3533,1466,14,106.9,178.0,198.5,194.4,0.19
3534,1466,26,65.3,804.3,208.0,212.9,0.174
3535,1466,3,64.8,807.4,211.7,210.1,0.054
3536,1466,31,60.5,812.9,215.3,206.0,0.049
3537,1466,15,107.4,178.2,200.2,195.5,0.047
3538,1466,15,64.3,813.9,211.5,204.1,0.029
3539,1466,16,105.9,178.6,199.9,194.4,0.029
3540,1466,25,64.7,807.2,208.4,211.5,0.012
3541,1466,23,105.6,176.9,202.0,195.4,0.011
3542,1466,16,63.3,813.2,212.0,205.8,0.011
3543,1473,23,153.7,218.4,157.3,153.2,0.94
3544,1473,1,611.7,861.0,204.0,157.1,0.916
3545,1473,44,126.7,865.4,180.6,177.6,0.577
3546,1473,42,569.6,92.3,297.3,479.6,0.557
3547,1473,14,152.6,218.1,160.2,153.2,0.252
3548,1473,53,570.1,89.2,298.1,488.4,0.21
3549,1473,39,572.1,89.6,291.8,479.0,0.136
3550,1473,37,615.8,862.1,200.4,155.6,0.094
3551,1473,21,153.2,218.9,158.2,151.9,0.078
3552,1473,53,615.5,861.6,201.7,157.6,0.037
3553,1473,55,614.7,862.4,202.2,156.5,0.018
3554,1473,20,614.4,861.3,202.2,157.2,0.013
3555,1473,4,153.3,218.4,157.4,152.5,0.01
3556,1474,4,606.8,790.4,274.4,209.4,0.981
3557,1474,37,119.5,769.9,317.4,278.2,0.893
3558,1474,45,63.3,101.6,445.8,430.6,0.438
3559,1474,4,619.4,206.0,264.6,173.1,0.239
3560,1474,37,617.4,206.9,266.8,171.6,0.175
3561,1474,53,119.3,770.3,319.2,279.6,0.088
3562,1474,33,615.1,206.8,266.7,172.0,0.075
3563,1474,34,63.8,100.4,444.3,430.6,0.044
3564,1474,23,620.1,205.9,264.5,171.9,0.04
3565,1474,53,619.3,206.3,264.7,172.9,0.022
3566,1474,3,621.2,204.9,263.9,174.4,0.014
3567,1476,4,580.1,755.2,275.1,214.5,0.985
3568,1476,37,87.7,728.3,318.2,279.1,0.818
3569,1476,45,46.1,78.2,439.8,432.8,0.325
3570,1476,4,589.3,201.4,262.0,172.0,0.272
3571,1476,37,590.7,200.6,259.5,172.8,0.083
3572,1476,53,87.9,729.3,319.0,279.1,0.083
3573,1476,34,46.4,78.5,440.0,431.9,0.044
3574,1476,23,591.9,201.3,258.7,172.4,0.032
3575,1476,39,89.5,729.3,317.5,278.5,0.029
3576,1477,3,652.0,288.2,182.3,184.6,0.994
3577,1477,20,358.3,687.5,249.6,365.8,0.879
3578,1477,54,88.2,231.4,239.0,212.9,0.861
3579,1477,55,357.7,683.8,251.3,362.2,0.075
3580,1477,48,360.0,683.3,245.4,368.5,0.021
3581,1477,21,356.5,683.3,252.0,362.0,0.021
3582,1477,26,840.8,1231.9,135.2,48.0,0.012
3583,1477,54,0.0,1207.9,173.6,72.1,0.011
3584,148,3,402.5,850.2,190.2,191.7,0.999
3585,148,21,499.7,237.0,330.9,257.8,0.922
3586,148,26,119.5,295.2,232.9,226.8,0.881
3587,148,51,502.1,234.0,331.4,262.4,0.06
3588,1480,16,173.1,833.2,244.9,239.4,0.878
3589,1480,23,640.2,873.4,218.4,214.9,0.468
3590,1480,15,170.9,836.5,244.2,236.5,0.146
3591,1480,55,173.4,833.3,242.2,241.2,0.138
3592,1480,44,158.8,260.1,219.0,216.0,0.118
3593,1480,20,593.2,240.6,213.6,334.3,0.06
3594,1480,21,640.9,875.3,218.6,212.4,0.06
3595,1480,37,640.2,873.8,219.2,214.8,0.049
3596,1480,15,158.6,262.0,219.9,212.9,0.039
3597,1480,14,640.5,875.0,214.6,213.1,0.033
3598,1480,16,593.5,240.3,215.6,337.2,0.024
3599,1480,8,592.6,235.5,214.8,339.0,0.023
3600,1480,14,159.1,261.0,221.1,214.4,0.019
3601,1480,3,639.6,873.8,220.4,214.8,0.018
3602,1480,31,158.7,261.5,220.1,214.0,0.016
3603,1480,42,593.3,239.0,213.6,336.7,0.016
3604,1480,35,157.7,261.9,220.5,212.8,0.015
3605,1480,53,593.8,239.9,213.0,337.4,0.014
3606,1480,13,592.4,239.5,213.8,337.1,0.01
3607,1483,4,147.8,219.6,250.0,224.1,0.962
3608,1483,53,107.4,777.8,300.3,383.0,0.643
3609,1483,24,643.4,278.5,218.7,171.3,0.55
3610,1483,26,636.6,900.9,213.2,209.0,0.15
3611,1483,53,643.0,277.2,219.1,170.9,0.133
3612,1483,37,643.2,277.3,217.8,172.4,0.056
3613,1483,31,633.7,898.8,218.4,216.7,0.03
3614,1483,4,643.7,276.5,218.8,170.6,0.027
3615,1483,42,104.8,774.0,298.3,392.4,0.025
3616,1483,56,102.9,773.7,300.0,395.5,0.018
3617,1483,15,633.0,899.2,219.5,216.1,0.017
3618,1483,17,103.4,773.9,299.7,394.9,0.016
3619,1483,4,164.3,223.7,207.9,120.6,0.014
3620,1483,1,639.3,900.6,213.0,211.2,0.014
3621,1485,4,600.3,865.0,260.3,235.2,0.967
3622,1485,53,582.4,96.1,288.1,384.0,0.915
3623,1485,24,127.1,865.4,221.8,169.1,0.338
3624,1485,26,150.4,162.7,209.0,214.7,0.193
3625,1485,37,145.4,169.6,215.2,201.3,0.077
3626,1485,42,582.7,98.6,285.5,376.8,0.071
3627,1485,53,125.9,865.8,222.8,169.0,0.063
3628,1485,1,150.0,165.8,212.0,209.7,0.035
3629,1485,31,146.7,168.3,211.8,202.2,0.015
3630,1485,16,145.2,166.3,212.4,203.4,0.014
3631,1485,55,146.1,168.1,213.0,202.2,0.011
3632,1488,3,392.9,206.2,184.6,184.5,0.993
3633,1488,46,627.0,831.8,203.2,206.5,0.697
3634,1488,54,210.8,826.2,201.4,198.5,0.522
3635,1488,28,209.6,826.1,202.4,198.9,0.073
3636,1488,54,626.3,832.8,203.6,203.8,0.018
3637,1489,3,402.2,850.1,189.8,193.4,0.997
3638,1489,25,537.6,286.6,340.4,322.4,0.989
3639,1489,26,180.3,278.3,228.9,224.9,0.762
3640,1489,20,183.2,279.8,227.1,222.4,0.015
3641,149,21,94.3,696.3,342.3,270.8,0.994
3642,149,3,345.3,190.3,184.8,187.6,0.98
3643,149,26,595.7,712.4,225.0,230.7,0.945
3644,149,18,657.8,1156.2,318.2,123.6,0.046
3645,1492,3,378.9,903.3,190.9,193.5,0.997
3646,1492,7,530.1,298.7,344.5,354.5,0.459
3647,1492,56,528.8,299.3,337.2,355.7,0.395
3648,1492,28,186.4,275.1,157.8,231.7,0.315
3649,1492,54,185.4,274.3,158.9,233.2,0.239
3650,1492,19,528.3,295.8,349.0,356.4,0.127
3651,1492,4,527.5,299.3,341.4,347.5,0.017
3652,1492,13,186.1,275.1,158.8,231.6,0.017
3653,1493,3,365.6,136.0,185.9,192.1,0.994
3654,1493,28,598.0,720.4,160.8,239.9,0.483
3655,1493,19,57.4,531.0,343.8,391.3,0.333
3656,1493,54,598.1,721.5,158.9,239.0,0.33
3657,1493,7,55.3,542.8,358.5,396.7,0.22
3658,1493,56,53.0,545.1,348.5,381.3,0.12
3659,1493,14,597.7,719.5,161.7,240.4,0.014
3660,1493,18,48.4,546.3,353.3,380.6,0.012
3661,1497,4,564.7,835.7,262.5,241.1,0.975
3662,1497,44,611.4,199.2,221.8,212.7,0.974
3663,1497,24,85.8,825.7,227.4,176.0,0.521
3664,1497,32,62.8,64.2,297.4,496.6,0.136
3665,1497,45,61.8,65.8,299.0,495.6,0.084
3666,1497,53,85.5,825.7,226.0,176.0,0.051
3667,1497,17,61.7,66.4,298.1,492.2,0.019
3668,15,3,362.3,247.3,182.5,183.8,0.985
3669,15,51,47.9,782.2,449.1,279.2,0.863
3670,15,14,643.1,798.4,192.0,188.9,0.73
3671,15,30,642.5,797.2,193.5,190.1,0.218
3672,150,21,138.3,801.6,338.3,265.8,0.989
3673,150,3,389.2,252.3,183.1,182.1,0.989
3674,150,26,629.0,802.6,232.8,225.9,0.975
3675,150,21,141.8,798.1,237.9,268.8,0.02
3676,150,20,635.7,800.7,224.2,224.3,0.014
3677,150,55,635.5,800.3,224.1,224.7,0.011
3678,1500,3,349.0,238.3,186.8,181.3,0.987
3679,1500,56,573.4,856.7,346.9,182.0,0.974
3680,1500,55,195.3,736.1,191.5,292.8,0.838
3681,1500,53,571.0,856.6,353.8,182.6,0.036
3682,151,1,641.7,841.7,190.4,190.1,0.947
3683,151,31,97.9,819.8,243.0,236.3,0.699
3684,151,16,98.4,820.5,240.6,234.8,0.61
3685,151,49,513.8,242.4,403.3,221.5,0.28
3686,151,43,510.7,242.8,404.5,220.6,0.159
3687,151,31,185.5,265.9,205.2,199.7,0.149
3688,151,15,97.5,818.7,243.8,237.4,0.118
3689,151,55,97.9,820.4,239.5,230.6,0.078
3690,151,53,644.1,844.9,189.2,190.2,0.053
3691,151,55,644.2,844.5,189.2,188.9,0.044
3692,151,16,643.9,844.6,189.5,190.3,0.04
3693,151,15,183.9,265.3,207.3,199.7,0.039
3694,151,37,511.4,244.4,405.7,215.0,0.033
3695,151,13,508.6,244.3,406.5,216.5,0.032
3696,151,16,511.6,242.6,407.6,220.8,0.021
3697,151,37,643.0,846.7,190.8,188.5,0.02
3698,151,3,512.3,241.8,409.5,221.4,0.017
3699,151,26,641.1,841.5,190.4,190.6,0.014
3700,151,23,643.4,846.9,190.1,188.6,0.013
3701,151,1,182.5,269.2,204.4,193.8,0.011
3702,152,1,151.0,239.7,172.7,183.2,0.992
3703,152,31,620.2,205.9,231.4,224.9,0.455
3704,152,49,35.5,801.2,421.5,225.2,0.319
3705,152,31,581.2,809.8,216.6,207.0,0.176
3706,152,37,34.9,801.6,420.0,223.4,0.164
3707,152,53,147.0,241.2,178.8,180.0,0.114
3708,152,56,147.0,239.9,178.7,179.4,0.08
3709,152,43,34.8,800.7,420.6,224.7,0.077
3710,152,37,581.8,811.1,215.6,207.3,0.046
3711,152,37,147.5,240.4,179.2,179.5,0.045
3712,152,1,580.0,813.3,221.2,199.0,0.037
3713,152,15,621.0,202.5,225.6,227.0,0.034
3714,152,55,32.4,801.6,421.1,225.4,0.032
3715,152,55,621.2,205.4,228.3,224.4,0.029
3716,152,16,146.2,240.8,179.8,180.3,0.026
3717,152,16,35.5,802.4,410.8,223.7,0.026
3718,152,16,619.6,205.4,230.5,225.9,0.015
3719,152,36,37.9,800.8,415.4,227.3,0.014
3720,152,15,582.3,809.7,217.0,207.5,0.013
3721,152,20,33.0,800.2,420.3,227.7,0.013
3722,152,35,578.9,809.3,217.9,207.8,0.012
3723,152,4,581.5,813.1,218.4,210.0,0.011
3724,152,23,32.2,801.0,424.4,224.4,0.011
3725,152,54,35.9,800.8,420.8,225.0,0.01
3726,153,1,166.3,248.9,182.5,181.4,0.989
3727,153,49,71.6,844.1,415.3,214.9,0.44
3728,153,31,648.7,212.8,238.8,227.7,0.362
3729,153,33,69.7,845.0,416.9,214.2,0.266
3730,153,23,648.9,212.8,237.7,227.8,0.247
3731,153,16,648.9,212.6,237.9,228.0,0.21
3732,153,31,606.9,844.1,211.4,203.8,0.193
3733,153,43,69.3,841.3,417.3,218.8,0.06
3734,153,37,167.2,247.2,181.1,185.4,0.045
3735,153,53,167.0,249.0,181.9,182.9,0.027
3736,153,1,608.6,845.3,210.2,195.8,0.017
3737,153,15,609.5,843.4,211.6,202.7,0.014
3738,153,26,611.6,856.1,201.2,189.7,0.014
3739,153,55,167.5,249.8,180.7,181.5,0.013
3740,153,55,649.6,211.6,236.8,225.9,0.013
3741,153,37,69.6,841.0,415.2,219.6,0.013
3742,154,2,615.2,51.2,253.6,475.0,0.993
3743,154,11,94.2,133.1,322.5,497.4,0.898
3744,154,18,589.4,689.6,244.7,488.0,0.272
3745,154,46,108.3,807.6,274.1,270.7,0.225
3746,154,14,107.6,805.9,277.4,273.5,0.159
3747,154,2,591.1,688.2,242.7,491.3,0.063
3748,154,7,589.8,686.8,241.3,477.1,0.039
3749,154,12,589.0,689.7,246.0,485.5,0.034
3750,154,17,94.0,126.4,321.4,502.4,0.024
3751,154,32,589.9,689.0,244.3,486.2,0.022
3752,155,2,69.6,689.3,260.2,479.2,0.961
3753,155,11,538.2,577.5,318.0,492.2,0.867
3754,155,46,550.0,188.4,267.2,265.0,0.683
3755,155,2,115.8,89.9,233.0,466.9,0.585
3756,155,17,537.9,573.2,317.0,498.2,0.084
3757,155,18,116.4,89.0,230.5,465.0,0.024
3758,155,32,0.0,1206.3,291.1,73.7,0.023
3759,155,14,550.2,191.4,267.5,262.5,0.011
3760,156,2,605.6,97.5,254.8,450.0,0.971
3761,156,11,101.7,177.7,314.4,482.6,0.856
3762,156,14,108.9,818.3,280.5,280.7,0.37
3763,156,18,597.7,697.4,252.0,486.0,0.194
3764,156,17,97.5,177.1,318.6,480.9,0.081
3765,156,46,110.4,818.5,278.8,280.8,0.06
3766,156,48,598.8,690.6,250.7,493.5,0.049
3767,156,7,595.3,687.3,251.0,484.1,0.044
3768,156,30,112.0,818.0,276.2,280.6,0.012
3769,157,34,100.3,86.9,407.4,456.4,0.942
3770,157,4,536.2,778.8,269.8,225.1,0.942
3771,157,15,575.1,186.9,240.0,229.6,0.844
3772,157,56,146.3,777.1,179.5,208.0,0.061
3773,157,46,146.4,777.2,178.4,207.4,0.034
3774,157,28,146.1,776.7,179.3,208.0,0.021
3775,157,53,145.9,775.9,179.9,208.1,0.015
3776,157,16,572.8,187.6,240.1,230.6,0.014
3777,159,34,113.9,95.1,430.6,470.5,0.95
3778,159,4,563.5,816.2,268.7,218.1,0.939
3779,159,15,600.9,194.0,247.6,232.5,0.545
3780,159,23,176.5,814.2,178.2,204.8,0.38
3781,159,13,177.1,814.7,178.0,207.9,0.072
3782,159,53,178.3,815.1,178.6,204.4,0.016
3783,159,37,176.9,815.3,178.4,203.4,0.016
3784,160,54,144.0,915.2,214.2,210.6,0.294
3785,160,42,576.2,265.2,287.0,467.0,0.247
3786,160,56,144.2,914.3,214.1,212.2,0.196
3787,160,3,213.5,320.6,131.2,133.6,0.165
3788,160,39,577.4,259.2,288.1,473.1,0.163
3789,160,53,582.3,270.6,285.0,466.1,0.161
3790,160,23,624.3,885.3,218.7,215.1,0.08
3791,160,31,213.7,320.6,131.4,133.1,0.066
3792,160,54,624.4,885.2,218.0,212.7,0.059
3793,160,50,212.1,320.1,134.1,134.0,0.058
3794,160,23,211.3,320.4,135.0,134.4,0.046
3795,160,53,623.8,886.4,217.6,212.3,0.019
3796,160,3,622.9,884.4,218.4,214.0,0.016
3797,160,53,142.8,912.0,216.1,213.8,0.012
3798,162,53,129.6,542.5,291.5,473.7,0.604
3799,162,42,130.2,541.7,288.9,473.6,0.324
3800,162,5,158.1,174.4,206.0,204.2,0.203
3801,162,54,628.0,143.8,209.9,203.0,0.199
3802,162,23,654.0,856.0,137.9,129.4,0.133
3803,162,23,158.9,175.5,206.2,205.2,0.113
3804,162,3,649.9,856.2,141.0,129.2,0.098
3805,162,53,627.0,142.2,210.2,203.9,0.067
3806,162,56,627.9,143.4,209.6,203.4,0.064
3807,162,3,158.3,175.8,208.2,204.7,0.059
3808,162,54,159.0,175.2,206.4,203.2,0.057
3809,162,50,649.6,856.1,140.8,128.2,0.035
3810,162,8,627.4,144.2,209.9,202.5,0.028
3811,162,39,131.2,538.8,286.7,473.0,0.026
3812,162,17,131.5,539.3,287.0,473.4,0.026
3813,162,13,160.2,175.7,208.3,204.9,0.025
3814,162,31,653.4,856.2,135.7,130.3,0.019
3815,162,1,654.8,856.1,135.4,131.9,0.016
3816,162,53,155.2,175.8,211.7,203.8,0.016
3817,162,14,653.3,857.3,137.6,129.7,0.01
3818,163,4,564.3,811.6,268.4,220.7,0.943
3819,163,14,644.7,251.5,188.7,179.2,0.767
3820,163,23,176.9,814.5,180.5,202.6,0.473
3821,163,31,644.6,252.1,190.0,179.3,0.186
3822,163,23,644.6,249.6,189.1,182.5,0.169
3823,163,26,125.5,169.3,212.0,217.7,0.142
3824,163,35,646.4,252.1,185.9,178.4,0.048
3825,163,13,177.4,814.8,179.9,206.9,0.04
3826,163,15,126.4,174.1,211.1,202.5,0.035
3827,163,53,178.8,814.6,180.0,203.3,0.023
3828,163,4,644.3,251.9,189.1,179.8,0.019
3829,163,25,125.0,180.5,208.8,195.8,0.018
3830,163,56,176.9,815.5,180.5,201.2,0.013
3831,163,3,176.5,815.4,181.6,204.0,0.011
3832,163,1,125.0,171.3,212.9,217.9,0.011
3833,164,14,154.0,830.6,189.0,189.5,0.978
3834,164,4,170.4,280.0,261.5,215.9,0.962
3835,164,31,153.6,830.0,189.3,190.3,0.325
3836,164,16,637.4,291.1,172.5,199.6,0.139
3837,164,55,637.7,291.3,172.2,200.4,0.125
3838,164,26,655.7,891.4,219.1,211.1,0.092
3839,164,35,153.3,829.6,188.3,190.7,0.072
3840,164,1,628.9,294.5,182.0,193.5,0.03
3841,164,25,657.4,895.4,207.2,202.4,0.028
3842,164,37,633.7,291.9,175.0,198.6,0.02
3843,164,15,658.3,893.6,215.6,211.2,0.02
3844,164,23,154.1,827.0,189.1,192.6,0.018
3845,164,23,633.9,291.6,175.3,199.2,0.017
3846,164,54,634.2,292.1,174.2,197.7,0.013
3847,164,31,657.9,892.6,216.3,212.8,0.011
3848,164,1,659.5,891.5,221.8,213.6,0.01
3849,164,4,637.2,292.4,176.3,198.9,0.01
3850,165,4,537.2,777.3,268.3,225.3,0.96
3851,165,14,616.2,238.8,183.0,181.6,0.956
3852,165,15,108.4,168.3,208.5,199.5,0.576
3853,165,26,102.8,164.7,212.3,206.6,0.16
3854,165,4,615.5,238.6,184.3,183.3,0.087
3855,165,56,146.5,775.6,180.5,209.8,0.066
3856,165,46,147.0,775.1,179.5,209.7,0.039
3857,165,21,616.3,238.2,181.0,183.5,0.032
3858,165,35,616.2,238.1,181.5,183.2,0.016
3859,165,40,616.0,237.7,182.8,182.3,0.015
3860,165,31,107.6,169.0,207.4,199.0,0.014
3861,165,30,616.0,236.8,180.6,184.9,0.012
3862,17,3,297.1,165.1,184.3,189.6,0.975
3863,17,56,552.9,641.8,284.7,304.3,0.907
3864,17,53,117.9,594.2,303.7,378.4,0.752
3865,17,53,119.6,712.9,286.1,259.3,0.026
3866,17,53,549.5,639.5,286.8,304.4,0.017
3867,170,2,619.4,85.7,233.2,451.1,0.994
3868,170,11,126.7,175.5,293.8,501.7,0.479
3869,170,14,106.8,814.5,280.1,279.5,0.291
3870,170,18,646.3,699.1,243.6,452.7,0.156
3871,170,22,125.8,174.9,296.0,501.6,0.122
3872,170,39,125.7,175.7,294.8,501.2,0.08
3873,170,32,647.0,698.5,241.4,453.4,0.047
3874,170,2,644.6,700.6,245.6,451.9,0.022
3875,170,37,125.3,175.6,294.2,500.7,0.02
3876,170,30,107.3,812.0,277.8,281.4,0.011
3877,170,53,646.5,686.1,242.7,463.9,0.011
3878,170,7,646.8,700.8,242.2,455.2,0.01
3879,172,44,632.0,180.3,226.4,216.6,0.975
3880,172,4,586.4,844.5,286.9,172.9,0.915
3881,172,34,109.9,63.5,349.5,501.9,0.86
3882,172,22,111.2,60.3,347.4,501.1,0.212
3883,172,31,94.0,854.6,210.8,206.7,0.1
3884,172,26,94.5,854.5,208.6,205.1,0.074
3885,172,39,110.1,64.3,346.2,500.4,0.051
3886,172,1,96.8,854.2,209.0,204.3,0.034
3887,172,15,95.3,854.2,209.6,205.1,0.028
3888,172,3,98.0,857.0,207.1,203.5,0.026
3889,172,37,94.7,854.0,214.2,206.8,0.018
3890,172,16,95.1,854.2,210.4,205.4,0.01
3891,173,44,604.2,173.1,221.2,217.8,0.99
3892,173,4,557.0,808.7,288.5,178.3,0.976
3893,173,34,98.1,54.1,327.4,488.0,0.899
3894,173,26,61.7,803.6,211.2,214.1,0.182
3895,173,22,94.8,54.6,331.2,486.6,0.17
3896,173,31,60.5,811.5,215.1,206.1,0.047
3897,173,3,59.2,806.4,217.9,210.7,0.027
3898,173,15,63.0,812.7,213.0,204.5,0.025
3899,173,37,61.9,814.8,216.6,203.0,0.012
3900,173,16,62.3,811.8,213.1,206.4,0.011
3901,174,44,122.8,863.4,233.2,226.1,0.944
3902,174,4,134.2,290.5,276.8,171.1,0.928
3903,174,34,553.5,680.6,335.2,517.2,0.808
3904,174,26,684.8,256.5,205.5,198.4,0.16
3905,174,22,552.9,681.8,336.9,516.6,0.086
3906,174,39,554.4,680.3,333.6,517.7,0.045
3907,174,15,686.3,259.0,202.8,197.7,0.026
3908,174,56,554.8,680.8,331.4,517.3,0.025
3909,174,1,686.4,255.9,200.9,200.8,0.022
3910,174,16,124.5,863.4,230.8,227.7,0.014
3911,174,31,684.8,259.1,203.4,197.3,0.013
3912,174,16,685.6,257.9,204.9,199.0,0.011
3913,175,44,638.0,206.2,228.4,210.9,0.969
3914,175,4,592.3,869.4,259.7,235.9,0.959
3915,175,45,115.9,94.6,280.3,479.5,0.409
3916,175,24,120.5,864.2,224.3,170.0,0.359
3917,175,16,115.9,98.2,283.1,477.4,0.08
3918,175,17,111.8,92.5,287.1,480.4,0.051
3919,175,53,117.6,94.5,282.0,484.9,0.04
3920,175,53,121.7,864.5,221.1,169.8,0.033
3921,175,18,111.7,96.7,286.8,475.6,0.026
3922,176,4,153.2,215.5,251.9,225.1,0.978
3923,176,24,647.2,278.6,223.1,169.5,0.675
3924,176,44,113.8,838.7,235.5,227.1,0.634
3925,176,45,601.7,674.2,281.0,488.7,0.275
3926,176,16,116.2,840.3,234.3,226.5,0.1
3927,176,53,646.6,276.8,222.8,170.7,0.055
3928,176,37,647.0,277.1,222.7,171.2,0.042
3929,176,17,601.6,672.2,281.4,488.1,0.04
3930,176,55,603.4,677.7,284.4,480.1,0.034
3931,176,53,604.7,669.5,276.9,485.0,0.015
3932,176,4,168.2,220.4,197.5,132.7,0.011
3933,176,4,646.8,276.2,221.4,170.3,0.01
3934,179,4,171.7,277.7,260.3,214.5,0.954
3935,179,31,644.6,834.3,213.9,207.6,0.458
3936,179,16,645.7,834.1,213.1,207.6,0.454
3937,179,15,645.0,834.7,216.5,207.3,0.142
3938,179,26,150.6,852.7,233.2,225.9,0.126
3939,179,16,639.4,290.7,171.6,199.4,0.096
3940,179,15,150.7,851.1,233.4,226.2,0.082
3941,179,55,639.0,290.8,171.9,200.3,0.056
3942,179,26,639.4,826.7,222.4,214.4,0.036
3943,179,14,638.7,290.7,171.8,199.4,0.035
3944,179,1,632.4,294.4,179.3,193.0,0.023
3945,179,37,636.3,291.0,173.4,199.2,0.022
3946,179,13,636.3,292.1,173.0,197.8,0.018
3947,179,56,636.3,290.9,173.6,199.4,0.016
3948,179,23,636.2,291.3,172.8,198.1,0.013
3949,180,31,123.6,227.3,203.1,195.0,0.964
3950,180,4,536.9,780.4,268.7,225.7,0.958
3951,180,26,573.4,184.4,223.8,220.2,0.755
3952,180,55,122.9,227.3,195.1,195.3,0.08
3953,180,15,122.8,228.3,196.5,194.3,0.079
3954,180,56,146.5,777.4,178.8,207.7,0.056
3955,180,46,146.7,777.6,177.8,207.0,0.03
3956,180,28,146.5,777.3,178.8,207.5,0.024
3957,180,31,575.5,190.2,220.6,214.7,0.024
3958,180,16,123.5,228.6,193.5,195.3,0.017
3959,180,15,575.6,190.7,220.4,213.5,0.015
3960,180,37,574.1,190.8,222.3,213.6,0.011
3961,183,37,24.7,697.1,400.2,417.4,0.525
3962,183,23,640.6,873.8,217.3,216.0,0.283
3963,183,44,158.7,260.4,219.9,215.6,0.14
3964,183,53,640.2,875.5,219.5,213.2,0.076
3965,183,37,640.7,874.2,218.1,215.6,0.055
3966,183,4,641.5,875.7,218.3,212.9,0.044
3967,183,15,158.5,262.4,221.0,212.5,0.041
3968,183,20,591.8,241.3,215.1,333.3,0.031
3969,183,39,23.7,699.1,399.6,414.7,0.026
3970,183,24,641.9,875.4,215.2,214.3,0.023
3971,183,42,591.9,239.9,215.4,335.6,0.019
3972,183,35,157.5,262.3,221.8,212.4,0.018
3973,183,8,590.9,236.6,216.9,338.3,0.017
3974,183,39,589.6,236.5,216.8,339.4,0.017
3975,183,3,640.1,874.1,219.1,215.8,0.014
3976,183,53,593.7,240.2,213.2,334.0,0.014
3977,183,31,158.6,261.8,221.3,214.1,0.013
3978,183,16,157.2,261.6,222.2,213.6,0.013
3979,183,25,592.6,235.3,215.0,340.9,0.011
3980,183,14,158.8,261.2,223.5,214.6,0.011
3981,185,16,131.9,737.5,240.8,237.6,0.888
3982,185,54,601.5,144.2,201.5,199.7,0.483
3983,185,55,134.1,737.8,237.9,235.6,0.268
3984,185,31,626.5,825.4,139.7,134.4,0.25
3985,185,56,600.4,143.4,202.7,201.3,0.219
3986,185,3,625.5,824.6,139.7,136.4,0.174
3987,185,53,140.3,170.2,205.6,203.1,0.108
3988,185,54,140.2,170.9,204.6,201.9,0.099
3989,185,23,142.5,171.3,202.0,202.3,0.092
3990,185,56,140.6,172.3,205.3,201.0,0.05
3991,185,53,599.9,142.0,203.0,200.9,0.04
3992,185,16,626.7,824.2,140.4,134.5,0.036
3993,185,50,626.9,824.8,139.6,135.7,0.029
3994,185,15,133.0,738.4,228.1,235.0,0.022
3995,185,23,628.9,825.0,138.1,133.6,0.016
3996,185,31,134.3,737.0,236.8,237.7,0.01
3997,186,16,166.5,783.5,233.6,226.7,0.937
3998,186,31,166.5,783.2,235.1,227.4,0.543
3999,186,14,166.5,781.2,228.2,229.3,0.341
4000,186,15,166.5,782.8,228.1,228.4,0.277
4001,186,54,627.9,143.2,210.1,203.3,0.234
4002,186,23,656.7,856.6,137.3,130.4,0.219
4003,186,4,166.3,782.2,236.4,228.8,0.191
4004,186,5,158.1,174.7,206.8,205.8,0.161
4005,186,31,654.6,857.4,137.1,129.5,0.146
4006,186,50,653.9,856.6,138.9,128.9,0.086
4007,186,56,628.0,142.8,209.7,203.7,0.081
4008,186,56,157.5,174.9,209.7,206.6,0.078
4009,186,53,627.0,141.5,210.6,204.6,0.073
4010,186,54,158.9,175.1,207.2,205.5,0.068
4011,186,23,160.1,175.1,209.0,205.7,0.058
4012,186,3,158.7,176.3,208.6,206.2,0.057
4013,186,16,655.3,856.1,137.5,131.2,0.052
4014,186,55,167.3,783.1,230.3,228.2,0.048
4015,186,3,654.9,856.8,136.7,130.5,0.027
4016,186,46,655.8,856.7,137.1,130.9,0.019
4017,186,13,160.2,176.0,208.7,206.3,0.015
4018,186,26,173.0,777.8,234.9,234.3,0.013
4019,186,53,156.5,174.4,212.3,206.8,0.011
4020,189,32,617.0,785.5,257.5,413.1,0.995
4021,189,2,643.6,130.9,198.4,457.2,0.991
4022,189,11,96.6,150.9,282.8,504.2,0.713
4023,189,14,135.8,862.0,283.0,278.8,0.206
4024,189,39,617.3,783.3,259.4,416.8,0.102
4025,189,39,98.0,150.1,280.3,500.9,0.052
4026,189,46,138.3,859.6,278.5,279.5,0.024
4027,189,30,138.5,859.9,278.0,280.8,0.01
4028,19,4,608.6,787.7,272.9,210.0,0.979
4029,19,37,120.2,771.0,317.1,277.7,0.929
4030,19,26,100.3,162.8,209.7,217.0,0.385
4031,19,53,120.2,770.9,320.3,279.7,0.084
4032,19,4,618.5,203.4,267.7,173.8,0.08
4033,19,37,617.5,204.8,267.7,172.6,0.069
4034,19,53,617.0,203.5,268.9,174.4,0.068
4035,19,15,99.7,171.0,212.6,201.2,0.049
4036,19,27,617.7,202.6,267.4,175.4,0.033
4037,19,23,619.9,203.3,266.3,172.8,0.028
4038,19,25,103.0,169.6,196.3,206.1,0.027
4039,19,36,615.9,203.3,269.8,174.4,0.022
4040,19,31,99.5,169.6,213.6,202.6,0.019
4041,19,3,620.5,203.1,267.2,174.8,0.013
4042,19,39,122.6,772.8,313.9,276.1,0.011
4043,19,56,618.3,204.6,265.6,172.5,0.01
4044,191,54,638.5,154.3,204.6,196.3,0.558
4045,191,17,579.2,572.3,289.5,484.3,0.225
4046,191,5,120.9,177.0,208.9,205.4,0.171
4047,191,54,120.9,176.6,206.8,205.0,0.07
4048,191,56,638.7,154.3,205.5,195.9,0.067
4049,191,39,580.7,574.2,287.3,478.9,0.061
4050,191,23,93.2,787.9,227.5,219.0,0.053
4051,191,53,580.4,576.7,290.6,485.2,0.05
4052,191,42,578.5,573.6,291.0,484.1,0.038
4053,191,5,93.6,787.6,227.3,218.1,0.034
4054,191,53,638.6,151.4,203.3,198.4,0.03
4055,191,37,119.7,178.3,211.0,204.1,0.03
4056,191,14,92.9,787.1,227.9,222.0,0.028
4057,191,44,93.5,787.3,227.8,219.2,0.021
4058,191,13,120.4,178.7,209.6,204.0,0.016
4059,191,56,118.9,177.6,217.4,205.0,0.015
4060,191,35,90.6,787.6,231.9,221.2,0.015
4061,191,23,121.7,176.9,209.2,204.4,0.014
4062,191,37,93.4,786.7,227.7,221.3,0.013
4063,191,21,638.9,151.1,202.1,197.6,0.011
4064,196,2,92.7,660.0,207.2,490.8,0.996
4065,196,11,540.5,514.9,275.9,519.9,0.962
4066,196,32,86.1,124.7,252.2,386.7,0.941
4067,196,46,492.5,129.6,309.3,297.6,0.363
4068,196,32,493.7,131.4,308.1,298.1,0.223
4069,196,2,86.3,124.4,252.8,385.8,0.126
4070,196,17,538.1,510.0,280.9,519.6,0.119
4071,196,17,89.7,662.3,212.2,485.8,0.096
4072,196,39,535.6,514.4,282.7,515.6,0.025
4073,196,17,84.2,119.2,254.3,391.6,0.024
4074,196,14,489.7,129.9,315.6,301.1,0.013
4075,197,2,632.3,68.8,202.8,481.3,0.988
4076,197,32,597.4,735.9,267.2,406.4,0.98
4077,197,11,131.2,170.6,277.0,520.1,0.858
4078,197,32,121.0,832.0,322.0,317.7,0.482
4079,197,22,130.4,167.9,276.3,521.5,0.175
4080,197,46,122.0,830.1,320.9,319.7,0.11
4081,197,25,128.7,172.1,279.1,518.4,0.032
4082,197,39,132.4,176.7,273.5,513.7,0.024
4083,197,14,119.2,832.2,324.6,316.6,0.02
4084,197,51,119.4,832.2,324.6,316.7,0.017
4085,197,26,858.7,1239.2,117.3,40.6,0.016
4086,197,2,598.0,738.0,265.9,404.5,0.015
4087,198,2,623.4,109.6,199.9,456.8,0.99
4088,198,11,134.0,211.9,271.3,506.3,0.787
4089,198,32,608.4,738.3,271.9,412.7,0.784
4090,198,46,121.9,840.8,325.8,327.4,0.224
4091,198,39,133.5,210.7,269.3,502.9,0.111
4092,198,32,119.9,839.6,327.5,329.0,0.096
4093,198,14,120.3,841.5,329.7,326.7,0.086
4094,198,30,117.9,838.0,329.8,329.6,0.014
4095,198,51,602.0,745.4,278.2,405.3,0.011
4096,199,4,560.9,814.8,268.0,218.8,0.962
4097,199,44,629.0,162.1,226.4,217.5,0.961
4098,199,45,33.4,116.3,422.3,405.4,0.809
4099,199,23,175.3,809.8,178.4,206.0,0.421
4100,199,13,176.4,811.2,177.8,208.9,0.078
4101,199,27,26.7,117.9,414.9,402.7,0.029
4102,199,53,177.7,810.9,178.2,206.0,0.02
4103,199,56,176.0,810.3,177.8,211.0,0.015
4104,199,56,34.6,115.3,417.1,406.9,0.01
4105,200,4,174.6,278.6,259.8,216.7,0.959
4106,200,44,124.6,878.3,234.7,230.7,0.676
4107,200,45,554.7,735.1,419.3,412.5,0.471
4108,200,31,639.3,293.6,173.6,200.6,0.142
4109,200,16,126.2,880.6,230.6,228.2,0.094
4110,200,55,638.8,293.4,173.5,201.4,0.079
4111,200,16,638.6,292.9,173.7,201.9,0.059
4112,200,4,638.9,294.9,174.6,203.6,0.037
4113,200,23,636.0,294.7,176.7,198.1,0.026
4114,200,15,127.8,879.2,229.8,229.8,0.02
4115,200,37,636.3,294.5,176.1,198.1,0.02
4116,200,1,636.0,295.7,178.7,194.5,0.016
4117,200,54,636.3,294.2,174.6,197.5,0.014
4118,200,13,636.1,294.6,175.7,198.0,0.011
4119,202,4,145.7,290.5,211.2,257.0,0.983
4120,202,15,110.8,837.7,247.8,238.2,0.974
4121,202,27,543.0,291.3,328.0,238.7,0.695
4122,202,31,689.3,866.9,212.8,207.1,0.603
4123,202,16,687.6,867.5,214.7,207.5,0.068
4124,202,51,538.3,291.3,334.1,238.4,0.019
4125,202,36,542.9,287.8,329.2,242.1,0.013
4126,202,37,687.3,866.4,215.5,208.7,0.011
4127,203,15,602.8,186.1,237.1,229.7,0.96
4128,203,31,82.0,195.8,202.3,196.3,0.886
4129,203,4,621.5,715.9,213.7,271.1,0.854
4130,203,27,80.6,727.8,337.4,239.3,0.699
4131,203,15,80.7,196.5,202.4,195.2,0.063
4132,203,16,81.0,195.7,203.2,196.0,0.062
4133,203,36,83.3,729.7,334.2,236.3,0.033
4134,203,37,81.0,195.2,205.1,195.8,0.027
4135,203,16,600.0,186.8,237.5,231.4,0.021
4136,203,55,81.0,727.9,336.3,238.6,0.012
4137,203,55,81.7,196.5,201.2,196.0,0.01
4138,204,15,631.1,194.2,243.9,229.5,0.865
4139,204,4,648.1,747.2,213.3,269.6,0.862
4140,204,31,99.0,203.6,205.4,197.8,0.827
4141,204,27,113.9,771.6,334.3,233.1,0.779
4142,204,15,98.1,202.6,205.8,198.8,0.342
4143,204,36,110.3,774.3,337.7,229.9,0.078
4144,204,20,112.5,773.8,334.2,229.1,0.02
4145,204,19,647.8,749.7,214.8,267.5,0.016
4146,204,7,116.9,771.3,318.5,234.4,0.015
4147,204,16,96.7,204.2,206.9,199.2,0.014
4148,204,16,113.2,770.4,336.4,237.4,0.011
4149,205,50,621.4,852.0,140.6,134.6,0.298
4150,205,16,592.1,122.0,231.2,224.2,0.264
4151,205,23,108.5,161.5,209.9,201.3,0.164
4152,205,53,110.9,161.7,208.9,201.0,0.145
4153,205,31,592.0,122.7,232.0,223.2,0.142
4154,205,54,109.8,162.0,210.2,199.5,0.08
4155,205,56,109.0,161.9,209.8,200.1,0.067
4156,205,15,592.2,122.2,231.5,223.5,0.057
4157,205,54,164.7,674.3,218.3,365.9,0.041
4158,205,31,161.3,675.6,223.6,363.9,0.038
4159,205,20,162.5,679.6,223.4,360.3,0.037
4160,205,53,162.2,674.0,222.8,362.1,0.031
4161,205,16,161.6,675.3,226.4,363.8,0.03
4162,205,3,622.3,853.8,139.3,133.2,0.023
4163,205,4,159.6,680.4,227.8,357.5,0.02
4164,205,31,622.5,851.3,140.6,136.9,0.02
4165,205,15,622.5,848.3,140.8,139.6,0.017
4166,205,15,163.8,671.3,221.2,367.1,0.013
4167,205,46,623.5,851.9,138.2,134.8,0.013
4168,205,16,622.7,850.3,140.4,137.1,0.013
4169,205,23,623.5,850.7,139.2,134.4,0.012
4170,210,3,416.5,243.5,186.6,183.5,0.992
4171,210,44,161.1,746.3,229.6,229.0,0.986
4172,210,46,596.3,874.5,205.0,206.0,0.8
4173,210,14,595.7,878.4,206.4,201.6,0.048
4174,210,3,596.6,876.0,205.5,205.4,0.019
4175,212,1,624.0,889.3,203.6,140.8,0.982
4176,212,37,476.5,142.3,440.3,354.4,0.699
4177,212,37,138.2,870.0,183.6,175.9,0.131
4178,212,37,60.8,126.9,303.2,288.9,0.095
4179,212,23,623.6,891.9,206.1,135.7,0.089
4180,212,1,139.4,871.4,174.9,175.0,0.065
4181,212,44,137.2,870.3,183.9,175.9,0.058
4182,212,16,59.5,127.7,304.1,288.2,0.053
4183,212,53,623.3,891.5,207.1,135.5,0.049
4184,212,37,623.2,890.9,205.4,137.0,0.043
4185,212,4,59.7,127.2,300.5,287.0,0.034
4186,212,26,626.2,888.4,204.8,140.2,0.025
4187,212,15,60.0,125.2,304.2,291.0,0.024
4188,212,53,137.6,869.1,183.1,177.9,0.02
4189,212,55,623.8,890.7,206.9,136.2,0.017
4190,212,24,478.8,139.0,437.7,358.7,0.015
4191,212,53,463.6,140.4,469.7,357.7,0.013
4192,213,1,596.9,855.9,208.0,143.8,0.961
4193,213,37,453.6,122.4,426.8,355.3,0.711
4194,213,5,103.9,832.8,182.5,180.0,0.21
4195,213,44,103.9,833.3,183.8,179.4,0.118
4196,213,37,595.1,858.3,209.6,143.2,0.081
4197,213,44,44.1,117.8,298.2,284.1,0.063
4198,213,53,102.8,834.1,184.4,180.8,0.046
4199,213,14,102.6,834.4,184.8,179.1,0.035
4200,213,23,595.1,857.6,208.5,143.6,0.032
4201,213,53,595.2,856.9,209.7,144.0,0.03
4202,213,15,44.3,118.2,298.7,284.2,0.029
4203,213,53,449.5,124.1,442.9,352.9,0.024
4204,213,26,596.5,850.3,208.6,151.7,0.017
4205,213,27,596.4,855.5,208.3,146.1,0.012
4206,214,1,142.0,239.7,196.3,131.1,0.996
4207,214,39,84.9,610.5,276.0,487.4,0.561
4208,214,42,562.7,53.5,288.0,469.0,0.432
4209,214,32,85.1,612.2,276.4,484.8,0.396
4210,214,39,567.4,48.7,282.2,474.3,0.335
4211,214,1,589.5,801.6,209.7,207.4,0.134
4212,214,31,582.2,800.8,219.1,207.3,0.121
4213,214,42,84.8,612.6,275.8,486.0,0.114
4214,214,53,139.6,241.2,201.6,127.1,0.084
4215,214,17,567.0,51.4,282.1,469.5,0.075
4216,214,37,585.5,799.4,216.5,209.3,0.056
4217,214,56,140.3,240.1,200.6,129.5,0.042
4218,214,26,589.2,805.4,207.5,200.7,0.029
4219,214,25,567.8,48.7,281.7,474.3,0.026
4220,214,53,564.4,52.3,288.9,466.8,0.025
4221,214,3,582.1,799.9,218.2,207.7,0.021
4222,214,29,139.6,238.7,201.4,131.0,0.013
4223,214,1,142.1,250.0,91.5,114.6,0.013
4224,214,45,83.5,616.4,278.0,482.8,0.012
4225,214,53,84.7,617.6,280.2,476.5,0.011
4226,215,1,150.2,249.5,210.5,126.1,0.977
4227,215,39,595.3,63.1,287.7,477.2,0.24
4228,215,42,594.3,63.0,289.4,480.8,0.16
4229,215,39,123.5,662.5,267.6,477.6,0.15
4230,215,17,595.2,61.5,288.0,480.4,0.132
4231,215,42,120.5,665.5,271.3,477.6,0.097
4232,215,31,612.7,836.1,211.1,202.0,0.079
4233,215,53,158.9,252.6,199.9,122.0,0.076
4234,215,53,126.9,661.2,269.3,485.5,0.048
4235,215,56,158.9,251.7,198.4,124.3,0.029
4236,215,26,614.5,842.5,205.7,194.4,0.023
4237,215,15,613.0,835.3,211.6,202.6,0.023
4238,215,26,158.5,252.2,204.8,121.0,0.021
4239,215,1,612.9,835.8,212.5,205.6,0.021
4240,215,53,593.0,51.8,296.6,490.9,0.02
4241,215,32,123.4,663.1,268.1,474.8,0.019
4242,215,32,595.4,57.7,287.4,482.7,0.013
4243,215,13,158.7,250.2,199.4,126.1,0.011
4244,217,2,586.8,75.2,242.8,474.9,0.988
4245,217,11,137.7,129.8,271.6,528.5,0.603
4246,217,14,117.1,789.6,320.9,318.2,0.22
4247,217,2,599.1,714.4,233.9,449.3,0.173
4248,217,46,116.8,787.2,320.0,319.7,0.094
4249,217,39,137.6,128.5,270.6,524.6,0.059
4250,217,32,114.5,785.7,323.7,321.5,0.051
4251,217,7,599.4,702.9,232.5,457.7,0.026
4252,217,27,816.8,1213.1,159.2,66.9,0.021
4253,217,32,598.8,711.8,233.5,449.9,0.015
4254,217,51,818.3,1170.5,157.7,109.5,0.015
4255,217,26,842.8,1235.9,133.2,43.9,0.011
4256,217,53,600.7,710.2,229.7,449.1,0.01
4257,219,2,90.1,666.5,250.0,471.1,0.967
4258,219,11,539.5,539.9,272.3,534.9,0.938
4259,219,2,112.2,106.6,231.0,433.3,0.406
4260,219,30,495.4,166.6,310.4,302.2,0.125
4261,219,46,495.6,167.8,310.7,299.3,0.08
4262,219,14,495.0,167.9,312.4,300.2,0.059
4263,219,17,113.4,106.0,230.0,431.7,0.034
4264,219,39,534.6,542.4,277.8,529.8,0.033
4265,219,32,0.0,1213.7,270.9,66.3,0.018
4266,219,32,112.2,108.6,230.6,429.9,0.013
4267,219,17,537.7,546.6,272.7,524.4,0.012
4268,222,3,406.0,203.2,183.8,183.6,0.989
4269,222,56,598.0,740.4,279.4,302.2,0.988
4270,222,15,169.1,772.1,251.2,233.3,0.958
4271,222,53,595.1,737.9,283.9,303.9,0.019
4272,222,21,172.5,768.5,243.0,239.2,0.012
4273,224,4,601.6,845.0,280.2,188.9,0.952
4274,224,44,618.5,170.7,228.9,218.3,0.747
4275,224,36,85.6,833.9,340.7,297.0,0.678
4276,224,51,85.2,828.2,340.9,306.0,0.291
4277,224,45,103.0,81.9,361.9,490.9,0.289
4278,224,27,85.6,827.6,341.6,305.9,0.055
4279,224,45,85.4,828.2,339.7,301.3,0.039
4280,224,56,102.9,80.7,361.9,492.1,0.037
4281,224,19,87.4,826.7,337.4,309.4,0.031
4282,224,15,620.1,170.8,224.1,217.3,0.016
4283,225,4,125.5,276.4,270.4,184.7,0.969
4284,225,44,135.7,870.0,233.9,230.0,0.926
4285,225,36,574.6,187.7,329.6,288.0,0.842
4286,225,51,573.8,187.4,332.1,289.6,0.605
4287,225,45,539.1,671.5,363.9,501.5,0.264
4288,225,27,573.6,191.1,333.2,284.0,0.04
4289,225,16,136.0,872.0,233.4,228.0,0.035
4290,225,34,539.0,670.9,365.5,500.3,0.034
4291,225,56,538.9,668.8,365.0,502.1,0.023
4292,226,4,600.2,864.0,260.1,235.3,0.966
4293,226,31,109.1,228.5,206.8,199.0,0.914
4294,226,26,636.5,188.2,244.8,221.8,0.616
4295,226,16,109.1,228.0,206.8,199.9,0.365
4296,226,24,127.0,865.6,222.6,168.9,0.343
4297,226,15,109.6,227.1,213.0,199.7,0.118
4298,226,53,125.9,866.0,223.3,169.0,0.045
4299,226,3,125.9,865.5,223.1,169.2,0.038
4300,226,23,107.5,229.0,210.0,197.1,0.02
4301,226,1,645.6,189.8,223.1,222.7,0.019
4302,226,37,643.5,187.8,228.9,218.7,0.019
4303,226,37,108.4,228.0,209.7,198.4,0.015
4304,229,2,50.1,672.4,289.6,470.6,0.981
4305,229,2,101.7,81.0,234.8,461.9,0.499
4306,229,34,491.1,653.5,419.4,459.3,0.261
4307,229,32,539.6,153.9,309.7,300.1,0.198
4308,229,11,494.1,651.6,414.6,459.9,0.172
4309,229,46,540.0,152.8,309.4,301.4,0.142
4310,229,30,541.1,153.1,308.7,301.5,0.07
4311,229,17,495.5,651.6,412.1,460.6,0.032
4312,229,14,535.5,155.4,314.3,300.8,0.02
4313,229,12,100.7,76.6,236.2,464.7,0.016
4314,229,32,0.0,1210.3,293.6,69.7,0.014
4315,229,17,101.7,77.0,236.7,464.1,0.013
4316,229,51,102.8,64.3,236.3,473.1,0.013
4317,229,7,102.2,82.3,236.5,451.5,0.01
4318,23,4,558.6,809.1,287.6,178.5,0.962
4319,23,15,594.5,176.6,238.1,228.3,0.947
4320,23,34,26.2,92.3,419.3,438.9,0.934
4321,23,26,64.8,804.4,209.1,213.0,0.209
4322,23,31,59.5,812.4,215.3,206.6,0.059
4323,23,3,63.3,805.4,215.4,212.3,0.045
4324,23,15,63.6,813.3,213.1,204.9,0.036
4325,231,2,591.4,124.1,290.1,434.2,0.998
4326,231,32,74.3,814.4,324.4,325.0,0.528
4327,231,34,51.1,145.0,400.8,436.1,0.457
4328,231,2,613.0,704.7,234.7,496.2,0.373
4329,231,22,53.4,146.0,394.3,437.0,0.323
4330,231,11,53.4,144.3,397.1,438.9,0.143
4331,231,14,71.4,816.7,331.1,324.7,0.113
4332,231,39,55.5,145.2,391.7,438.2,0.067
4333,231,18,611.8,705.3,236.7,493.5,0.067
4334,231,46,74.8,815.8,325.0,324.3,0.033
4335,231,7,611.7,699.7,240.0,496.1,0.026
4336,232,4,596.4,799.3,275.1,204.3,0.971
4337,232,37,115.2,778.3,324.7,266.5,0.95
4338,232,44,679.2,190.2,225.4,215.2,0.915
4339,232,31,128.8,232.1,207.0,199.2,0.826
4340,232,23,128.4,232.6,209.6,197.3,0.352
4341,232,16,129.7,231.5,204.5,199.8,0.135
4342,232,15,129.6,230.4,202.8,199.5,0.093
4343,232,53,115.1,778.0,322.9,268.0,0.043
4344,232,39,116.4,780.7,323.3,265.1,0.016
4345,232,37,126.8,232.6,210.7,198.8,0.011
4346,234,44,648.7,184.1,220.0,215.0,0.99
4347,234,4,570.1,763.9,276.9,209.7,0.989
4348,234,31,112.2,223.9,199.6,191.2,0.981
4349,234,37,79.4,733.8,325.0,267.4,0.91
4350,234,53,80.9,733.8,325.6,264.6,0.091
4351,234,16,110.6,222.5,199.7,191.5,0.072
4352,234,39,80.5,734.5,325.2,266.3,0.032
4353,234,15,112.2,224.1,209.2,190.6,0.015
4354,236,53,105.6,690.9,197.9,411.2,0.987
4355,236,4,134.7,290.5,274.8,172.1,0.95
4356,236,26,622.0,840.1,215.1,205.0,0.466
4357,236,42,104.2,687.4,196.4,418.2,0.175
4358,236,26,682.8,257.8,202.1,192.6,0.036
4359,236,17,104.1,685.5,198.4,418.7,0.035
4360,236,31,618.9,836.7,217.6,211.9,0.029
4361,236,1,619.5,838.6,214.1,206.4,0.028
4362,236,1,685.4,257.4,198.2,196.6,0.026
4363,236,15,620.5,837.2,215.8,212.8,0.022
4364,236,31,682.7,258.9,204.6,195.6,0.02
4365,236,25,622.4,840.2,198.0,203.4,0.015
4366,236,15,683.4,258.7,204.7,196.0,0.013
4367,237,4,559.4,808.7,288.3,178.1,0.967
4368,237,53,648.1,145.5,205.4,391.0,0.967
4369,237,26,64.8,806.0,208.8,212.9,0.629
4370,237,15,140.7,223.3,212.4,199.3,0.398
4371,237,3,63.5,808.2,215.5,209.9,0.168
4372,237,42,647.3,147.5,203.6,396.2,0.117
4373,237,25,63.8,808.3,212.0,210.5,0.025
4374,237,31,59.9,813.5,215.1,205.4,0.02
4375,237,15,64.3,813.9,211.0,204.2,0.02
4376,237,1,141.7,219.1,211.3,208.1,0.014
4377,237,1,639.0,177.7,205.1,338.6,0.01
4378,238,3,403.2,833.0,186.8,191.1,0.997
4379,238,15,627.5,238.6,245.3,236.3,0.974
4380,238,20,70.6,260.2,299.1,296.6,0.908
4381,238,21,69.0,259.3,296.2,297.1,0.183
4382,238,25,0.0,1229.8,102.6,50.0,0.032
4383,238,54,0.0,1207.6,182.4,72.4,0.027
4384,238,51,0.0,1153.0,220.2,126.9,0.018
4385,238,25,0.0,1230.1,148.4,49.7,0.014
4386,238,48,69.6,260.7,296.7,295.5,0.012
4387,24,34,35.5,104.4,434.4,447.0,0.943
4388,24,4,588.8,844.2,284.4,171.0,0.926
4389,24,15,621.6,182.9,246.8,231.9,0.873
4390,24,35,94.5,854.6,211.2,208.0,0.086
4391,24,31,92.9,854.9,212.7,209.2,0.068
4392,24,15,95.1,854.5,211.7,206.5,0.041
4393,24,26,93.7,853.9,209.4,209.1,0.039
4394,24,31,621.6,183.4,246.0,231.9,0.019
4395,24,1,96.6,854.6,210.1,208.3,0.017
4396,24,16,620.2,184.1,246.7,232.5,0.016
4397,24,37,94.9,854.1,214.6,207.5,0.015
4398,241,3,409.1,912.8,193.1,193.1,0.997
4399,241,26,136.6,323.9,218.9,222.0,0.844
4400,241,19,515.6,261.6,309.3,391.3,0.76
4401,241,7,511.8,257.9,313.8,390.8,0.571
4402,241,56,513.3,258.8,310.9,384.7,0.029
4403,241,51,0.0,1186.0,171.0,93.9,0.014
4404,241,25,0.0,1230.6,125.5,49.2,0.012
4405,241,54,0.0,1210.6,157.2,69.4,0.01
4406,243,3,377.9,186.2,184.9,182.2,0.99
4407,243,26,623.6,771.1,233.0,226.3,0.937
4408,243,19,140.5,650.8,320.5,410.9,0.565
4409,243,7,137.9,645.9,327.7,407.3,0.256
4410,243,56,139.1,652.0,317.2,401.0,0.069
4411,243,4,144.7,669.3,281.1,380.4,0.03
4412,243,23,145.3,659.8,302.9,389.3,0.024
4413,243,18,133.6,651.9,321.5,402.1,0.023
4414,243,45,141.6,640.4,334.8,415.0,0.018
4415,243,15,624.5,768.6,224.3,226.0,0.011
4416,244,3,649.8,882.8,137.0,130.7,0.372
4417,244,42,576.6,8.7,292.5,476.0,0.34
4418,244,53,577.1,13.7,292.0,476.7,0.278
4419,244,23,128.1,167.4,211.5,205.0,0.245
4420,244,17,578.7,10.0,290.4,474.9,0.145
4421,244,39,579.7,6.3,288.0,477.9,0.132
4422,244,42,127.1,168.0,212.9,203.7,0.12
4423,244,54,127.5,168.2,211.6,204.0,0.081
4424,244,53,195.4,719.7,225.5,364.7,0.056
4425,244,56,129.3,168.4,210.1,203.4,0.055
4426,244,22,195.5,706.4,226.2,372.5,0.051
4427,244,53,126.2,167.6,211.1,204.5,0.044
4428,244,1,127.8,168.5,208.9,209.7,0.033
4429,244,54,195.9,716.9,225.6,366.5,0.031
4430,244,23,650.3,881.8,137.1,130.6,0.03
4431,244,31,651.1,882.8,135.5,130.1,0.025
4432,244,16,195.8,719.7,223.5,361.8,0.02
4433,244,43,195.8,716.1,225.8,366.0,0.019
4434,244,31,195.0,717.6,223.7,364.4,0.016
4435,244,3,128.3,167.7,211.7,202.8,0.016
4436,244,49,195.7,716.6,226.9,365.7,0.014
4437,244,16,651.2,882.0,135.0,131.2,0.011
4438,247,2,623.1,110.3,198.1,458.2,0.992
4439,247,32,607.1,738.8,273.6,412.6,0.842
4440,247,22,65.3,146.2,325.2,490.1,0.286
4441,247,14,119.7,842.3,330.3,326.1,0.168
4442,247,39,65.5,145.8,326.5,490.9,0.16
4443,247,34,65.4,145.3,327.0,489.5,0.115
4444,247,46,121.2,841.5,326.7,326.6,0.113
4445,247,32,119.4,840.5,328.8,328.3,0.089
4446,247,30,121.8,840.4,324.8,327.9,0.021
4447,247,37,64.9,145.4,323.9,489.0,0.012
4448,248,2,629.8,70.2,207.1,479.2,0.986
4449,248,32,597.6,734.6,265.7,408.4,0.985
4450,248,32,120.6,830.4,321.9,319.8,0.671
4451,248,22,59.4,112.4,330.7,495.1,0.221
4452,248,46,121.3,830.4,320.5,319.9,0.104
4453,248,39,57.5,111.4,329.0,495.7,0.091
4454,248,39,595.7,728.5,267.7,414.6,0.029
4455,248,51,118.5,831.9,324.5,317.9,0.027
4456,248,26,857.0,1238.2,119.0,41.7,0.017
4457,248,2,597.8,736.6,265.8,406.5,0.016
4458,248,14,118.5,831.7,324.5,317.7,0.013
4459,248,4,118.4,832.0,324.3,318.8,0.013
4460,249,2,90.9,661.3,209.1,488.0,0.991
4461,249,32,87.1,125.2,250.7,386.1,0.964
4462,249,11,558.0,592.3,343.9,497.6,0.707
4463,249,46,492.2,130.3,310.5,297.5,0.311
4464,249,32,493.4,132.1,309.1,298.1,0.293
4465,249,34,557.8,592.1,344.3,500.2,0.124
4466,249,39,560.4,591.3,339.3,499.0,0.114
4467,249,17,87.8,662.9,214.8,483.8,0.081
4468,249,17,561.7,594.0,335.4,495.8,0.04
4469,249,17,85.5,120.0,252.6,390.8,0.024
4470,250,3,377.3,848.2,189.6,193.2,0.996
4471,250,44,129.9,209.1,226.2,221.2,0.988
4472,250,20,536.4,234.1,246.8,346.4,0.882
4473,250,48,541.3,232.3,243.4,349.5,0.024
4474,251,3,369.6,178.5,182.1,186.5,0.995
4475,251,44,587.1,794.9,230.6,230.5,0.984
4476,251,20,141.0,596.1,246.9,368.0,0.926
4477,251,48,146.6,600.6,243.5,366.3,0.035
4478,251,53,769.5,1175.3,206.5,104.7,0.032
4479,251,25,0.0,1231.4,104.0,48.3,0.031
4480,251,55,143.5,600.2,238.9,364.8,0.018
4481,251,51,0.0,1222.3,229.5,57.6,0.01
4482,252,44,623.5,884.4,228.8,226.3,0.998
4483,252,3,411.9,238.7,183.4,182.0,0.996
4484,252,20,183.1,690.8,247.0,372.1,0.971
4485,252,48,182.7,693.5,244.2,369.5,0.017
4486,253,3,444.7,848.6,191.7,193.0,0.995
4487,253,53,65.0,258.9,412.3,215.4,0.94
4488,253,51,455.9,253.1,432.8,291.7,0.901
4489,253,27,64.1,263.1,410.7,211.0,0.031
4490,253,36,65.2,257.3,411.4,216.5,0.019
4491,253,25,0.0,1221.2,120.0,58.5,0.018
4492,253,19,464.2,254.5,417.1,286.4,0.017
4493,253,51,0.0,1183.2,184.2,96.7,0.017
4494,256,2,67.9,665.8,205.8,486.5,0.991
4495,256,35,542.2,180.8,247.8,250.3,0.909
4496,256,11,496.5,657.9,315.0,495.3,0.619
4497,256,2,111.2,92.2,236.7,469.4,0.45
4498,256,3,539.0,181.3,251.9,249.7,0.407
4499,256,22,497.1,655.9,313.7,497.7,0.325
4500,256,40,542.4,179.2,247.6,251.3,0.119
4501,256,39,497.3,657.6,310.4,495.5,0.09
4502,256,53,111.6,104.2,233.4,449.5,0.043
4503,256,14,541.7,178.9,248.6,251.6,0.02
4504,256,37,497.0,656.7,310.3,495.4,0.017
4505,256,32,0.0,1214.5,263.9,65.5,0.013
4506,259,3,384.8,896.2,189.9,191.8,0.991
4507,259,56,107.2,284.1,276.5,285.2,0.958
4508,259,26,601.8,276.0,229.4,227.1,0.931
4509,259,54,0.0,1195.5,184.2,84.5,0.019
4510,259,51,0.0,1176.6,203.0,103.4,0.011
4511,262,44,604.7,172.5,220.5,218.0,0.993
4512,262,4,558.0,808.6,286.1,178.4,0.971
4513,262,45,75.2,36.9,328.6,493.9,0.285
4514,262,32,75.5,37.0,328.2,494.4,0.145
4515,262,26,61.8,804.4,211.5,212.4,0.144
4516,262,35,60.1,811.6,215.3,206.8,0.037
4517,262,31,58.7,811.5,216.4,207.9,0.035
4518,262,3,59.8,806.0,215.7,210.7,0.032
4519,262,15,62.1,811.8,213.3,206.8,0.019
4520,262,17,75.5,36.2,328.5,493.1,0.017
4521,262,34,74.8,37.1,329.0,493.1,0.013
4522,262,24,75.2,38.1,326.3,491.8,0.01
4523,264,4,134.9,290.4,275.7,172.1,0.925
4524,264,44,122.6,863.3,233.7,226.0,0.91
4525,264,26,683.8,259.2,207.5,195.4,0.327
4526,264,45,572.4,677.1,343.6,516.4,0.179
4527,264,1,685.9,255.5,203.1,202.6,0.03
4528,264,17,573.6,676.2,341.5,519.3,0.021
4529,264,31,683.3,257.6,205.3,199.3,0.019
4530,264,25,685.5,266.1,197.7,183.7,0.019
4531,264,34,572.8,676.5,345.5,519.5,0.016
4532,264,16,124.4,863.5,231.2,227.4,0.011
4533,264,4,684.9,255.2,204.4,201.9,0.011
4534,264,15,683.8,258.2,205.6,198.4,0.01
4535,265,34,595.7,663.1,380.3,494.3,0.898
4536,265,4,135.0,290.8,275.1,172.0,0.88
4537,265,14,141.0,845.5,198.9,194.8,0.867
4538,265,31,141.4,846.5,200.8,193.8,0.093
4539,265,35,140.4,845.5,198.2,194.8,0.086
4540,265,26,682.4,256.6,203.7,196.4,0.051
4541,265,23,140.2,844.3,198.5,196.1,0.032
4542,265,15,684.7,258.4,203.9,197.3,0.026
4543,265,4,141.9,845.7,199.3,194.8,0.018
4544,265,31,684.0,258.4,203.9,197.5,0.016
4545,265,3,685.4,255.7,199.9,199.5,0.013
4546,266,14,648.2,231.1,193.7,182.6,0.909
4547,266,4,587.4,844.8,286.4,171.6,0.904
4548,266,34,23.8,105.2,393.1,478.9,0.854
4549,266,4,647.8,230.3,193.2,182.3,0.167
4550,266,35,94.4,854.2,210.2,208.4,0.1
4551,266,15,94.9,854.2,210.2,207.1,0.068
4552,266,31,92.5,854.4,212.4,209.4,0.065
4553,266,26,94.6,855.0,208.6,207.9,0.034
4554,266,23,647.2,232.0,197.3,181.8,0.021
4555,266,37,94.6,853.8,213.9,208.1,0.02
4556,266,3,94.6,854.4,208.6,208.9,0.018
4557,266,1,645.8,230.9,200.0,181.8,0.017
4558,266,1,96.9,854.3,208.6,207.2,0.016
4559,266,35,648.5,230.1,192.2,182.3,0.014
4560,266,22,19.6,104.8,395.9,479.6,0.012
4561,27,2,602.8,96.8,195.8,453.5,0.996
4562,27,11,87.0,115.9,283.3,493.2,0.931
4563,27,35,123.3,821.7,259.8,263.6,0.902
4564,27,2,593.7,716.0,236.7,511.7,0.549
4565,27,39,82.4,115.8,289.4,493.7,0.155
4566,27,40,124.3,822.3,257.5,262.8,0.064
4567,27,3,126.3,825.0,255.9,264.5,0.053
4568,27,17,600.5,96.7,198.2,454.1,0.042
4569,27,17,592.8,720.3,240.8,503.8,0.036
4570,27,15,124.9,822.6,254.1,263.0,0.036
4571,27,34,84.8,117.9,282.9,492.0,0.024
4572,27,17,85.4,120.0,284.2,489.7,0.015
4573,271,31,103.6,187.7,202.1,194.0,0.974
4574,271,53,631.5,164.9,218.2,398.5,0.938
4575,271,4,623.1,714.2,214.0,271.5,0.847
4576,271,27,83.2,726.4,336.7,239.4,0.745
4577,271,16,103.9,187.1,201.4,193.0,0.406
4578,271,15,103.4,188.4,207.0,192.4,0.138
4579,271,42,631.0,167.2,215.5,391.7,0.045
4580,271,17,631.5,164.8,214.6,391.0,0.031
4581,271,55,82.2,728.6,335.0,237.9,0.021
4582,271,26,108.6,185.9,200.8,192.5,0.012
4583,271,7,633.5,165.2,214.7,397.8,0.012
4584,271,55,104.1,189.5,201.4,192.4,0.012
4585,273,53,93.3,672.0,240.7,420.3,0.979
4586,273,4,144.9,292.6,209.2,256.5,0.977
4587,273,31,668.6,876.6,210.9,207.1,0.954
4588,273,27,541.2,292.2,330.1,237.4,0.724
4589,273,15,668.7,875.5,210.4,208.4,0.326
4590,273,42,96.9,676.0,234.6,406.6,0.127
4591,273,16,669.1,876.3,211.1,208.2,0.047
4592,273,37,669.3,875.8,211.4,208.1,0.02
4593,273,1,96.0,808.5,252.7,265.6,0.019
4594,273,51,537.9,293.1,333.9,236.1,0.018
4595,273,36,542.1,291.6,329.4,237.7,0.018
4596,274,3,420.8,889.8,189.4,193.0,0.992
4597,274,25,578.3,256.5,340.1,319.6,0.985
4598,274,28,208.0,325.4,147.5,231.5,0.396
4599,274,13,207.5,325.8,148.5,231.4,0.358
4600,274,54,207.4,325.3,147.8,233.5,0.313
4601,274,21,206.6,324.5,149.7,233.5,0.012
4602,274,25,0.0,1215.9,121.3,63.9,0.01
4603,275,25,8.0,646.6,345.7,342.5,0.988
4604,275,3,328.0,150.4,183.4,187.5,0.987
4605,275,28,581.3,665.7,150.3,244.1,0.648
4606,275,54,581.7,666.3,152.1,242.8,0.155
4607,275,56,661.4,1127.1,314.6,152.9,0.02
4608,275,34,669.1,1120.3,306.9,159.7,0.011
4609,277,4,600.5,864.9,259.3,235.1,0.974
4610,277,24,127.2,864.6,221.8,169.4,0.365
4611,277,45,72.1,97.7,408.6,408.8,0.224
4612,277,23,615.9,195.4,274.0,156.3,0.187
4613,277,37,616.5,197.1,272.8,154.3,0.099
4614,277,53,125.9,864.8,222.8,169.8,0.052
4615,277,1,616.6,197.0,263.5,155.4,0.043
4616,277,56,74.1,95.9,404.6,410.4,0.034
4617,277,53,613.8,197.1,276.2,155.2,0.031
4618,277,16,64.8,98.1,416.9,422.0,0.03
4619,277,54,618.7,195.7,271.3,156.0,0.015
4620,277,37,71.8,97.1,406.5,409.1,0.013
4621,277,27,68.6,107.8,410.0,395.9,0.012
4622,277,37,123.6,859.5,224.7,173.1,0.01
4623,278,4,148.4,219.0,250.1,224.5,0.974
4624,278,24,644.2,278.8,218.2,170.3,0.592
4625,278,45,519.4,745.3,414.9,421.7,0.535
4626,278,37,93.1,906.6,278.5,165.0,0.124
4627,278,53,643.3,277.0,218.8,171.0,0.103
4628,278,37,520.9,744.2,412.1,421.1,0.059
4629,278,33,91.4,906.7,279.8,166.4,0.048
4630,278,53,91.3,906.6,280.2,165.3,0.045
4631,278,16,93.1,906.9,277.2,164.8,0.031
4632,278,4,92.9,906.8,279.3,165.5,0.023
4633,278,37,642.5,276.7,219.7,172.2,0.019
4634,278,4,644.0,276.3,218.4,170.6,0.018
4635,278,36,89.6,905.0,282.5,167.5,0.018
4636,278,36,529.2,748.6,403.9,418.9,0.017
4637,278,53,524.7,750.4,409.4,414.9,0.016
4638,278,27,91.4,907.6,277.2,163.9,0.014
4639,278,55,514.4,748.1,427.0,417.7,0.012
4640,278,3,94.4,904.7,279.2,168.9,0.011
4641,278,56,521.0,746.4,410.3,418.0,0.01
4642,28,53,609.7,144.9,230.3,408.1,0.977
4643,28,34,17.1,55.0,442.2,462.7,0.96
4644,28,4,563.9,814.6,268.8,216.7,0.949
4645,28,23,176.7,813.5,178.5,204.2,0.422
4646,28,42,614.8,146.8,218.8,399.1,0.108
4647,28,13,177.3,813.8,178.3,208.0,0.047
4648,28,53,178.4,813.8,178.9,204.7,0.015
4649,28,56,176.8,814.7,178.7,202.7,0.013
4650,28,1,613.3,250.2,237.8,295.7,0.01
4651,280,3,411.6,866.4,188.2,191.7,0.997
4652,280,7,438.8,274.4,382.7,354.3,0.838
4653,280,14,134.9,290.4,187.4,192.2,0.696
4654,280,31,134.8,290.3,188.9,192.7,0.087
4655,280,30,134.4,289.8,189.3,192.7,0.023
4656,286,4,536.4,779.4,268.3,226.6,0.958
4657,286,15,575.1,187.8,238.5,228.3,0.882
4658,286,45,27.0,115.4,382.5,411.9,0.608
4659,286,32,26.6,114.0,382.4,412.6,0.082
4660,286,34,29.7,115.1,382.2,412.1,0.071
4661,286,56,146.5,777.0,179.2,208.2,0.038
4662,286,46,146.7,777.1,177.9,207.7,0.029
4663,286,55,15.9,111.8,386.1,414.2,0.022
4664,286,16,572.8,188.1,239.2,230.1,0.02
4665,286,53,19.6,118.2,386.4,408.0,0.018
4666,286,53,146.4,775.6,178.9,208.6,0.017
4667,286,28,146.3,776.6,179.1,208.2,0.016
4668,286,27,17.0,109.0,379.2,418.4,0.013
4669,287,4,171.9,277.4,261.2,216.0,0.935
4670,287,15,135.9,837.6,250.4,239.6,0.925
4671,287,45,563.4,701.3,404.4,432.4,0.359
4672,287,34,564.8,699.9,403.3,434.7,0.263
4673,287,32,562.6,702.3,404.7,429.1,0.087
4674,287,16,638.1,290.9,172.9,200.6,0.06
4675,287,55,638.0,290.8,172.7,201.8,0.054
4676,287,54,635.1,291.4,174.5,200.0,0.03
4677,287,14,637.2,290.8,173.0,200.3,0.023
4678,287,13,635.1,292.4,173.9,198.7,0.018
4679,287,1,631.8,294.3,180.7,194.7,0.017
4680,287,26,629.6,294.5,181.3,194.1,0.013
4681,287,37,635.0,291.5,174.2,199.7,0.01
4682,288,4,563.3,816.7,268.1,216.4,0.947
4683,288,15,604.1,194.7,243.1,230.2,0.812
4684,288,45,37.2,130.1,403.1,425.0,0.705
4685,288,23,176.0,813.9,178.2,203.6,0.522
4686,288,13,176.7,814.3,178.0,207.6,0.071
4687,288,53,178.0,814.9,178.2,203.2,0.02
4688,288,37,176.4,814.9,178.3,202.2,0.013
4689,289,32,585.7,743.4,255.2,410.7,0.99
4690,289,2,592.4,87.7,253.6,472.5,0.986
4691,289,35,139.1,846.1,258.8,254.4,0.898
4692,289,11,97.3,60.4,276.6,518.5,0.599
4693,289,39,585.0,742.1,256.7,411.5,0.091
4694,289,3,144.0,844.9,253.1,255.6,0.087
4695,289,15,140.7,845.2,255.6,255.8,0.036
4696,289,17,97.3,56.3,276.6,520.6,0.023
4697,289,40,139.1,846.5,258.9,253.3,0.017
4698,289,39,95.0,58.6,280.1,518.8,0.013
4699,29,53,591.0,133.0,216.0,396.1,0.992
4700,29,4,535.9,778.0,269.4,222.8,0.949
4701,29,34,11.8,55.1,404.4,442.9,0.911
4702,29,56,146.3,775.8,178.7,209.1,0.09
4703,29,1,577.8,167.6,222.4,336.4,0.084
4704,29,54,146.8,775.5,177.5,208.9,0.035
4705,29,28,146.4,774.9,178.5,209.8,0.022
4706,29,53,146.4,774.9,178.9,208.8,0.017
4707,29,22,8.6,55.8,404.6,443.8,0.011
4708,291,2,75.0,657.6,257.4,468.0,0.994
4709,291,11,569.3,620.7,284.3,526.1,0.943
4710,291,35,535.2,176.3,247.1,251.9,0.935
4711,291,32,104.7,106.8,246.9,394.6,0.803
4712,291,2,103.6,106.7,247.1,394.6,0.292
4713,291,3,535.9,174.3,246.1,253.8,0.194
4714,291,40,534.8,175.2,246.8,252.0,0.168
4715,291,17,105.6,102.8,244.6,398.0,0.046
4716,291,17,571.7,627.6,280.0,517.9,0.03
4717,291,15,535.6,174.8,246.8,253.2,0.022
4718,291,14,534.1,174.3,249.0,252.3,0.022
4719,291,32,0.0,1209.2,244.0,70.8,0.014
4720,292,2,70.7,664.0,204.2,484.2,0.994
4721,292,35,545.3,177.7,248.6,252.2,0.925
4722,292,11,537.7,585.7,333.9,514.8,0.802
4723,292,2,117.4,90.2,227.0,468.2,0.722
4724,292,3,542.8,177.3,251.6,252.3,0.35
4725,292,40,544.8,176.0,248.0,252.1,0.18
4726,292,17,538.5,586.8,332.1,509.0,0.136
4727,292,32,0.0,1203.4,349.6,76.6,0.025
4728,292,14,544.3,175.6,248.7,252.8,0.021
4729,292,22,539.4,589.3,334.1,509.0,0.019
4730,292,15,544.9,175.4,243.5,252.2,0.016
4731,295,3,413.2,864.3,189.4,190.3,0.993
4732,295,25,125.3,193.4,338.8,315.9,0.988
4733,295,30,643.2,296.0,193.3,191.9,0.689
4734,295,14,642.0,297.2,191.9,190.1,0.439
4735,298,16,159.2,777.4,240.2,235.8,0.949
4736,298,1,681.9,878.1,213.8,134.1,0.671
4737,298,15,159.3,777.1,240.7,235.7,0.586
4738,298,23,682.1,878.1,212.6,132.8,0.38
4739,298,31,158.9,777.1,240.6,236.2,0.248
4740,298,31,156.8,233.6,205.5,199.5,0.232
4741,298,16,562.3,173.0,263.1,420.7,0.154
4742,298,37,681.3,878.5,213.2,133.7,0.134
4743,298,55,159.6,778.5,239.3,234.4,0.12
4744,298,55,564.8,176.5,259.8,416.9,0.083
4745,298,15,157.0,233.4,204.7,199.5,0.077
4746,298,53,681.4,879.5,215.0,131.4,0.042
4747,298,39,559.7,168.4,268.1,428.9,0.031
4748,298,45,561.0,168.4,266.5,432.3,0.025
4749,298,25,559.1,167.7,269.2,430.5,0.018
4750,298,29,682.1,879.0,213.2,132.7,0.017
4751,298,16,156.2,233.1,205.4,200.1,0.016
4752,298,26,157.2,233.5,205.1,196.3,0.015
4753,298,37,156.4,233.5,208.1,200.9,0.015
4754,299,16,559.6,245.2,232.2,227.1,0.855
4755,299,1,84.8,260.1,204.0,128.6,0.819
4756,299,31,559.6,244.2,233.2,228.5,0.748
4757,299,31,608.8,846.5,216.1,208.4,0.153
4758,299,15,559.4,244.1,235.5,228.5,0.071
4759,299,16,133.5,641.7,265.0,448.1,0.063
4760,299,15,609.1,845.8,215.0,207.4,0.055
4761,299,26,88.3,254.1,196.3,132.3,0.046
4762,299,55,559.6,244.3,232.9,227.0,0.045
4763,299,27,88.0,259.7,199.6,126.4,0.037
4764,299,53,88.8,259.3,198.7,127.1,0.032
4765,299,1,88.5,263.4,137.4,116.3,0.022
4766,299,55,133.1,649.9,266.1,446.2,0.02
4767,299,23,88.6,258.8,198.5,128.0,0.018
4768,299,42,129.3,645.8,279.2,450.0,0.018
4769,299,1,610.0,845.4,214.3,204.1,0.016
4770,299,26,610.4,845.4,211.6,203.3,0.012
4771,299,13,88.6,257.5,199.2,129.2,0.011
4772,299,26,549.8,236.1,246.4,238.8,0.01
4773,3,1,143.8,241.7,194.3,128.8,0.996
4774,3,39,567.0,630.1,263.5,484.4,0.704
4775,3,37,530.3,61.7,383.6,403.9,0.42
4776,3,56,140.8,242.0,199.1,128.3,0.084
4777,3,53,140.2,243.2,200.5,125.5,0.084
4778,3,42,564.2,631.8,269.9,486.4,0.079
4779,3,32,567.9,629.4,262.3,487.5,0.051
4780,3,45,139.2,703.7,188.1,295.3,0.047
4781,3,3,139.4,703.0,187.8,296.2,0.045
4782,3,8,138.6,704.0,188.7,294.7,0.044
4783,3,39,533.3,62.7,382.2,401.3,0.039
4784,3,53,525.6,65.4,394.8,396.4,0.035
4785,3,56,138.9,703.3,189.0,295.2,0.032
4786,3,36,138.3,700.1,188.3,298.9,0.027
4787,3,29,140.2,239.6,199.9,131.0,0.02
4788,3,42,532.0,61.0,380.5,399.5,0.02
4789,3,53,567.4,614.0,263.7,494.1,0.013
4790,3,24,141.3,240.8,199.0,130.2,0.011
4791,302,21,95.8,637.5,280.9,324.3,0.998
4792,302,3,308.0,160.2,185.3,189.5,0.978
4793,302,54,569.2,711.8,234.6,228.6,0.736
4794,302,28,568.0,710.7,235.6,230.7,0.099
4795,302,56,697.6,1162.9,278.4,117.1,0.014
4796,302,13,98.1,636.5,274.6,323.9,0.011
4797,304,2,621.2,84.9,191.5,455.0,0.985
4798,304,11,117.2,152.1,300.4,478.0,0.911
4799,304,14,131.5,816.0,330.3,325.8,0.317
4800,304,32,132.0,815.7,325.2,325.5,0.199
4801,304,39,117.9,151.8,298.6,476.3,0.197
4802,304,18,588.9,709.0,238.9,455.1,0.102
4803,304,7,587.2,710.7,239.4,444.8,0.095
4804,304,2,589.2,710.5,239.9,454.3,0.051
4805,304,17,620.4,86.0,193.9,451.5,0.026
4806,304,32,588.9,708.3,237.6,454.4,0.026
4807,304,53,591.1,715.6,234.7,432.8,0.023
4808,304,46,132.5,816.8,325.4,323.7,0.017
4809,304,37,117.4,149.4,299.6,477.8,0.016
4810,304,30,132.6,813.9,320.6,326.1,0.015
4811,308,56,554.4,601.8,285.3,302.9,0.983
4812,308,3,286.3,206.3,187.5,188.0,0.973
4813,308,54,118.3,713.4,191.3,265.8,0.875
4814,308,28,117.3,712.4,193.3,265.4,0.476
4815,308,56,648.7,1148.6,327.3,131.3,0.032
4816,308,7,550.3,596.8,289.9,300.5,0.012
4817,31,42,588.4,53.7,294.5,475.9,0.697
4818,31,23,109.6,236.5,213.0,207.0,0.524
4819,31,23,652.0,849.5,194.7,180.3,0.281
4820,31,39,589.2,53.7,291.9,476.4,0.141
4821,31,18,589.6,54.2,292.1,476.2,0.11
4822,31,17,588.2,52.3,293.5,477.5,0.087
4823,31,54,652.7,848.4,192.4,180.9,0.056
4824,31,53,195.5,719.5,223.6,360.8,0.053
4825,31,22,195.7,707.8,225.2,368.4,0.053
4826,31,54,196.4,717.6,224.1,362.7,0.049
4827,31,53,590.3,60.7,296.2,499.9,0.035
4828,31,37,111.2,236.5,211.2,205.8,0.034
4829,31,53,110.1,238.1,213.1,203.9,0.029
4830,31,3,110.0,236.0,212.1,208.4,0.026
4831,31,42,196.4,716.9,225.0,362.5,0.023
4832,31,43,196.1,716.2,224.8,362.3,0.018
4833,31,2,196.6,715.0,223.6,362.4,0.013
4834,31,13,197.1,716.8,222.4,359.2,0.013
4835,31,14,654.2,846.3,185.7,181.7,0.012
4836,31,4,652.6,847.8,188.9,179.5,0.011
4837,31,37,196.2,715.0,224.8,362.6,0.011
4838,310,16,618.0,321.4,175.1,185.4,0.307
4839,310,17,100.7,144.1,314.7,454.1,0.218
4840,310,23,650.1,889.4,220.0,216.4,0.169
4841,310,39,100.3,145.7,316.6,451.7,0.14
4842,310,54,139.0,864.2,213.6,212.1,0.133
4843,310,42,102.5,145.4,312.7,453.0,0.12
4844,310,8,139.1,864.3,213.4,213.5,0.109
4845,310,55,619.4,321.5,173.5,185.6,0.076
4846,310,53,651.2,890.7,219.9,213.4,0.051
4847,310,24,649.9,889.0,219.2,214.5,0.049
4848,310,56,138.6,865.0,213.4,214.5,0.044
4849,310,1,620.1,322.8,172.5,180.3,0.041
4850,310,37,650.5,890.0,220.6,214.7,0.033
4851,310,53,138.0,864.9,215.1,212.1,0.031
4852,310,23,616.9,320.6,175.7,185.7,0.023
4853,310,53,105.1,145.2,313.3,447.7,0.02
4854,310,54,650.3,889.9,219.1,214.2,0.019
4855,310,45,101.2,144.6,313.9,453.5,0.014
4856,310,26,617.2,326.5,175.4,177.0,0.014
4857,310,42,650.5,889.6,219.9,214.7,0.014
4858,310,21,651.4,890.4,218.5,213.7,0.013
4859,310,3,650.5,889.0,220.1,213.0,0.013
4860,313,44,595.4,176.4,220.5,220.2,0.985
4861,313,27,37.6,755.3,323.6,252.7,0.861
4862,313,4,618.2,719.6,214.0,268.9,0.853
4863,313,45,15.5,32.3,446.4,406.8,0.345
4864,313,51,38.0,762.6,328.1,244.8,0.031
4865,313,19,616.8,720.1,215.7,269.2,0.027
4866,313,36,38.6,759.2,326.8,247.8,0.016
4867,315,4,145.9,289.9,211.2,256.7,0.989
4868,315,44,129.5,860.5,231.9,226.9,0.9
4869,315,27,592.5,254.2,326.0,247.3,0.69
4870,315,45,510.3,782.7,465.7,427.9,0.551
4871,315,51,586.9,259.5,331.0,242.4,0.053
4872,315,15,131.3,860.3,230.0,225.4,0.011
4873,316,16,166.1,791.6,237.7,227.5,0.774
4874,316,49,558.3,811.2,370.0,209.5,0.639
4875,316,44,633.0,197.8,226.0,215.9,0.517
4876,316,23,126.6,232.0,211.2,205.8,0.168
4877,316,4,166.2,792.9,239.4,225.8,0.145
4878,316,56,126.4,233.1,211.4,204.3,0.131
4879,316,31,165.4,791.3,240.1,228.1,0.117
4880,316,54,125.7,232.6,210.9,204.5,0.11
4881,316,3,125.2,233.0,212.9,204.0,0.105
4882,316,14,165.8,793.8,227.7,225.0,0.044
4883,316,1,171.8,793.6,236.7,230.5,0.041
4884,316,23,166.3,792.3,239.5,229.0,0.04
4885,316,1,125.2,230.5,210.9,212.4,0.027
4886,316,33,557.3,810.6,371.0,209.6,0.015
4887,316,53,126.6,231.9,208.0,204.7,0.014
4888,316,26,176.9,795.4,227.4,228.8,0.012
4889,316,37,556.5,812.3,373.3,208.2,0.011
4890,316,21,166.7,791.6,237.1,227.1,0.01
4891,317,49,79.4,270.4,361.4,214.1,0.63
4892,317,16,592.2,281.5,231.3,224.2,0.363
4893,317,44,122.2,844.3,236.6,224.2,0.315
4894,317,23,657.3,831.0,215.9,214.1,0.144
4895,317,14,125.8,845.4,230.9,224.4,0.125
4896,317,15,125.4,842.6,232.0,227.1,0.072
4897,317,31,592.1,282.5,231.7,223.5,0.056
4898,317,15,591.4,283.4,232.3,221.7,0.049
4899,317,37,657.7,831.7,215.6,212.3,0.033
4900,317,23,590.9,282.5,233.7,223.8,0.016
4901,317,35,124.8,845.3,231.5,225.3,0.014
4902,317,21,656.9,831.7,218.1,211.4,0.011
4903,317,3,657.5,830.2,217.4,211.6,0.011
4904,317,24,591.6,282.7,231.6,224.9,0.011
4905,317,37,591.2,282.6,233.4,223.9,0.011
4906,317,53,656.4,831.9,219.3,211.4,0.01
4907,32,42,103.2,712.2,295.6,491.4,0.216
4908,32,54,163.5,278.9,182.1,177.8,0.138
4909,32,23,673.6,827.1,216.5,213.1,0.136
4910,32,53,104.4,713.4,292.5,477.1,0.11
4911,32,56,163.3,279.1,182.8,179.3,0.107
4912,32,21,673.1,828.3,218.1,210.4,0.069
4913,32,14,673.2,827.6,204.4,210.5,0.056
4914,32,39,102.2,711.9,294.2,486.6,0.045
4915,32,42,584.2,232.6,212.4,336.7,0.034
4916,32,53,585.1,233.9,213.3,336.5,0.033
4917,32,17,102.6,713.3,294.2,488.5,0.024
4918,32,8,583.9,230.3,214.4,339.0,0.021
4919,32,37,674.1,828.1,215.8,211.2,0.02
4920,32,3,674.0,827.2,216.4,211.9,0.018
4921,32,3,583.1,231.2,213.3,338.5,0.015
4922,32,53,672.4,829.1,218.3,209.8,0.015
4923,32,17,582.9,231.5,214.3,338.3,0.012
4924,32,51,583.8,235.5,214.6,333.6,0.011
4925,32,4,163.0,277.6,183.6,179.4,0.011
4926,320,53,631.5,164.1,217.8,397.3,0.918
4927,320,4,623.7,714.5,211.7,271.2,0.825
4928,320,27,83.4,726.2,336.0,238.9,0.74
4929,320,26,139.6,185.1,200.7,212.6,0.318
4930,320,15,136.4,196.8,205.9,199.9,0.125
4931,320,42,631.0,166.7,214.3,392.0,0.047
4932,320,17,631.5,164.4,214.2,391.2,0.041
4933,320,19,620.3,714.9,215.4,271.5,0.032
4934,320,36,84.5,729.8,334.2,235.7,0.028
4935,320,55,81.6,727.4,337.4,238.6,0.019
4936,320,31,135.8,197.0,205.3,199.7,0.012
4937,320,7,633.2,164.7,214.5,396.7,0.01
4938,323,4,133.2,290.1,275.9,171.8,0.937
4939,323,31,657.3,876.3,212.3,207.6,0.658
4940,323,56,143.6,801.8,205.5,257.4,0.186
4941,323,54,146.6,802.0,203.4,257.3,0.11
4942,323,16,657.3,876.0,213.7,208.3,0.08
4943,323,53,144.2,801.4,207.0,258.2,0.056
4944,323,26,648.4,861.1,228.1,220.6,0.031
4945,323,26,684.4,258.9,203.6,192.0,0.025
4946,323,3,686.4,255.0,199.9,198.9,0.025
4947,323,31,683.8,258.7,203.1,196.1,0.021
4948,323,15,684.8,258.6,202.7,196.2,0.019
4949,324,31,131.7,193.8,204.8,198.6,0.953
4950,324,4,588.9,844.7,284.6,170.1,0.9
4951,324,53,641.9,206.2,195.4,252.4,0.314
4952,324,54,640.4,210.8,195.3,251.1,0.208
4953,324,31,95.5,855.5,208.8,207.2,0.151
4954,324,56,640.2,209.5,195.4,250.7,0.149
4955,324,16,131.5,193.4,204.1,198.3,0.059
4956,324,8,640.1,209.0,195.4,251.5,0.053
4957,324,21,131.6,193.7,203.7,199.1,0.049
4958,324,26,96.3,855.5,205.9,207.2,0.048
4959,324,15,96.0,855.3,208.2,205.7,0.032
4960,324,1,98.2,855.4,205.0,207.4,0.027
4961,324,55,131.7,193.3,200.9,200.0,0.019
4962,324,37,130.3,192.3,209.7,201.1,0.018
4963,324,3,95.7,855.6,207.2,208.7,0.017
4964,324,37,95.7,855.1,212.9,207.0,0.014
4965,324,16,95.8,855.2,209.0,206.4,0.011
4966,325,4,171.9,278.3,261.8,214.9,0.943
4967,325,15,136.0,837.4,251.4,239.9,0.935
4968,325,16,639.4,291.4,171.5,199.6,0.128
4969,325,55,639.1,291.4,171.7,200.5,0.099
4970,325,1,635.4,295.5,176.5,192.5,0.054
4971,325,37,510.1,703.3,407.2,530.1,0.036
4972,325,37,636.7,292.0,173.2,198.8,0.031
4973,325,54,636.5,292.0,172.5,198.0,0.022
4974,325,17,512.6,703.4,403.7,530.0,0.019
4975,325,13,636.5,292.9,173.0,197.8,0.017
4976,325,26,632.7,295.2,177.4,193.5,0.014
4977,325,23,636.6,291.7,173.8,199.2,0.014
4978,325,53,639.4,291.7,172.8,199.9,0.011
4979,327,4,563.5,815.9,267.5,217.5,0.956
4980,327,15,603.7,195.3,244.3,229.8,0.819
4981,327,23,176.4,813.7,178.8,204.1,0.479
4982,327,53,85.9,26.4,401.9,515.5,0.11
4983,327,42,84.2,27.1,406.0,515.8,0.1
4984,327,13,177.1,814.2,178.4,207.8,0.07
4985,327,17,84.5,24.0,405.4,516.9,0.042
4986,327,37,85.9,29.7,407.0,513.8,0.028
4987,327,53,178.3,814.7,178.7,203.7,0.022
4988,328,4,122.4,307.1,270.3,201.5,0.982
4989,328,37,559.6,252.7,301.1,270.8,0.92
4990,328,37,95.9,878.3,277.1,183.6,0.418
4991,328,23,95.9,879.0,279.5,181.5,0.109
4992,328,29,559.5,252.2,303.1,270.9,0.09
4993,328,53,96.4,879.4,276.2,182.6,0.078
4994,328,3,96.4,878.2,277.4,183.4,0.04
4995,328,4,96.8,879.8,275.2,181.4,0.039
4996,328,37,524.2,641.9,376.5,540.3,0.035
4997,328,53,558.8,253.9,307.4,269.5,0.025
4998,328,17,524.3,642.3,376.6,539.1,0.024
4999,328,27,96.6,879.0,275.4,182.6,0.012
5000,332,23,587.4,166.0,202.6,198.7,0.192
5001,332,53,586.4,166.1,204.2,199.6,0.177
5002,332,17,562.1,541.9,290.1,480.2,0.155
5003,332,5,124.2,140.2,207.3,201.4,0.14
5004,332,42,561.0,543.0,291.8,483.4,0.136
5005,332,53,562.3,537.1,288.0,487.2,0.134
5006,332,54,82.9,822.6,193.1,184.1,0.1
5007,332,21,586.6,165.1,204.6,201.3,0.076
5008,332,56,82.5,822.7,193.6,184.8,0.069
5009,332,37,586.6,165.5,203.8,198.5,0.053
5010,332,54,587.0,166.0,204.5,198.0,0.051
5011,332,14,588.1,165.0,197.4,198.8,0.045
5012,332,39,561.9,538.5,290.0,483.5,0.035
5013,332,42,83.7,822.6,193.1,184.6,0.03
5014,332,54,124.4,140.0,206.7,200.5,0.03
5015,332,39,586.6,166.2,203.4,198.8,0.025
5016,332,3,84.1,822.4,192.7,184.5,0.022
5017,332,23,123.4,140.0,206.6,200.4,0.02
5018,332,4,124.2,139.9,205.1,199.2,0.02
5019,332,14,124.8,140.0,202.4,198.9,0.017
5020,332,24,586.5,165.7,203.0,198.7,0.016
5021,332,3,586.8,166.1,203.5,198.4,0.015
5022,332,4,587.8,166.4,204.1,199.2,0.013
5023,332,21,124.0,139.6,204.9,200.0,0.012
5024,334,14,626.9,221.3,187.6,184.6,0.99
5025,334,31,144.7,223.0,203.3,192.6,0.924
5026,334,4,624.1,713.5,213.2,272.3,0.812
5027,334,27,83.9,726.9,334.9,238.2,0.752
5028,334,16,143.3,221.5,204.2,194.4,0.062
5029,334,15,144.3,222.9,210.4,193.0,0.031
5030,334,23,624.0,221.7,192.1,184.9,0.019
5031,334,55,82.5,728.3,334.7,237.5,0.018
5032,334,37,143.7,222.7,205.7,194.6,0.013
5033,334,1,627.6,220.4,192.1,184.1,0.013
5034,334,40,627.0,220.1,187.1,186.5,0.012
5035,334,31,627.8,221.5,185.7,184.6,0.011
5036,334,21,626.0,220.7,189.0,186.0,0.01
5037,335,4,145.1,292.0,209.5,257.8,0.984
5038,335,27,540.0,292.3,330.8,237.1,0.813
5039,335,14,133.1,846.5,199.0,193.7,0.671
5040,335,31,623.5,839.8,212.0,206.4,0.533
5041,335,16,623.0,839.7,213.8,207.1,0.112
5042,335,31,133.2,847.0,199.7,193.4,0.045
5043,335,4,133.2,846.5,198.2,193.6,0.036
5044,335,21,134.8,846.4,196.3,193.6,0.024
5045,335,20,535.4,292.5,336.1,236.2,0.021
5046,335,36,538.5,290.2,333.0,239.0,0.018
5047,335,26,618.7,838.8,214.8,203.6,0.018
5048,335,15,622.6,836.9,213.0,209.8,0.015
5049,335,55,537.2,293.4,335.5,235.5,0.012
5050,336,14,654.7,232.1,195.1,177.3,0.963
5051,336,4,649.6,746.2,212.2,269.6,0.857
5052,336,31,164.6,231.2,207.3,198.4,0.851
5053,336,27,115.1,771.2,335.8,233.8,0.666
5054,336,14,164.0,229.8,208.4,199.4,0.465
5055,336,16,164.3,231.7,207.1,199.1,0.433
5056,336,36,112.8,771.8,338.9,234.4,0.299
5057,336,23,654.5,232.7,196.8,176.2,0.084
5058,336,31,655.2,231.1,193.8,177.8,0.039
5059,336,23,166.8,231.7,205.9,197.5,0.037
5060,336,35,654.5,231.6,194.0,178.3,0.034
5061,336,15,164.2,230.2,210.5,199.9,0.024
5062,336,19,648.3,747.6,215.4,268.5,0.015
5063,336,55,164.4,232.8,206.5,198.7,0.013
5064,337,4,124.9,276.2,271.2,184.6,0.96
5065,337,36,575.3,183.3,327.8,290.6,0.821
5066,337,31,641.0,836.0,214.0,207.1,0.452
5067,337,16,641.4,836.6,212.4,206.6,0.441
5068,337,51,569.5,183.3,335.6,292.9,0.428
5069,337,54,123.6,831.1,193.9,266.6,0.323
5070,337,53,125.7,830.2,191.5,264.8,0.129
5071,337,27,573.0,183.1,328.5,290.5,0.059
5072,337,26,639.5,834.0,215.3,206.5,0.056
5073,337,15,640.4,834.7,215.9,208.9,0.052
5074,337,8,122.8,828.2,194.6,267.2,0.018
5075,337,45,566.0,181.7,336.0,292.2,0.016
5076,338,31,128.3,225.2,200.2,193.5,0.964
5077,338,4,573.5,809.7,285.5,194.5,0.955
5078,338,36,49.5,785.6,352.9,307.1,0.851
5079,338,54,642.8,169.9,170.0,249.9,0.382
5080,338,56,643.2,169.7,171.0,250.0,0.305
5081,338,51,46.0,786.4,351.2,306.8,0.25
5082,338,16,127.4,224.5,199.9,194.7,0.156
5083,338,27,48.4,785.7,348.6,308.4,0.083
5084,338,53,642.9,168.7,171.9,250.0,0.081
5085,338,55,128.0,224.5,191.6,194.1,0.043
5086,338,23,125.5,224.5,205.0,194.7,0.029
5087,338,15,127.2,225.7,199.4,194.3,0.02
5088,339,4,600.8,846.5,281.7,188.1,0.939
5089,339,31,146.7,234.4,206.6,197.5,0.901
5090,339,36,86.2,837.1,345.0,295.6,0.748
5091,339,51,85.3,827.5,343.8,307.8,0.414
5092,339,54,674.8,173.6,176.4,255.6,0.246
5093,339,53,672.8,172.1,180.3,257.8,0.076
5094,339,16,146.1,233.5,206.5,198.2,0.071
5095,339,18,674.7,173.8,177.9,254.6,0.058
5096,339,37,146.1,234.9,209.4,196.2,0.05
5097,339,27,86.3,828.3,346.2,305.7,0.042
5098,339,56,675.5,173.8,174.7,255.7,0.042
5099,339,19,88.0,826.5,340.1,310.1,0.033
5100,339,45,85.1,828.2,343.4,303.8,0.022
5101,339,15,146.8,231.7,209.8,200.0,0.019
5102,340,26,577.6,193.1,221.0,212.3,0.941
5103,340,4,536.7,780.2,269.4,225.3,0.934
5104,340,45,38.8,92.3,388.4,465.4,0.477
5105,340,56,146.4,777.6,178.6,207.7,0.106
5106,340,34,37.8,92.0,389.0,464.5,0.046
5107,340,54,146.6,777.7,177.9,207.3,0.037
5108,340,28,146.3,777.3,178.8,207.8,0.031
5109,340,53,146.0,776.0,179.2,208.3,0.016
5110,340,25,575.9,199.1,226.9,199.1,0.012
5111,340,37,574.6,191.1,223.0,215.7,0.011
5112,341,4,564.4,815.9,267.2,218.0,0.934
5113,341,23,176.8,814.3,177.8,203.2,0.473
5114,341,26,605.4,196.4,227.4,215.1,0.464
5115,341,45,41.1,121.8,415.1,460.3,0.218
5116,341,1,600.7,198.4,229.6,211.4,0.072
5117,341,13,177.3,814.5,177.6,207.2,0.058
5118,341,25,601.3,219.3,219.4,191.2,0.05
5119,341,53,178.8,814.9,177.8,203.4,0.028
5120,341,34,43.1,123.3,412.3,455.9,0.018
5121,341,37,177.3,815.5,178.0,201.6,0.014
5122,341,15,601.7,193.7,231.3,218.8,0.011
5123,344,4,563.5,815.5,268.9,218.8,0.955
5124,344,15,604.7,195.2,246.5,229.1,0.863
5125,344,23,174.6,813.6,180.4,204.3,0.42
5126,344,26,153.4,197.3,207.5,199.5,0.129
5127,344,13,175.6,814.2,179.6,207.3,0.06
5128,344,15,155.7,193.1,208.5,201.6,0.041
5129,344,1,149.6,195.9,215.3,203.8,0.026
5130,344,53,177.1,815.1,179.8,203.4,0.022
5131,344,37,174.9,814.8,180.5,202.8,0.014
5132,344,16,601.3,195.9,247.3,233.7,0.011
5133,345,4,536.5,780.1,268.1,223.8,0.953
5134,345,15,576.4,188.2,238.1,227.2,0.921
5135,345,15,137.4,188.4,205.7,199.1,0.596
5136,345,31,136.5,188.0,206.9,200.6,0.057
5137,345,56,146.4,776.8,178.7,208.5,0.05
5138,345,54,146.6,776.9,178.3,208.2,0.047
5139,345,46,146.5,777.1,177.8,207.6,0.038
5140,345,28,146.2,776.6,178.7,208.4,0.03
5141,345,16,574.8,188.5,237.9,229.1,0.024
5142,345,25,138.9,196.1,197.9,191.5,0.02
5143,345,26,135.8,182.0,205.8,210.4,0.018
5144,345,53,146.0,775.2,179.9,207.7,0.011
5145,346,4,565.1,813.5,268.0,219.0,0.925
5146,346,14,644.6,252.7,188.2,179.2,0.884
5147,346,34,139.2,51.5,348.1,501.1,0.8
5148,346,23,177.6,814.1,179.1,203.1,0.502
5149,346,31,644.3,252.1,189.1,180.1,0.213
5150,346,23,643.6,249.8,189.4,183.6,0.15
5151,346,22,138.5,52.2,345.8,500.7,0.08
5152,346,35,645.8,251.8,185.4,179.5,0.051
5153,346,13,177.9,814.6,178.8,207.3,0.045
5154,346,4,643.7,251.6,188.2,180.5,0.014
5155,346,53,178.2,814.4,180.7,204.0,0.01
5156,346,56,178.3,814.9,178.4,202.1,0.01
5157,347,4,537.0,776.4,268.5,224.6,0.968
5158,347,14,615.0,239.3,184.1,181.4,0.924
5159,347,34,123.9,42.8,330.0,490.0,0.645
5160,347,22,123.8,42.3,326.4,486.0,0.167
5161,347,4,614.0,239.2,184.9,182.7,0.048
5162,347,56,146.5,775.7,180.4,209.5,0.043
5163,347,23,615.4,236.9,181.6,184.9,0.036
5164,347,37,123.3,43.9,326.2,487.3,0.029
5165,347,21,615.2,238.6,182.1,183.4,0.027
5166,347,46,146.9,775.3,179.4,209.4,0.027
5167,347,35,615.0,238.6,182.6,183.5,0.013
5168,347,40,615.3,238.3,183.6,182.0,0.012
5169,347,53,146.6,774.5,180.3,209.7,0.011
5170,349,53,610.5,144.6,232.0,404.8,0.972
5171,349,4,565.9,813.3,266.7,217.9,0.921
5172,349,23,176.4,812.5,180.0,205.0,0.431
5173,349,45,4.8,131.5,447.4,428.7,0.341
5174,349,34,5.3,134.0,447.3,428.1,0.173
5175,349,42,614.7,145.4,220.1,399.5,0.134
5176,349,56,177.0,813.2,179.5,207.8,0.047
5177,349,1,617.1,206.3,224.5,316.4,0.015
5178,349,53,178.0,813.3,179.7,205.6,0.014
5179,352,32,617.8,785.0,257.8,412.7,0.995
5180,352,2,640.5,131.7,202.6,456.5,0.995
5181,352,22,115.1,183.0,316.7,484.0,0.258
5182,352,14,136.1,862.4,284.0,279.4,0.184
5183,352,39,115.5,183.2,311.1,482.1,0.14
5184,352,39,618.6,783.4,259.7,416.7,0.046
5185,352,46,138.6,860.2,278.9,279.9,0.025
5186,352,37,115.9,181.7,310.0,484.7,0.018
5187,352,11,113.9,182.7,321.1,485.1,0.015
5188,352,34,116.7,180.6,313.0,487.5,0.012
5189,355,2,50.7,703.0,250.8,473.1,0.99
5190,355,11,541.6,582.1,305.7,512.7,0.931
5191,355,2,72.8,132.2,224.8,423.9,0.329
5192,355,46,550.8,191.6,270.8,268.6,0.211
5193,355,30,552.2,192.4,269.5,267.3,0.102
5194,355,17,542.1,582.4,305.6,510.3,0.042
5195,355,17,72.9,133.1,224.7,422.9,0.037
5196,355,32,72.9,132.0,224.6,423.2,0.024
5197,356,2,624.3,38.2,243.3,479.4,0.998
5198,356,11,100.1,109.0,301.0,505.0,0.842
5199,356,46,104.6,804.7,275.7,267.3,0.356
5200,356,2,633.4,690.3,239.7,453.0,0.279
5201,356,39,99.1,107.1,301.8,506.4,0.116
5202,356,32,633.7,690.6,240.0,450.5,0.092
5203,356,24,107.3,805.0,269.0,270.3,0.019
5204,356,27,762.9,1203.1,213.1,76.9,0.017
5205,356,17,633.1,692.0,242.3,446.5,0.013
5206,359,4,559.5,816.5,270.3,216.6,0.968
5207,359,44,628.6,162.1,226.0,217.2,0.962
5208,359,23,175.2,810.8,179.9,205.4,0.479
5209,359,53,75.9,39.2,364.2,542.7,0.216
5210,359,42,76.7,38.6,366.4,543.6,0.13
5211,359,56,76.7,38.3,366.8,541.1,0.068
5212,359,13,176.3,812.1,179.2,208.5,0.053
5213,359,17,77.0,35.7,365.7,543.9,0.021
5214,359,53,177.4,811.7,179.7,205.5,0.02
5215,359,56,175.1,812.1,180.2,203.6,0.014
5216,359,4,174.4,818.0,183.1,199.8,0.01
5217,361,3,429.3,881.2,190.5,191.9,0.998
5218,361,15,644.1,288.6,244.1,237.0,0.956
5219,361,19,215.0,174.7,212.7,403.3,0.414
5220,361,51,215.3,172.9,213.1,402.1,0.071
5221,361,42,215.4,167.2,211.3,414.0,0.033
5222,361,7,215.5,170.4,209.7,407.7,0.023
5223,361,19,218.7,175.5,203.6,259.4,0.019
5224,361,11,215.5,170.8,208.5,410.5,0.017
5225,361,4,214.5,172.1,212.0,413.4,0.01
5226,364,3,405.4,854.7,193.5,194.8,0.986
5227,364,48,587.0,166.3,242.9,342.1,0.972
5228,364,53,100.5,255.9,346.4,323.7,0.917
5229,364,27,104.8,314.0,339.8,265.7,0.018
5230,372,4,601.6,846.2,282.4,187.2,0.948
5231,372,36,42.0,853.5,381.0,222.2,0.87
5232,372,15,574.0,196.6,243.5,232.3,0.731
5233,372,45,11.1,143.2,456.5,416.7,0.264
5234,372,4,40.1,855.0,384.2,220.2,0.05
5235,372,27,42.2,856.2,382.1,219.0,0.031
5236,372,51,39.6,856.1,383.4,219.2,0.018
5237,374,34,100.5,33.3,420.7,466.9,0.982
5238,374,44,621.5,184.8,228.6,218.9,0.957
5239,374,4,645.0,751.6,215.3,267.9,0.9
5240,374,27,69.5,800.8,325.6,245.2,0.652
5241,374,20,72.6,803.6,323.3,243.2,0.049
5242,374,19,646.1,752.3,213.7,267.6,0.012
5243,379,3,464.9,857.6,190.2,193.7,0.997
5244,379,18,452.0,152.2,492.7,480.8,0.991
5245,379,46,139.2,314.1,202.9,208.4,0.684
5246,379,7,444.6,156.3,495.1,438.6,0.13
5247,379,14,137.5,317.0,206.1,203.7,0.05
5248,379,25,0.0,1226.5,118.2,53.2,0.015
5249,379,51,451.0,153.8,478.8,482.0,0.013
5250,379,21,137.1,318.1,205.9,202.6,0.011
5251,379,51,0.0,1151.5,230.2,128.5,0.011
5252,379,54,0.0,1197.5,189.8,82.5,0.01
5253,38,53,629.6,162.6,209.3,397.9,0.91
5254,38,4,623.9,715.0,212.9,270.1,0.869
5255,38,27,83.9,726.3,335.4,238.6,0.782
5256,38,42,109.0,33.8,400.2,499.7,0.063
5257,38,42,627.5,167.1,207.9,390.9,0.05
5258,38,19,620.7,715.2,216.4,270.7,0.036
5259,38,17,628.2,165.3,208.5,390.1,0.033
5260,38,55,83.5,728.2,335.0,237.6,0.015
5261,38,17,110.7,31.0,398.5,502.7,0.014
5262,38,53,110.9,35.7,387.4,472.3,0.013
5263,380,18,0.0,544.8,501.9,521.5,0.999
5264,380,3,284.7,178.5,185.1,191.0,0.989
5265,380,46,600.5,718.6,205.2,209.7,0.876
5266,380,18,634.6,1155.7,341.4,124.3,0.027
5267,380,53,714.9,1158.7,261.1,121.2,0.013
5268,380,14,599.1,715.6,205.6,211.7,0.011
5269,380,34,637.1,1157.5,338.9,122.5,0.01
5270,382,2,590.2,124.3,291.4,433.9,0.997
5271,382,32,74.9,814.3,324.4,325.6,0.48
5272,382,2,613.2,704.1,233.9,497.2,0.275
5273,382,22,97.6,137.5,376.1,450.8,0.237
5274,382,11,96.5,136.7,377.9,453.0,0.145
5275,382,14,71.8,816.2,331.3,326.0,0.132
5276,382,18,613.7,703.2,234.3,498.0,0.103
5277,382,34,98.4,136.8,374.6,451.8,0.044
5278,382,7,611.7,698.3,239.6,498.1,0.04
5279,382,46,75.6,815.8,324.9,324.4,0.027
5280,382,39,96.6,136.1,374.0,452.6,0.018
5281,382,37,100.2,137.7,369.2,448.7,0.012
5282,382,51,615.0,691.7,231.6,501.4,0.011
5283,384,2,606.1,76.1,284.2,465.7,0.984
5284,384,32,74.1,804.0,321.2,316.5,0.724
5285,384,2,600.5,703.5,239.5,487.0,0.441
5286,384,22,92.6,83.8,384.7,467.7,0.343
5287,384,39,91.4,83.0,386.0,467.2,0.125
5288,384,46,74.6,806.0,320.1,315.1,0.101
5289,384,12,599.7,703.9,241.7,484.8,0.041
5290,384,14,71.4,803.5,324.7,317.7,0.039
5291,384,7,602.3,694.4,239.6,494.0,0.031
5292,384,34,91.7,84.8,387.6,466.0,0.028
5293,384,11,95.3,84.4,385.3,468.6,0.012
5294,387,4,133.5,290.6,274.8,173.1,0.927
5295,387,26,126.0,864.8,246.2,229.2,0.081
5296,387,37,498.5,652.6,420.9,519.6,0.068
5297,387,31,682.5,258.7,203.7,197.4,0.055
5298,387,15,682.0,258.5,204.6,197.8,0.035
5299,387,3,686.0,254.9,196.3,198.7,0.028
5300,387,26,682.5,257.9,201.3,194.7,0.024
5301,387,37,129.1,867.3,235.7,229.9,0.014
5302,387,31,130.9,867.6,233.2,230.9,0.012
5303,387,17,499.2,651.1,419.2,521.2,0.011
5304,387,53,499.2,666.1,426.9,506.4,0.011
5305,387,16,682.6,257.5,206.3,199.4,0.01
5306,389,15,603.0,184.1,238.2,231.4,0.931
5307,389,4,622.7,715.5,212.2,270.5,0.832
5308,389,27,82.5,728.0,335.8,238.5,0.718
5309,389,45,32.6,129.8,433.4,425.5,0.418
5310,389,34,32.7,132.0,430.4,423.1,0.036
5311,389,19,619.5,716.2,215.9,270.6,0.03
5312,389,36,84.5,731.5,333.4,233.8,0.026
5313,389,55,82.5,729.6,335.5,236.2,0.013
5314,390,4,649.3,747.7,211.9,268.6,0.864
5315,390,15,631.1,193.4,244.0,230.8,0.653
5316,390,27,114.8,770.2,334.7,233.9,0.631
5317,390,45,38.9,161.1,456.2,416.0,0.594
5318,390,36,112.6,773.3,336.1,230.9,0.04
5319,390,19,648.1,749.7,214.4,266.9,0.019
5320,390,56,41.2,158.3,452.7,420.5,0.013
5321,390,37,40.5,159.9,452.3,418.9,0.012
5322,390,7,117.5,770.2,318.3,232.3,0.011
5323,392,1,187.2,272.4,203.4,137.0,0.986
5324,392,42,103.8,704.0,298.4,492.2,0.179
5325,392,53,106.1,703.5,297.8,493.5,0.167
5326,392,3,658.6,898.5,217.6,214.5,0.15
5327,392,37,187.5,275.9,201.5,133.2,0.087
5328,392,39,102.8,705.3,299.6,489.9,0.074
5329,392,24,682.3,276.2,179.8,168.9,0.071
5330,392,17,103.2,704.7,298.4,493.3,0.062
5331,392,23,188.0,276.6,200.4,132.5,0.06
5332,392,35,653.5,898.9,222.7,213.2,0.059
5333,392,53,684.5,275.6,177.5,170.6,0.057
5334,392,23,682.2,275.8,180.6,170.0,0.04
5335,392,53,187.3,275.2,201.8,135.2,0.038
5336,392,37,654.8,899.4,222.4,211.1,0.028
5337,392,44,683.3,274.2,179.7,171.9,0.017
5338,392,31,656.3,898.8,220.8,212.7,0.016
5339,392,24,186.7,275.9,201.9,132.8,0.014
5340,392,16,683.7,275.1,178.9,170.4,0.013
5341,392,4,664.7,903.7,214.0,208.8,0.013
5342,393,1,580.4,865.6,212.0,143.8,0.958
5343,393,42,555.5,46.5,282.5,470.1,0.509
5344,393,15,109.3,160.0,204.2,197.9,0.318
5345,393,39,557.9,43.5,278.7,473.3,0.199
5346,393,14,91.0,832.5,183.7,178.8,0.17
5347,393,17,556.7,45.1,280.5,469.1,0.155
5348,393,5,92.5,832.0,181.4,179.9,0.117
5349,393,37,581.9,867.0,209.4,143.8,0.06
5350,393,53,580.5,866.9,211.7,141.8,0.039
5351,393,23,93.9,831.7,180.8,181.0,0.039
5352,393,53,90.8,832.2,182.5,179.6,0.037
5353,393,44,93.6,832.1,181.4,178.8,0.031
5354,393,53,557.8,48.8,280.4,477.8,0.03
5355,393,1,112.2,159.6,198.1,203.5,0.026
5356,393,4,588.5,859.4,200.0,149.1,0.015
5357,393,27,581.9,866.4,210.4,142.3,0.014
5358,393,26,590.3,852.6,199.0,156.1,0.013
5359,393,16,109.5,160.5,202.5,196.9,0.011
5360,394,4,124.4,275.8,271.5,185.0,0.972
5361,394,36,570.5,229.4,371.6,218.8,0.754
5362,394,26,607.7,861.5,215.1,202.0,0.362
5363,394,26,132.0,846.7,238.9,234.5,0.143
5364,394,15,137.9,850.1,228.8,227.3,0.028
5365,394,15,609.9,858.4,215.8,210.4,0.018
5366,394,27,571.0,230.7,369.8,216.9,0.017
5367,395,4,602.2,843.8,280.7,190.1,0.945
5368,395,36,42.0,852.4,381.4,223.9,0.841
5369,395,26,171.9,210.6,208.6,198.5,0.465
5370,395,26,616.7,188.1,230.5,227.4,0.424
5371,395,4,40.1,854.4,384.7,221.4,0.054
5372,395,27,42.0,855.8,382.6,220.8,0.042
5373,395,1,172.7,211.8,207.1,194.8,0.031
5374,395,51,40.3,855.6,383.4,220.8,0.022
5375,395,1,620.3,193.4,230.6,228.4,0.017
5376,396,4,573.9,810.2,284.9,194.2,0.962
5377,396,36,9.0,810.9,382.1,224.5,0.927
5378,396,26,591.9,187.4,215.2,218.9,0.768
5379,396,15,154.7,201.5,205.5,199.9,0.604
5380,396,26,154.3,198.5,207.0,203.8,0.122
5381,396,27,6.3,813.7,387.3,223.7,0.09
5382,396,51,8.9,811.3,384.4,222.1,0.08
5383,396,37,588.8,190.1,221.9,214.8,0.028
5384,396,1,156.2,201.6,204.3,199.4,0.016
5385,396,4,11.5,815.0,377.3,221.2,0.014
5386,396,19,8.0,814.7,388.1,223.8,0.01
5387,4,1,684.8,806.7,131.0,211.2,0.994
5388,4,42,115.7,155.8,271.9,408.3,0.77
5389,4,33,601.9,255.6,288.8,162.1,0.507
5390,4,42,129.2,652.0,291.8,489.0,0.221
5391,4,3,601.8,255.3,288.4,164.0,0.144
5392,4,53,132.4,652.8,290.4,483.1,0.12
5393,4,17,129.8,648.9,290.3,489.2,0.102
5394,4,39,131.0,647.7,290.4,488.9,0.09
5395,4,37,598.5,253.8,290.3,165.7,0.027
5396,4,39,118.6,151.7,265.0,415.0,0.023
5397,4,53,119.3,155.3,267.6,407.7,0.02
5398,4,45,128.1,650.5,293.4,490.0,0.014
5399,4,49,603.3,254.1,288.7,163.9,0.014
5400,4,53,684.0,807.8,131.5,206.2,0.013
5401,4,25,687.3,808.2,131.3,204.7,0.013
5402,40,4,153.8,216.2,251.7,224.6,0.969
5403,40,44,117.4,837.2,232.6,227.1,0.881
5404,40,24,648.6,279.3,221.7,169.6,0.617
5405,40,53,648.1,277.5,221.4,170.8,0.075
5406,40,37,648.3,277.8,221.6,170.7,0.033
5407,40,16,118.6,839.5,232.3,225.3,0.033
5408,40,17,622.7,609.9,316.5,561.9,0.024
5409,40,42,620.9,610.8,318.4,562.5,0.019
5410,40,4,648.2,276.9,220.9,170.5,0.018
5411,40,39,624.0,608.1,317.6,565.1,0.012
5412,400,1,127.6,244.2,204.8,161.3,0.945
5413,400,31,603.8,123.9,232.0,224.1,0.85
5414,400,16,602.3,125.7,232.9,222.8,0.747
5415,400,15,604.1,124.7,229.6,222.4,0.659
5416,400,49,13.3,774.1,364.3,244.0,0.207
5417,400,53,131.3,244.2,196.6,156.8,0.069
5418,400,33,12.4,775.0,366.7,242.3,0.067
5419,400,31,611.0,770.6,214.5,208.7,0.041
5420,400,56,130.0,243.5,198.5,159.2,0.037
5421,400,37,129.9,243.8,199.4,157.3,0.035
5422,400,1,133.6,243.3,169.3,127.1,0.031
5423,400,1,615.5,775.0,203.9,204.9,0.026
5424,400,24,11.0,773.2,369.0,246.9,0.013
5425,400,15,612.0,771.2,215.2,207.5,0.012
5426,400,26,613.5,779.6,208.6,200.5,0.012
5427,401,1,639.7,859.9,209.7,166.0,0.829
5428,401,16,111.3,897.9,243.9,240.2,0.798
5429,401,15,154.6,295.8,203.3,197.4,0.358
5430,401,49,587.1,242.5,352.3,236.7,0.266
5431,401,15,110.4,901.2,244.1,237.2,0.189
5432,401,55,111.4,898.3,245.5,242.4,0.112
5433,401,31,151.0,296.8,207.3,196.7,0.07
5434,401,37,640.6,857.3,210.0,167.6,0.067
5435,401,33,587.8,243.3,352.9,235.6,0.037
5436,401,55,641.1,858.8,208.1,165.3,0.033
5437,401,54,587.3,243.6,354.0,234.9,0.032
5438,401,24,640.7,858.8,209.6,167.1,0.028
5439,401,31,111.6,897.1,243.5,242.1,0.023
5440,401,16,641.7,857.1,207.6,166.3,0.015
5441,401,26,640.0,855.7,208.0,164.3,0.014
5442,401,37,585.7,241.4,355.6,237.5,0.012
5443,401,56,641.1,858.3,209.7,167.0,0.012
5444,404,3,355.9,144.1,185.4,190.3,0.993
5445,404,53,433.3,698.7,422.8,235.0,0.842
5446,404,19,17.1,588.9,286.0,420.3,0.686
5447,404,7,16.9,585.3,288.4,422.4,0.501
5448,404,18,670.3,1153.3,305.7,126.7,0.036
5449,404,18,15.0,588.9,286.3,423.9,0.034
5450,404,27,724.7,1153.2,251.3,126.6,0.012
5451,404,56,687.5,1153.3,288.5,126.7,0.011
5452,409,1,135.0,240.0,186.7,167.1,0.971
5453,409,37,5.1,731.0,462.5,320.3,0.758
5454,409,34,539.0,132.0,378.8,283.7,0.696
5455,409,33,514.4,791.7,379.7,211.4,0.524
5456,409,49,513.8,790.8,379.4,213.6,0.311
5457,409,43,538.3,131.3,381.2,284.5,0.285
5458,409,53,133.5,242.2,189.4,167.4,0.074
5459,409,37,132.1,242.3,192.4,165.9,0.035
5460,409,56,132.6,242.1,190.5,167.7,0.029
5461,409,53,1.8,737.5,473.2,312.8,0.025
5462,409,22,538.2,135.9,381.0,280.0,0.024
5463,409,36,535.8,134.8,382.3,281.1,0.022
5464,409,1,135.1,242.5,142.8,147.4,0.022
5465,409,24,5.4,729.7,463.3,320.7,0.017
5466,409,37,538.1,130.2,378.4,284.9,0.014
5467,409,27,132.2,240.4,191.7,170.2,0.013
5468,409,1,134.1,241.4,164.2,114.1,0.01
5469,41,4,591.1,872.6,260.4,233.1,0.976
5470,41,44,637.5,207.3,228.0,211.0,0.973
5471,41,24,119.5,864.3,224.8,170.0,0.258
5472,41,17,56.9,82.1,318.5,552.2,0.215
5473,41,42,56.5,85.7,320.1,552.6,0.121
5474,41,39,58.1,80.1,317.2,553.4,0.108
5475,41,53,120.3,864.6,221.8,169.7,0.044
5476,41,3,118.5,863.5,225.7,171.0,0.024
5477,411,1,642.6,851.9,205.6,179.9,0.98
5478,411,49,89.5,257.0,365.4,207.4,0.708
5479,411,37,496.9,199.6,446.0,312.2,0.509
5480,411,34,35.0,829.0,390.4,299.7,0.468
5481,411,3,35.2,828.1,390.0,300.7,0.265
5482,411,37,33.4,828.8,391.3,299.7,0.153
5483,411,43,33.2,827.2,391.5,303.6,0.061
5484,411,37,645.4,852.4,204.5,179.0,0.044
5485,411,33,87.7,257.5,365.6,207.6,0.044
5486,411,53,645.3,851.4,202.8,179.8,0.044
5487,411,37,87.7,256.6,365.0,207.8,0.03
5488,411,54,89.1,257.2,362.0,207.6,0.024
5489,411,36,28.0,829.5,393.3,300.7,0.017
5490,411,22,33.8,834.1,390.1,294.5,0.016
5491,411,25,645.6,848.4,201.0,178.9,0.015
5492,411,26,639.6,859.3,208.3,172.0,0.014
5493,411,53,490.2,195.5,465.9,315.2,0.013
5494,411,55,30.4,828.7,393.1,301.3,0.011
5495,411,27,644.9,850.4,203.5,181.0,0.011
5496,411,7,489.6,197.3,470.3,315.3,0.011
5497,411,24,497.0,196.9,450.6,313.8,0.01
5498,412,2,623.0,86.4,224.6,448.9,0.992
5499,412,22,124.3,197.0,289.4,488.5,0.43
5500,412,11,124.4,198.7,290.5,486.1,0.38
5501,412,18,644.4,699.6,246.7,452.3,0.254
5502,412,14,106.4,814.8,281.1,279.0,0.176
5503,412,39,123.3,198.3,291.5,485.4,0.151
5504,412,2,643.5,698.0,245.7,460.0,0.074
5505,412,46,108.4,813.4,277.7,279.6,0.067
5506,412,30,108.0,812.6,277.7,280.4,0.045
5507,412,32,645.8,697.4,242.5,458.1,0.044
5508,412,37,124.1,199.9,290.5,481.7,0.014
5509,413,2,623.6,38.2,245.9,478.3,0.997
5510,413,11,117.8,158.6,300.9,498.9,0.313
5511,413,22,117.6,158.7,302.1,497.4,0.257
5512,413,2,634.2,690.4,239.5,453.2,0.235
5513,413,46,105.2,805.2,275.4,267.1,0.186
5514,413,39,118.1,159.3,299.2,497.3,0.134
5515,413,32,634.2,690.3,239.9,451.2,0.096
5516,413,14,104.9,803.9,276.8,269.5,0.046
5517,413,30,107.0,804.5,272.7,270.6,0.035
5518,413,17,633.3,691.6,243.4,447.1,0.014
5519,413,24,106.0,804.9,274.3,268.0,0.012
5520,413,27,786.9,1215.5,189.1,64.5,0.011
5521,414,2,50.1,704.1,252.4,473.2,0.991
5522,414,11,518.0,544.4,314.3,503.0,0.771
5523,414,2,71.2,130.8,227.4,425.4,0.557
5524,414,22,519.3,543.0,311.5,498.4,0.344
5525,414,46,552.3,192.9,269.5,266.9,0.142
5526,414,24,552.1,193.2,270.1,266.8,0.119
5527,414,44,550.8,191.9,270.4,267.9,0.084
5528,414,39,518.2,543.8,309.6,499.0,0.082
5529,414,17,72.0,129.8,228.1,427.2,0.013
5530,414,32,0.0,1216.0,269.5,64.0,0.01
5531,415,4,600.7,865.1,260.8,234.0,0.975
5532,415,15,639.5,176.4,246.4,231.5,0.775
5533,415,24,127.1,865.3,221.9,168.5,0.322
5534,415,39,98.5,85.4,321.4,554.4,0.16
5535,415,42,97.7,88.5,322.5,551.7,0.132
5536,415,17,98.8,85.2,320.2,553.1,0.095
5537,415,53,126.0,865.8,222.6,168.5,0.057
5538,415,35,636.3,176.5,247.0,233.8,0.014
5539,415,53,99.2,87.0,323.5,558.6,0.013
5540,415,37,122.8,859.3,225.8,172.6,0.01
5541,416,4,570.2,830.6,267.2,240.7,0.956
5542,416,15,608.8,170.7,244.0,231.2,0.905
5543,416,24,91.2,827.0,227.6,174.0,0.55
5544,416,17,80.2,69.9,315.4,538.1,0.092
5545,416,42,75.5,69.7,321.1,540.0,0.092
5546,416,53,91.8,826.9,228.1,175.6,0.088
5547,416,39,80.1,66.1,315.3,541.0,0.028
5548,416,37,92.5,826.6,227.1,175.1,0.014
5549,416,1,187.8,830.4,125.5,171.9,0.011
5550,416,32,81.2,68.6,313.7,540.4,0.01
5551,417,4,147.4,219.8,250.6,224.5,0.96
5552,417,15,98.1,850.4,253.9,243.1,0.952
5553,417,24,643.4,279.5,219.0,170.0,0.643
5554,417,53,643.3,278.1,219.0,170.1,0.115
5555,417,42,576.2,610.4,324.4,560.1,0.08
5556,417,17,578.7,609.1,321.6,557.8,0.069
5557,417,39,577.6,608.7,321.6,561.0,0.046
5558,417,37,642.1,278.1,220.4,171.1,0.021
5559,417,4,643.7,277.1,219.0,170.0,0.017
5560,417,4,166.5,224.0,198.3,118.2,0.017
5561,419,4,124.3,307.2,268.6,202.6,0.986
5562,419,37,563.1,257.6,303.3,270.7,0.941
5563,419,34,536.2,735.3,439.8,443.9,0.899
5564,419,26,121.1,855.1,225.5,221.3,0.226
5565,419,29,562.7,257.9,305.1,269.6,0.086
5566,419,15,110.2,854.2,234.8,229.1,0.047
5567,419,53,562.1,258.8,308.4,270.3,0.02
5568,419,39,562.9,259.0,301.9,268.9,0.015
5569,419,31,111.9,854.3,231.7,228.6,0.015
5570,42,4,564.2,836.6,262.6,241.7,0.975
5571,42,44,609.2,201.3,223.5,211.6,0.972
5572,42,24,86.3,825.9,225.7,174.6,0.535
5573,42,42,37.6,70.0,314.2,540.9,0.072
5574,42,18,37.4,71.2,314.0,539.3,0.059
5575,42,39,38.2,69.7,313.0,537.6,0.057
5576,42,53,85.0,826.2,226.6,176.5,0.048
5577,42,49,37.7,73.0,313.4,535.1,0.035
5578,42,17,38.2,71.7,313.2,535.3,0.021
5579,420,4,577.9,756.8,276.4,214.2,0.98
5580,420,34,5.6,78.2,439.8,419.7,0.977
5581,420,37,85.8,728.5,318.9,279.1,0.847
5582,420,26,617.7,180.5,215.0,221.0,0.537
5583,420,53,85.4,727.3,322.4,281.4,0.133
5584,420,25,614.5,190.7,211.6,201.4,0.023
5585,420,37,613.3,184.0,224.6,216.7,0.018
5586,420,1,617.2,188.0,216.3,211.8,0.014
5587,422,4,149.2,218.2,251.5,224.8,0.968
5588,422,24,646.0,279.7,218.0,169.8,0.649
5589,422,37,93.1,902.1,278.5,169.0,0.166
5590,422,53,645.0,278.0,218.8,170.5,0.146
5591,422,32,566.5,699.6,346.2,513.6,0.095
5592,422,56,565.1,701.4,347.7,511.3,0.065
5593,422,45,566.4,700.9,346.5,512.3,0.06
5594,422,53,90.1,904.6,281.2,167.0,0.057
5595,422,4,91.6,904.9,279.2,166.5,0.042
5596,422,33,90.9,902.6,280.2,170.0,0.041
5597,422,3,94.4,901.7,278.9,171.5,0.038
5598,422,17,565.5,704.9,347.3,507.8,0.029
5599,422,37,645.1,277.9,218.8,171.2,0.025
5600,422,27,89.4,906.0,279.8,165.4,0.021
5601,422,4,645.4,277.3,218.5,170.0,0.021
5602,422,4,162.5,222.2,196.1,129.8,0.013
5603,423,4,568.9,830.7,265.5,242.2,0.958
5604,423,24,90.3,826.7,227.4,174.1,0.484
5605,423,45,82.9,25.2,326.0,487.1,0.159
5606,423,37,589.1,193.4,265.5,156.6,0.117
5607,423,53,91.6,826.3,225.9,174.8,0.059
5608,423,4,588.2,193.1,266.9,156.2,0.036
5609,423,27,588.4,193.6,267.4,156.6,0.022
5610,423,17,83.2,23.1,325.4,488.2,0.017
5611,423,53,587.5,193.4,267.8,155.9,0.017
5612,423,56,82.1,23.9,326.8,488.3,0.016
5613,423,1,187.9,831.8,125.2,168.8,0.013
5614,423,37,91.9,825.9,226.0,174.5,0.01
5615,429,4,606.7,790.3,272.5,208.2,0.985
5616,429,44,670.1,179.7,226.4,216.4,0.959
5617,429,37,127.4,779.3,313.1,277.3,0.83
5618,429,45,67.3,161.4,493.4,349.8,0.237
5619,429,53,126.5,777.9,315.1,278.5,0.134
5620,430,37,68.5,613.0,403.8,408.0,0.463
5621,430,54,611.9,153.2,201.4,198.9,0.456
5622,430,5,180.7,196.0,208.8,201.4,0.387
5623,430,46,182.1,194.2,208.0,202.7,0.103
5624,430,53,60.6,614.2,416.4,412.1,0.096
5625,430,56,611.2,153.8,203.0,197.9,0.067
5626,430,53,180.6,199.5,207.9,197.8,0.066
5627,430,42,66.1,614.5,406.0,407.6,0.064
5628,430,37,614.5,789.9,166.3,223.5,0.059
5629,430,24,180.9,195.3,209.7,201.1,0.041
5630,430,3,615.2,789.0,162.1,224.6,0.037
5631,430,53,609.3,152.8,207.2,198.8,0.028
5632,430,23,181.7,195.6,209.5,200.5,0.028
5633,430,4,181.1,197.9,207.9,199.4,0.013
5634,430,14,610.7,153.7,196.8,197.1,0.012
5635,430,54,181.1,199.0,208.1,198.7,0.012
5636,430,21,180.5,197.9,208.3,199.1,0.011
5637,431,37,100.5,667.7,404.0,398.0,0.304
5638,431,23,199.6,206.0,211.2,202.5,0.291
5639,431,56,639.4,153.2,212.8,201.2,0.141
5640,431,8,639.0,153.3,213.5,200.9,0.14
5641,431,5,199.6,206.0,210.6,202.8,0.109
5642,431,53,88.8,670.1,418.0,401.1,0.105
5643,431,54,639.1,152.9,213.2,201.7,0.069
5644,431,4,198.5,205.0,211.9,203.3,0.064
5645,431,55,645.8,830.7,154.6,214.4,0.042
5646,431,21,199.1,204.9,211.4,204.1,0.03
5647,431,37,645.6,830.3,154.2,213.8,0.014
5648,431,16,644.8,831.0,155.3,215.1,0.013
5649,431,1,642.0,837.6,157.7,206.2,0.011
5650,432,54,131.5,904.6,215.9,213.0,0.611
5651,432,37,490.6,226.4,394.9,390.8,0.549
5652,432,23,582.6,859.6,214.9,211.1,0.372
5653,432,56,130.7,904.8,216.0,211.8,0.193
5654,432,55,204.8,257.8,148.0,214.6,0.113
5655,432,37,202.8,257.5,150.0,214.1,0.041
5656,432,16,203.3,257.4,150.3,214.8,0.037
5657,432,20,204.3,257.4,147.6,214.8,0.032
5658,432,53,582.3,858.9,218.3,212.4,0.024
5659,432,14,582.2,859.0,218.5,212.8,0.023
5660,432,3,203.5,257.3,148.6,213.4,0.019
5661,432,53,498.2,228.3,391.2,393.5,0.017
5662,432,53,131.4,903.5,218.7,213.1,0.013
5663,432,37,130.7,906.1,217.6,211.5,0.011
5664,432,39,491.8,225.3,393.9,395.2,0.011
5665,432,29,582.0,859.3,216.8,211.9,0.01
5666,433,4,577.6,756.4,276.0,214.0,0.984
5667,433,37,86.3,728.4,317.9,279.1,0.806
5668,433,14,618.0,177.2,187.9,184.3,0.767
5669,433,45,87.7,101.7,365.3,431.2,0.535
5670,433,34,90.0,101.3,362.5,430.5,0.158
5671,433,53,86.5,729.6,320.5,279.0,0.1
5672,433,31,618.1,176.8,188.0,184.6,0.074
5673,433,4,617.9,177.2,187.8,185.1,0.043
5674,433,37,87.4,102.0,362.9,428.5,0.033
5675,433,21,619.2,176.5,186.4,185.7,0.028
5676,433,39,88.1,729.5,317.3,278.4,0.027
5677,433,35,617.8,176.2,189.0,185.0,0.024
5678,433,56,90.7,101.7,359.4,427.4,0.017
5679,433,23,616.5,175.1,189.0,186.5,0.013
5680,433,1,620.0,179.0,189.7,183.5,0.013
5681,434,4,123.3,306.9,270.1,202.5,0.987
5682,434,14,140.5,893.3,198.1,193.1,0.977
5683,434,37,565.2,256.9,301.4,271.4,0.901
5684,434,45,531.5,695.0,375.3,451.5,0.221
5685,434,31,141.1,892.8,197.4,193.8,0.099
5686,434,29,564.9,257.0,303.3,270.4,0.066
5687,434,1,140.7,890.8,201.0,189.6,0.026
5688,434,23,139.7,890.9,199.2,196.1,0.024
5689,434,35,139.1,891.9,198.4,194.7,0.019
5690,434,56,529.6,691.7,375.9,451.3,0.019
5691,434,53,566.3,258.0,302.0,271.9,0.017
5692,434,39,564.8,258.1,300.1,270.0,0.016
5693,434,3,526.9,694.1,378.6,451.3,0.011
5694,435,4,605.7,791.6,273.5,209.7,0.977
5695,435,37,119.2,770.6,315.6,277.0,0.929
5696,435,14,648.9,184.6,194.5,180.8,0.809
5697,435,45,102.7,121.6,377.8,440.2,0.592
5698,435,32,102.6,121.4,378.6,438.9,0.167
5699,435,31,648.3,184.9,193.9,180.3,0.144
5700,435,35,648.3,184.9,195.9,179.9,0.059
5701,435,53,119.7,772.6,318.3,276.3,0.054
5702,435,34,102.3,120.4,376.9,439.4,0.054
5703,435,23,647.6,183.9,197.1,181.1,0.045
5704,435,4,647.8,185.5,193.6,180.3,0.033
5705,435,1,646.2,184.3,200.9,182.7,0.019
5706,435,26,643.7,185.6,203.5,181.7,0.016
5707,435,39,120.7,772.5,313.1,275.4,0.011
5708,436,36,43.3,854.0,380.0,220.8,0.93
5709,436,4,602.6,844.5,281.3,188.0,0.922
5710,436,26,623.6,187.4,222.3,225.9,0.276
5711,436,56,36.4,135.2,447.5,485.1,0.215
5712,436,37,36.7,133.0,447.1,485.6,0.152
5713,436,42,37.8,132.9,446.6,485.3,0.101
5714,436,4,41.4,855.1,383.3,219.0,0.076
5715,436,53,36.4,136.2,447.7,483.7,0.072
5716,436,51,43.7,856.1,380.1,218.1,0.033
5717,436,27,43.2,856.4,381.4,217.8,0.027
5718,436,1,620.3,194.3,227.7,229.4,0.018
5719,44,44,92.4,721.1,234.0,233.3,0.996
5720,44,3,369.8,153.8,184.2,189.4,0.994
5721,44,13,576.4,671.5,178.8,265.0,0.975
5722,44,18,743.2,1158.1,232.8,121.8,0.012
5723,443,2,83.3,671.5,250.1,474.7,0.968
5724,443,35,567.7,187.2,250.6,251.0,0.929
5725,443,2,83.7,106.9,214.8,430.3,0.916
5726,443,11,536.0,678.6,341.6,482.8,0.577
5727,443,22,535.1,677.6,343.5,485.5,0.538
5728,443,39,534.2,678.1,340.1,484.9,0.196
5729,443,3,567.8,186.4,249.9,254.6,0.169
5730,443,40,567.8,187.9,248.5,250.1,0.154
5731,443,34,536.1,678.8,338.2,483.4,0.081
5732,443,15,567.5,188.6,251.9,249.3,0.046
5733,443,27,0.0,1208.8,270.9,71.2,0.019
5734,444,2,592.5,116.7,257.4,443.9,0.984
5735,444,35,108.2,843.5,261.1,262.6,0.949
5736,444,2,650.9,711.7,221.2,459.5,0.736
5737,444,11,85.0,80.7,337.0,474.8,0.608
5738,444,39,84.9,81.1,334.5,476.4,0.433
5739,444,32,650.4,710.8,222.4,459.3,0.096
5740,444,15,109.3,842.1,263.1,264.2,0.09
5741,444,40,109.2,843.0,260.7,262.4,0.064
5742,444,3,117.5,842.3,252.5,262.6,0.053
5743,444,22,85.4,84.9,335.7,474.2,0.027
5744,444,17,84.9,83.8,333.6,474.7,0.012
5745,449,4,588.5,843.8,284.6,171.2,0.911
5746,449,15,622.2,182.1,245.7,232.8,0.814
5747,449,45,39.2,131.0,385.0,481.5,0.308
5748,449,31,94.0,855.3,211.3,207.8,0.082
5749,449,15,95.6,854.9,210.4,205.5,0.039
5750,449,26,95.3,854.9,207.8,206.5,0.025
5751,449,37,95.6,854.3,213.8,206.6,0.021
5752,449,1,97.7,855.0,207.7,205.8,0.02
5753,449,31,622.1,182.6,247.0,232.1,0.016
5754,449,16,37.8,129.1,382.3,479.4,0.012
5755,449,56,38.9,133.5,386.2,479.1,0.012
5756,449,3,97.2,858.8,207.5,204.9,0.012
5757,449,52,40.3,132.2,383.8,481.3,0.011
5758,452,1,639.6,841.8,193.0,190.7,0.789
5759,452,49,514.4,241.9,404.9,221.7,0.386
5760,452,55,170.2,230.4,201.5,265.6,0.155
5761,452,43,511.5,241.9,405.3,221.3,0.137
5762,452,42,137.1,641.0,306.1,479.6,0.096
5763,452,17,137.5,641.0,304.3,478.7,0.08
5764,452,37,642.0,847.7,191.6,188.8,0.073
5765,452,53,642.5,845.2,191.3,190.7,0.054
5766,452,20,168.4,230.9,203.3,264.3,0.036
5767,452,39,137.9,642.6,303.9,476.8,0.031
5768,452,37,511.8,243.2,406.8,216.9,0.028
5769,452,53,134.8,635.2,308.3,481.7,0.027
5770,452,45,169.3,230.9,204.3,265.0,0.024
5771,452,16,512.4,242.2,409.0,221.4,0.023
5772,452,55,642.7,844.7,191.3,190.1,0.019
5773,452,16,169.2,231.2,203.3,265.4,0.018
5774,452,3,513.2,241.9,410.1,221.6,0.015
5775,452,7,136.2,641.9,308.4,474.3,0.011
5776,454,2,103.9,708.4,228.0,476.7,0.995
5777,454,11,482.4,592.8,311.7,521.6,0.906
5778,454,46,563.6,198.3,266.5,268.0,0.596
5779,454,18,128.5,93.1,229.7,462.9,0.104
5780,454,2,128.0,92.9,230.5,464.7,0.099
5781,454,17,485.7,593.2,309.4,516.3,0.05
5782,454,22,486.2,592.5,310.2,519.0,0.029
5783,454,32,128.0,93.8,231.8,461.1,0.021
5784,454,34,483.1,592.9,312.2,524.4,0.019
5785,454,32,0.0,1208.6,273.5,71.4,0.015
5786,454,30,564.4,198.7,262.7,264.7,0.012
5787,454,12,128.5,93.8,230.0,462.0,0.011
5788,455,2,602.1,31.4,216.2,478.6,0.974
5789,455,46,96.7,796.1,269.5,269.9,0.503
5790,455,18,579.6,685.6,239.4,487.6,0.47
5791,455,11,142.5,89.0,297.9,518.3,0.435
5792,455,22,146.2,84.2,294.2,522.4,0.199
5793,455,32,579.5,685.2,236.2,486.4,0.063
5794,455,14,93.4,797.3,273.9,272.3,0.04
5795,455,2,577.4,685.6,239.5,490.2,0.027
5796,455,39,147.3,88.5,288.1,517.5,0.023
5797,455,34,143.2,87.4,293.4,521.9,0.016
5798,455,3,97.6,796.4,270.7,271.7,0.011
5799,456,2,590.3,78.6,213.0,453.4,0.996
5800,456,11,146.3,130.8,292.3,504.1,0.649
5801,456,18,584.7,690.5,250.9,492.2,0.333
5802,456,46,96.1,807.7,278.7,280.4,0.195
5803,456,39,144.9,128.4,292.5,504.5,0.181
5804,456,14,93.7,805.5,280.2,282.8,0.138
5805,456,7,583.1,684.3,254.1,489.4,0.036
5806,456,17,589.9,81.0,211.4,449.6,0.03
5807,456,22,145.9,130.4,290.1,503.4,0.018
5808,456,53,581.7,687.8,255.5,484.1,0.014
5809,456,48,584.7,689.0,251.1,492.6,0.01
5810,457,2,633.4,72.3,225.4,478.4,0.996
5811,457,11,122.6,153.8,271.0,530.4,0.605
5812,457,2,622.1,676.5,242.7,497.2,0.463
5813,457,18,624.6,674.4,240.5,501.8,0.281
5814,457,39,122.0,154.6,272.0,529.1,0.202
5815,457,46,135.9,836.1,271.9,273.8,0.144
5816,457,14,134.6,834.3,273.7,272.9,0.089
5817,457,22,122.1,155.2,271.9,527.8,0.08
5818,457,30,136.4,836.8,274.8,271.6,0.032
5819,458,2,623.7,115.8,228.8,452.8,0.969
5820,458,11,124.2,194.0,267.2,514.4,0.628
5821,458,14,135.1,845.8,282.7,282.6,0.407
5822,458,18,631.3,682.3,253.6,501.9,0.248
5823,458,2,631.1,679.3,252.1,505.8,0.206
5824,458,15,134.2,844.7,282.2,282.6,0.049
5825,458,7,631.1,685.5,251.6,486.3,0.024
5826,458,39,124.8,194.8,264.4,511.7,0.018
5827,458,30,136.7,845.9,276.7,280.6,0.013
5828,458,46,135.8,847.1,278.3,278.8,0.013
5829,459,2,81.4,659.9,220.8,486.8,0.995
5830,459,11,549.9,515.3,275.2,528.0,0.926
5831,459,46,524.4,165.4,265.5,262.0,0.42
5832,459,2,88.9,91.4,223.3,472.7,0.28
5833,459,17,547.6,514.0,277.9,523.9,0.079
5834,459,24,526.0,165.9,265.4,262.2,0.063
5835,459,12,87.6,88.9,226.8,471.3,0.014
5836,46,2,586.7,75.4,245.8,474.7,0.994
5837,46,11,103.8,112.2,314.7,502.4,0.776
5838,46,14,117.5,789.9,321.3,317.4,0.376
5839,46,2,599.7,713.6,234.1,450.0,0.195
5840,46,32,600.7,711.6,232.7,452.1,0.101
5841,46,46,117.6,788.0,320.3,318.7,0.035
5842,46,53,599.9,703.8,232.6,457.0,0.032
5843,46,32,116.7,787.9,321.8,318.8,0.021
5844,46,22,104.4,114.3,317.6,500.0,0.017
5845,46,17,598.8,714.1,236.7,449.4,0.016
5846,46,34,107.5,113.1,308.4,501.0,0.011
5847,46,51,825.9,1158.5,150.1,121.5,0.011
5848,460,2,97.0,660.6,201.8,491.1,0.993
5849,460,11,517.3,580.4,287.2,507.4,0.969
5850,460,32,85.4,124.7,252.8,386.5,0.94
5851,460,32,492.3,129.5,310.6,298.3,0.349
5852,460,46,494.0,129.4,311.1,299.6,0.126
5853,460,17,517.4,575.1,287.6,511.0,0.114
5854,460,17,85.6,124.8,253.4,385.2,0.09
5855,460,17,94.5,661.4,205.7,486.4,0.043
5856,460,34,514.5,583.5,293.7,500.7,0.023
5857,462,2,627.7,112.9,199.0,452.6,0.995
5858,462,11,143.1,158.7,285.2,493.6,0.958
5859,462,32,605.3,739.6,276.7,411.6,0.749
5860,462,46,121.2,840.4,326.2,327.5,0.176
5861,462,14,119.6,841.6,330.6,326.8,0.132
5862,462,32,119.5,840.1,327.9,328.7,0.1
5863,462,39,141.7,158.1,289.9,490.6,0.077
5864,463,4,132.0,290.1,276.2,172.2,0.951
5865,463,26,124.8,863.6,249.9,231.4,0.108
5866,463,26,628.3,872.6,217.9,209.4,0.1
5867,463,26,681.6,256.7,202.2,193.9,0.084
5868,463,15,629.1,876.2,213.4,208.7,0.056
5869,463,15,680.5,258.1,204.3,196.4,0.039
5870,463,31,682.4,258.4,202.2,196.1,0.03
5871,463,1,685.3,252.8,197.3,201.4,0.029
5872,463,16,681.0,257.6,204.6,197.2,0.027
5873,463,31,132.4,868.5,230.7,229.6,0.021
5874,463,31,628.9,875.6,213.8,209.5,0.016
5875,463,26,262.6,869.8,101.4,225.0,0.012
5876,463,15,131.2,869.5,231.9,227.9,0.011
5877,464,4,562.0,809.2,286.5,178.9,0.983
5878,464,15,136.2,186.2,205.7,199.6,0.475
5879,464,26,67.3,807.4,209.4,213.4,0.422
5880,464,26,596.0,168.6,219.8,219.2,0.227
5881,464,26,136.5,181.7,207.1,205.9,0.107
5882,464,15,594.8,174.2,219.2,211.6,0.099
5883,464,3,67.5,809.0,213.5,210.6,0.031
5884,464,31,135.5,185.8,206.8,201.2,0.028
5885,464,15,65.1,814.8,213.0,205.9,0.027
5886,464,31,61.4,814.7,215.8,207.0,0.016
5887,464,55,594.8,173.3,219.0,212.3,0.012
5888,464,25,138.3,182.4,194.4,202.9,0.012
5889,464,37,594.7,174.2,221.3,211.6,0.012
5890,465,4,588.9,842.2,286.6,173.1,0.952
5891,465,26,621.6,170.2,229.7,221.9,0.214
5892,465,26,152.2,196.1,213.0,200.8,0.139
5893,465,26,96.1,855.1,208.7,208.4,0.114
5894,465,31,95.0,856.8,212.3,208.5,0.104
5895,465,15,96.1,856.3,211.3,206.1,0.048
5896,465,31,623.0,173.9,227.2,218.4,0.046
5897,465,15,153.4,193.6,213.4,200.3,0.043
5898,465,35,622.0,175.3,227.3,218.2,0.034
5899,465,25,154.3,197.5,194.9,195.9,0.031
5900,465,1,153.0,189.8,211.9,209.9,0.031
5901,465,1,99.3,855.2,208.8,208.2,0.03
5902,465,16,624.3,175.6,224.3,216.8,0.029
5903,465,1,623.1,173.6,226.6,220.5,0.024
5904,465,37,95.6,855.7,215.6,207.2,0.015
5905,465,15,621.2,174.5,228.7,219.2,0.013
5906,465,37,155.0,192.1,213.2,199.9,0.012
5907,465,16,154.6,192.9,211.3,200.1,0.011
5908,465,31,152.9,193.9,212.6,202.2,0.01
5909,468,2,593.7,129.0,208.2,455.6,0.989
5910,468,32,602.3,747.6,267.9,418.8,0.985
5911,468,35,153.4,873.0,262.3,265.2,0.945
5912,468,11,119.9,130.2,300.7,486.0,0.904
5913,468,3,155.6,870.1,259.1,268.7,0.132
5914,468,40,154.6,871.9,260.1,266.0,0.053
5915,468,39,122.3,131.4,299.1,484.9,0.047
5916,468,17,121.7,130.9,298.8,485.3,0.016
5917,469,4,606.3,790.5,272.7,210.3,0.978
5918,469,37,119.5,771.2,318.1,277.7,0.92
5919,469,53,603.2,120.4,255.8,396.0,0.651
5920,469,53,120.6,771.9,317.3,278.1,0.074
5921,469,31,146.4,222.5,214.7,201.3,0.044
5922,469,26,146.9,227.3,215.9,196.8,0.043
5923,469,15,147.4,222.0,213.2,200.5,0.038
5924,469,42,602.6,126.2,256.1,391.2,0.032
5925,469,1,148.4,219.9,213.8,209.4,0.017
5926,469,54,603.0,125.9,254.6,393.5,0.012
5927,469,37,148.1,222.4,215.2,200.9,0.012
5928,469,39,121.2,773.1,315.6,276.0,0.01
5929,47,2,89.6,666.4,251.4,470.3,0.98
5930,47,11,533.8,583.0,307.4,506.3,0.835
5931,47,2,110.5,105.3,230.5,434.8,0.514
5932,47,14,493.9,168.5,313.2,298.5,0.102
5933,47,30,495.4,166.3,309.9,302.4,0.072
5934,47,17,112.1,104.7,229.3,433.7,0.05
5935,47,46,495.4,167.9,310.3,299.2,0.045
5936,47,17,533.5,581.5,304.1,507.5,0.026
5937,47,32,110.2,108.1,230.7,430.9,0.016
5938,47,51,0.0,1211.1,277.7,68.9,0.015
5939,47,32,0.0,1209.7,290.8,70.3,0.012
5940,472,31,626.6,148.1,239.6,227.4,0.57
5941,472,16,627.4,148.6,239.2,227.3,0.455
5942,472,23,631.6,851.6,220.4,136.1,0.446
5943,472,5,148.2,190.7,211.3,201.8,0.275
5944,472,23,150.3,189.6,209.9,201.8,0.181
5945,472,31,185.8,713.1,221.9,365.6,0.104
5946,472,37,631.3,849.7,220.9,137.1,0.084
5947,472,53,184.4,714.7,220.1,364.4,0.054
5948,472,16,185.7,716.3,222.7,359.5,0.032
5949,472,4,629.5,849.8,213.7,138.7,0.031
5950,472,39,185.8,701.6,222.0,374.6,0.028
5951,472,54,185.8,714.0,219.8,362.9,0.027
5952,472,37,626.9,147.5,238.9,229.3,0.026
5953,472,37,151.1,189.6,209.2,201.6,0.02
5954,472,3,149.5,190.8,210.5,199.7,0.019
5955,472,51,184.8,716.0,220.8,361.4,0.016
5956,472,4,148.9,190.4,210.4,201.3,0.015
5957,472,3,185.6,713.8,220.4,363.4,0.013
5958,472,15,627.3,151.6,239.9,224.3,0.012
5959,472,53,147.8,190.4,212.6,201.5,0.012
5960,472,3,630.2,850.6,218.6,137.4,0.011
5961,472,36,631.4,850.2,220.4,138.3,0.011
5962,474,16,116.1,881.8,243.0,236.5,0.734
5963,474,23,633.4,872.7,218.1,215.0,0.261
5964,474,3,153.6,308.6,213.4,147.4,0.226
5965,474,31,114.0,880.0,246.8,239.2,0.221
5966,474,23,157.2,307.9,210.5,147.6,0.158
5967,474,37,157.0,307.5,211.3,148.0,0.104
5968,474,55,115.4,881.4,243.8,235.9,0.045
5969,474,21,634.1,874.6,218.8,211.8,0.044
5970,474,42,589.3,236.7,214.8,337.3,0.039
5971,474,8,587.6,233.2,218.3,339.0,0.026
5972,474,16,591.5,238.8,213.0,333.8,0.025
5973,474,37,633.5,873.3,219.5,214.4,0.023
5974,474,53,590.7,238.0,213.7,337.4,0.019
5975,474,20,589.9,239.9,213.8,333.4,0.019
5976,474,4,151.3,307.8,217.4,145.6,0.015
5977,474,4,633.2,873.0,220.2,213.5,0.015
5978,474,37,114.1,880.9,246.1,240.0,0.013
5979,474,54,632.6,872.7,219.9,215.3,0.012
5980,475,2,590.9,100.2,210.7,450.5,0.996
5981,475,35,123.6,822.2,261.2,265.8,0.936
5982,475,2,598.2,717.0,235.2,512.9,0.695
5983,475,11,94.3,149.9,304.8,483.0,0.39
5984,475,22,93.7,149.1,304.6,480.0,0.302
5985,475,39,96.2,150.0,303.0,479.4,0.296
5986,475,15,125.4,823.4,256.5,264.9,0.15
5987,475,17,590.3,99.0,211.0,452.9,0.075
5988,475,40,125.7,821.8,257.5,266.3,0.072
5989,475,3,124.8,824.5,259.0,262.2,0.052
5990,475,17,596.2,721.3,239.9,505.5,0.043
5991,475,34,97.5,149.4,302.5,478.6,0.032
5992,477,2,597.9,48.1,215.2,487.1,0.998
5993,477,35,121.2,813.6,256.3,255.0,0.942
5994,477,2,586.1,715.0,234.9,499.8,0.447
5995,477,22,92.2,105.7,310.7,492.9,0.238
5996,477,39,93.6,106.1,309.5,491.9,0.146
5997,477,3,123.1,811.7,253.1,256.8,0.102
5998,477,18,585.9,715.4,235.1,497.9,0.073
5999,477,40,122.7,813.2,254.5,253.8,0.058
6000,477,11,91.1,108.9,314.1,492.2,0.04
6001,477,15,123.2,812.2,255.1,254.3,0.027
6002,477,34,91.3,107.1,311.8,491.9,0.027
6003,477,17,586.6,719.4,235.8,491.2,0.024
6004,477,26,873.8,1232.4,102.2,47.6,0.024
6005,477,17,596.1,48.6,219.2,482.9,0.018
6006,479,4,535.6,777.0,269.2,224.8,0.956
6007,479,34,62.2,83.0,376.0,468.9,0.904
6008,479,56,634.3,177.2,184.9,245.5,0.31
6009,479,53,635.1,175.3,185.6,247.4,0.288
6010,479,54,634.4,177.0,183.5,245.3,0.26
6011,479,56,146.8,776.0,179.9,208.6,0.109
6012,479,22,61.0,82.9,372.9,469.1,0.053
6013,479,53,146.9,774.8,180.2,208.9,0.042
6014,479,54,147.5,775.0,178.6,209.0,0.023
6015,481,2,622.2,115.3,231.6,453.3,0.976
6016,481,11,88.9,122.4,295.3,479.5,0.879
6017,481,14,135.2,845.7,281.4,283.0,0.476
6018,481,39,87.3,119.8,294.7,481.7,0.328
6019,481,18,629.2,683.1,254.5,501.4,0.311
6020,481,46,136.5,846.2,275.3,280.3,0.029
6021,481,34,88.1,123.6,296.9,477.3,0.018
6022,481,30,136.9,845.3,277.2,280.9,0.016
6023,481,17,89.9,122.1,292.3,477.4,0.013
6024,482,2,81.6,659.8,220.2,486.2,0.997
6025,482,11,558.5,628.1,315.5,494.6,0.907
6026,482,22,558.9,626.6,314.6,495.4,0.481
6027,482,2,89.8,91.7,222.0,472.8,0.402
6028,482,46,524.9,165.6,264.9,262.1,0.321
6029,482,34,556.0,629.8,318.5,493.4,0.064
6030,484,18,483.9,114.6,418.7,544.0,0.996
6031,484,48,23.4,327.6,292.2,325.1,0.994
6032,484,3,420.9,894.8,189.8,192.7,0.993
6033,484,20,24.6,326.3,292.7,325.3,0.013
6034,484,25,0.0,1225.2,106.3,54.5,0.011
6035,485,48,625.7,532.0,286.7,345.0,0.993
6036,485,18,39.1,519.7,430.1,594.8,0.992
6037,485,3,327.5,145.4,184.7,190.1,0.991
6038,485,20,624.8,524.3,291.8,353.5,0.041
6039,485,19,691.6,1146.9,284.4,132.9,0.014
6040,485,18,705.3,1146.7,270.7,133.3,0.011
6041,486,18,76.8,615.9,432.8,597.5,0.999
6042,486,48,660.9,631.7,295.5,348.6,0.992
6043,486,3,368.0,206.1,187.0,181.7,0.99
6044,486,18,663.9,626.2,291.4,355.2,0.017
6045,486,20,662.2,629.3,297.4,347.7,0.016
6046,487,4,605.4,791.5,273.2,208.8,0.981
6047,487,37,119.0,770.6,316.9,277.4,0.924
6048,487,14,649.0,184.6,192.7,180.7,0.752
6049,487,23,648.0,183.7,196.1,180.5,0.129
6050,487,31,648.7,184.8,191.9,180.2,0.087
6051,487,18,90.4,43.9,405.0,518.1,0.081
6052,487,56,90.2,43.8,403.8,517.5,0.059
6053,487,53,119.6,772.2,317.0,277.4,0.047
6054,487,42,90.3,43.2,404.8,518.3,0.046
6055,487,35,648.5,185.3,194.1,179.4,0.04
6056,487,17,90.0,43.4,404.5,516.4,0.024
6057,487,53,89.6,44.9,405.3,516.9,0.015
6058,487,1,646.3,186.1,200.0,180.6,0.014
6059,487,24,88.9,43.8,403.7,517.3,0.014
6060,487,4,648.3,185.3,191.9,180.5,0.012
6061,487,39,89.8,42.5,404.6,518.6,0.011
6062,493,1,189.3,287.7,195.4,155.8,0.942
6063,493,16,123.0,886.0,244.0,240.0,0.765
6064,493,23,680.9,901.6,168.1,159.1,0.601
6065,493,14,681.7,901.4,168.4,159.7,0.159
6066,493,31,124.3,885.7,242.6,239.7,0.131
6067,493,24,682.3,277.0,179.4,168.3,0.057
6068,493,31,682.1,901.9,167.1,159.0,0.039
6069,493,44,682.3,276.4,180.1,169.6,0.037
6070,493,53,684.5,275.9,177.1,170.7,0.034
6071,493,37,185.3,289.4,199.8,158.3,0.033
6072,493,55,124.8,886.8,240.6,233.6,0.031
6073,493,15,124.6,886.5,241.7,240.6,0.027
6074,493,14,684.3,275.9,173.8,170.4,0.022
6075,493,35,682.3,901.4,165.1,161.1,0.022
6076,493,53,185.9,290.4,200.4,156.4,0.017
6077,493,16,185.5,290.0,200.6,156.6,0.016
6078,493,26,189.1,292.5,191.6,155.0,0.014
6079,493,16,683.7,275.5,178.1,170.6,0.013
6080,493,55,184.7,289.6,202.2,156.9,0.013
6081,493,23,682.7,275.8,178.9,170.4,0.011
6082,494,1,589.7,829.0,202.0,160.0,0.98
6083,494,14,134.9,211.2,154.5,151.8,0.719
6084,494,16,591.2,138.4,230.9,224.1,0.618
6085,494,31,591.0,137.6,232.3,224.8,0.488
6086,494,23,134.1,211.8,156.1,151.1,0.275
6087,494,5,92.0,832.4,181.4,179.4,0.25
6088,494,55,592.1,138.7,229.8,223.7,0.122
6089,494,23,93.6,832.1,180.5,180.5,0.112
6090,494,37,587.7,828.6,201.9,160.1,0.083
6091,494,14,91.0,832.7,183.2,178.8,0.066
6092,494,53,586.7,829.6,204.3,160.5,0.064
6093,494,23,588.3,828.7,202.2,161.0,0.055
6094,494,44,93.1,832.5,181.3,178.4,0.038
6095,494,53,90.2,832.3,182.9,179.5,0.035
6096,494,15,590.2,137.1,233.7,225.4,0.023
6097,494,26,590.3,831.9,208.7,159.1,0.019
6098,494,4,135.1,211.4,154.7,152.3,0.016
6099,494,1,93.4,834.6,177.0,178.7,0.016
6100,496,3,395.6,871.0,187.9,193.2,0.998
6101,496,54,165.1,294.4,186.0,249.0,0.881
6102,496,7,498.5,183.0,369.2,368.0,0.854
6103,496,53,492.2,181.6,374.7,365.9,0.077
6104,496,19,495.2,179.9,374.3,357.6,0.034
6105,497,3,353.8,159.7,182.4,185.6,0.978
6106,497,7,54.3,654.4,385.1,378.2,0.832
6107,497,54,585.6,670.4,197.0,257.5,0.774
6108,497,19,65.5,652.8,371.7,381.7,0.038
6109,497,25,0.0,1240.4,100.9,39.4,0.018
6110,497,20,583.1,668.0,200.2,259.6,0.015
6111,497,51,0.0,1221.9,241.1,58.1,0.014
6112,497,54,804.4,1175.0,171.6,105.0,0.011
6113,499,4,124.0,276.2,271.4,185.6,0.971
6114,499,15,166.4,835.6,251.8,240.3,0.945
6115,499,34,520.8,728.7,443.1,461.2,0.917
6116,499,36,570.2,229.8,372.0,219.5,0.806
6117,499,27,571.2,232.1,371.3,216.2,0.02
6118,499,51,571.6,229.6,368.9,220.5,0.018
6119,499,4,570.1,230.3,387.8,218.7,0.01
6120,5,42,613.0,718.1,275.2,439.3,0.984
6121,5,1,180.1,264.9,128.5,198.8,0.976
6122,5,33,95.4,896.2,297.3,163.1,0.64
6123,5,42,566.0,110.4,287.8,483.8,0.455
6124,5,39,569.2,107.3,285.4,486.6,0.339
6125,5,17,565.7,110.6,288.1,482.2,0.163
6126,5,3,94.0,896.0,297.9,166.4,0.053
6127,5,53,182.8,265.9,126.4,199.7,0.048
6128,5,37,90.6,895.0,301.2,166.9,0.041
6129,5,53,567.2,104.2,295.9,487.0,0.018
6130,5,3,613.5,714.4,271.0,443.9,0.015
6131,5,17,97.1,895.4,296.3,165.3,0.012
6132,500,34,38.0,68.5,422.5,434.0,0.967
6133,500,4,573.9,810.0,285.9,195.1,0.949
6134,500,15,544.4,187.8,242.1,229.4,0.927
6135,500,36,6.1,811.3,384.0,223.4,0.775
6136,500,51,1.7,811.2,389.8,223.9,0.057
6137,500,27,4.3,813.4,387.6,222.9,0.041
6138,500,16,544.6,188.1,240.2,231.6,0.012
6139,501,34,39.6,81.5,448.4,442.0,0.954
6140,501,4,601.7,844.9,283.2,188.0,0.915
6141,501,36,42.1,852.8,381.6,223.8,0.905
6142,501,15,572.6,195.1,246.4,232.3,0.685
6143,501,4,39.8,854.6,385.3,221.5,0.043
6144,501,27,42.2,855.8,382.8,220.9,0.037
6145,501,51,40.6,855.9,384.3,220.3,0.026
6146,502,4,124.5,275.8,271.2,186.0,0.971
6147,502,36,570.0,230.7,371.5,218.3,0.72
6148,502,45,547.4,730.9,414.8,417.4,0.558
6149,502,26,133.3,849.6,237.4,232.1,0.427
6150,502,27,569.8,232.2,371.9,216.0,0.017
6151,503,4,574.5,810.4,284.1,193.3,0.961
6152,503,36,8.9,811.2,380.9,224.5,0.836
6153,503,26,590.6,190.5,217.5,215.9,0.818
6154,503,45,36.0,100.8,399.1,400.5,0.51
6155,503,27,5.1,813.9,387.0,222.9,0.066
6156,503,36,52.6,114.4,375.6,384.8,0.063
6157,503,51,4.9,810.5,387.7,225.5,0.052
6158,503,37,586.4,190.6,224.3,214.5,0.03
6159,503,56,37.6,100.5,395.9,398.2,0.026
6160,503,27,33.7,110.3,390.2,387.7,0.022
6161,506,3,349.3,139.6,185.4,190.1,0.977
6162,506,55,532.1,629.4,201.4,304.1,0.916
6163,506,46,83.3,697.5,209.0,213.2,0.834
6164,506,14,82.5,700.9,209.1,207.5,0.027
6165,506,53,755.3,1166.2,220.7,113.7,0.024
6166,507,3,393.6,196.1,183.4,184.9,0.979
6167,507,55,574.2,725.7,196.6,295.4,0.921
6168,507,46,126.5,786.5,203.8,205.0,0.585
6169,507,14,125.0,785.8,205.6,203.7,0.055
6170,507,21,125.1,785.5,204.6,204.4,0.012
6171,508,3,419.7,870.9,189.8,193.2,0.998
6172,508,30,168.3,260.7,183.2,188.7,0.766
6173,508,7,538.0,239.8,340.8,350.5,0.576
6174,508,19,541.9,233.5,337.9,358.6,0.308
6175,508,56,539.0,239.5,335.6,360.2,0.26
6176,508,14,167.4,262.2,183.2,187.2,0.215
6177,508,25,0.0,1221.6,125.8,58.2,0.018
6178,508,4,546.2,278.6,281.4,312.9,0.016
6179,508,54,0.0,1204.3,158.0,75.7,0.012
6180,508,23,540.6,327.9,327.3,264.8,0.011
6181,509,3,327.9,166.3,185.6,189.5,0.989
6182,509,30,588.0,781.4,188.5,194.0,0.885
6183,509,19,45.0,607.4,349.1,383.0,0.345
6184,509,56,43.9,607.9,351.1,380.9,0.297
6185,509,7,46.3,605.0,358.4,391.8,0.229
6186,509,14,587.8,780.4,189.3,192.1,0.054
6187,509,53,744.2,1177.8,231.8,102.1,0.046
6188,509,4,52.1,607.3,342.5,382.8,0.039
6189,509,18,43.8,608.8,348.6,379.8,0.025
6190,509,56,794.9,1175.8,181.1,104.2,0.015
6191,509,22,798.4,1175.9,177.6,104.1,0.013
6192,511,4,149.3,217.9,250.7,225.6,0.961
6193,511,34,573.7,739.6,393.5,498.4,0.801
6194,511,24,646.2,279.2,217.4,169.9,0.696
6195,511,53,645.5,277.8,217.7,170.0,0.165
6196,511,37,92.3,904.8,278.8,166.5,0.124
6197,511,53,90.3,905.2,280.6,166.5,0.085
6198,511,33,90.7,904.7,279.6,168.1,0.068
6199,511,16,91.7,905.7,278.6,165.9,0.057
6200,511,45,573.2,740.6,390.6,496.6,0.034
6201,511,54,91.2,903.1,282.6,169.1,0.029
6202,511,27,91.6,905.8,280.3,166.4,0.027
6203,511,37,645.6,277.6,218.1,171.1,0.026
6204,511,3,93.8,903.1,279.0,170.6,0.021
6205,511,4,645.9,277.1,218.0,169.8,0.02
6206,511,36,91.8,903.9,279.8,168.6,0.013
6207,511,4,164.3,222.5,196.3,125.7,0.012
6208,515,53,611.3,144.6,230.0,405.3,0.974
6209,515,4,566.0,814.9,265.3,215.7,0.939
6210,515,45,85.1,185.4,439.0,367.5,0.802
6211,515,23,177.5,813.2,179.0,203.9,0.349
6212,515,42,614.6,146.3,220.2,398.3,0.09
6213,515,56,84.1,188.1,437.8,366.1,0.04
6214,515,27,85.7,184.9,431.0,372.5,0.037
6215,515,56,178.0,813.6,178.6,207.1,0.035
6216,515,1,613.2,233.1,231.9,307.4,0.027
6217,515,53,178.2,814.1,180.1,204.3,0.014
6218,515,4,178.8,812.8,180.0,204.4,0.01
6219,516,4,170.8,281.3,260.9,213.9,0.944
6220,516,53,143.6,706.5,232.5,402.9,0.926
6221,516,45,471.1,697.0,448.0,384.1,0.431
6222,516,55,637.6,291.5,171.9,201.3,0.096
6223,516,16,637.3,291.3,171.6,200.3,0.093
6224,516,42,142.3,709.0,230.5,409.5,0.063
6225,516,1,632.8,294.7,178.4,195.2,0.03
6226,516,54,634.6,291.8,173.5,199.3,0.025
6227,516,56,473.7,700.2,441.1,378.1,0.024
6228,516,27,484.8,708.2,434.7,369.2,0.016
6229,516,26,629.5,295.3,180.0,193.8,0.016
6230,516,4,638.9,293.0,173.8,200.0,0.014
6231,516,37,634.6,291.9,172.8,199.0,0.013
6232,516,17,140.8,707.2,234.6,410.1,0.011
6233,516,4,180.2,283.5,145.2,121.1,0.011
6234,517,4,588.0,845.4,286.3,168.8,0.913
6235,517,53,639.1,207.5,197.7,253.0,0.353
6236,517,54,639.4,211.2,194.8,251.1,0.183
6237,517,35,95.0,854.6,210.6,207.2,0.121
6238,517,56,639.3,210.3,196.0,250.3,0.115
6239,517,31,93.4,855.0,212.6,208.1,0.097
6240,517,8,638.9,209.5,195.4,251.4,0.067
6241,517,42,29.1,13.1,375.4,531.0,0.046
6242,517,49,26.3,12.7,374.7,530.8,0.04
6243,517,15,95.9,854.4,209.6,206.1,0.036
6244,517,17,29.5,8.2,374.0,534.7,0.034
6245,517,26,96.4,854.3,207.0,207.1,0.03
6246,517,3,95.2,854.8,208.4,208.6,0.028
6247,517,37,28.9,11.6,376.8,535.3,0.027
6248,517,37,95.4,853.8,214.1,207.7,0.023
6249,517,53,26.4,29.4,365.4,509.0,0.014
6250,517,16,95.8,854.1,210.0,206.8,0.011
6251,517,45,27.9,12.5,375.1,534.7,0.01
6252,518,4,559.3,809.3,286.9,177.3,0.977
6253,518,54,612.1,205.8,190.4,242.6,0.443
6254,518,53,610.8,202.5,192.8,245.0,0.31
6255,518,26,67.1,806.1,206.0,211.1,0.216
6256,518,56,611.9,205.0,189.5,243.3,0.118
6257,518,3,66.0,808.7,209.6,208.6,0.067
6258,518,42,16.9,9.2,361.8,511.1,0.057
6259,518,31,61.5,813.7,213.7,204.6,0.052
6260,518,53,19.2,9.7,356.4,510.4,0.03
6261,518,8,612.5,203.9,190.3,244.4,0.026
6262,518,15,64.4,814.2,211.1,203.6,0.023
6263,518,37,17.0,6.6,363.1,515.1,0.018
6264,518,37,62.8,816.5,216.1,202.3,0.011
6265,519,4,132.8,289.7,276.9,173.1,0.931
6266,519,54,146.3,803.6,201.6,255.0,0.294
6267,519,56,144.7,802.7,204.0,255.7,0.219
6268,519,53,145.9,802.4,204.5,256.5,0.115
6269,519,3,685.6,255.5,198.6,197.1,0.055
6270,519,42,599.8,699.7,376.2,540.8,0.049
6271,519,53,606.3,768.5,369.7,459.5,0.037
6272,519,31,683.4,257.9,203.9,196.7,0.033
6273,519,53,598.6,706.2,377.4,397.5,0.026
6274,519,26,684.4,257.3,201.1,192.4,0.022
6275,519,15,684.4,258.0,203.7,196.9,0.022
6276,519,17,600.1,698.7,375.9,541.4,0.021
6277,520,4,174.1,278.8,260.6,214.6,0.943
6278,520,44,123.2,878.6,236.1,230.3,0.634
6279,520,26,618.1,905.5,213.3,208.9,0.232
6280,520,16,125.4,881.0,231.7,228.0,0.088
6281,520,31,638.7,292.9,173.8,200.0,0.086
6282,520,55,638.5,292.8,173.7,201.0,0.055
6283,520,16,638.3,292.4,173.5,201.5,0.054
6284,520,15,126.3,879.6,231.8,229.6,0.033
6285,520,23,635.5,293.7,176.4,198.4,0.023
6286,520,1,617.4,910.3,216.9,205.2,0.021
6287,520,1,634.2,295.0,180.1,194.9,0.021
6288,520,37,635.7,293.5,175.9,198.6,0.017
6289,520,25,618.8,910.4,194.8,202.7,0.015
6290,520,13,635.6,294.1,175.5,197.6,0.014
6291,521,44,601.4,159.0,222.1,214.4,0.972
6292,521,4,533.3,776.5,270.6,225.9,0.953
6293,521,15,146.2,156.2,208.8,199.6,0.337
6294,521,56,144.5,774.9,180.6,208.9,0.139
6295,521,54,144.7,775.1,180.2,208.4,0.089
6296,521,26,144.1,144.0,215.6,218.0,0.056
6297,521,31,144.7,156.3,208.6,200.3,0.02
6298,521,53,143.6,774.1,181.4,208.1,0.017
6299,522,4,562.1,814.5,267.9,219.5,0.967
6300,522,44,629.2,161.5,226.8,217.6,0.944
6301,522,23,174.5,811.1,180.3,205.7,0.433
6302,522,26,160.9,161.3,212.1,203.2,0.367
6303,522,13,175.7,812.5,179.4,208.7,0.076
6304,522,31,161.1,160.7,214.3,200.7,0.059
6305,522,15,160.9,160.3,215.7,200.2,0.031
6306,522,53,177.0,812.0,179.5,205.6,0.027
6307,522,56,175.2,811.6,179.9,210.7,0.017
6308,522,37,161.5,161.0,216.3,200.4,0.012
6309,522,24,174.3,811.9,180.4,206.2,0.011
6310,522,25,164.2,161.3,199.5,204.6,0.011
6311,525,4,124.0,307.3,268.8,201.6,0.986
6312,525,14,139.9,892.7,198.4,194.1,0.948
6313,525,37,563.4,257.2,304.3,270.3,0.927
6314,525,21,139.6,892.0,198.6,194.9,0.147
6315,525,31,140.8,892.2,196.5,195.0,0.101
6316,525,26,638.2,866.1,211.7,212.6,0.09
6317,525,23,138.5,890.6,199.3,197.4,0.056
6318,525,39,563.3,258.4,302.5,268.3,0.023
6319,525,1,640.4,866.1,215.6,212.7,0.018
6320,525,53,562.3,258.2,308.5,269.6,0.014
6321,525,37,637.9,866.1,217.7,215.5,0.012
6322,525,31,639.0,866.6,215.0,213.9,0.012
6323,526,4,146.5,218.8,251.7,225.1,0.949
6324,526,15,99.1,849.8,252.6,244.1,0.828
6325,526,24,643.6,278.8,218.7,170.4,0.648
6326,526,45,549.7,707.3,318.9,476.9,0.5
6327,526,56,549.7,708.4,319.6,474.0,0.092
6328,526,53,643.0,277.4,218.8,170.5,0.086
6329,526,37,642.3,276.8,219.8,172.2,0.023
6330,526,55,553.3,701.7,312.6,479.0,0.022
6331,526,4,166.9,223.3,202.0,121.7,0.018
6332,526,17,551.3,707.7,315.8,474.1,0.017
6333,526,16,550.1,716.6,318.3,468.8,0.014
6334,526,4,643.7,276.6,218.5,170.2,0.013
6335,527,4,600.1,864.1,262.3,236.0,0.961
6336,527,15,639.1,176.3,246.2,232.5,0.719
6337,527,45,135.2,72.3,320.1,468.6,0.316
6338,527,24,126.9,865.3,222.1,169.1,0.27
6339,527,32,133.9,71.9,321.2,468.3,0.119
6340,527,53,125.5,865.6,223.3,169.1,0.078
6341,527,55,130.6,76.6,324.4,467.4,0.026
6342,527,16,131.0,77.7,330.0,466.6,0.017
6343,527,17,134.1,71.1,319.6,467.5,0.016
6344,527,56,134.2,70.8,320.1,467.4,0.012
6345,528,4,570.7,832.5,266.1,239.4,0.964
6346,528,15,609.5,170.6,240.1,231.5,0.93
6347,528,24,91.5,826.8,225.7,174.5,0.602
6348,528,45,122.9,66.8,301.4,447.5,0.539
6349,528,53,92.1,826.7,225.9,175.9,0.086
6350,528,56,123.1,65.2,297.0,448.5,0.043
6351,528,53,119.1,59.1,299.5,456.3,0.035
6352,528,16,121.8,60.3,303.9,454.2,0.016
6353,528,37,92.7,826.5,225.3,175.4,0.015
6354,529,4,602.6,845.2,282.6,187.7,0.933
6355,529,36,42.7,854.6,380.7,221.1,0.918
6356,529,31,107.2,240.7,206.3,198.5,0.81
6357,529,26,618.0,186.8,227.9,228.0,0.407
6358,529,15,107.6,239.3,210.3,198.8,0.102
6359,529,27,42.7,856.7,381.7,218.3,0.042
6360,529,4,40.6,855.8,384.3,219.1,0.039
6361,529,51,38.4,856.8,386.0,218.4,0.029
6362,529,16,106.3,240.5,205.6,199.1,0.023
6363,529,37,107.5,239.5,207.1,199.1,0.021
6364,529,1,620.1,193.1,229.8,227.0,0.017
6365,529,23,106.4,239.1,206.7,199.1,0.015
6366,53,2,648.2,111.9,210.7,457.4,0.997
6367,53,35,130.2,852.3,261.0,263.4,0.922
6368,53,2,604.3,683.8,248.1,502.3,0.497
6369,53,22,95.0,118.4,357.8,472.5,0.471
6370,53,40,131.6,852.0,261.5,263.2,0.136
6371,53,34,94.6,120.0,358.2,467.2,0.115
6372,53,3,135.4,854.1,253.7,263.2,0.087
6373,53,18,603.0,685.1,247.2,498.6,0.039
6374,53,15,131.5,855.5,248.9,260.2,0.023
6375,530,4,124.1,275.9,271.1,185.5,0.968
6376,530,36,570.6,229.4,370.6,219.4,0.754
6377,530,31,679.9,831.8,216.5,208.3,0.635
6378,530,15,681.1,830.8,218.2,209.4,0.521
6379,530,26,127.6,848.5,245.2,232.5,0.233
6380,530,26,669.0,831.3,225.0,205.6,0.229
6381,530,16,680.4,831.2,214.2,209.2,0.064
6382,530,15,136.4,850.2,231.4,227.6,0.052
6383,530,51,570.7,231.3,370.8,216.8,0.023
6384,530,27,571.1,231.1,369.0,216.8,0.02
6385,531,4,574.5,810.0,284.0,194.4,0.968
6386,531,36,7.9,811.3,382.0,223.8,0.936
6387,531,26,591.8,190.6,215.7,215.4,0.868
6388,531,31,89.6,228.3,202.4,196.3,0.826
6389,531,15,89.0,227.2,197.7,197.1,0.172
6390,531,16,89.1,228.5,203.6,196.8,0.083
6391,531,27,6.0,813.6,385.9,223.1,0.055
6392,531,51,4.8,811.2,387.6,222.1,0.047
6393,531,37,588.4,190.4,221.4,214.2,0.026
6394,531,4,11.7,814.9,366.8,220.8,0.011
6395,532,2,591.1,124.8,291.0,432.3,0.996
6396,532,22,122.4,114.5,369.0,430.2,0.759
6397,532,32,74.5,814.7,324.5,324.3,0.423
6398,532,2,613.3,704.3,234.2,497.5,0.298
6399,532,34,123.8,120.0,364.5,424.2,0.203
6400,532,18,613.8,703.5,234.7,498.3,0.119
6401,532,14,71.6,816.1,331.1,325.5,0.115
6402,532,46,74.8,815.7,325.3,324.0,0.039
6403,532,51,614.3,691.9,231.7,503.7,0.016
6404,532,7,612.1,698.6,238.9,501.5,0.015
6405,532,37,121.5,117.3,368.6,425.5,0.014
6406,532,11,121.6,116.5,372.0,427.3,0.013
6407,532,53,613.8,696.7,233.9,499.3,0.011
6408,533,2,605.1,76.5,284.8,465.2,0.988
6409,533,32,74.1,803.6,320.7,317.0,0.621
6410,533,22,112.8,75.1,381.2,429.8,0.594
6411,533,2,600.2,704.6,238.4,485.6,0.315
6412,533,18,601.0,702.2,238.2,487.0,0.123
6413,533,14,71.2,803.9,324.5,317.3,0.089
6414,533,46,74.6,805.5,319.5,315.7,0.078
6415,533,34,117.8,74.6,374.1,428.3,0.037
6416,533,7,601.8,694.2,239.4,493.1,0.017
6417,533,37,116.3,73.8,377.6,427.8,0.011
6418,534,2,49.0,673.7,294.7,469.0,0.988
6419,534,2,102.1,81.0,236.3,461.9,0.672
6420,534,22,445.9,690.0,394.0,445.0,0.379
6421,534,34,445.0,692.4,396.4,438.9,0.175
6422,534,32,540.6,152.8,309.1,302.2,0.151
6423,534,39,445.2,689.5,391.2,445.1,0.139
6424,534,46,539.4,151.9,309.9,303.1,0.093
6425,534,14,535.8,154.4,314.8,301.9,0.078
6426,534,30,542.0,151.8,308.7,303.8,0.043
6427,534,32,0.0,1212.0,316.4,68.0,0.021
6428,534,32,103.3,79.3,237.7,462.3,0.013
6429,534,12,101.3,77.5,237.1,463.8,0.012
6430,534,7,103.2,82.5,236.8,455.5,0.012
6431,535,4,602.5,846.5,282.2,186.7,0.938
6432,535,36,87.0,835.5,339.6,297.7,0.597
6433,535,54,672.1,172.4,179.1,257.5,0.257
6434,535,51,86.5,827.3,340.9,308.2,0.211
6435,535,37,77.8,136.9,407.5,516.9,0.137
6436,535,56,76.5,139.5,408.5,511.8,0.099
6437,535,18,672.1,172.8,180.6,256.1,0.097
6438,535,53,672.2,171.6,181.5,258.9,0.094
6439,535,45,86.4,828.0,340.4,304.3,0.055
6440,535,27,86.7,828.0,340.9,306.5,0.044
6441,535,56,672.6,172.5,177.9,257.6,0.033
6442,535,19,88.2,826.5,337.9,310.4,0.027
6443,535,17,77.5,138.8,407.1,514.0,0.024
6444,535,53,77.8,138.7,405.5,511.8,0.017
6445,536,4,573.8,810.9,284.3,193.4,0.952
6446,536,36,48.9,789.5,348.3,300.3,0.831
6447,536,56,640.5,170.4,172.3,249.6,0.329
6448,536,54,640.3,170.6,170.8,249.8,0.223
6449,536,51,44.9,786.7,352.0,306.1,0.208
6450,536,53,641.1,168.8,173.1,250.8,0.134
6451,536,37,64.8,118.2,398.4,507.3,0.069
6452,536,56,66.1,118.3,394.6,508.0,0.069
6453,536,27,47.9,786.2,348.5,308.1,0.053
6454,537,4,124.0,276.1,272.3,185.0,0.957
6455,537,36,575.8,185.3,328.6,288.4,0.864
6456,537,51,570.5,184.1,334.1,292.0,0.632
6457,537,54,126.4,830.6,191.1,268.2,0.322
6458,537,53,127.8,830.4,189.1,265.0,0.198
6459,537,27,573.1,189.4,329.2,283.7,0.049
6460,537,56,518.8,595.1,403.6,526.4,0.024
6461,537,45,566.9,182.2,335.1,291.0,0.021
6462,537,53,517.7,594.4,404.8,528.8,0.018
6463,537,42,519.5,593.3,402.3,528.6,0.015
6464,537,17,519.5,590.7,402.9,528.3,0.01
6465,539,25,12.3,669.0,350.3,342.9,0.996
6466,539,3,321.0,133.0,186.2,189.1,0.985
6467,539,55,593.6,708.0,198.6,307.9,0.921
6468,539,53,763.5,1182.7,212.5,97.3,0.016
6469,539,22,799.0,1177.7,177.0,102.3,0.012
6470,54,2,70.1,664.6,207.2,485.3,0.993
6471,54,35,545.0,178.0,248.8,252.0,0.919
6472,54,2,117.1,89.8,230.2,468.7,0.797
6473,54,34,459.2,637.7,381.5,491.4,0.691
6474,54,11,460.0,637.0,380.6,492.3,0.381
6475,54,22,457.4,634.2,382.2,494.4,0.309
6476,54,3,543.3,177.3,251.0,253.8,0.209
6477,54,40,544.4,176.4,248.4,251.9,0.159
6478,54,39,451.8,637.9,386.6,490.9,0.02
6479,54,14,543.8,176.1,249.5,252.4,0.02
6480,54,32,0.0,1210.0,241.8,70.0,0.018
6481,54,53,119.4,100.5,224.9,454.4,0.011
6482,540,3,363.7,190.5,184.1,181.7,0.996
6483,540,25,54.1,754.0,346.3,341.1,0.988
6484,540,55,629.5,802.7,200.9,298.8,0.86
6485,541,4,146.9,218.4,251.3,225.2,0.961
6486,541,14,145.2,899.2,193.8,192.8,0.816
6487,541,24,643.0,279.3,219.9,170.0,0.683
6488,541,31,145.3,899.1,194.7,193.0,0.202
6489,541,17,585.6,641.6,326.4,565.0,0.11
6490,541,53,642.9,277.5,220.1,170.5,0.107
6491,541,42,579.9,643.4,332.2,562.2,0.077
6492,541,21,145.1,899.0,194.3,192.9,0.077
6493,541,37,642.8,278.1,218.7,170.7,0.052
6494,541,35,144.7,899.4,193.8,192.4,0.048
6495,541,39,585.7,637.3,325.6,569.8,0.023
6496,541,23,143.8,898.1,196.3,193.0,0.019
6497,541,4,165.3,222.9,203.4,123.0,0.015
6498,541,4,643.4,276.8,220.2,170.1,0.015
6499,542,4,571.0,829.9,266.5,242.3,0.96
6500,542,14,617.3,171.9,184.3,181.4,0.807
6501,542,24,91.5,827.3,227.3,175.1,0.696
6502,542,17,73.5,36.7,310.1,533.1,0.128
6503,542,42,73.1,36.9,311.0,535.7,0.102
6504,542,39,73.6,35.0,309.6,534.0,0.093
6505,542,23,616.5,169.3,184.9,184.7,0.087
6506,542,31,617.4,171.4,184.8,182.5,0.087
6507,542,53,92.6,826.6,226.6,175.9,0.08
6508,542,21,617.8,170.7,183.8,184.2,0.023
6509,542,1,620.1,171.5,183.0,185.7,0.018
6510,542,37,93.0,826.5,226.0,175.0,0.013
6511,542,35,617.9,170.5,183.1,184.0,0.012
6512,542,19,573.0,831.2,264.3,240.1,0.01
6513,543,4,601.2,864.7,258.6,234.1,0.974
6514,543,14,647.1,175.6,189.2,186.9,0.747
6515,543,24,127.3,864.9,221.8,169.3,0.435
6516,543,23,645.7,172.4,194.4,188.6,0.258
6517,543,42,86.3,49.4,321.6,550.1,0.243
6518,543,31,646.2,175.4,190.3,186.9,0.22
6519,543,39,86.4,44.8,320.1,553.5,0.135
6520,543,53,126.0,865.3,222.7,169.3,0.06
6521,543,17,84.2,46.1,322.5,550.3,0.031
6522,543,1,646.4,177.2,192.6,185.7,0.013
6523,543,37,123.4,859.9,224.8,172.6,0.012
6524,545,4,174.1,278.4,261.6,217.7,0.921
6525,545,31,665.3,862.7,211.6,209.7,0.536
6526,545,16,640.0,292.6,173.0,200.7,0.339
6527,545,44,123.8,878.4,235.2,230.1,0.257
6528,545,16,125.3,880.4,231.8,228.0,0.252
6529,545,55,639.4,292.5,173.1,201.5,0.209
6530,545,16,663.6,862.5,212.7,209.7,0.154
6531,545,15,664.2,862.1,212.1,210.3,0.102
6532,545,1,632.4,294.7,183.1,196.4,0.078
6533,545,26,629.6,293.3,184.3,197.1,0.057
6534,545,15,126.7,878.8,230.9,229.8,0.042
6535,545,31,639.3,293.4,174.8,199.7,0.031
6536,545,53,639.7,293.3,174.3,199.9,0.024
6537,545,26,655.9,863.2,221.7,204.9,0.018
6538,545,23,636.8,293.1,175.7,199.5,0.017
6539,545,54,636.9,293.0,174.1,198.7,0.016
6540,545,37,637.1,293.3,175.4,199.3,0.016
6541,546,31,107.7,200.5,201.8,195.3,0.963
6542,546,4,533.9,778.7,269.8,223.8,0.946
6543,546,44,601.4,159.1,221.6,214.9,0.903
6544,546,16,107.5,200.5,200.9,195.2,0.525
6545,546,15,107.8,198.8,202.4,196.3,0.317
6546,546,56,144.3,774.1,180.7,209.6,0.149
6547,546,54,144.6,774.5,180.3,208.7,0.075
6548,546,28,144.1,773.3,180.9,210.0,0.037
6549,546,53,143.4,773.6,181.5,208.1,0.016
6550,547,4,648.8,750.3,212.7,265.7,0.865
6551,547,31,121.9,242.3,205.6,198.2,0.861
6552,547,27,113.1,771.6,335.6,233.4,0.666
6553,547,54,630.7,210.6,184.1,254.2,0.344
6554,547,53,631.1,208.7,187.0,255.0,0.322
6555,547,16,122.0,241.8,205.7,198.9,0.141
6556,547,15,121.4,240.4,202.3,199.3,0.099
6557,547,36,108.8,774.2,339.5,230.4,0.056
6558,547,23,121.8,241.6,208.9,198.8,0.043
6559,547,8,630.0,209.9,184.8,255.3,0.025
6560,547,7,116.7,771.4,317.6,233.3,0.02
6561,547,19,647.9,750.5,213.5,266.1,0.015
6562,548,4,144.9,291.7,210.0,258.0,0.986
6563,548,31,667.6,831.9,206.4,204.8,0.79
6564,548,27,544.5,291.5,326.2,238.2,0.778
6565,548,15,667.1,831.2,208.5,205.3,0.427
6566,548,54,160.1,798.5,199.0,258.2,0.27
6567,548,56,160.6,797.8,197.3,258.4,0.266
6568,548,53,162.1,797.0,197.4,258.2,0.102
6569,548,16,667.8,830.4,207.5,206.7,0.085
6570,548,51,539.8,291.4,332.5,237.8,0.018
6571,548,36,545.4,287.5,326.6,241.7,0.016
6572,548,26,663.9,836.6,210.5,196.1,0.014
6573,55,3,423.0,848.0,189.6,191.7,0.999
6574,55,25,47.4,282.5,343.1,323.9,0.977
6575,55,18,431.5,160.3,507.1,469.8,0.762
6576,55,7,433.8,162.1,465.1,418.8,0.483
6577,55,51,0.0,1182.6,199.9,97.3,0.015
6578,55,25,0.0,1228.6,114.1,51.2,0.014
6579,551,4,132.1,290.8,279.2,171.5,0.922
6580,551,45,545.0,679.1,389.5,440.3,0.492
6581,551,26,683.8,256.9,200.8,195.9,0.088
6582,551,34,544.7,679.2,388.2,439.6,0.059
6583,551,26,117.0,861.4,253.6,237.3,0.037
6584,551,31,681.9,258.3,203.0,197.1,0.023
6585,551,16,680.5,257.3,206.1,198.6,0.021
6586,551,37,546.5,678.6,387.8,439.6,0.019
6587,551,15,680.1,257.7,205.4,197.7,0.019
6588,551,31,128.6,868.0,235.9,232.0,0.019
6589,551,15,127.8,869.0,237.6,230.0,0.016
6590,551,1,685.2,254.3,196.2,201.3,0.015
6591,551,53,544.4,673.6,391.4,444.7,0.014
6592,551,56,545.2,679.4,387.6,438.3,0.013
6593,551,26,232.2,870.7,133.2,225.3,0.011
6594,552,4,589.5,843.6,284.3,170.8,0.914
6595,552,45,69.9,142.0,393.5,431.5,0.7
6596,552,26,622.3,173.0,227.0,219.5,0.587
6597,552,31,94.9,855.8,212.3,207.3,0.089
6598,552,26,96.4,855.1,207.1,207.1,0.08
6599,552,1,621.2,176.1,227.4,218.4,0.069
6600,552,37,95.7,854.8,214.9,206.8,0.036
6601,552,15,95.9,855.5,211.1,205.8,0.035
6602,552,3,97.5,855.4,206.6,207.8,0.028
6603,552,27,71.4,138.6,381.7,432.4,0.024
6604,552,55,61.9,145.6,389.3,440.5,0.019
6605,552,1,99.6,855.0,206.2,206.6,0.018
6606,552,15,620.4,173.7,231.3,219.8,0.011
6607,553,14,602.5,212.3,184.9,184.5,0.984
6608,553,4,575.0,810.1,285.0,192.9,0.964
6609,553,36,8.5,811.0,381.2,224.5,0.883
6610,553,45,12.5,78.1,415.6,444.5,0.333
6611,553,27,5.7,812.9,385.7,224.0,0.054
6612,553,51,3.2,810.4,389.0,225.3,0.03
6613,553,31,602.9,213.4,184.0,184.5,0.026
6614,553,23,603.4,213.4,184.0,183.7,0.021
6615,553,4,6.4,813.1,388.1,224.0,0.014
6616,555,14,631.2,221.2,188.7,186.8,0.943
6617,555,4,601.8,844.8,281.8,187.6,0.93
6618,555,36,41.3,854.7,381.9,221.6,0.836
6619,555,45,23.5,100.8,436.1,443.4,0.275
6620,555,23,627.1,220.0,193.1,189.3,0.184
6621,555,31,631.6,220.7,189.3,187.1,0.131
6622,555,4,39.8,855.7,384.5,219.6,0.04
6623,555,27,42.3,856.8,382.0,218.7,0.034
6624,555,21,631.2,219.3,189.8,188.8,0.022
6625,555,51,39.6,856.8,384.2,218.8,0.017
6626,555,35,630.1,220.4,188.0,188.2,0.017
6627,56,18,0.0,548.0,521.3,509.8,0.999
6628,56,25,547.7,617.9,348.5,346.6,0.986
6629,56,3,326.1,193.4,183.8,186.5,0.961
6630,56,51,1.0,544.2,533.1,506.4,0.014
6631,560,4,599.7,864.5,262.0,233.7,0.968
6632,560,53,582.6,96.4,287.1,376.5,0.9
6633,560,24,126.7,864.9,222.6,169.4,0.384
6634,560,42,581.9,98.9,285.4,375.8,0.126
6635,560,32,112.6,76.1,274.3,476.0,0.115
6636,560,45,113.4,75.4,274.0,476.1,0.089
6637,560,17,112.8,73.1,273.8,477.9,0.072
6638,560,53,125.7,865.0,223.3,169.7,0.069
6639,560,53,113.9,82.2,276.6,472.5,0.021
6640,560,42,111.5,75.7,277.6,477.3,0.02
6641,560,37,122.4,859.6,225.9,173.0,0.01
6642,564,1,151.4,253.7,185.1,158.9,0.997
6643,564,49,544.9,833.2,376.9,203.4,0.847
6644,564,23,163.0,804.2,194.2,189.5,0.545
6645,564,17,593.9,102.0,290.0,475.1,0.507
6646,564,39,593.7,101.5,291.0,480.4,0.308
6647,564,42,591.2,103.1,293.2,477.3,0.14
6648,564,1,157.9,806.5,200.9,192.7,0.064
6649,564,18,595.1,103.3,289.2,479.2,0.052
6650,564,56,152.0,252.9,195.1,163.6,0.03
6651,564,53,150.2,254.5,197.7,162.2,0.027
6652,564,32,594.5,103.9,288.8,478.7,0.025
6653,564,1,151.6,256.5,165.1,120.1,0.021
6654,564,37,152.8,253.4,194.4,163.8,0.018
6655,564,44,544.9,831.4,377.9,203.3,0.012
6656,564,53,592.7,109.8,302.4,466.4,0.012
6657,564,33,545.5,833.5,377.8,203.2,0.012
6658,564,29,163.1,804.4,193.1,192.3,0.01
6659,565,2,623.3,86.6,226.5,450.0,0.992
6660,565,22,32.1,161.9,389.2,437.6,0.409
6661,565,18,643.7,700.7,246.8,452.0,0.277
6662,565,14,106.5,814.8,281.0,279.5,0.144
6663,565,2,642.9,699.6,245.8,459.9,0.079
6664,565,32,644.9,698.3,242.4,458.8,0.063
6665,565,30,110.5,811.6,274.5,281.9,0.038
6666,565,46,109.0,812.2,277.3,281.7,0.038
6667,565,39,30.5,164.5,395.2,433.2,0.013
6668,565,34,31.7,166.7,392.1,431.4,0.01
6669,569,2,91.3,665.7,248.4,470.2,0.972
6670,569,11,541.2,574.6,294.4,516.5,0.85
6671,569,2,111.9,107.5,231.1,431.3,0.382
6672,569,14,496.0,168.2,311.7,300.7,0.101
6673,569,17,543.7,570.0,289.7,520.6,0.05
6674,569,30,496.2,166.5,310.0,302.3,0.047
6675,569,17,112.6,106.4,231.7,431.6,0.044
6676,569,46,496.3,167.8,310.2,299.7,0.04
6677,569,51,0.0,1190.4,269.9,89.6,0.018
6678,569,32,111.6,108.6,232.3,429.9,0.014
6679,569,32,0.0,1200.6,280.0,79.4,0.014
6680,569,27,0.0,1183.7,241.5,96.2,0.011
6681,571,1,584.8,865.9,204.6,145.6,0.964
6682,571,42,544.9,53.8,296.4,454.0,0.28
6683,571,39,544.0,49.3,296.8,457.9,0.203
6684,571,14,90.3,831.6,182.4,178.6,0.189
6685,571,18,543.4,54.3,297.6,455.4,0.174
6686,571,17,543.9,52.0,297.0,458.3,0.127
6687,571,5,91.1,831.5,181.4,179.5,0.127
6688,571,22,120.3,138.9,179.7,280.3,0.102
6689,571,23,92.6,831.0,180.3,180.8,0.1
6690,571,37,582.0,867.4,208.8,143.4,0.061
6691,571,3,120.3,139.2,180.9,281.1,0.052
6692,571,37,119.3,138.4,181.9,281.3,0.038
6693,571,53,581.1,867.9,210.2,141.0,0.031
6694,571,53,89.9,831.0,181.9,179.5,0.03
6695,571,53,539.6,52.7,305.7,462.2,0.026
6696,571,39,120.5,138.9,180.5,280.5,0.024
6697,571,24,546.0,53.3,294.7,454.9,0.019
6698,571,1,90.5,833.9,179.5,179.0,0.018
6699,571,44,92.5,831.5,180.8,178.7,0.018
6700,571,27,581.8,867.0,210.3,141.9,0.012
6701,571,26,589.5,858.7,198.9,150.0,0.012
6702,571,56,581.7,866.1,209.2,144.3,0.012
6703,572,1,189.6,272.3,205.1,136.4,0.982
6704,572,17,101.9,711.5,322.2,478.4,0.222
6705,572,42,670.4,827.9,195.4,300.2,0.148
6706,572,44,683.7,277.2,179.9,170.4,0.092
6707,572,37,189.1,275.4,201.7,134.0,0.089
6708,572,24,684.2,277.3,178.4,169.6,0.079
6709,572,23,189.7,276.4,200.3,132.8,0.064
6710,572,53,685.9,276.4,176.5,171.3,0.056
6711,572,39,101.8,711.0,323.3,477.5,0.055
6712,572,56,671.2,827.4,195.2,303.2,0.045
6713,572,53,188.7,274.9,201.9,135.7,0.04
6714,572,17,670.3,831.8,195.5,298.6,0.034
6715,572,37,101.6,711.9,322.3,477.9,0.021
6716,572,18,671.7,827.6,194.3,299.8,0.02
6717,572,13,188.5,275.4,201.7,133.7,0.018
6718,572,16,685.1,276.1,177.8,170.8,0.016
6719,572,42,101.9,711.3,320.6,482.1,0.015
6720,572,51,672.6,829.2,192.4,301.3,0.013
6721,572,14,685.3,276.1,174.6,171.5,0.012
6722,573,1,609.0,902.6,206.2,136.6,0.981
6723,573,3,138.9,140.6,185.0,291.6,0.639
6724,573,44,125.2,865.2,181.7,176.5,0.472
6725,573,39,567.7,61.1,311.5,470.3,0.352
6726,573,18,138.8,140.5,187.0,292.5,0.335
6727,573,42,138.5,142.2,187.1,290.2,0.31
6728,573,17,565.7,62.6,313.6,468.0,0.251
6729,573,37,610.5,903.4,204.9,134.2,0.073
6730,573,37,125.1,866.0,181.1,175.5,0.069
6731,573,23,611.7,902.6,205.3,135.0,0.049
6732,573,42,563.4,63.2,315.7,466.4,0.04
6733,573,18,566.5,63.4,312.2,467.2,0.04
6734,573,26,617.7,900.0,196.8,138.0,0.031
6735,573,53,609.2,903.1,207.3,133.4,0.028
6736,573,53,567.6,64.4,319.8,469.0,0.019
6737,573,14,124.8,865.8,180.5,177.0,0.019
6738,573,27,609.9,902.4,206.3,135.1,0.013
6739,573,13,610.0,904.5,206.0,134.1,0.01
6740,574,2,671.5,84.3,202.4,483.6,0.996
6741,574,11,98.2,169.0,312.1,492.8,0.565
6742,574,2,618.7,674.2,241.7,500.5,0.292
6743,574,39,99.7,168.9,308.7,490.9,0.273
6744,574,18,622.4,672.8,239.0,504.5,0.213
6745,574,22,97.2,166.8,311.9,491.9,0.213
6746,574,14,116.6,832.9,318.2,315.2,0.137
6747,574,46,116.1,830.8,319.5,317.1,0.099
6748,574,11,621.3,672.4,239.0,501.3,0.072
6749,574,32,115.9,833.0,320.1,316.0,0.069
6750,574,12,619.6,671.8,240.1,501.9,0.064
6751,574,34,99.9,170.9,306.3,488.8,0.012
6752,574,26,857.9,1235.0,118.1,44.9,0.01
6753,575,2,59.8,645.3,209.4,488.9,0.971
6754,575,11,535.6,531.1,313.8,500.3,0.907
6755,575,2,86.9,89.7,226.9,475.0,0.607
6756,575,39,534.2,533.8,315.1,496.7,0.159
6757,575,46,497.6,129.0,310.6,300.9,0.131
6758,575,30,497.9,130.1,310.2,301.3,0.075
6759,575,14,497.9,129.7,310.9,302.5,0.029
6760,575,32,498.4,130.3,310.2,301.2,0.025
6761,575,32,84.2,92.8,228.9,473.1,0.011
6762,575,32,0.0,1211.0,315.1,69.0,0.011
6763,576,2,657.6,129.0,212.7,458.6,0.989
6764,576,11,103.7,204.4,306.5,479.9,0.894
6765,576,18,625.8,682.8,253.3,501.9,0.288
6766,576,14,117.1,843.2,326.9,325.6,0.227
6767,576,46,117.6,842.4,325.5,325.7,0.128
6768,576,32,116.3,841.5,326.6,327.4,0.063
6769,576,39,107.3,206.5,299.5,479.4,0.042
6770,577,1,128.6,244.9,203.1,159.7,0.935
6771,577,23,139.1,786.0,161.9,157.8,0.796
6772,577,33,515.8,789.3,377.4,212.4,0.573
6773,577,49,515.6,788.7,376.7,214.3,0.451
6774,577,14,139.1,786.3,160.2,157.2,0.323
6775,577,39,545.1,71.1,343.7,426.0,0.121
6776,577,37,544.3,74.7,344.4,422.2,0.117
6777,577,42,545.6,74.0,340.3,426.8,0.115
6778,577,53,131.8,245.0,195.7,156.5,0.051
6779,577,56,130.3,244.5,197.0,159.0,0.04
6780,577,37,130.3,244.6,198.1,157.3,0.04
6781,577,1,134.3,244.1,149.5,137.0,0.032
6782,577,13,139.5,785.7,162.1,157.7,0.024
6783,577,17,544.1,74.3,342.7,432.2,0.018
6784,577,3,140.0,786.3,161.2,157.3,0.018
6785,577,53,545.0,72.4,349.4,435.7,0.018
6786,577,27,130.0,243.9,197.6,158.4,0.01
6787,578,1,640.4,862.0,209.2,166.4,0.865
6788,578,49,90.5,257.0,363.4,205.7,0.79
6789,578,23,662.3,333.9,153.8,148.9,0.744
6790,578,37,45.9,727.5,378.1,447.0,0.156
6791,578,37,640.2,857.9,210.8,168.3,0.101
6792,578,14,662.4,333.2,156.1,149.9,0.087
6793,578,17,47.0,725.3,377.2,448.9,0.07
6794,578,24,640.4,859.2,210.1,168.3,0.059
6795,578,42,48.8,726.9,373.9,447.7,0.052
6796,578,21,662.8,333.3,155.0,148.9,0.044
6797,578,13,89.4,256.7,363.2,206.1,0.041
6798,578,33,89.4,257.2,363.0,205.7,0.04
6799,578,37,89.0,256.3,363.5,206.3,0.035
6800,578,55,640.5,859.0,209.0,166.8,0.03
6801,578,54,91.0,256.9,359.5,205.8,0.029
6802,578,39,48.0,726.7,378.0,448.2,0.02
6803,578,45,46.1,727.3,377.5,445.3,0.015
6804,578,31,662.1,332.8,154.4,152.2,0.01
6805,579,1,156.4,255.6,187.2,154.3,0.986
6806,579,23,170.2,822.0,160.6,154.9,0.836
6807,579,49,545.1,832.9,373.5,203.4,0.823
6808,579,14,172.5,824.0,157.0,152.5,0.187
6809,579,37,568.3,82.1,360.5,430.1,0.182
6810,579,42,566.1,81.0,362.9,432.2,0.118
6811,579,23,152.5,254.2,196.2,157.7,0.091
6812,579,39,568.2,77.9,360.5,437.3,0.081
6813,579,21,172.8,822.9,158.0,153.1,0.059
6814,579,17,567.9,81.5,361.7,430.6,0.057
6815,579,53,150.7,255.3,199.4,157.3,0.051
6816,579,26,157.1,262.7,178.8,149.5,0.041
6817,579,45,568.5,81.0,361.4,431.5,0.021
6818,579,27,150.9,255.2,199.0,157.1,0.016
6819,579,44,545.0,831.4,373.8,203.1,0.013
6820,579,37,152.3,253.1,196.7,158.7,0.013
6821,579,13,152.7,253.0,197.1,158.3,0.012
6822,58,4,570.8,830.3,266.6,240.0,0.96
6823,58,53,561.7,91.8,272.1,368.2,0.935
6824,58,24,91.6,826.6,226.3,173.9,0.604
6825,58,45,38.7,60.4,385.1,460.4,0.521
6826,58,34,38.6,58.8,385.8,460.9,0.368
6827,58,53,92.0,826.9,226.9,175.2,0.108
6828,58,42,553.5,93.4,274.0,370.9,0.023
6829,58,37,92.6,826.2,226.4,175.1,0.012
6830,58,54,554.2,91.2,275.2,371.6,0.01
6831,581,1,640.2,849.8,208.9,180.2,0.905
6832,581,16,102.9,905.3,248.0,240.4,0.847
6833,581,49,90.9,256.3,363.0,205.5,0.677
6834,581,42,650.0,204.9,174.5,275.5,0.625
6835,581,3,647.9,204.2,175.5,276.5,0.257
6836,581,31,102.4,905.7,248.8,240.4,0.152
6837,581,55,104.0,905.9,246.1,237.8,0.061
6838,581,37,645.1,852.8,205.3,174.2,0.054
6839,581,53,644.7,851.6,204.2,175.2,0.04
6840,581,13,91.0,255.2,361.5,206.6,0.038
6841,581,37,89.4,255.7,363.0,206.2,0.037
6842,581,55,644.5,852.7,204.4,174.3,0.037
6843,581,54,91.4,256.4,359.4,205.9,0.037
6844,581,33,90.1,256.2,362.3,205.7,0.03
6845,581,15,103.1,902.8,227.4,242.5,0.03
6846,581,16,644.3,850.9,205.0,176.0,0.022
6847,581,26,644.1,846.7,202.2,175.7,0.011
6848,581,53,649.4,206.1,173.0,272.8,0.011
6849,581,24,644.9,854.2,205.3,174.0,0.01
6850,583,2,69.1,687.2,261.3,478.7,0.97
6851,583,46,550.0,187.2,267.2,266.2,0.696
6852,583,22,468.3,634.0,334.5,487.3,0.406
6853,583,39,470.3,635.7,332.6,485.2,0.364
6854,583,11,471.3,635.1,333.9,486.5,0.314
6855,583,2,115.3,90.8,232.8,465.9,0.221
6856,583,18,115.7,90.5,231.7,464.0,0.112
6857,583,32,116.3,91.8,231.3,461.8,0.051
6858,583,34,469.5,637.7,331.9,488.1,0.024
6859,583,32,0.0,1209.8,261.2,70.2,0.015
6860,583,14,550.0,190.4,267.9,263.4,0.011
6861,583,32,628.3,1191.2,347.7,88.8,0.011
6862,583,53,115.5,100.5,229.5,447.0,0.01
6863,584,2,603.5,98.1,258.7,447.9,0.956
6864,584,18,599.2,694.1,252.4,489.6,0.356
6865,584,14,108.8,819.4,280.3,279.6,0.259
6866,584,22,153.8,130.2,314.8,472.7,0.214
6867,584,39,156.5,130.6,312.3,470.4,0.143
6868,584,46,110.0,819.3,278.6,280.7,0.083
6869,584,7,596.4,686.3,251.1,485.4,0.043
6870,584,11,155.8,132.4,315.4,471.0,0.026
6871,584,34,156.2,131.7,311.5,470.6,0.024
6872,584,2,599.4,691.7,251.3,493.8,0.021
6873,584,30,111.4,818.9,276.2,280.0,0.02
6874,584,32,599.2,689.3,253.6,495.1,0.014
6875,584,51,599.5,671.4,246.9,507.5,0.01
6876,586,4,573.8,811.5,283.4,193.9,0.959
6877,586,36,48.8,785.6,354.1,308.6,0.829
6878,586,54,642.4,170.3,171.2,250.1,0.344
6879,586,26,145.7,201.4,208.0,199.1,0.222
6880,586,15,145.8,200.0,208.0,199.4,0.193
6881,586,51,52.7,785.6,342.8,315.3,0.11
6882,586,53,643.2,168.7,174.3,250.7,0.087
6883,586,27,48.2,786.1,347.9,311.0,0.05
6884,586,19,44.7,785.7,368.7,306.1,0.025
6885,586,25,144.6,206.0,198.7,194.3,0.014
6886,587,4,125.3,275.6,270.8,184.8,0.965
6887,587,36,575.0,182.0,328.2,292.3,0.897
6888,587,51,568.6,181.8,336.0,295.4,0.709
6889,587,54,126.1,831.0,191.2,266.2,0.376
6890,587,26,619.3,860.1,212.3,209.4,0.286
6891,587,53,127.6,829.8,189.3,264.9,0.156
6892,587,27,573.2,182.8,327.8,291.3,0.07
6893,587,8,127.1,827.8,190.3,267.4,0.018
6894,587,25,619.3,871.4,200.2,193.7,0.015
6895,587,37,616.5,860.6,218.8,210.9,0.013
6896,587,19,571.3,183.7,335.1,293.3,0.013
6897,588,4,601.1,846.2,280.7,187.4,0.951
6898,588,36,87.1,835.8,342.7,297.4,0.672
6899,588,51,85.9,827.0,343.3,307.9,0.415
6900,588,54,675.1,172.7,175.1,256.6,0.269
6901,588,26,170.6,215.2,199.5,192.1,0.178
6902,588,1,165.5,212.5,202.2,200.8,0.08
6903,588,27,86.9,827.4,344.0,306.9,0.07
6904,588,53,673.2,171.5,179.3,258.7,0.067
6905,588,18,675.2,172.9,176.5,255.7,0.061
6906,588,19,88.1,825.9,340.1,310.5,0.028
6907,588,15,161.9,208.7,211.2,201.8,0.027
6908,588,56,675.9,172.8,173.5,256.8,0.026
6909,588,25,164.2,225.6,198.0,183.7,0.023
6910,588,45,86.9,827.5,342.3,304.8,0.015
6911,588,31,161.9,209.4,211.6,201.8,0.012
6912,588,3,162.1,209.0,211.4,201.6,0.011
6913,589,4,600.2,864.7,259.8,234.0,0.975
6914,589,34,30.2,110.8,340.3,496.5,0.875
6915,589,15,638.9,176.3,246.6,232.5,0.808
6916,589,24,127.3,864.9,221.8,169.1,0.412
6917,589,22,30.6,111.3,341.3,494.9,0.065
6918,589,53,125.9,865.0,222.8,169.3,0.053
6919,589,37,123.0,859.3,225.5,173.2,0.01
6920,591,4,147.2,219.6,250.5,224.0,0.965
6921,591,15,98.2,850.6,251.7,242.8,0.909
6922,591,34,628.9,644.2,347.0,505.6,0.625
6923,591,24,642.8,279.0,219.5,170.4,0.551
6924,591,53,642.2,277.6,219.8,170.4,0.075
6925,591,4,167.0,223.8,202.0,124.5,0.021
6926,591,37,641.3,277.0,221.2,172.3,0.021
6927,591,4,643.1,276.8,219.5,170.0,0.012
6928,591,45,629.9,641.8,345.1,508.4,0.011
6929,592,4,149.1,217.2,251.6,225.1,0.97
6930,592,24,646.6,278.6,217.0,170.5,0.746
6931,592,16,117.5,844.5,232.2,226.5,0.385
6932,592,26,654.0,908.0,214.0,203.7,0.359
6933,592,53,645.8,277.5,217.7,170.0,0.122
6934,592,44,115.3,845.2,233.9,223.8,0.072
6935,592,31,117.4,843.1,232.2,228.2,0.048
6936,592,37,645.9,276.9,217.5,171.7,0.037
6937,592,15,116.7,843.4,232.4,227.6,0.023
6938,592,4,165.4,221.3,198.1,136.8,0.022
6939,592,15,653.8,904.4,217.2,211.8,0.02
6940,592,25,654.8,906.2,210.0,205.9,0.017
6941,592,4,646.2,276.7,217.3,169.9,0.013
6942,592,16,652.6,904.2,218.7,212.1,0.013
6943,593,4,569.0,831.4,265.4,241.6,0.967
6944,593,44,610.2,192.2,221.7,217.2,0.945
6945,593,24,89.5,827.1,228.1,173.8,0.556
6946,593,15,112.4,161.4,208.2,197.0,0.461
6947,593,53,90.8,826.7,226.4,174.6,0.062
6948,593,26,110.7,160.0,213.1,204.5,0.036
6949,593,25,111.6,161.4,204.7,201.6,0.015
6950,593,1,185.4,831.0,127.2,171.1,0.013
6951,593,37,91.2,826.4,226.4,174.3,0.012
6952,594,4,598.0,864.6,259.6,235.1,0.974
6953,594,44,638.1,201.0,229.2,212.3,0.963
6954,594,24,125.5,865.0,223.4,169.1,0.299
6955,594,26,127.9,167.0,211.8,207.1,0.143
6956,594,53,124.8,865.4,223.4,169.3,0.06
6957,594,3,124.1,864.9,224.3,169.2,0.036
6958,594,15,128.4,163.9,214.0,204.8,0.031
6959,594,31,126.2,165.2,214.5,202.7,0.024
6960,594,1,132.1,162.4,209.6,215.7,0.019
6961,595,3,396.7,865.2,194.7,193.3,0.993
6962,595,48,111.5,219.7,248.4,337.7,0.98
6963,595,14,651.0,290.2,188.7,188.9,0.906
6964,595,30,650.0,290.0,190.6,190.1,0.124
6965,595,31,651.9,289.7,188.3,189.1,0.012
6966,595,20,110.6,210.1,248.4,348.9,0.011
6967,596,3,350.5,162.0,180.6,185.6,0.986
6968,596,48,578.5,618.1,263.0,371.5,0.982
6969,596,14,81.9,736.9,195.1,193.4,0.941
6970,596,30,81.8,736.7,197.2,193.3,0.099
6971,596,48,745.1,1164.7,230.9,115.3,0.034
6972,598,3,403.1,873.4,190.3,194.3,0.998
6973,598,51,554.1,186.6,300.7,425.6,0.782
6974,598,54,172.0,334.7,184.4,258.0,0.766
6975,598,19,553.4,195.1,298.9,405.2,0.028
6976,60,4,147.7,219.7,249.6,224.1,0.963
6977,60,24,644.2,279.2,218.0,169.8,0.668
6978,60,53,110.3,776.8,297.6,383.2,0.533
6979,60,45,552.7,694.2,405.5,486.5,0.2
6980,60,53,643.6,277.4,218.7,170.5,0.131
6981,60,37,643.8,277.9,217.4,170.7,0.046
6982,60,24,552.4,693.7,406.8,486.3,0.045
6983,60,37,553.6,691.9,404.8,487.6,0.041
6984,60,42,106.6,773.5,296.5,392.2,0.04
6985,60,56,551.3,692.5,404.8,485.4,0.035
6986,60,56,106.1,773.4,297.1,394.7,0.019
6987,60,4,168.2,223.6,201.4,118.3,0.013
6988,60,4,643.7,276.5,218.9,170.2,0.013
6989,600,3,386.9,226.2,184.1,183.4,0.983
6990,600,54,624.0,722.7,181.8,261.5,0.8
6991,600,51,114.2,682.5,315.5,442.1,0.744
6992,600,28,622.5,722.1,183.1,259.3,0.185
6993,601,4,124.2,307.3,268.5,202.7,0.98
6994,601,15,153.5,805.1,245.9,239.1,0.922
6995,601,37,562.4,256.7,303.8,270.7,0.884
6996,601,37,498.8,635.5,451.6,487.5,0.188
6997,601,29,563.5,257.3,304.3,270.0,0.058
6998,601,45,498.4,636.0,454.8,486.9,0.032
6999,601,53,564.8,258.4,302.9,271.0,0.025
7000,601,39,563.7,258.8,300.5,268.5,0.016
7001,601,42,496.9,634.5,453.9,489.0,0.015
7002,602,4,576.8,756.1,278.1,214.5,0.978
7003,602,15,564.5,217.2,237.0,232.1,0.875
7004,602,37,86.0,728.5,319.2,278.1,0.838
7005,602,37,35.3,112.8,442.2,470.5,0.068
7006,602,53,86.0,727.9,321.5,279.9,0.058
7007,603,4,605.6,791.4,273.8,210.2,0.981
7008,603,37,119.7,770.6,316.7,276.3,0.916
7009,603,15,589.1,227.9,244.2,230.6,0.81
7010,603,37,41.3,137.0,460.1,476.6,0.147
7011,603,53,120.0,772.7,316.2,276.1,0.058
7012,603,31,587.2,228.3,246.6,231.4,0.027
7013,603,39,121.0,772.6,313.9,275.1,0.011
7014,605,4,589.5,844.0,284.8,171.8,0.929
7015,605,53,640.6,207.0,198.7,253.1,0.318
7016,605,54,640.4,210.6,197.6,250.6,0.24
7017,605,56,640.4,209.3,197.5,250.1,0.177
7018,605,31,93.6,856.9,212.4,206.6,0.115
7019,605,26,96.2,855.6,207.0,206.8,0.066
7020,605,8,640.3,209.0,196.7,250.8,0.046
7021,605,15,144.9,248.6,212.2,202.5,0.032
7022,605,1,98.7,855.5,206.0,206.4,0.027
7023,605,37,95.1,856.0,214.8,205.7,0.026
7024,605,26,145.5,254.1,208.8,199.6,0.025
7025,605,1,150.7,246.7,204.4,208.0,0.021
7026,605,3,96.6,855.4,207.0,208.2,0.021
7027,605,15,95.5,856.1,210.2,204.9,0.02
7028,608,3,340.3,192.0,183.5,188.6,0.986
7029,608,44,589.4,721.4,230.4,233.2,0.976
7030,608,51,49.2,617.4,314.5,431.7,0.861
7031,608,18,646.7,1149.2,329.3,130.5,0.015
7032,608,19,49.1,609.9,311.0,439.0,0.011
7033,610,4,559.6,808.8,286.0,178.1,0.975
7034,610,14,620.4,222.0,186.5,183.5,0.933
7035,610,45,0.0,111.3,397.1,447.5,0.381
7036,610,31,620.0,221.4,186.7,183.6,0.253
7037,610,26,65.0,805.4,208.5,210.9,0.223
7038,610,34,0.0,110.3,398.7,448.4,0.186
7039,610,3,64.3,808.3,213.5,207.4,0.068
7040,610,40,620.9,221.2,185.3,184.5,0.043
7041,610,31,61.0,812.2,214.8,207.2,0.029
7042,610,15,63.1,812.4,213.2,206.9,0.021
7043,610,4,620.4,220.8,186.0,184.4,0.017
7044,610,25,64.4,808.4,209.8,208.4,0.013
7045,610,1,619.0,226.2,187.0,179.3,0.013
7046,610,37,62.4,814.7,216.5,204.7,0.012
7047,611,14,142.6,846.0,197.6,193.9,0.927
7048,611,4,134.7,290.8,275.2,171.7,0.911
7049,611,45,584.1,653.6,391.9,464.9,0.232
7050,611,21,141.2,845.8,197.7,194.0,0.119
7051,611,15,684.4,258.8,205.0,197.4,0.04
7052,611,23,141.3,844.7,198.0,195.5,0.033
7053,611,34,584.3,654.6,391.7,461.7,0.031
7054,611,26,683.3,258.5,204.3,194.7,0.03
7055,611,31,683.6,258.8,204.7,197.4,0.026
7056,611,3,686.0,255.4,200.5,198.9,0.026
7057,611,4,143.2,846.3,197.3,193.8,0.023
7058,611,37,583.6,653.0,392.4,465.5,0.011
7059,611,16,684.3,257.9,207.9,198.5,0.011
7060,612,4,587.0,843.2,287.0,173.0,0.912
7061,612,14,648.5,230.9,193.2,182.9,0.896
7062,612,45,0.0,141.6,421.0,438.6,0.324
7063,612,4,647.9,230.1,192.8,182.7,0.206
7064,612,35,648.0,230.9,194.6,182.7,0.165
7065,612,31,94.2,854.6,211.6,207.5,0.114
7066,612,26,95.8,855.1,207.1,206.5,0.033
7067,612,37,94.7,853.5,215.0,207.7,0.027
7068,612,15,95.2,854.0,210.4,206.2,0.026
7069,612,1,97.5,854.9,207.2,207.6,0.021
7070,612,1,648.4,233.8,191.4,177.4,0.019
7071,612,3,95.7,855.0,207.3,209.5,0.018
7072,612,23,647.3,232.1,196.5,181.6,0.013
7073,614,3,346.1,153.0,184.2,189.4,0.988
7074,614,21,163.8,656.5,244.7,353.9,0.98
7075,614,30,636.6,728.5,185.2,191.9,0.504
7076,614,14,636.7,729.2,184.1,191.4,0.113
7077,614,18,689.4,1152.8,286.6,127.0,0.027
7078,614,13,164.8,657.5,241.0,352.7,0.016
7079,615,3,390.0,212.3,184.1,183.7,0.993
7080,615,21,207.8,757.7,237.9,352.0,0.991
7081,615,30,674.6,818.8,183.5,188.0,0.882
7082,615,46,674.5,819.2,183.1,187.3,0.04
7083,615,14,675.4,821.3,181.9,184.7,0.02
7084,615,3,674.6,820.2,182.4,186.1,0.015
7085,615,13,675.7,821.1,182.3,185.3,0.013
7086,616,4,147.9,218.4,250.4,225.6,0.963
7087,616,14,143.8,899.0,193.7,192.6,0.798
7088,616,24,642.5,278.9,220.1,169.9,0.484
7089,616,26,630.9,887.8,217.8,208.8,0.341
7090,616,21,143.4,899.1,194.9,192.6,0.111
7091,616,53,642.2,277.7,220.3,169.7,0.105
7092,616,37,642.3,277.8,218.9,170.6,0.062
7093,616,31,143.3,898.5,193.9,193.1,0.049
7094,616,15,634.6,888.5,216.6,212.7,0.045
7095,616,35,143.4,899.4,193.9,192.3,0.041
7096,616,1,636.2,883.0,215.4,216.6,0.032
7097,616,4,643.0,276.9,219.6,169.3,0.018
7098,616,4,165.3,222.4,199.3,123.0,0.017
7099,617,4,600.1,864.8,261.0,234.9,0.967
7100,617,14,646.6,174.6,190.6,188.2,0.759
7101,617,24,126.8,865.7,222.4,169.2,0.375
7102,617,31,645.7,174.7,191.8,187.9,0.289
7103,617,23,645.6,172.3,195.2,189.0,0.156
7104,617,26,148.1,175.3,207.2,207.0,0.133
7105,617,53,125.8,866.0,223.7,169.0,0.063
7106,617,16,145.8,177.3,214.4,201.1,0.051
7107,617,4,645.5,174.2,191.6,189.4,0.05
7108,617,1,149.2,178.2,206.1,196.9,0.046
7109,617,3,125.8,865.5,223.0,169.4,0.046
7110,617,37,145.4,178.1,215.0,201.1,0.03
7111,617,15,145.2,178.6,215.2,201.4,0.018
7112,617,31,145.4,177.1,215.0,200.1,0.014
7113,617,21,647.6,174.1,189.6,189.2,0.011
7114,618,4,571.1,830.9,266.2,241.2,0.972
7115,618,14,616.8,171.0,185.9,181.1,0.881
7116,618,24,91.7,827.0,226.8,173.3,0.521
7117,618,15,131.1,173.7,205.8,195.9,0.26
7118,618,31,616.5,170.1,187.6,182.0,0.159
7119,618,26,134.6,163.2,204.3,213.4,0.139
7120,618,4,616.5,170.0,187.0,183.5,0.084
7121,618,53,92.0,827.3,227.4,174.6,0.069
7122,618,16,129.4,172.8,206.5,196.7,0.058
7123,618,31,129.4,172.8,207.4,197.3,0.033
7124,618,23,616.3,169.0,186.3,184.4,0.023
7125,618,21,617.8,170.0,184.9,183.4,0.019
7126,618,37,92.6,826.6,226.8,174.7,0.012
7127,618,1,618.6,171.2,184.9,188.3,0.01
7128,62,3,324.7,157.0,185.4,188.0,0.986
7129,62,54,541.5,650.8,203.5,260.1,0.702
7130,62,19,92.2,545.3,272.0,423.6,0.376
7131,62,7,86.7,554.4,289.4,418.0,0.173
7132,62,23,94.7,588.8,255.7,378.5,0.028
7133,62,56,697.1,1151.9,278.9,128.1,0.018
7134,62,4,89.8,552.1,278.4,427.0,0.014
7135,62,19,93.1,667.8,239.5,299.6,0.014
7136,62,28,541.4,650.9,205.1,260.1,0.014
7137,62,19,108.9,553.2,255.2,272.2,0.011
7138,62,34,716.5,1157.7,259.5,122.3,0.01
7139,620,2,84.8,642.7,201.9,486.1,0.993
7140,620,32,86.4,81.1,244.8,389.3,0.971
7141,620,11,547.6,636.0,301.2,513.3,0.917
7142,620,46,521.8,153.1,266.2,263.2,0.343
7143,620,17,86.1,83.2,246.4,387.0,0.069
7144,620,30,522.4,152.8,267.8,263.8,0.029
7145,620,39,86.1,77.9,244.8,389.5,0.029
7146,620,14,520.4,153.2,267.6,262.5,0.025
7147,620,17,550.4,634.8,301.1,510.3,0.02
7148,620,32,0.0,1209.3,277.8,70.7,0.011
7149,621,32,607.7,781.5,251.6,404.9,0.999
7150,621,2,647.0,90.0,204.9,482.4,0.997
7151,621,11,98.8,55.8,294.2,506.0,0.925
7152,621,46,137.6,850.4,272.0,270.5,0.333
7153,621,14,136.2,850.4,275.2,272.1,0.108
7154,621,17,100.2,55.9,290.7,505.5,0.023
7155,621,39,99.0,57.4,292.3,503.4,0.018
7156,621,39,606.9,782.4,256.2,403.7,0.016
7157,622,3,396.4,890.5,191.3,192.0,0.995
7158,622,56,125.7,295.3,267.3,294.7,0.936
7159,622,30,615.4,290.9,181.5,188.8,0.934
7160,622,14,614.2,290.7,181.6,188.0,0.071
7161,622,51,0.0,1129.3,232.8,150.7,0.041
7162,622,54,0.0,1206.1,217.8,73.9,0.03
7163,622,25,0.0,1204.2,119.8,75.5,0.011
7164,623,3,348.0,147.7,187.3,189.6,0.988
7165,623,56,549.8,628.3,276.9,310.6,0.948
7166,623,30,126.8,746.2,189.4,195.0,0.937
7167,623,14,125.5,747.1,188.8,194.8,0.107
7168,623,53,546.9,626.1,283.4,311.5,0.013
7169,623,46,127.3,747.0,187.4,195.1,0.011
7170,624,3,394.1,207.8,184.4,184.9,0.992
7171,624,56,589.9,719.5,268.8,310.8,0.974
7172,624,30,170.4,840.5,182.7,183.9,0.734
7173,624,14,169.0,840.5,182.8,183.3,0.438
7174,624,53,582.3,715.2,280.1,309.4,0.011
7175,625,4,124.4,307.6,268.2,202.9,0.985
7176,625,37,563.4,257.1,304.3,271.2,0.946
7177,625,15,153.3,803.6,244.2,241.6,0.941
7178,625,45,496.7,693.9,426.3,411.9,0.408
7179,625,29,563.0,257.3,306.3,270.2,0.112
7180,625,56,497.0,694.6,424.0,408.5,0.034
7181,625,39,563.0,258.4,302.9,269.7,0.019
7182,625,53,565.4,258.4,303.7,272.0,0.014
7183,625,27,497.3,695.5,424.7,409.1,0.011
7184,627,4,577.6,756.7,276.4,214.5,0.977
7185,627,15,563.7,216.7,238.6,232.4,0.929
7186,627,37,86.3,728.9,318.0,278.5,0.823
7187,627,45,67.3,145.9,412.2,383.4,0.618
7188,627,34,67.3,147.4,411.7,381.5,0.302
7189,627,53,86.2,729.7,320.4,278.7,0.11
7190,627,39,87.9,730.1,317.7,277.6,0.026
7191,627,27,65.1,145.6,406.9,383.9,0.01
7192,628,4,124.0,306.2,270.8,202.7,0.984
7193,628,31,677.4,851.9,212.7,206.5,0.966
7194,628,14,139.5,892.8,198.8,193.4,0.949
7195,628,37,562.7,257.3,304.1,270.6,0.925
7196,628,15,677.3,850.0,214.0,208.0,0.328
7197,628,16,677.7,851.5,211.2,205.4,0.25
7198,628,31,140.5,892.3,197.3,193.9,0.149
7199,628,21,139.1,892.0,198.8,194.2,0.069
7200,628,23,137.8,890.4,200.7,196.8,0.034
7201,628,39,562.4,258.7,302.8,268.9,0.018
7202,628,53,562.3,258.9,308.4,269.2,0.014
7203,628,40,138.6,891.8,198.4,194.6,0.013
7204,632,2,67.9,665.2,205.0,484.5,0.994
7205,632,11,504.1,601.3,295.2,514.4,0.955
7206,632,35,548.2,182.1,249.7,250.5,0.897
7207,632,2,118.6,91.7,236.3,467.4,0.74
7208,632,3,547.9,182.1,251.3,251.5,0.429
7209,632,40,550.3,181.4,249.7,251.7,0.202
7210,632,17,503.4,601.6,295.4,511.1,0.11
7211,632,15,547.7,182.7,250.0,249.8,0.047
7212,632,32,0.0,1212.4,262.8,67.6,0.021
7213,632,18,500.7,602.0,300.2,514.3,0.011
7214,632,37,504.3,597.9,295.6,521.0,0.011
7215,633,2,650.1,107.4,200.0,460.6,0.997
7216,633,11,151.0,141.2,277.0,486.9,0.935
7217,633,35,127.9,849.2,261.4,264.1,0.896
7218,633,18,594.7,686.1,251.4,496.0,0.225
7219,633,3,138.3,847.5,248.5,263.4,0.07
7220,633,2,595.3,683.7,251.8,500.5,0.066
7221,633,40,129.6,846.9,262.4,263.6,0.064
7222,633,17,148.6,138.3,280.9,489.5,0.05
7223,633,7,592.5,686.6,250.8,482.8,0.032
7224,633,15,129.9,849.1,250.4,262.0,0.023
7225,633,32,594.2,682.2,251.7,500.8,0.018
7226,633,53,593.2,686.2,250.8,486.3,0.011
7227,635,54,611.5,153.2,201.2,197.5,0.381
7228,635,5,181.5,194.9,208.7,203.3,0.321
7229,635,16,68.2,751.9,242.3,234.1,0.228
7230,635,15,68.4,751.2,243.3,233.9,0.096
7231,635,54,182.0,193.4,207.4,203.3,0.081
7232,635,3,615.5,789.2,164.2,223.1,0.077
7233,635,56,610.8,153.7,203.3,196.6,0.075
7234,635,53,180.4,198.1,207.7,198.9,0.071
7235,635,46,180.9,193.3,207.5,203.3,0.041
7236,635,24,180.7,194.1,209.1,201.8,0.038
7237,635,23,181.3,194.5,209.5,201.2,0.037
7238,635,37,615.1,790.3,167.9,221.1,0.036
7239,635,23,68.6,750.0,242.7,237.2,0.025
7240,635,53,608.9,152.3,207.2,198.3,0.02
7241,635,35,66.6,751.7,242.8,234.9,0.018
7242,635,31,67.0,750.9,243.4,235.0,0.018
7243,635,21,180.3,196.2,208.0,200.5,0.014
7244,635,21,69.2,751.9,240.2,231.9,0.013
7245,635,4,181.0,197.4,207.4,199.6,0.012
7246,636,54,131.6,904.5,214.7,211.8,0.599
7247,636,23,582.4,859.3,215.1,210.5,0.299
7248,636,56,130.9,905.0,214.5,210.6,0.185
7249,636,55,208.5,256.6,143.4,213.7,0.173
7250,636,16,654.1,280.7,230.9,223.5,0.127
7251,636,31,654.5,281.6,229.9,223.4,0.124
7252,636,20,207.1,255.9,143.8,213.5,0.105
7253,636,16,207.0,256.1,145.6,214.3,0.067
7254,636,23,650.4,281.6,235.1,222.8,0.038
7255,636,3,205.6,256.0,145.3,214.7,0.03
7256,636,14,651.9,281.1,231.9,223.2,0.023
7257,636,53,131.5,903.1,216.6,212.3,0.022
7258,636,14,581.9,858.6,218.9,212.1,0.019
7259,636,53,582.0,858.6,218.6,212.0,0.018
7260,636,13,651.3,281.6,233.6,225.0,0.011
7261,637,2,592.9,125.6,288.3,432.3,0.994
7262,637,34,56.9,188.8,470.7,349.4,0.878
7263,637,32,74.7,814.8,324.1,323.5,0.404
7264,637,18,612.1,705.0,235.9,495.4,0.312
7265,637,2,611.8,705.3,236.1,495.4,0.095
7266,637,14,71.8,817.5,330.3,324.0,0.058
7267,637,46,75.3,816.2,324.3,323.1,0.043
7268,637,7,611.9,699.2,240.9,496.5,0.034
7269,637,43,53.6,187.8,475.1,350.3,0.025
7270,637,51,614.9,692.3,231.9,499.6,0.019
7271,637,3,55.0,194.2,469.3,344.4,0.017
7272,637,53,613.8,697.9,235.3,494.5,0.011
7273,638,2,608.0,76.6,280.8,465.4,0.984
7274,638,34,49.3,153.0,479.1,354.0,0.813
7275,638,32,73.7,803.5,320.9,317.0,0.674
7276,638,2,598.5,705.6,240.6,484.5,0.453
7277,638,14,71.2,803.2,324.4,317.8,0.146
7278,638,3,43.2,154.2,481.2,351.9,0.106
7279,638,46,74.1,806.4,320.8,314.7,0.104
7280,638,18,597.9,704.8,244.3,483.4,0.041
7281,638,12,599.4,703.0,241.8,485.1,0.034
7282,638,7,601.4,695.9,241.6,491.3,0.018
7283,64,3,396.4,887.5,191.6,192.7,0.996
7284,64,44,154.1,278.7,228.4,224.1,0.994
7285,64,25,590.6,265.9,339.8,321.0,0.994
7286,640,3,405.7,917.9,190.6,194.1,0.998
7287,640,26,94.2,291.2,232.6,231.1,0.747
7288,640,7,487.9,284.2,397.7,340.8,0.546
7289,640,25,94.0,299.5,230.3,224.4,0.354
7290,640,53,489.0,283.8,394.2,345.4,0.042
7291,641,3,341.2,125.8,184.3,186.0,0.988
7292,641,7,39.4,578.3,404.2,351.2,0.788
7293,641,26,619.7,705.3,236.6,237.0,0.52
7294,641,53,754.2,1159.8,221.8,120.1,0.027
7295,644,2,57.4,649.1,220.2,485.0,0.974
7296,644,11,508.4,609.0,271.7,532.4,0.95
7297,644,2,80.7,91.8,226.5,476.6,0.574
7298,644,30,486.7,124.4,308.6,298.3,0.153
7299,644,46,486.6,127.3,309.5,295.8,0.141
7300,644,32,487.7,127.6,310.7,295.5,0.1
7301,644,17,509.5,619.0,269.2,518.6,0.022
7302,644,14,485.0,125.7,312.4,299.2,0.021
7303,644,32,0.0,1209.9,325.6,70.1,0.011
7304,646,4,172.1,280.0,261.6,215.4,0.956
7305,646,45,400.5,631.0,463.6,433.5,0.454
7306,646,56,127.2,830.1,200.3,257.4,0.294
7307,646,54,126.4,830.1,200.7,255.8,0.253
7308,646,53,127.4,827.3,200.4,259.3,0.2
7309,646,16,637.4,291.6,172.3,199.9,0.129
7310,646,37,400.3,631.8,464.3,433.2,0.111
7311,646,55,637.7,291.7,172.5,200.9,0.108
7312,646,1,631.8,294.0,179.9,195.6,0.042
7313,646,26,628.7,293.5,180.3,195.6,0.022
7314,646,56,401.5,629.8,459.0,435.6,0.021
7315,646,54,634.5,292.4,173.6,197.9,0.02
7316,646,37,634.3,292.1,173.8,199.0,0.02
7317,646,56,634.5,292.2,174.2,199.0,0.018
7318,646,53,637.6,292.1,173.8,200.0,0.012
7319,646,13,634.5,293.4,173.9,197.5,0.012
7320,647,4,563.4,814.2,267.5,218.4,0.955
7321,647,23,176.9,812.5,178.2,205.0,0.326
7322,647,45,140.0,192.1,456.8,416.1,0.257
7323,647,54,661.1,179.0,191.4,253.6,0.23
7324,647,53,662.0,177.9,193.0,254.5,0.135
7325,647,34,139.4,194.9,455.6,412.7,0.074
7326,647,13,177.4,813.2,178.0,208.0,0.065
7327,647,56,661.2,178.9,190.3,253.9,0.042
7328,647,56,176.1,812.4,179.9,205.6,0.038
7329,647,18,661.4,179.2,192.3,252.8,0.034
7330,647,53,178.8,813.2,178.3,205.0,0.015
7331,648,4,536.4,776.6,268.9,225.0,0.968
7332,648,45,118.6,160.8,452.5,426.0,0.624
7333,648,53,632.3,175.1,188.3,247.7,0.471
7334,648,34,118.2,159.8,453.3,426.0,0.381
7335,648,56,632.0,176.9,187.1,245.1,0.362
7336,648,54,632.3,176.4,185.8,245.8,0.262
7337,648,56,146.8,775.9,179.8,208.9,0.049
7338,648,54,147.4,775.9,179.5,208.7,0.031
7339,648,53,146.8,774.9,179.8,209.0,0.026
7340,648,28,146.9,774.7,179.4,209.9,0.013
7341,65,44,556.7,727.8,233.7,232.8,0.997
7342,65,3,349.8,153.2,184.4,188.8,0.995
7343,65,25,0.0,636.8,339.9,339.9,0.961
7344,65,53,757.0,1166.0,219.0,113.9,0.048
7345,65,22,789.1,1160.9,186.9,119.1,0.01
7346,650,3,368.7,176.7,180.2,185.6,0.998
7347,650,48,0.0,704.6,310.3,314.4,0.972
7348,650,54,560.1,824.0,274.4,166.3,0.851
7349,650,28,557.4,822.9,277.1,168.0,0.072
7350,650,25,0.0,1229.7,107.9,50.0,0.067
7351,650,20,0.0,704.7,306.8,315.1,0.027
7352,652,1,124.0,260.0,197.5,148.1,0.952
7353,652,33,116.9,842.9,299.1,172.7,0.505
7354,652,42,561.6,67.0,290.3,461.4,0.311
7355,652,49,117.5,841.5,300.7,174.3,0.205
7356,652,17,565.0,65.2,286.2,466.1,0.125
7357,652,37,124.2,258.2,200.3,148.5,0.111
7358,652,16,587.5,686.7,277.6,458.3,0.101
7359,652,39,565.9,62.4,285.1,467.0,0.096
7360,652,42,588.8,695.9,281.7,452.2,0.06
7361,652,23,124.4,258.5,199.4,148.9,0.059
7362,652,53,562.0,69.4,294.3,455.7,0.05
7363,652,37,113.8,842.7,303.8,171.3,0.048
7364,652,17,588.4,694.6,281.3,455.2,0.046
7365,652,53,124.4,258.5,199.6,149.0,0.041
7366,652,55,587.0,673.7,278.4,473.2,0.024
7367,652,32,565.1,63.3,286.1,467.5,0.021
7368,652,48,588.8,696.3,283.7,452.4,0.021
7369,652,34,588.8,694.8,282.4,455.4,0.02
7370,652,27,124.5,258.1,199.6,150.1,0.014
7371,652,54,117.4,841.9,301.9,172.5,0.013
7372,652,3,108.3,844.2,310.4,171.9,0.013
7373,652,43,116.1,841.3,301.1,174.5,0.013
7374,652,36,115.1,844.6,300.9,171.7,0.013
7375,653,1,642.5,858.3,217.5,157.5,0.955
7376,653,49,547.2,267.1,292.2,167.7,0.426
7377,653,39,89.8,691.6,308.2,484.7,0.209
7378,653,17,89.6,694.1,308.2,485.2,0.177
7379,653,33,545.9,269.0,292.3,165.4,0.177
7380,653,42,89.3,694.4,308.8,484.9,0.162
7381,653,37,88.9,695.1,309.3,484.9,0.083
7382,653,37,643.7,858.7,213.6,157.7,0.067
7383,653,32,115.0,128.7,267.3,422.2,0.048
7384,653,17,113.0,126.7,271.4,423.7,0.041
7385,653,16,120.7,129.5,260.3,422.7,0.039
7386,653,39,116.0,125.3,266.5,424.3,0.039
7387,653,55,120.3,115.3,259.8,432.8,0.036
7388,653,26,640.3,856.6,212.9,159.1,0.035
7389,653,45,117.0,128.4,266.4,420.9,0.034
7390,653,53,644.7,859.0,213.3,156.0,0.023
7391,653,37,544.9,265.5,293.3,166.9,0.018
7392,653,42,112.2,128.9,271.2,422.0,0.018
7393,653,53,91.7,690.9,310.3,481.1,0.017
7394,653,25,646.2,859.2,203.5,152.8,0.014
7395,654,1,143.3,269.5,202.5,148.1,0.996
7396,654,33,151.3,879.7,295.8,166.0,0.875
7397,654,17,593.9,72.1,289.2,475.3,0.31
7398,654,39,615.9,729.5,272.4,452.9,0.155
7399,654,39,594.7,69.2,289.4,477.2,0.102
7400,654,32,595.5,71.6,288.5,475.9,0.093
7401,654,42,592.0,73.1,290.8,479.0,0.085
7402,654,3,147.5,880.8,301.9,165.3,0.045
7403,654,2,614.8,729.0,273.7,454.3,0.04
7404,654,49,152.3,879.8,296.3,166.5,0.039
7405,654,23,142.1,273.1,202.9,141.5,0.035
7406,654,32,615.9,728.8,271.1,454.5,0.03
7407,654,53,592.7,76.6,299.8,468.9,0.03
7408,654,26,145.2,258.8,197.7,159.0,0.027
7409,654,27,141.0,269.9,204.4,145.8,0.025
7410,654,53,140.3,269.5,206.3,145.5,0.016
7411,654,45,592.9,71.7,288.5,477.9,0.016
7412,654,16,614.7,732.8,266.6,447.4,0.014
7413,654,25,142.9,266.7,186.0,150.5,0.013
7414,654,17,151.8,879.5,295.3,182.1,0.012
7415,654,1,144.6,272.5,103.1,129.6,0.012
7416,656,37,538.2,178.6,409.2,394.1,0.503
7417,656,5,149.0,190.5,210.3,202.3,0.379
7418,656,23,631.8,851.7,220.0,135.0,0.312
7419,656,23,151.1,189.6,209.4,202.1,0.128
7420,656,37,631.4,849.6,220.5,136.3,0.08
7421,656,31,187.6,713.0,221.5,363.8,0.072
7422,656,53,532.9,186.7,420.0,383.7,0.055
7423,656,22,186.7,701.8,223.8,373.0,0.038
7424,656,54,186.9,713.5,221.3,361.2,0.034
7425,656,53,187.9,714.4,220.5,361.4,0.031
7426,656,4,629.8,851.5,213.4,137.0,0.027
7427,656,37,150.7,190.7,207.9,201.8,0.027
7428,656,42,538.2,179.4,406.5,392.8,0.027
7429,656,16,187.0,716.3,222.8,357.9,0.023
7430,656,3,186.8,713.3,221.7,362.0,0.02
7431,656,3,151.9,189.7,208.3,201.6,0.019
7432,656,20,186.4,715.6,221.2,359.5,0.017
7433,656,36,631.6,851.1,220.2,136.7,0.013
7434,656,3,631.0,851.5,218.1,136.1,0.013
7435,656,53,148.3,190.3,212.2,202.0,0.013
7436,656,1,152.6,190.8,218.3,203.9,0.011
7437,656,33,631.0,849.8,220.3,136.8,0.01
7438,658,1,167.7,247.6,182.7,180.8,0.983
7439,658,42,627.2,13.0,291.3,481.8,0.333
7440,658,43,495.2,820.6,398.3,269.1,0.321
7441,658,53,626.5,16.7,292.0,482.0,0.265
7442,658,3,493.9,820.1,400.3,272.2,0.192
7443,658,39,630.3,9.6,287.2,482.4,0.162
7444,658,37,496.6,820.0,400.0,271.3,0.144
7445,658,37,79.8,793.6,300.7,288.3,0.087
7446,658,24,79.6,793.4,302.8,289.2,0.069
7447,658,37,166.3,246.3,183.1,184.5,0.056
7448,658,49,494.1,820.8,398.3,270.8,0.048
7449,658,53,166.8,247.5,183.8,183.4,0.028
7450,658,29,79.8,793.3,301.2,287.8,0.025
7451,658,23,77.2,793.7,306.6,287.8,0.015
7452,658,16,77.8,793.6,308.1,288.9,0.013
7453,658,36,494.7,825.1,399.3,266.3,0.011
7454,659,1,149.0,239.1,177.8,183.5,0.988
7455,659,37,464.2,786.8,406.3,269.2,0.435
7456,659,43,461.3,786.6,408.5,269.5,0.361
7457,659,42,601.1,12.1,279.4,465.7,0.345
7458,659,53,597.2,14.8,287.6,464.0,0.167
7459,659,53,147.5,240.3,180.7,179.2,0.147
7460,659,56,147.5,239.4,180.3,178.6,0.105
7461,659,44,43.0,749.9,309.2,298.7,0.103
7462,659,37,43.0,749.4,308.1,299.9,0.086
7463,659,39,602.6,7.2,279.2,469.3,0.083
7464,659,37,148.0,239.8,180.0,178.6,0.059
7465,659,13,41.1,749.4,311.8,298.4,0.035
7466,659,33,465.4,787.3,405.6,269.2,0.034
7467,659,49,465.0,786.4,407.3,269.9,0.028
7468,659,16,44.3,750.4,308.5,297.6,0.025
7469,659,55,466.1,784.6,402.1,270.3,0.017
7470,659,16,468.5,786.7,401.7,269.1,0.015
7471,659,17,602.6,12.3,277.9,466.2,0.014
7472,659,53,468.4,784.0,403.4,271.7,0.011
7473,659,3,464.3,786.9,407.2,269.7,0.01
7474,66,3,393.7,210.3,184.2,185.4,0.993
7475,66,25,32.6,718.5,345.8,338.9,0.987
7476,66,44,598.2,816.2,228.8,227.9,0.983
7477,660,1,638.8,841.1,193.9,190.9,0.928
7478,660,42,61.9,743.0,294.7,498.3,0.5
7479,660,37,113.0,218.7,391.7,259.7,0.267
7480,660,43,117.3,218.7,385.1,259.7,0.199
7481,660,17,63.9,742.3,294.0,498.8,0.179
7482,660,39,64.1,741.2,293.4,498.3,0.137
7483,660,53,64.5,746.5,295.2,485.2,0.094
7484,660,37,614.0,229.5,293.4,285.3,0.078
7485,660,23,614.5,231.0,293.3,285.0,0.054
7486,660,53,642.2,845.9,191.6,190.2,0.047
7487,660,16,113.4,220.0,389.3,258.0,0.033
7488,660,37,641.3,848.8,192.6,188.8,0.03
7489,660,3,115.6,219.1,385.4,259.6,0.021
7490,660,55,642.3,845.8,191.4,189.2,0.014
7491,660,32,65.3,741.8,291.5,496.4,0.013
7492,660,16,615.3,228.6,293.4,283.4,0.012
7493,660,53,118.7,216.8,387.7,259.9,0.012
7494,660,26,638.9,843.3,193.4,189.0,0.011
7495,661,3,376.7,879.4,190.1,191.3,0.998
7496,661,46,178.9,301.1,204.7,208.6,0.905
7497,661,14,687.7,295.0,190.3,187.9,0.659
7498,661,46,685.7,293.7,192.5,189.6,0.395
7499,661,30,685.8,294.1,192.4,189.3,0.059
7500,661,3,178.0,302.9,205.0,206.9,0.02
7501,661,14,177.4,303.9,206.3,205.0,0.02
7502,661,44,684.6,295.2,193.6,187.8,0.018
7503,661,13,685.7,294.6,191.8,188.7,0.014
7504,662,3,367.6,160.6,186.7,189.2,0.985
7505,662,46,556.1,727.7,207.1,208.1,0.808
7506,662,30,43.5,745.1,195.9,190.5,0.443
7507,662,14,43.7,746.5,195.2,189.0,0.291
7508,662,30,554.8,726.5,206.1,209.0,0.062
7509,662,14,555.3,726.6,208.7,208.5,0.056
7510,662,46,43.1,746.3,195.4,188.2,0.034
7511,662,53,729.6,1174.0,246.4,105.9,0.017
7512,662,22,708.3,1171.9,267.7,108.1,0.013
7513,662,56,696.9,1171.4,279.1,108.6,0.011
7514,664,4,144.2,292.5,209.8,257.4,0.985
7515,664,27,542.3,292.1,328.8,237.1,0.793
7516,664,26,636.2,871.0,211.9,212.2,0.356
7517,664,54,159.9,800.0,199.2,257.8,0.262
7518,664,56,159.7,799.4,198.2,258.5,0.218
7519,664,53,162.1,799.5,197.1,257.2,0.065
7520,664,51,538.5,292.3,332.9,236.5,0.019
7521,664,15,634.6,875.8,213.4,208.6,0.017
7522,664,55,537.3,293.5,335.6,235.7,0.013
7523,664,1,639.1,876.6,212.1,206.4,0.013
7524,664,36,542.8,292.3,328.5,236.9,0.013
7525,665,4,623.9,712.6,213.5,272.8,0.855
7526,665,27,83.5,727.2,336.6,237.5,0.819
7527,665,54,602.3,204.0,182.2,245.0,0.4
7528,665,53,602.3,201.7,185.4,247.0,0.245
7529,665,26,140.4,176.7,194.4,212.6,0.207
7530,665,15,129.8,184.0,206.7,200.3,0.17
7531,665,56,602.1,203.0,180.8,246.4,0.03
7532,665,1,136.4,184.1,200.8,204.2,0.016
7533,665,7,85.2,727.2,318.4,237.6,0.016
7534,667,2,570.1,114.1,302.8,455.0,0.987
7535,667,35,120.6,821.9,255.3,252.8,0.944
7536,667,34,23.0,146.0,468.7,278.5,0.372
7537,667,2,640.9,705.3,242.4,450.5,0.2
7538,667,43,25.0,147.6,467.9,277.2,0.12
7539,667,40,120.3,820.2,255.8,254.4,0.105
7540,667,3,123.9,821.4,252.0,254.3,0.088
7541,667,32,642.0,704.1,242.0,446.9,0.063
7542,667,15,122.0,819.4,254.2,255.0,0.045
7543,667,17,641.2,704.1,243.9,448.3,0.027
7544,668,2,69.1,648.5,302.9,454.9,0.994
7545,668,35,555.6,198.6,251.3,245.9,0.962
7546,668,34,436.3,775.0,480.3,299.5,0.623
7547,668,2,65.7,119.8,229.3,423.6,0.536
7548,668,40,555.4,195.2,250.2,248.5,0.212
7549,668,3,561.4,196.4,243.5,249.9,0.16
7550,668,3,437.1,779.6,481.8,296.8,0.123
7551,668,15,555.9,196.2,248.9,248.1,0.077
7552,668,32,66.4,119.7,229.7,423.8,0.056
7553,668,32,0.0,1207.7,310.7,72.3,0.015
7554,668,17,66.1,118.1,229.3,425.3,0.015
7555,668,22,435.3,777.1,483.7,300.4,0.012
7556,670,4,124.2,276.8,272.0,184.6,0.971
7557,670,53,132.4,723.0,245.5,416.9,0.936
7558,670,36,575.1,181.3,327.3,293.0,0.905
7559,670,51,567.6,183.0,336.1,294.0,0.588
7560,670,31,681.9,848.5,214.9,206.8,0.247
7561,670,42,131.9,731.4,242.7,410.1,0.135
7562,670,19,573.9,182.6,326.5,291.0,0.081
7563,670,26,678.8,845.2,213.5,205.7,0.066
7564,670,16,681.6,848.7,215.2,207.3,0.033
7565,670,4,569.2,181.3,331.2,290.5,0.015
7566,670,15,681.7,845.3,216.1,211.4,0.014
7567,670,25,682.9,850.7,197.7,194.9,0.01
7568,672,31,106.0,224.5,204.8,195.3,0.97
7569,672,53,612.2,125.3,230.5,395.4,0.962
7570,672,4,603.3,846.9,281.3,186.8,0.926
7571,672,36,87.9,835.3,342.8,297.7,0.56
7572,672,51,88.4,826.9,340.4,308.1,0.485
7573,672,16,106.8,224.6,201.8,195.4,0.16
7574,672,15,106.8,225.3,207.5,195.9,0.136
7575,672,27,87.5,827.0,343.0,307.5,0.053
7576,672,19,90.3,825.6,337.3,310.9,0.036
7577,672,45,87.6,827.2,340.5,304.9,0.026
7578,672,42,614.4,122.3,225.6,399.8,0.024
7579,672,1,611.5,184.6,239.8,327.9,0.013
7580,674,1,633.2,892.0,214.6,138.9,0.922
7581,674,16,150.3,889.7,245.1,242.4,0.753
7582,674,39,601.2,155.7,264.3,452.9,0.567
7583,674,31,152.4,889.7,243.8,242.3,0.295
7584,674,42,597.5,159.4,264.8,450.8,0.078
7585,674,32,600.9,155.7,263.7,453.6,0.07
7586,674,15,150.1,890.3,247.6,241.1,0.043
7587,674,53,604.4,154.5,259.0,460.2,0.042
7588,674,29,136.9,294.4,282.9,149.7,0.032
7589,674,55,632.1,894.2,210.1,135.5,0.031
7590,674,25,630.0,883.2,216.9,147.6,0.029
7591,674,24,632.8,893.1,210.2,136.3,0.025
7592,674,37,632.8,893.9,210.7,135.0,0.022
7593,674,37,137.3,295.6,282.4,148.5,0.021
7594,674,16,137.2,294.9,283.3,145.4,0.016
7595,674,18,598.6,158.8,265.3,450.8,0.014
7596,674,23,632.9,893.9,209.8,134.5,0.013
7597,674,55,152.2,890.2,242.7,238.4,0.013
7598,675,1,142.7,240.6,192.4,129.3,0.999
7599,675,16,563.0,134.5,233.6,226.2,0.848
7600,675,39,91.9,611.5,277.0,487.5,0.378
7601,675,32,93.2,613.3,273.3,485.0,0.348
7602,675,42,91.7,613.7,276.2,486.2,0.101
7603,675,55,564.0,134.2,232.7,225.5,0.075
7604,675,53,138.7,242.1,198.6,126.1,0.05
7605,675,45,94.0,613.6,272.9,486.3,0.035
7606,675,56,139.7,240.7,197.4,129.3,0.033
7607,675,53,94.8,616.0,278.2,478.2,0.032
7608,675,1,591.6,836.8,245.7,143.9,0.031
7609,675,37,550.6,834.1,293.7,149.8,0.027
7610,675,26,141.6,235.6,193.7,131.9,0.026
7611,675,31,564.8,131.2,229.1,231.2,0.023
7612,675,36,546.0,832.4,297.4,150.4,0.018
7613,675,15,563.8,132.1,238.5,227.8,0.015
7614,675,37,139.2,239.3,198.3,130.5,0.011
7615,675,29,550.1,833.4,294.8,149.9,0.011
7616,675,26,563.5,133.1,232.4,229.0,0.01
7617,677,1,143.4,240.6,194.1,128.9,0.996
7618,677,39,565.0,626.9,263.8,487.4,0.862
7619,677,44,18.6,695.4,300.2,296.9,0.466
7620,677,42,619.4,15.2,294.5,452.7,0.287
7621,677,17,616.5,15.0,297.6,453.8,0.177
7622,677,39,618.1,12.3,296.1,457.0,0.125
7623,677,32,566.2,627.3,262.7,489.5,0.086
7624,677,42,561.4,628.7,271.6,489.8,0.069
7625,677,53,139.4,242.0,200.5,126.5,0.054
7626,677,53,616.8,21.3,301.9,448.6,0.05
7627,677,46,567.0,625.6,260.9,493.5,0.045
7628,677,56,140.4,240.7,199.7,129.0,0.042
7629,677,2,565.0,628.0,263.4,491.1,0.04
7630,677,5,139.9,239.1,200.6,130.7,0.015
7631,677,1,141.8,252.0,104.5,112.5,0.013
7632,677,24,140.7,240.2,199.8,129.8,0.011
7633,677,18,618.0,14.6,296.0,452.6,0.011
7634,677,18,564.9,631.0,266.6,487.7,0.011
7635,677,37,17.3,698.0,301.3,294.6,0.01
7636,679,2,608.8,97.2,211.0,458.1,0.98
7637,679,11,139.1,156.3,340.7,479.4,0.727
7638,679,39,139.6,155.0,338.2,479.0,0.368
7639,679,2,592.3,708.1,228.6,456.0,0.284
7640,679,14,103.8,815.2,280.9,279.7,0.254
7641,679,46,105.0,813.0,280.6,282.0,0.093
7642,679,22,141.1,156.6,337.6,478.8,0.078
7643,679,32,592.2,707.3,226.8,455.5,0.046
7644,679,30,105.0,812.7,279.9,282.1,0.02
7645,679,7,594.3,714.9,224.7,434.2,0.012
7646,679,15,105.4,815.7,280.8,278.4,0.012
7647,68,14,155.3,831.0,188.3,189.6,0.986
7648,68,4,169.9,279.8,261.7,214.8,0.952
7649,68,45,505.8,763.0,449.5,385.2,0.577
7650,68,31,154.9,830.3,188.5,190.3,0.339
7651,68,16,637.7,291.4,171.9,199.7,0.154
7652,68,55,638.0,291.5,172.1,200.8,0.119
7653,68,37,506.4,767.3,447.6,377.3,0.076
7654,68,35,156.2,829.7,186.2,190.9,0.054
7655,68,1,630.7,294.8,180.6,194.7,0.043
7656,68,23,156.1,827.2,187.7,192.1,0.024
7657,68,23,634.6,292.0,174.3,199.0,0.022
7658,68,26,628.5,295.3,180.8,193.6,0.017
7659,68,1,145.5,831.3,203.2,182.5,0.016
7660,68,37,634.6,292.0,173.8,198.9,0.015
7661,68,54,634.8,292.2,173.4,198.0,0.014
7662,68,56,503.5,768.3,448.5,376.0,0.014
7663,68,13,634.7,293.2,173.8,197.4,0.011
7664,68,27,514.3,775.4,438.3,368.2,0.011
7665,680,2,86.4,676.7,232.5,481.7,0.966
7666,680,2,141.1,112.0,209.8,430.8,0.715
7667,680,46,551.8,192.0,270.8,269.7,0.567
7668,680,22,473.4,594.3,340.8,483.2,0.511
7669,680,24,553.9,192.8,268.7,268.8,0.311
7670,680,11,475.4,594.1,338.3,480.3,0.227
7671,680,39,472.4,594.4,337.0,482.2,0.098
7672,680,17,140.8,113.6,209.7,429.2,0.056
7673,680,34,477.0,593.2,332.1,481.3,0.046
7674,680,32,0.0,1203.7,236.0,76.3,0.014
7675,680,51,0.0,1203.2,228.5,76.8,0.011
7676,681,2,609.6,59.6,231.6,479.9,0.992
7677,681,2,585.2,704.9,219.3,445.8,0.725
7678,681,22,135.6,122.9,337.6,481.2,0.586
7679,681,11,135.4,121.9,339.5,483.2,0.446
7680,681,46,103.5,803.9,277.3,267.5,0.245
7681,681,24,104.8,805.1,275.7,266.9,0.219
7682,681,14,102.8,803.5,280.4,269.7,0.108
7683,681,30,105.1,804.1,274.7,269.7,0.055
7684,681,44,103.6,803.5,276.9,268.7,0.023
7685,681,34,135.5,123.2,339.9,483.1,0.022
7686,681,7,586.0,708.1,216.7,443.5,0.016
7687,681,39,130.9,123.6,337.4,479.5,0.011
7688,681,17,137.0,121.9,335.6,484.4,0.01
7689,684,1,180.9,265.9,129.6,198.4,0.988
7690,684,42,576.0,718.4,323.0,424.3,0.914
7691,684,23,80.7,768.3,301.1,288.5,0.126
7692,684,37,526.7,91.0,372.4,431.5,0.125
7693,684,56,576.2,713.3,320.0,429.0,0.11
7694,684,42,527.6,91.4,371.9,432.5,0.091
7695,684,37,79.0,767.6,301.9,289.0,0.056
7696,684,39,529.5,89.7,367.3,435.5,0.051
7697,684,53,182.0,266.6,128.7,199.1,0.048
7698,684,3,577.5,716.4,314.0,425.1,0.03
7699,684,16,78.7,767.8,305.6,287.8,0.021
7700,684,53,577.9,719.3,315.6,422.1,0.011
7701,685,2,573.0,115.9,301.3,455.8,0.994
7702,685,35,115.8,821.4,257.2,252.9,0.941
7703,685,11,100.5,20.5,289.0,515.4,0.393
7704,685,2,638.3,705.2,244.4,445.9,0.228
7705,685,39,101.6,19.1,287.5,513.8,0.199
7706,685,3,120.2,821.4,253.6,254.7,0.174
7707,685,32,638.4,704.0,242.8,447.3,0.089
7708,685,22,99.7,18.0,287.8,514.3,0.047
7709,685,40,116.3,820.2,257.4,254.0,0.045
7710,685,15,115.4,818.2,259.8,256.0,0.036
7711,685,17,637.9,703.9,245.5,449.9,0.028
7712,688,4,576.7,756.6,278.1,215.1,0.983
7713,688,37,86.3,728.2,317.6,279.3,0.824
7714,688,45,99.9,188.5,455.4,402.2,0.627
7715,688,26,619.2,179.6,212.7,223.1,0.502
7716,688,53,86.2,728.9,321.2,279.7,0.09
7717,688,34,100.7,187.1,452.5,404.1,0.043
7718,688,39,87.8,728.8,317.3,279.1,0.028
7719,688,25,614.8,187.2,215.3,207.5,0.025
7720,688,37,611.7,184.4,224.9,216.7,0.015
7721,688,1,615.9,188.0,218.6,213.2,0.014
7722,692,53,102.6,690.5,201.1,410.1,0.986
7723,692,4,134.1,290.7,275.6,171.8,0.959
7724,692,31,658.3,836.2,212.7,206.6,0.798
7725,692,16,659.0,836.3,211.7,207.2,0.589
7726,692,42,102.3,687.9,198.2,417.0,0.387
7727,692,15,658.2,834.9,212.4,209.2,0.053
7728,692,17,102.4,685.7,200.2,418.3,0.045
7729,692,26,681.5,256.6,208.8,195.4,0.032
7730,692,31,681.9,258.4,205.9,197.0,0.028
7731,692,1,684.5,254.1,203.8,200.2,0.016
7732,692,15,682.4,258.4,206.5,197.1,0.016
7733,692,26,657.7,841.8,215.8,199.0,0.016
7734,694,3,402.1,849.9,190.5,191.9,0.999
7735,694,21,499.7,235.4,330.3,259.9,0.973
7736,694,53,152.5,277.3,258.5,379.1,0.891
7737,697,3,401.3,853.7,193.8,193.9,0.997
7738,697,55,137.4,258.7,228.6,267.6,0.965
7739,697,20,599.0,206.1,245.9,339.5,0.96
7740,697,48,599.8,206.7,243.8,340.3,0.022
7741,698,3,348.0,174.3,179.3,184.9,0.998
7742,698,20,75.7,632.7,257.0,373.3,0.99
7743,698,55,572.3,677.1,242.0,283.8,0.932
7744,698,25,0.0,1228.4,105.1,51.3,0.042
7745,698,48,80.6,634.7,249.6,368.3,0.022
7746,698,27,0.0,1226.3,176.7,53.7,0.013
7747,70,1,634.2,895.9,213.4,155.5,0.973
7748,70,37,46.4,234.4,399.1,221.8,0.269
7749,70,49,42.0,234.3,405.6,223.9,0.252
7750,70,53,48.9,712.9,300.9,486.1,0.209
7751,70,42,45.0,711.1,302.0,495.4,0.172
7752,70,43,43.2,234.2,403.0,223.4,0.141
7753,70,17,45.0,712.4,303.7,493.1,0.128
7754,70,39,45.6,710.3,302.6,491.9,0.114
7755,70,3,642.7,258.6,196.5,270.7,0.097
7756,70,3,46.6,235.0,402.6,223.4,0.052
7757,70,37,631.6,897.7,213.3,154.1,0.047
7758,70,37,641.4,259.5,197.6,270.8,0.038
7759,70,53,631.0,898.6,212.1,154.5,0.027
7760,70,16,42.4,234.9,404.2,222.3,0.017
7761,70,33,45.3,235.4,401.3,222.4,0.013
7762,70,4,42.3,235.1,407.5,223.2,0.011
7763,70,32,47.3,708.2,304.3,493.5,0.01
7764,70,26,634.4,897.9,211.9,156.4,0.01
7765,700,4,569.5,832.4,267.2,238.4,0.97
7766,700,14,617.2,171.8,184.4,181.0,0.906
7767,700,45,68.8,134.4,392.8,393.9,0.575
7768,700,24,91.3,826.8,227.3,173.6,0.572
7769,700,31,617.2,171.4,185.5,181.9,0.198
7770,700,53,92.1,826.8,227.7,175.1,0.107
7771,700,37,68.4,136.0,391.2,392.2,0.063
7772,700,4,617.1,171.2,185.3,183.9,0.043
7773,700,23,616.5,169.8,185.0,184.2,0.041
7774,700,21,618.1,170.7,183.6,183.3,0.037
7775,700,56,69.8,135.9,390.2,391.6,0.034
7776,700,1,191.5,831.5,122.3,170.4,0.023
7777,700,16,63.3,133.5,397.1,409.8,0.015
7778,701,4,599.7,864.7,261.1,234.9,0.957
7779,701,14,647.6,175.3,188.4,187.3,0.848
7780,701,45,83.4,150.2,403.2,410.0,0.456
7781,701,31,646.8,175.1,189.7,187.3,0.401
7782,701,24,127.5,864.8,221.9,168.9,0.372
7783,701,23,645.9,172.4,193.5,189.0,0.138
7784,701,37,79.9,150.6,407.2,407.0,0.112
7785,701,53,126.0,865.2,222.8,169.1,0.051
7786,701,4,646.3,175.0,190.0,188.0,0.036
7787,701,55,75.9,148.5,411.2,414.4,0.03
7788,701,56,80.9,149.0,404.2,410.0,0.023
7789,701,21,648.1,174.6,188.0,188.4,0.018
7790,701,16,84.4,155.4,404.4,402.2,0.017
7791,701,1,647.0,176.5,190.2,186.3,0.013
7792,701,37,123.5,859.5,225.1,172.6,0.012
7793,702,4,147.7,219.5,250.6,223.6,0.951
7794,702,14,144.8,899.4,194.1,192.7,0.891
7795,702,24,643.3,278.9,219.4,170.0,0.602
7796,702,45,514.2,697.1,408.4,416.9,0.244
7797,702,53,643.0,277.5,219.7,169.9,0.096
7798,702,35,143.8,899.7,194.7,191.9,0.064
7799,702,31,144.4,898.9,194.6,193.1,0.054
7800,702,37,643.2,278.0,218.4,170.5,0.05
7801,702,56,515.5,697.4,405.0,414.3,0.048
7802,702,37,514.0,698.5,408.6,414.0,0.041
7803,702,53,508.9,701.4,421.1,417.9,0.023
7804,702,4,643.4,276.5,219.7,170.0,0.023
7805,702,40,142.6,899.6,195.7,193.1,0.023
7806,702,55,522.0,707.8,402.8,410.2,0.02
7807,702,23,144.1,898.3,195.7,192.4,0.012
7808,702,4,166.8,223.4,194.0,124.1,0.011
7809,705,4,590.7,870.7,261.3,235.4,0.981
7810,705,44,638.1,207.2,230.6,210.8,0.921
7811,705,31,121.9,198.9,205.3,200.6,0.904
7812,705,24,119.1,864.9,226.0,169.8,0.277
7813,705,16,121.3,198.0,204.0,201.5,0.05
7814,705,53,119.7,865.2,223.3,169.6,0.032
7815,705,3,117.9,864.7,227.2,170.1,0.028
7816,705,37,120.9,198.7,210.0,200.5,0.018
7817,705,15,120.7,197.7,203.3,200.9,0.012
7818,706,2,603.3,99.3,256.0,445.8,0.976
7819,706,11,73.2,133.6,339.0,473.1,0.456
7820,706,18,598.1,693.9,253.4,490.0,0.375
7821,706,14,108.2,819.6,280.8,279.5,0.245
7822,706,39,74.4,133.4,337.9,475.4,0.212
7823,706,46,110.4,818.1,278.6,281.0,0.103
7824,706,48,598.3,692.0,251.8,493.8,0.028
7825,706,7,595.3,685.9,252.1,486.7,0.021
7826,706,34,73.6,134.8,336.2,474.4,0.02
7827,706,32,597.6,689.5,254.8,495.3,0.018
7828,706,22,73.4,137.0,341.5,472.0,0.017
7829,707,2,70.4,689.6,258.3,475.4,0.973
7830,707,46,550.0,187.5,267.4,265.9,0.742
7831,707,11,535.2,622.6,364.1,498.3,0.698
7832,707,2,116.9,90.3,232.9,465.3,0.409
7833,707,39,535.1,623.4,359.6,498.4,0.149
7834,707,22,535.2,626.6,360.1,495.0,0.057
7835,707,18,117.9,89.2,230.4,464.0,0.039
7836,707,34,532.2,624.1,361.9,499.4,0.032
7837,707,17,536.7,632.4,355.7,489.6,0.018
7838,707,32,0.0,1206.8,318.1,73.2,0.011
7839,707,14,550.3,190.6,268.1,263.4,0.01
7840,708,2,614.5,51.1,254.5,475.2,0.99
7841,708,22,66.2,82.3,350.3,490.0,0.543
7842,708,18,590.6,689.6,242.6,487.2,0.305
7843,708,46,107.2,807.7,275.1,270.9,0.298
7844,708,11,66.5,82.3,348.5,491.1,0.218
7845,708,14,107.1,806.1,278.0,273.6,0.054
7846,708,2,591.9,688.2,240.3,490.4,0.049
7847,708,34,66.3,80.5,347.6,490.5,0.045
7848,708,7,590.5,687.4,240.1,477.8,0.038
7849,708,32,590.5,685.8,239.7,491.3,0.018
7850,708,39,62.8,82.9,346.9,487.9,0.011
7851,710,4,577.8,756.0,277.2,215.4,0.986
7852,710,15,563.1,216.1,239.6,231.5,0.945
7853,710,37,86.2,728.9,320.3,278.0,0.842
7854,710,15,156.3,234.6,208.2,200.1,0.497
7855,710,53,85.4,727.8,324.0,280.5,0.124
7856,710,26,154.1,229.7,213.0,210.2,0.039
7857,710,16,561.3,217.0,237.4,232.5,0.017
7858,712,2,624.0,116.6,228.3,451.5,0.963
7859,712,11,117.6,133.0,272.6,504.4,0.769
7860,712,14,135.4,845.7,282.1,283.0,0.446
7861,712,18,629.6,683.0,254.8,500.7,0.231
7862,712,15,134.5,845.4,281.3,282.0,0.04
7863,712,39,119.0,132.2,268.5,502.4,0.032
7864,712,7,629.0,684.7,252.7,486.8,0.016
7865,712,17,119.8,132.1,268.3,502.2,0.016
7866,713,2,83.6,660.1,217.0,484.2,0.996
7867,713,11,546.9,594.4,293.0,523.4,0.931
7868,713,2,89.3,90.0,223.1,475.0,0.47
7869,713,46,525.2,165.6,264.3,262.5,0.327
7870,713,39,548.2,595.2,287.8,519.9,0.143
7871,713,22,544.5,594.7,296.4,524.9,0.021
7872,713,32,0.0,1208.5,311.6,71.5,0.013
7873,714,2,633.9,71.5,224.9,479.7,0.995
7874,714,11,120.1,90.9,269.7,517.5,0.483
7875,714,2,618.9,677.6,245.4,496.9,0.405
7876,714,18,622.4,674.7,242.1,502.2,0.262
7877,714,39,120.1,89.8,270.3,517.0,0.181
7878,714,46,136.2,836.6,271.1,272.8,0.144
7879,714,14,134.5,834.4,273.4,272.1,0.118
7880,714,25,120.1,91.2,270.7,516.9,0.07
7881,714,12,619.3,675.4,243.6,497.9,0.054
7882,714,30,136.6,837.3,273.9,270.8,0.037
7883,714,22,122.4,87.5,268.9,518.8,0.025
7884,714,26,881.2,1240.2,94.8,39.6,0.012
7885,716,2,585.3,118.6,226.9,453.0,0.989
7886,716,14,118.3,801.3,327.7,324.8,0.375
7887,716,22,102.6,145.2,310.1,484.6,0.362
7888,716,39,104.6,145.5,307.4,482.5,0.216
7889,716,18,605.5,720.5,242.6,457.5,0.156
7890,716,2,604.3,720.9,242.9,456.9,0.145
7891,716,11,102.6,146.6,311.5,479.1,0.125
7892,716,48,606.1,720.5,242.1,459.3,0.052
7893,716,32,604.5,718.6,244.1,458.8,0.043
7894,716,37,104.5,146.1,307.2,479.4,0.02
7895,716,53,603.9,717.5,244.4,453.2,0.013
7896,716,30,117.1,802.7,327.3,321.7,0.011
7897,717,2,90.1,666.4,255.0,470.1,0.964
7898,717,11,522.3,595.5,331.8,505.5,0.502
7899,717,2,111.4,107.7,229.3,431.1,0.376
7900,717,22,522.5,597.6,331.1,501.4,0.13
7901,717,14,495.4,167.0,312.3,302.3,0.103
7902,717,30,495.7,166.5,310.3,302.6,0.062
7903,717,34,521.0,593.0,331.2,508.4,0.053
7904,717,46,495.7,168.0,310.4,299.7,0.043
7905,717,17,112.5,106.2,230.2,432.0,0.04
7906,717,32,0.0,1210.7,318.9,69.3,0.017
7907,717,32,111.0,108.7,231.0,430.1,0.015
7908,719,1,122.2,261.6,198.0,147.3,0.979
7909,719,16,552.4,182.1,231.1,226.9,0.847
7910,719,31,552.7,181.5,231.9,227.1,0.601
7911,719,23,89.8,808.9,197.1,190.2,0.34
7912,719,15,553.2,181.9,232.1,226.1,0.18
7913,719,1,82.4,809.6,206.7,192.0,0.096
7914,719,37,122.3,259.5,201.3,148.3,0.091
7915,719,55,553.6,182.3,229.9,224.6,0.086
7916,719,16,591.0,687.4,279.1,451.5,0.076
7917,719,42,593.6,689.2,279.8,453.8,0.06
7918,719,17,593.7,687.2,280.5,455.2,0.046
7919,719,26,85.1,809.0,201.5,190.4,0.043
7920,719,23,122.6,259.6,200.1,149.0,0.041
7921,719,53,122.5,259.7,200.1,149.3,0.036
7922,719,55,590.9,689.2,279.3,450.1,0.026
7923,719,3,89.2,808.7,198.5,193.2,0.026
7924,719,16,90.1,808.4,198.2,191.7,0.023
7925,719,31,90.4,809.7,197.7,190.4,0.016
7926,719,34,594.0,688.1,279.5,455.7,0.014
7927,719,27,121.6,259.5,201.3,150.1,0.014
7928,72,1,153.5,225.3,204.5,150.7,0.957
7929,72,49,549.3,845.0,410.0,219.6,0.85
7930,72,42,640.9,47.7,289.7,480.2,0.401
7931,72,53,640.1,45.8,292.8,482.5,0.307
7932,72,17,643.0,45.7,288.0,481.1,0.296
7933,72,43,549.9,843.3,408.6,222.9,0.227
7934,72,37,550.2,842.9,410.9,223.6,0.198
7935,72,39,643.4,43.6,286.0,483.9,0.163
7936,72,3,152.7,776.1,200.9,280.2,0.095
7937,72,3,154.9,224.6,205.6,151.6,0.042
7938,72,3,551.4,842.2,413.5,221.7,0.04
7939,72,37,155.9,225.0,204.2,150.6,0.039
7940,72,42,150.5,774.3,201.9,281.0,0.035
7941,72,56,156.5,224.3,203.3,150.7,0.026
7942,72,26,156.4,223.8,205.0,151.5,0.022
7943,72,53,156.1,224.6,205.9,151.0,0.02
7944,72,37,150.8,775.5,202.1,279.3,0.019
7945,72,32,643.3,44.7,288.0,483.6,0.016
7946,72,33,547.5,843.2,411.6,220.7,0.014
7947,72,13,548.1,841.6,412.1,224.0,0.014
7948,72,36,150.6,774.0,204.7,280.6,0.011
7949,720,1,646.1,856.7,212.2,157.9,0.975
7950,720,16,165.0,842.3,242.5,237.8,0.919
7951,720,31,163.9,842.1,244.4,238.4,0.362
7952,720,23,673.9,287.0,192.6,184.2,0.231
7953,720,37,673.1,286.7,193.9,184.3,0.199
7954,720,55,164.8,842.8,240.8,236.7,0.189
7955,720,39,108.9,128.0,270.1,427.2,0.109
7956,720,55,113.6,129.6,264.1,422.1,0.101
7957,720,25,108.6,132.6,271.0,420.7,0.055
7958,720,37,648.6,858.1,210.0,156.7,0.035
7959,720,26,643.5,853.3,208.1,160.5,0.034
7960,720,32,111.2,132.9,265.6,420.5,0.031
7961,720,15,162.9,838.2,231.9,241.1,0.029
7962,720,53,647.3,857.1,212.2,155.1,0.027
7963,720,45,109.0,133.1,268.0,422.0,0.021
7964,720,25,648.1,857.2,199.4,153.3,0.015
7965,721,4,578.9,756.8,276.3,213.4,0.977
7966,721,53,571.9,123.3,248.7,379.0,0.972
7967,721,37,87.0,729.0,317.7,278.3,0.758
7968,721,37,63.5,163.8,440.3,472.3,0.123
7969,721,53,86.2,728.0,321.6,280.4,0.119
7970,721,42,568.9,120.3,245.0,380.4,0.018
7971,721,45,63.4,164.8,443.2,472.4,0.014
7972,721,53,576.2,259.6,241.9,240.4,0.013
7973,724,16,105.8,735.8,238.7,235.8,0.769
7974,724,31,105.6,738.0,239.4,233.0,0.374
7975,724,44,577.6,163.5,220.7,216.8,0.24
7976,724,5,129.8,174.1,211.8,204.9,0.125
7977,724,1,127.2,168.4,211.2,209.4,0.073
7978,724,54,130.1,174.5,211.8,203.9,0.056
7979,724,16,564.6,680.0,274.0,443.7,0.055
7980,724,37,128.9,175.1,214.1,203.0,0.05
7981,724,56,131.2,175.0,210.7,203.9,0.049
7982,724,53,566.2,679.4,272.4,439.1,0.047
7983,724,15,107.8,738.4,239.3,231.4,0.037
7984,724,23,105.8,736.3,238.1,234.3,0.024
7985,724,14,578.3,165.4,220.9,215.1,0.022
7986,724,53,129.6,173.8,208.7,204.9,0.02
7987,724,13,129.3,175.6,212.8,204.2,0.017
7988,724,55,565.0,682.9,274.7,442.8,0.017
7989,724,54,564.9,673.9,272.7,452.6,0.016
7990,724,37,105.3,736.2,238.8,235.0,0.014
7991,724,3,129.9,175.7,212.8,202.7,0.013
7992,725,16,617.3,301.5,232.0,226.4,0.942
7993,725,31,617.3,300.4,233.2,227.5,0.279
7994,725,23,636.2,880.8,214.4,217.6,0.198
7995,725,16,141.5,147.3,267.5,422.7,0.146
7996,725,14,153.4,875.5,230.1,225.0,0.129
7997,725,55,618.8,300.6,229.0,228.8,0.116
7998,725,44,153.1,873.6,229.0,227.2,0.061
7999,725,55,142.2,143.5,267.8,426.0,0.059
8000,725,15,617.0,299.1,234.2,228.6,0.055
8001,725,15,152.2,872.3,229.6,228.5,0.044
8002,725,37,635.5,881.0,217.2,215.2,0.043
8003,725,42,137.9,146.9,269.7,423.4,0.037
8004,725,32,138.6,147.2,270.5,422.0,0.022
8005,725,16,151.8,874.7,230.3,224.6,0.02
8006,725,4,636.8,882.9,216.3,214.1,0.019
8007,725,53,634.4,883.1,217.3,215.5,0.019
8008,725,17,137.7,142.6,271.2,427.4,0.014
8009,725,24,636.8,882.3,213.8,216.1,0.013
8010,725,45,138.2,146.1,271.0,425.1,0.012
8011,725,13,634.7,881.3,217.4,217.3,0.011
8012,726,16,138.4,775.3,237.2,229.3,0.782
8013,726,31,138.4,774.9,237.6,229.1,0.451
8014,726,44,608.1,169.6,225.5,215.6,0.205
8015,726,5,146.5,179.4,212.7,205.8,0.204
8016,726,16,594.7,719.6,270.4,440.1,0.106
8017,726,15,140.1,774.5,238.1,228.4,0.103
8018,726,56,145.7,179.9,211.9,205.8,0.089
8019,726,3,147.7,181.4,211.9,203.7,0.086
8020,726,55,595.3,718.4,270.3,442.1,0.047
8021,726,37,148.1,179.7,210.4,206.6,0.038
8022,726,1,140.6,180.8,216.2,209.0,0.031
8023,726,13,148.0,180.9,211.3,204.4,0.03
8024,726,54,148.5,179.7,212.0,205.5,0.023
8025,726,55,140.2,776.3,234.8,228.5,0.021
8026,726,35,605.6,170.7,227.8,213.9,0.017
8027,726,22,596.2,713.5,272.8,450.2,0.011
8028,726,23,139.2,775.0,235.4,227.5,0.011
8029,727,14,602.7,212.0,184.3,185.0,0.975
8030,727,4,574.2,810.3,284.9,194.3,0.956
8031,727,34,37.3,154.3,421.6,449.4,0.956
8032,727,36,8.1,811.5,381.8,224.1,0.863
8033,727,51,4.9,810.9,386.4,224.8,0.08
8034,727,27,5.4,813.5,386.2,223.5,0.067
8035,727,23,604.1,213.1,183.5,184.5,0.042
8036,727,31,603.1,213.2,183.1,184.7,0.028
8037,727,40,605.0,213.6,180.9,183.0,0.01
8038,728,14,631.6,221.7,188.2,186.4,0.947
8039,728,4,602.9,845.0,281.4,187.6,0.919
8040,728,34,43.6,176.9,447.7,446.2,0.908
8041,728,36,42.8,853.6,381.2,221.7,0.901
8042,728,23,627.0,220.8,193.7,187.6,0.154
8043,728,31,631.9,221.1,188.5,186.7,0.105
8044,728,4,40.9,855.0,384.6,219.5,0.067
8045,728,27,47.3,859.5,376.1,215.1,0.046
8046,728,51,42.8,856.1,383.1,218.8,0.021
8047,728,35,631.0,220.9,187.4,187.7,0.018
8048,73,1,597.5,846.8,204.1,131.7,0.972
8049,73,5,69.6,198.5,208.4,203.1,0.169
8050,73,54,165.7,671.5,217.4,368.5,0.146
8051,73,37,528.6,74.1,345.6,424.8,0.114
8052,73,39,529.5,71.9,345.4,426.6,0.082
8053,73,26,595.3,842.8,210.4,135.0,0.073
8054,73,17,529.4,75.1,344.4,422.4,0.069
8055,73,23,593.9,850.9,209.4,127.8,0.055
8056,73,18,527.7,73.6,346.1,426.9,0.053
8057,73,21,69.6,198.9,208.5,201.2,0.043
8058,73,27,592.9,848.8,211.9,129.2,0.042
8059,73,53,69.4,200.3,208.2,200.0,0.039
8060,73,20,163.2,677.2,220.8,360.5,0.038
8061,73,54,70.2,196.2,208.8,203.7,0.034
8062,73,37,69.7,195.4,209.5,205.1,0.033
8063,73,39,164.8,668.9,217.7,368.9,0.026
8064,73,55,591.6,848.6,213.9,129.2,0.025
8065,73,31,161.7,673.1,220.9,364.0,0.025
8066,73,53,530.8,71.9,345.6,455.6,0.023
8067,73,23,69.5,197.5,208.8,202.8,0.023
8068,73,36,590.6,848.9,213.6,128.6,0.022
8069,73,53,591.4,849.3,213.3,128.9,0.018
8070,73,53,162.3,672.9,219.9,365.7,0.016
8071,73,17,166.8,672.1,217.6,366.5,0.014
8072,73,37,593.8,850.9,210.2,128.6,0.013
8073,73,20,590.4,848.3,213.5,129.5,0.012
8074,73,7,519.2,85.4,354.7,415.0,0.012
8075,731,31,118.1,769.2,241.7,233.4,0.605
8076,731,16,117.8,769.1,240.1,233.8,0.529
8077,731,54,611.6,137.3,202.7,204.3,0.478
8078,731,56,610.5,138.4,204.8,204.2,0.24
8079,731,56,103.3,158.8,203.0,200.8,0.171
8080,731,5,102.7,159.0,203.3,199.7,0.137
8081,731,37,602.3,770.0,206.1,222.5,0.115
8082,731,54,102.6,159.1,202.6,200.0,0.095
8083,731,16,603.3,770.5,206.9,222.5,0.09
8084,731,15,118.1,769.2,243.7,232.6,0.087
8085,731,53,100.6,158.7,206.3,201.1,0.082
8086,731,4,603.7,771.5,207.2,221.2,0.075
8087,731,23,102.5,159.1,206.3,200.4,0.071
8088,731,39,103.1,159.0,203.1,200.4,0.051
8089,731,55,603.2,770.3,204.2,220.8,0.03
8090,731,53,603.4,770.3,205.7,220.8,0.022
8091,731,53,608.3,137.7,208.1,203.0,0.018
8092,731,24,102.3,160.0,205.3,199.8,0.015
8093,731,51,600.5,770.5,210.0,223.1,0.014
8094,731,1,94.2,163.7,210.5,192.5,0.012
8095,731,24,601.4,770.5,210.0,224.0,0.012
8096,731,14,602.5,771.1,208.5,220.6,0.011
8097,731,14,100.3,158.5,198.9,199.7,0.011
8098,732,16,608.3,266.6,229.1,223.8,0.571
8099,732,31,608.0,265.7,230.1,224.3,0.468
8100,732,54,129.0,918.6,218.3,210.1,0.415
8101,732,56,129.1,918.2,217.1,210.7,0.22
8102,732,15,608.0,264.2,225.4,226.2,0.148
8103,732,37,167.5,277.1,204.5,213.1,0.123
8104,732,16,168.4,276.4,203.5,214.8,0.089
8105,732,55,608.3,267.1,230.5,222.2,0.08
8106,732,53,129.8,914.3,219.2,215.4,0.065
8107,732,23,667.1,896.5,216.6,216.6,0.047
8108,732,54,668.1,896.9,214.7,216.1,0.03
8109,732,21,668.1,896.5,217.0,216.2,0.019
8110,738,1,85.4,260.3,203.7,127.9,0.908
8111,738,55,601.5,767.9,167.9,285.9,0.272
8112,738,42,587.4,86.9,285.9,465.5,0.198
8113,738,17,587.6,85.6,285.1,464.7,0.136
8114,738,39,589.0,85.0,286.5,465.9,0.103
8115,738,25,611.3,797.0,156.0,252.7,0.077
8116,738,53,586.0,87.1,291.7,466.1,0.05
8117,738,17,128.7,645.5,278.3,448.9,0.046
8118,738,20,599.6,766.9,172.3,287.9,0.045
8119,738,16,132.1,645.5,264.5,445.5,0.039
8120,738,42,128.1,644.6,279.7,450.8,0.035
8121,738,26,88.9,254.8,195.9,131.5,0.034
8122,738,53,88.9,259.3,197.2,126.6,0.032
8123,738,27,88.6,259.4,197.9,126.1,0.027
8124,738,1,89.3,263.7,144.4,115.6,0.027
8125,738,1,599.4,785.6,165.7,275.6,0.023
8126,738,26,606.8,803.3,159.1,247.7,0.023
8127,738,56,89.0,258.5,196.6,127.8,0.021
8128,738,55,132.3,644.7,262.9,447.4,0.02
8129,738,32,590.7,87.2,281.2,463.7,0.02
8130,738,45,129.8,645.1,277.6,451.0,0.011
8131,738,13,88.8,257.5,197.5,128.7,0.011
8132,740,16,118.1,805.5,244.3,235.8,0.862
8133,740,1,641.6,826.5,173.9,201.9,0.842
8134,740,23,654.8,273.8,156.5,147.1,0.582
8135,740,31,118.0,805.1,244.9,236.3,0.25
8136,740,55,119.1,805.6,242.9,238.0,0.153
8137,740,16,128.1,123.4,258.0,424.5,0.15
8138,740,53,642.4,827.8,174.5,203.5,0.138
8139,740,55,643.1,828.7,172.8,201.7,0.136
8140,740,16,642.7,828.4,173.5,203.0,0.118
8141,740,37,641.7,827.3,174.6,203.7,0.115
8142,740,31,654.9,272.9,156.6,148.9,0.059
8143,740,14,654.3,272.1,157.6,150.2,0.046
8144,740,55,128.2,120.4,255.4,426.4,0.044
8145,740,21,655.9,273.3,156.7,148.7,0.024
8146,740,39,120.9,126.6,264.5,422.2,0.019
8147,740,45,120.8,128.5,265.6,420.2,0.015
8148,740,26,111.8,800.2,254.5,240.1,0.014
8149,740,17,119.6,128.0,267.4,421.1,0.013
8150,740,16,655.7,273.1,156.4,148.7,0.012
8151,740,24,644.7,827.3,172.1,204.4,0.011
8152,740,19,655.5,273.2,156.1,148.5,0.01
8153,742,35,568.2,187.1,249.6,251.3,0.954
8154,742,2,83.5,667.5,253.6,479.6,0.953
8155,742,2,85.0,106.1,212.4,431.9,0.918
8156,742,11,564.6,537.7,289.5,528.9,0.834
8157,742,3,568.1,186.5,248.9,254.6,0.215
8158,742,40,567.3,188.1,249.2,249.9,0.068
8159,742,15,568.7,188.4,251.1,250.5,0.049
8160,742,22,565.5,538.6,285.9,525.5,0.033
8161,742,34,562.5,538.0,291.9,532.0,0.014
8162,742,39,567.5,538.8,288.1,525.7,0.012
8163,743,2,606.0,71.4,251.8,473.1,0.984
8164,743,35,107.3,832.8,259.0,250.2,0.976
8165,743,2,639.1,710.0,223.4,450.2,0.965
8166,743,11,97.1,137.4,277.8,527.0,0.398
8167,743,3,114.4,830.5,249.9,255.1,0.246
8168,743,22,98.8,134.9,275.3,525.7,0.205
8169,743,40,107.4,830.5,257.5,251.4,0.16
8170,743,15,107.7,833.3,256.0,250.1,0.1
8171,743,26,838.5,1235.2,137.5,44.7,0.016
8172,745,15,663.2,271.4,239.9,232.8,0.988
8173,745,48,115.3,181.1,224.4,359.3,0.986
8174,745,3,348.5,892.2,195.1,193.9,0.969
8175,745,20,116.2,175.2,224.9,363.7,0.016
8176,745,21,672.7,273.6,226.8,231.2,0.015
8177,747,3,437.7,193.0,182.9,181.6,0.991
8178,747,15,62.5,799.5,244.4,238.0,0.986
8179,747,48,636.1,737.7,234.7,387.2,0.984
8180,747,20,638.1,740.8,232.7,382.5,0.016
8181,75,1,622.0,882.2,200.2,125.3,0.942
8182,75,37,553.4,84.0,363.1,429.4,0.293
8183,75,23,88.5,209.0,207.3,202.8,0.252
8184,75,18,556.1,83.9,360.6,431.0,0.232
8185,75,42,555.0,83.7,360.4,430.4,0.161
8186,75,53,619.2,882.1,210.0,123.9,0.088
8187,75,39,555.2,82.1,360.5,434.9,0.085
8188,75,53,552.9,88.7,365.1,442.7,0.068
8189,75,54,197.7,716.5,223.6,364.5,0.058
8190,75,53,196.5,718.9,222.6,361.9,0.042
8191,75,55,618.0,882.0,211.6,123.3,0.036
8192,75,37,619.5,880.7,208.6,125.8,0.036
8193,75,22,197.1,706.9,224.7,369.4,0.031
8194,75,4,86.5,207.8,210.2,203.8,0.025
8195,75,31,196.5,719.5,222.0,359.5,0.022
8196,75,39,197.5,709.3,223.0,367.8,0.018
8197,75,53,84.4,208.0,213.6,203.7,0.017
8198,75,17,555.3,83.4,361.4,432.4,0.015
8199,75,16,196.9,718.4,220.3,360.6,0.013
8200,75,43,197.0,715.6,224.3,364.1,0.013
8201,750,1,688.0,807.1,129.1,209.5,0.997
8202,750,42,588.1,130.5,271.8,408.8,0.895
8203,750,16,146.6,790.7,243.3,234.3,0.876
8204,750,1,177.8,215.1,167.5,239.9,0.137
8205,750,55,175.2,196.0,170.2,273.8,0.068
8206,750,25,184.5,261.7,156.7,209.4,0.058
8207,750,31,148.8,790.0,240.2,237.3,0.048
8208,750,16,688.8,806.1,128.1,203.6,0.046
8209,750,26,176.5,260.8,158.4,210.5,0.036
8210,750,39,588.1,127.9,272.9,411.9,0.033
8211,750,55,146.3,789.8,238.2,235.1,0.027
8212,750,1,179.0,260.3,154.1,213.1,0.027
8213,750,53,592.6,130.3,268.6,399.1,0.026
8214,750,25,691.3,805.4,127.2,204.2,0.022
8215,750,53,689.5,806.5,129.1,203.6,0.014
8216,752,31,559.5,137.4,232.1,224.6,0.681
8217,752,37,550.3,779.3,309.8,241.4,0.513
8218,752,14,90.2,194.6,204.9,201.4,0.231
8219,752,15,560.3,136.4,232.3,225.1,0.221
8220,752,5,91.5,193.4,204.6,203.7,0.198
8221,752,53,545.1,776.9,317.4,244.1,0.122
8222,752,23,93.0,193.5,204.6,202.3,0.086
8223,752,16,160.6,672.5,222.3,365.3,0.054
8224,752,16,560.3,138.0,230.0,224.5,0.038
8225,752,53,90.5,194.4,207.0,202.9,0.027
8226,752,21,90.9,194.4,205.8,202.4,0.024
8227,752,7,543.6,775.7,318.2,244.9,0.023
8228,752,24,91.5,193.1,203.8,203.3,0.018
8229,752,39,163.4,668.3,218.1,368.8,0.018
8230,752,4,91.3,195.7,206.6,201.2,0.016
8231,752,54,164.5,670.7,217.3,368.4,0.016
8232,752,53,161.9,673.0,220.1,361.9,0.012
8233,752,27,544.2,776.0,316.7,244.3,0.012
8234,754,44,624.9,761.6,230.3,222.7,0.996
8235,754,3,373.2,196.5,184.0,184.1,0.99
8236,754,7,90.0,655.0,370.2,382.0,0.952
8237,754,19,89.4,653.7,368.0,380.3,0.03
8238,756,44,125.8,317.9,226.2,225.0,0.997
8239,756,3,417.7,890.5,187.6,191.3,0.995
8240,756,7,520.5,257.3,358.4,374.3,0.898
8241,756,53,517.4,249.4,359.0,382.1,0.487
8242,756,19,530.3,259.0,345.4,375.2,0.03
8243,756,26,879.3,1242.6,96.7,37.1,0.026
8244,758,4,148.4,218.5,252.3,225.2,0.97
8245,758,24,646.0,279.8,218.0,169.4,0.659
8246,758,17,568.5,648.7,335.5,563.0,0.159
8247,758,53,645.3,278.1,218.2,170.4,0.153
8248,758,37,92.6,903.0,279.1,167.5,0.142
8249,758,53,90.4,905.2,281.6,166.4,0.056
8250,758,33,90.4,903.4,281.2,168.6,0.053
8251,758,4,91.4,905.6,281.5,166.0,0.043
8252,758,42,563.6,653.4,339.6,555.9,0.036
8253,758,3,93.9,902.7,279.8,170.1,0.024
8254,758,37,645.7,278.5,218.3,170.3,0.024
8255,758,39,568.7,645.2,334.1,567.3,0.019
8256,758,27,90.0,906.7,279.4,164.6,0.018
8257,758,36,88.9,903.1,283.6,169.0,0.015
8258,758,4,645.6,277.3,218.0,169.9,0.012
8259,759,4,569.1,831.3,265.5,241.0,0.974
8260,759,24,90.0,826.3,227.3,174.4,0.694
8261,759,17,78.9,30.8,317.8,533.4,0.252
8262,759,37,78.1,33.1,318.2,534.1,0.111
8263,759,54,589.0,193.5,265.2,156.0,0.109
8264,759,39,78.9,30.9,318.0,532.1,0.097
8265,759,37,589.2,193.0,265.0,156.9,0.084
8266,759,53,90.9,826.1,225.9,175.0,0.063
8267,759,4,587.4,193.0,267.8,156.5,0.029
8268,759,42,75.7,36.2,320.5,527.6,0.027
8269,759,18,79.6,32.0,316.6,536.3,0.024
8270,759,53,587.3,192.7,267.7,156.3,0.016
8271,759,27,588.8,192.8,267.1,157.0,0.013
8272,760,1,159.0,257.8,126.7,198.4,0.997
8273,760,42,86.8,709.9,288.0,441.3,0.872
8274,760,16,581.0,202.5,231.7,227.8,0.664
8275,760,31,580.2,201.9,232.4,227.4,0.618
8276,760,31,654.8,803.9,216.8,206.5,0.188
8277,760,53,87.7,709.5,291.0,447.3,0.187
8278,760,53,159.4,258.6,125.6,197.0,0.091
8279,760,37,655.6,804.8,216.5,207.0,0.048
8280,760,1,654.3,803.0,222.0,206.5,0.038
8281,760,5,160.7,257.5,124.1,198.0,0.032
8282,760,15,580.8,200.1,232.8,228.8,0.03
8283,760,27,159.6,257.7,126.0,199.6,0.029
8284,760,24,159.8,257.2,125.7,199.0,0.015
8285,761,1,177.1,267.8,131.5,202.1,0.973
8286,761,42,122.5,747.0,292.8,438.8,0.823
8287,761,31,607.6,212.0,241.1,225.9,0.667
8288,761,16,608.3,212.9,238.5,225.5,0.516
8289,761,31,679.2,837.7,216.6,202.3,0.147
8290,761,53,130.5,754.0,280.9,430.8,0.055
8291,761,53,178.0,269.4,129.1,198.4,0.048
8292,761,15,608.4,211.4,238.4,226.8,0.047
8293,761,3,678.3,835.3,217.1,204.1,0.026
8294,761,4,177.7,269.5,128.7,197.6,0.018
8295,761,1,677.4,834.0,217.5,204.3,0.017
8296,761,23,608.8,211.7,243.0,228.1,0.013
8297,761,3,126.6,746.0,285.9,439.9,0.01
8298,763,4,124.8,307.3,269.4,202.1,0.974
8299,763,37,565.0,257.0,302.2,270.9,0.894
8300,763,26,106.5,852.4,242.1,230.6,0.249
8301,763,37,497.8,640.5,455.6,485.6,0.083
8302,763,29,564.3,257.0,304.3,270.1,0.067
8303,763,45,497.7,640.5,457.4,485.5,0.047
8304,763,53,566.6,258.0,302.0,272.4,0.022
8305,763,15,111.1,853.8,232.7,229.0,0.016
8306,763,16,111.4,856.1,232.3,226.5,0.012
8307,763,42,496.0,638.8,457.9,487.6,0.01
8308,764,4,605.5,791.2,272.7,210.3,0.981
8309,764,37,119.4,771.0,315.9,275.7,0.902
8310,764,26,648.2,181.2,221.3,228.5,0.195
8311,764,37,43.0,132.9,462.8,475.6,0.096
8312,764,53,119.9,772.7,317.0,276.0,0.046
8313,764,1,649.8,191.1,221.4,220.2,0.012
8314,764,37,642.1,188.9,231.3,218.7,0.011
8315,764,39,120.9,773.0,313.5,274.5,0.01
8316,766,4,145.1,292.0,210.2,256.6,0.986
8317,766,27,543.2,292.6,327.5,236.3,0.749
8318,766,54,160.5,797.5,197.7,258.9,0.429
8319,766,45,570.2,734.9,405.8,474.5,0.263
8320,766,56,158.5,797.6,200.6,258.9,0.087
8321,766,53,161.7,796.7,198.3,258.4,0.083
8322,766,24,571.6,733.1,404.4,473.1,0.022
8323,766,36,544.2,291.9,327.6,237.2,0.019
8324,766,20,539.5,293.2,332.7,235.6,0.019
8325,766,34,572.1,734.1,403.9,474.0,0.015
8326,766,53,575.1,734.3,400.9,464.2,0.01
8327,768,4,621.9,715.9,212.5,270.9,0.892
8328,768,27,81.8,727.4,336.3,239.6,0.732
8329,768,54,600.3,205.2,184.5,245.4,0.43
8330,768,45,10.5,29.5,398.5,452.2,0.315
8331,768,53,600.9,202.9,187.3,247.5,0.31
8332,768,19,619.2,716.2,215.6,271.5,0.04
8333,768,56,600.2,204.2,183.3,246.1,0.03
8334,768,36,84.0,729.3,334.0,236.7,0.021
8335,772,1,104.4,269.3,199.5,125.9,0.983
8336,772,42,551.8,78.6,296.1,479.3,0.231
8337,772,31,638.3,879.5,209.5,201.8,0.181
8338,772,39,554.4,74.5,291.3,482.2,0.165
8339,772,23,105.8,274.0,201.4,119.7,0.165
8340,772,15,639.0,878.9,209.1,202.2,0.113
8341,772,42,161.9,682.3,272.5,449.3,0.073
8342,772,53,555.1,79.0,292.3,482.8,0.054
8343,772,1,108.0,273.3,115.8,116.4,0.046
8344,772,53,106.6,270.9,201.7,124.6,0.043
8345,772,26,98.4,266.8,202.6,129.5,0.04
8346,772,17,162.0,682.4,275.0,449.9,0.037
8347,772,16,161.3,690.9,267.9,437.7,0.028
8348,772,1,637.0,876.3,211.8,203.5,0.026
8349,772,37,106.0,271.6,201.5,123.4,0.026
8350,772,54,163.2,683.6,269.8,448.0,0.02
8351,772,48,163.0,682.9,270.5,448.4,0.018
8352,772,13,106.4,273.1,201.3,122.1,0.015
8353,772,26,635.8,878.3,211.7,202.3,0.013
8354,772,55,160.1,689.2,270.4,443.9,0.011
8355,772,37,637.7,879.7,212.8,202.8,0.011
8356,773,1,85.2,260.5,203.5,127.3,0.913
8357,773,42,529.6,72.3,280.5,467.3,0.217
8358,773,53,527.8,72.7,288.0,466.2,0.128
8359,773,31,610.0,846.7,214.4,207.1,0.121
8360,773,39,529.3,69.6,280.3,468.6,0.12
8361,773,16,131.7,642.9,266.6,449.3,0.048
8362,773,53,88.8,259.6,197.6,126.0,0.038
8363,773,27,88.5,259.7,198.1,125.7,0.036
8364,773,42,129.6,644.9,277.7,450.9,0.034
8365,773,1,88.7,263.0,134.5,116.6,0.034
8366,773,1,611.6,845.8,209.2,204.2,0.029
8367,773,23,88.7,258.4,197.3,127.8,0.022
8368,773,15,609.4,846.3,213.4,206.9,0.014
8369,773,26,610.1,845.6,215.8,209.6,0.014
8370,773,24,88.7,257.2,198.0,128.8,0.013
8371,773,17,131.0,642.0,275.4,454.9,0.011
8372,773,39,130.5,640.9,275.7,455.6,0.01
8373,778,14,631.3,221.6,188.5,186.2,0.942
8374,778,4,602.3,844.7,281.0,188.4,0.937
8375,778,36,44.0,853.9,379.3,221.7,0.921
8376,778,45,76.5,164.1,415.7,411.3,0.687
8377,778,31,631.7,221.1,188.8,186.5,0.145
8378,778,23,626.3,220.7,194.4,187.5,0.108
8379,778,35,630.1,221.4,188.7,186.7,0.102
8380,778,56,77.1,163.9,413.9,411.2,0.062
8381,778,4,41.6,855.2,383.1,219.4,0.061
8382,778,51,40.9,856.4,383.9,218.6,0.032
8383,778,27,43.0,856.2,381.3,218.6,0.03
8384,778,27,70.3,166.6,411.5,404.9,0.019
8385,778,21,631.4,219.6,189.1,188.3,0.018
8386,778,53,68.1,174.3,417.3,417.1,0.011
8387,778,36,110.3,216.8,373.4,354.2,0.011
8388,779,4,124.6,276.2,271.0,185.4,0.962
8389,779,14,163.9,857.5,192.2,188.7,0.932
8390,779,36,570.1,230.1,372.1,219.5,0.712
8391,779,45,509.5,682.4,419.3,413.2,0.436
8392,779,31,163.8,857.2,194.0,189.1,0.409
8393,779,35,165.4,857.2,190.8,189.3,0.043
8394,779,4,163.8,856.5,194.1,189.4,0.037
8395,779,27,520.7,689.7,404.1,404.4,0.018
8396,779,1,162.5,861.5,200.8,184.2,0.017
8397,779,56,507.3,680.1,417.9,415.5,0.017
8398,779,27,570.9,231.9,371.1,216.6,0.017
8399,779,51,570.7,230.3,369.3,220.2,0.016
8400,779,23,164.1,857.9,193.2,188.5,0.011
8401,780,14,602.6,212.0,183.7,184.9,0.974
8402,780,4,574.2,810.0,285.7,193.9,0.968
8403,780,36,9.9,811.5,378.9,223.2,0.876
8404,780,45,62.6,147.9,402.0,396.0,0.503
8405,780,35,604.2,213.0,181.8,183.6,0.223
8406,780,34,62.1,149.8,402.7,393.8,0.129
8407,780,51,12.9,812.6,378.0,220.9,0.058
8408,780,27,5.9,812.0,385.4,224.6,0.048
8409,780,31,603.0,213.5,182.7,184.2,0.034
8410,780,23,604.0,212.8,183.1,184.2,0.024
8411,780,27,62.6,143.8,392.8,401.9,0.019
8412,780,40,605.4,214.0,179.9,182.3,0.016
8413,780,36,70.4,147.2,384.9,396.8,0.014
8414,782,3,339.6,183.2,183.6,187.2,0.994
8415,782,25,10.9,624.4,345.0,342.8,0.984
8416,782,30,585.7,729.6,188.9,192.7,0.963
8417,782,14,585.6,729.7,188.5,193.1,0.229
8418,782,56,666.9,1151.8,309.1,128.2,0.025
8419,782,34,681.5,1153.3,294.5,126.7,0.023
8420,782,27,731.4,1151.8,244.6,128.1,0.013
8421,785,53,101.4,690.5,203.0,412.4,0.991
8422,785,34,540.4,689.0,396.4,496.4,0.965
8423,785,4,134.1,290.8,275.5,171.5,0.93
8424,785,42,100.5,687.5,200.8,417.8,0.216
8425,785,26,683.4,258.3,202.5,193.3,0.088
8426,785,17,100.3,684.9,203.0,419.3,0.034
8427,785,1,685.8,256.2,198.0,199.4,0.033
8428,785,15,683.5,257.6,205.2,197.8,0.014
8429,785,31,683.0,257.5,204.7,198.5,0.013
8430,787,4,147.3,219.4,250.4,224.2,0.953
8431,787,24,643.7,278.7,218.6,170.7,0.605
8432,787,26,110.7,850.8,233.7,234.7,0.472
8433,787,45,545.2,651.2,346.6,515.0,0.162
8434,787,53,643.3,277.2,218.6,171.0,0.086
8435,787,37,643.5,277.8,217.3,171.3,0.051
8436,787,34,547.0,652.3,343.9,512.6,0.035
8437,787,37,110.3,856.9,231.8,228.8,0.028
8438,787,56,544.8,652.2,345.2,514.8,0.028
8439,787,17,548.1,652.4,341.3,514.7,0.025
8440,787,25,111.9,869.0,219.3,210.8,0.017
8441,787,4,168.1,223.6,189.9,119.9,0.015
8442,787,4,643.9,276.5,218.5,170.5,0.012
8443,788,4,570.6,832.1,266.7,239.6,0.972
8444,788,26,607.5,180.6,232.1,217.3,0.673
8445,788,24,91.9,826.7,226.7,174.9,0.61
8446,788,45,100.9,67.5,328.9,490.0,0.363
8447,788,53,92.3,827.0,227.4,175.9,0.09
8448,788,34,101.6,66.5,327.4,489.8,0.031
8449,788,37,614.2,184.0,224.4,216.0,0.023
8450,788,1,613.8,183.5,211.6,213.7,0.017
8451,788,56,100.4,68.1,327.9,487.6,0.016
8452,788,37,93.0,826.4,226.5,175.4,0.012
8453,788,19,572.6,831.0,265.3,239.9,0.011
8454,788,13,615.1,183.8,223.5,217.9,0.011
8455,79,3,388.1,846.4,188.7,191.8,0.995
8456,79,15,128.5,295.1,244.1,238.2,0.981
8457,79,21,499.3,235.6,331.0,259.6,0.953
8458,79,21,129.6,296.8,240.2,240.9,0.012
8459,797,5,145.3,190.7,204.2,199.0,0.62
8460,797,54,602.9,189.4,201.6,198.1,0.257
8461,797,56,601.6,189.2,203.5,196.9,0.185
8462,797,36,488.8,852.6,343.8,163.9,0.104
8463,797,42,39.8,531.1,310.2,475.0,0.093
8464,797,37,495.7,855.3,339.0,162.9,0.074
8465,797,53,145.6,190.1,207.2,200.3,0.068
8466,797,46,146.1,191.0,204.1,199.4,0.056
8467,797,27,495.3,853.1,341.7,162.5,0.044
8468,797,53,493.4,853.4,342.4,162.7,0.043
8469,797,39,40.0,529.7,307.0,471.9,0.036
8470,797,53,38.5,538.5,308.2,462.4,0.03
8471,797,7,488.9,853.6,346.9,162.2,0.027
8472,797,37,146.3,190.3,204.2,197.4,0.022
8473,797,3,602.2,189.3,202.8,196.7,0.021
8474,797,21,602.6,188.7,202.0,196.9,0.019
8475,797,13,145.8,190.1,205.1,197.9,0.016
8476,798,53,72.1,582.0,315.2,489.2,0.198
8477,798,56,628.2,189.8,217.3,203.7,0.117
8478,798,54,163.4,193.1,210.1,206.8,0.112
8479,798,42,69.8,583.9,310.7,461.8,0.094
8480,798,42,163.6,193.8,211.0,206.1,0.094
8481,798,36,520.3,891.3,339.8,156.0,0.085
8482,798,5,163.1,194.0,210.7,206.6,0.079
8483,798,54,628.0,189.2,215.9,204.1,0.073
8484,798,24,163.9,192.8,212.4,206.1,0.044
8485,798,18,69.8,584.0,308.3,462.7,0.041
8486,798,23,164.0,193.8,212.1,204.9,0.036
8487,798,27,522.3,891.7,335.2,156.2,0.034
8488,798,39,69.8,582.2,307.2,461.9,0.021
8489,798,56,164.5,192.7,208.7,208.1,0.019
8490,798,53,626.9,189.4,215.2,203.1,0.019
8491,798,53,160.9,196.4,214.1,203.5,0.014
8492,799,4,600.4,865.3,260.8,235.2,0.973
8493,799,26,637.7,186.9,245.4,222.1,0.484
8494,799,26,170.2,177.2,218.5,208.3,0.234
8495,799,24,126.6,865.6,223.2,169.5,0.232
8496,799,53,125.6,865.8,224.3,169.5,0.072
8497,799,1,170.1,181.5,214.4,203.0,0.034
8498,799,1,641.6,187.7,236.3,226.5,0.029
8499,799,31,167.8,180.2,211.6,202.4,0.029
8500,799,15,167.9,180.2,210.7,203.1,0.022
8501,799,37,168.8,179.2,212.3,202.4,0.019
8502,799,37,643.7,187.9,228.8,218.4,0.018
8503,8,4,589.3,844.3,284.3,172.8,0.927
8504,8,31,131.6,219.1,203.2,196.8,0.923
8505,8,26,628.7,169.5,220.4,222.8,0.234
8506,8,16,131.4,218.3,203.7,196.4,0.15
8507,8,31,95.3,856.0,210.6,206.8,0.125
8508,8,14,131.8,219.7,204.4,197.4,0.088
8509,8,31,623.1,175.3,227.7,217.0,0.068
8510,8,37,130.2,219.2,210.7,198.4,0.065
8511,8,26,95.9,854.8,208.1,208.0,0.054
8512,8,1,621.2,173.9,228.3,219.5,0.04
8513,8,15,95.4,856.1,211.0,205.4,0.039
8514,8,16,623.9,175.9,226.4,216.1,0.035
8515,8,35,622.4,176.4,228.1,217.4,0.031
8516,8,1,99.1,854.8,207.1,208.9,0.028
8517,8,37,95.4,855.4,214.5,206.7,0.019
8518,8,23,130.7,218.6,210.0,199.8,0.014
8519,8,15,621.7,175.6,229.5,218.2,0.013
8520,8,15,131.1,220.2,208.0,197.8,0.011
8521,80,21,94.1,697.2,339.0,270.1,0.985
8522,80,3,360.0,193.9,184.3,189.5,0.979
8523,80,15,572.5,695.8,248.3,244.1,0.971
8524,80,18,673.9,1159.9,302.1,120.1,0.054
8525,80,53,722.1,1160.8,253.9,119.0,0.017
8526,80,3,792.8,1166.4,183.2,112.9,0.012
8527,80,38,711.4,1162.3,264.6,117.7,0.011
8528,807,4,153.9,215.3,251.4,224.8,0.975
8529,807,44,115.5,838.5,234.5,227.4,0.809
8530,807,24,647.5,279.0,222.5,170.7,0.426
8531,807,34,615.1,706.8,313.8,520.5,0.291
8532,807,53,647.1,277.0,221.9,171.9,0.087
8533,807,16,646.9,276.3,221.9,172.2,0.05
8534,807,37,647.5,277.5,222.1,172.4,0.048
8535,807,16,117.5,840.4,233.8,226.7,0.03
8536,807,4,647.3,276.4,221.4,171.6,0.02
8537,807,17,615.2,702.5,312.7,522.8,0.016
8538,807,45,617.6,706.1,311.1,520.3,0.016
8539,807,39,615.5,706.5,312.7,520.6,0.015
8540,807,56,616.9,705.4,313.0,523.5,0.013
8541,808,23,107.1,204.6,213.3,205.5,0.299
8542,808,14,630.5,826.6,176.4,243.9,0.17
8543,808,18,612.0,51.3,336.8,455.5,0.157
8544,808,4,631.2,826.3,176.4,244.2,0.138
8545,808,53,631.0,826.3,177.3,244.2,0.105
8546,808,42,613.1,52.5,339.8,457.6,0.079
8547,808,53,106.8,204.9,213.2,204.8,0.074
8548,808,5,629.5,825.9,177.8,242.9,0.064
8549,808,3,190.4,710.8,219.8,358.0,0.063
8550,808,22,189.2,700.0,223.5,368.9,0.062
8551,808,39,612.9,50.6,335.1,455.1,0.06
8552,808,39,629.9,826.0,177.3,242.2,0.055
8553,808,31,190.6,708.8,219.7,362.7,0.04
8554,808,53,189.9,712.5,218.7,359.9,0.028
8555,808,56,613.8,53.1,334.8,453.6,0.025
8556,808,30,189.9,711.1,220.3,356.2,0.021
8557,808,39,189.5,703.7,223.1,365.9,0.017
8558,808,21,107.2,204.6,212.5,204.9,0.017
8559,808,54,190.5,708.0,219.9,361.6,0.015
8560,808,54,629.9,825.1,178.2,244.3,0.015
8561,808,53,607.7,61.0,343.8,448.0,0.015
8562,808,21,631.2,827.4,175.9,243.7,0.013
8563,808,1,624.5,831.3,180.4,240.1,0.013
8564,808,4,108.2,205.2,211.7,204.4,0.01
8565,810,5,92.1,196.0,203.8,202.4,0.638
8566,810,14,603.8,787.0,174.6,251.9,0.168
8567,810,4,604.7,786.7,174.9,252.1,0.168
8568,810,53,605.3,788.4,174.3,250.7,0.119
8569,810,46,93.0,193.9,202.4,203.4,0.112
8570,810,37,604.0,787.6,178.5,251.6,0.097
8571,810,37,586.1,43.2,329.0,447.6,0.081
8572,810,23,93.5,195.4,203.8,201.5,0.067
8573,810,39,587.1,39.9,326.6,448.8,0.051
8574,810,42,586.5,44.6,329.5,445.3,0.05
8575,810,31,156.5,665.1,220.5,365.5,0.038
8576,810,54,157.7,666.8,219.1,365.7,0.037
8577,810,54,605.7,787.9,175.2,250.0,0.022
8578,810,4,157.8,674.6,219.1,355.1,0.02
8579,810,37,93.2,198.3,203.5,196.7,0.019
8580,810,14,90.3,196.2,203.5,201.1,0.017
8581,810,53,89.5,196.5,208.8,201.5,0.017
8582,810,16,156.5,670.1,220.8,360.0,0.015
8583,810,51,602.4,787.0,178.7,250.3,0.014
8584,810,56,604.5,787.1,176.4,251.4,0.013
8585,810,53,585.5,46.8,336.6,453.7,0.011
8586,810,39,157.5,661.8,218.1,369.1,0.01
8587,815,3,363.3,169.7,180.6,185.0,0.985
8588,815,48,521.4,612.7,275.9,363.0,0.964
8589,815,26,97.9,711.1,235.3,231.1,0.702
8590,815,32,0.0,1212.0,223.4,68.0,0.027
8591,815,48,696.6,1152.6,279.4,127.4,0.014
8592,815,20,520.0,609.3,276.9,365.7,0.013
8593,815,27,0.0,1211.3,246.6,68.7,0.013
8594,815,15,97.1,710.5,232.6,230.4,0.011
8595,817,14,648.4,231.4,193.4,182.4,0.944
8596,817,4,587.5,844.9,285.2,170.3,0.911
8597,817,45,89.9,157.6,394.2,421.4,0.533
8598,817,31,94.8,855.6,210.3,205.7,0.272
8599,817,31,647.9,230.5,192.8,182.3,0.195
8600,817,37,94.4,854.4,214.0,206.2,0.031
8601,817,15,95.8,854.9,209.6,205.4,0.028
8602,817,56,93.7,156.4,389.2,423.4,0.025
8603,817,26,99.2,853.6,202.9,208.0,0.02
8604,817,1,648.8,234.8,190.3,177.0,0.018
8605,817,16,95.3,854.9,210.2,205.3,0.017
8606,817,35,649.1,230.3,191.8,182.3,0.015
8607,817,23,647.0,231.4,198.0,182.6,0.015
8608,817,3,100.6,854.2,202.5,210.9,0.014
8609,817,32,89.3,157.5,394.1,423.3,0.012
8610,817,1,100.7,854.6,204.4,208.5,0.011
8611,818,4,134.7,290.1,275.8,172.7,0.913
8612,818,14,141.8,846.4,198.4,193.8,0.796
8613,818,45,521.2,675.0,394.4,435.7,0.253
8614,818,35,141.0,846.2,198.0,193.9,0.111
8615,818,26,683.9,257.8,204.7,196.5,0.048
8616,818,15,684.3,258.9,204.5,198.5,0.029
8617,818,21,140.7,844.8,199.2,195.4,0.023
8618,818,37,522.9,672.0,394.2,437.1,0.023
8619,818,31,683.4,259.1,204.3,198.2,0.022
8620,818,1,686.2,256.2,201.3,199.8,0.02
8621,818,23,140.6,845.1,199.2,194.8,0.019
8622,818,4,142.1,846.6,200.2,193.9,0.016
8623,818,17,524.0,671.6,391.3,436.9,0.014
8624,819,4,558.3,807.7,287.5,179.2,0.973
8625,819,14,620.4,221.7,187.1,183.4,0.942
8626,819,34,74.0,136.3,388.5,414.5,0.618
8627,819,31,620.2,221.1,186.9,183.7,0.235
8628,819,26,64.9,805.9,208.8,211.5,0.228
8629,819,45,74.0,134.8,388.7,416.4,0.084
8630,819,35,620.7,221.0,186.2,184.6,0.037
8631,819,3,63.7,807.5,212.5,209.7,0.035
8632,819,31,59.5,812.1,216.0,207.5,0.032
8633,819,32,74.0,132.4,386.3,418.6,0.023
8634,819,15,63.1,813.2,212.9,205.3,0.019
8635,819,4,620.4,220.6,186.5,184.3,0.011
8636,819,40,619.8,220.0,186.9,186.1,0.01
8637,819,25,64.4,807.7,208.8,210.4,0.01
8638,82,2,629.1,111.2,196.9,456.4,0.996
8639,82,32,609.1,738.6,271.1,412.6,0.683
8640,82,22,127.4,158.0,302.9,481.3,0.479
8641,82,32,119.7,840.3,328.1,328.1,0.356
8642,82,39,126.1,156.6,299.2,482.9,0.137
8643,82,14,119.8,842.5,330.4,325.6,0.109
8644,82,11,126.6,151.5,308.5,487.8,0.052
8645,82,46,122.1,839.9,324.3,327.7,0.039
8646,82,51,119.9,844.3,333.4,323.1,0.015
8647,82,34,126.4,153.2,300.5,484.5,0.011
8648,820,2,96.9,696.8,207.6,482.8,0.992
8649,820,2,134.9,110.4,221.7,431.0,0.351
8650,820,22,481.4,638.9,341.3,490.3,0.348
8651,820,11,481.9,641.5,341.5,487.0,0.26
8652,820,46,486.3,149.3,308.3,303.6,0.162
8653,820,14,484.1,154.2,313.8,300.3,0.135
8654,820,39,482.2,640.7,334.4,488.2,0.132
8655,820,30,485.7,151.2,308.8,302.0,0.103
8656,820,53,134.0,116.3,221.7,426.8,0.021
8657,820,32,0.0,1203.7,232.3,76.3,0.019
8658,820,7,135.6,119.1,221.0,415.6,0.012
8659,820,17,95.0,696.0,215.4,479.2,0.012
8660,820,17,136.4,109.9,221.3,431.8,0.011
8661,822,2,620.0,84.7,192.6,452.7,0.987
8662,822,22,137.4,120.5,315.0,469.7,0.358
8663,822,14,131.2,817.0,328.8,326.3,0.341
8664,822,18,588.1,709.7,238.0,453.7,0.085
8665,822,7,586.1,711.8,239.9,443.7,0.056
8666,822,39,135.2,121.0,315.2,468.9,0.041
8667,822,30,132.1,815.7,325.0,325.1,0.035
8668,822,2,588.5,711.2,238.2,453.3,0.031
8669,822,17,619.2,85.3,194.9,449.3,0.031
8670,822,32,588.4,709.5,236.8,452.8,0.021
8671,822,34,135.2,122.5,319.2,467.6,0.016
8672,822,37,135.0,120.6,316.4,470.5,0.013
8673,822,46,130.5,816.4,326.3,325.3,0.011
8674,822,53,586.2,715.6,239.1,445.5,0.011
8675,822,15,132.1,823.1,326.5,318.1,0.01
8676,826,3,408.6,861.7,188.2,192.2,0.996
8677,826,55,176.2,207.0,252.5,257.8,0.803
8678,826,19,537.1,321.8,311.0,386.7,0.476
8679,826,7,540.0,321.0,310.2,385.6,0.236
8680,826,56,540.4,323.0,300.0,385.3,0.059
8681,826,20,176.2,205.4,249.3,259.7,0.026
8682,826,4,542.2,320.5,270.3,383.9,0.017
8683,826,51,0.0,1169.5,180.4,110.4,0.011
8684,828,3,381.4,237.9,185.2,182.9,0.955
8685,828,55,549.3,862.7,255.6,251.8,0.909
8686,828,19,119.8,570.4,319.3,413.2,0.595
8687,828,7,122.7,576.5,315.6,416.4,0.309
8688,828,4,124.5,575.0,313.3,402.1,0.224
8689,828,20,550.0,863.9,253.5,253.2,0.095
8690,828,56,119.7,577.0,316.3,410.1,0.077
8691,828,18,120.4,577.3,314.4,411.1,0.014
8692,828,23,131.3,583.5,269.7,399.7,0.01
8693,829,4,535.8,777.8,268.5,223.0,0.965
8694,829,53,636.3,175.5,185.4,246.2,0.337
8695,829,56,635.9,178.0,184.5,243.6,0.265
8696,829,54,635.9,177.4,183.9,244.2,0.253
8697,829,26,95.1,167.4,206.2,206.4,0.217
8698,829,15,95.1,168.4,207.0,200.8,0.195
8699,829,56,146.6,774.6,180.3,210.2,0.062
8700,829,54,147.2,774.5,179.5,210.1,0.051
8701,829,46,147.1,774.1,178.4,210.2,0.031
8702,829,28,146.8,773.5,179.7,211.1,0.023
8703,829,53,146.4,773.8,180.0,209.9,0.013
8704,83,2,97.2,660.5,201.4,489.6,0.993
8705,83,32,85.2,125.1,252.4,386.0,0.979
8706,83,11,509.1,593.4,322.7,490.9,0.715
8707,83,39,510.6,591.5,318.2,490.9,0.482
8708,83,32,493.3,131.3,309.5,299.9,0.36
8709,83,22,510.8,595.0,316.0,488.4,0.165
8710,83,46,493.7,129.5,310.9,300.4,0.068
8711,83,17,95.1,661.5,205.2,485.3,0.036
8712,83,34,506.1,592.5,326.8,488.5,0.019
8713,830,4,171.7,278.7,261.6,215.2,0.959
8714,830,26,671.9,891.9,210.3,208.1,0.781
8715,830,54,124.5,830.8,201.5,255.7,0.392
8716,830,53,126.1,828.1,201.1,257.5,0.207
8717,830,55,638.1,291.2,171.6,200.0,0.074
8718,830,16,638.2,291.2,171.2,199.1,0.073
8719,830,1,682.3,894.7,199.9,196.0,0.069
8720,830,1,631.2,294.6,180.0,193.5,0.037
8721,830,54,635.3,292.1,172.9,197.5,0.026
8722,830,37,635.1,291.9,173.0,198.4,0.018
8723,830,14,637.3,291.0,171.8,199.1,0.016
8724,830,25,672.5,894.4,206.2,203.9,0.015
8725,830,26,627.7,294.9,181.1,193.1,0.015
8726,830,8,123.1,830.7,201.8,254.6,0.012
8727,831,4,563.8,813.6,267.4,219.2,0.951
8728,831,26,113.2,168.4,209.2,215.8,0.582
8729,831,23,177.0,814.0,178.3,203.4,0.306
8730,831,53,664.4,177.4,192.3,255.2,0.201
8731,831,54,664.1,178.6,190.0,254.6,0.148
8732,831,13,177.5,814.2,178.0,207.3,0.062
8733,831,25,112.4,174.6,203.1,202.0,0.058
8734,831,15,111.5,176.3,212.0,200.9,0.05
8735,831,56,664.0,178.9,189.1,254.5,0.041
8736,831,53,178.5,814.0,178.8,204.1,0.029
8737,831,56,177.4,814.5,178.6,207.8,0.016
8738,832,1,625.1,889.4,203.4,139.7,0.98
8739,832,16,605.8,163.3,237.3,227.1,0.845
8740,832,31,607.6,164.7,235.4,224.4,0.216
8741,832,55,607.9,163.0,234.9,225.6,0.197
8742,832,37,137.8,869.9,183.7,175.6,0.121
8743,832,44,136.9,870.3,183.5,175.4,0.095
8744,832,23,624.0,891.8,206.1,134.5,0.078
8745,832,15,60.1,128.5,300.4,287.4,0.058
8746,832,1,139.3,872.2,175.0,173.9,0.049
8747,832,53,623.7,891.6,207.1,134.2,0.045
8748,832,37,61.3,127.6,299.8,287.9,0.044
8749,832,1,605.6,162.2,242.5,231.3,0.042
8750,832,26,625.6,890.7,207.9,136.2,0.038
8751,832,16,60.6,126.6,299.9,288.2,0.035
8752,832,53,137.3,869.5,182.7,176.8,0.029
8753,832,37,623.6,890.8,205.5,135.8,0.028
8754,832,4,60.9,127.9,298.3,285.7,0.027
8755,832,15,607.5,162.1,234.5,226.0,0.026
8756,832,55,624.2,890.6,206.7,135.1,0.024
8757,832,23,606.7,163.5,238.6,226.8,0.02
8758,832,37,608.2,163.0,238.4,228.0,0.014
8759,832,14,137.5,869.2,180.5,176.7,0.013
8760,832,26,603.4,159.9,244.1,233.7,0.012
8761,832,4,137.8,869.3,182.9,177.0,0.012
8762,838,1,143.1,241.1,193.9,129.1,0.996
8763,838,16,592.3,162.5,230.1,223.8,0.705
8764,838,32,85.1,614.4,276.0,483.5,0.453
8765,838,39,85.0,612.0,275.0,486.6,0.327
8766,838,42,84.8,614.7,274.9,484.3,0.187
8767,838,31,582.0,802.4,220.1,206.7,0.136
8768,838,1,587.8,802.4,213.3,207.4,0.133
8769,838,53,139.9,242.1,200.7,126.5,0.1
8770,838,55,592.8,161.9,231.8,224.5,0.056
8771,838,56,140.8,240.8,199.5,129.8,0.054
8772,838,53,86.8,621.7,271.9,466.1,0.044
8773,838,37,585.4,801.1,218.3,208.9,0.041
8774,838,15,584.8,801.9,219.1,207.9,0.035
8775,838,23,592.3,163.2,231.4,225.7,0.025
8776,838,26,588.8,805.6,211.1,203.6,0.022
8777,838,1,609.9,163.4,214.0,225.4,0.019
8778,838,1,142.5,253.1,95.1,111.8,0.017
8779,838,37,591.8,163.0,231.6,226.1,0.017
8780,838,35,582.1,801.6,219.0,206.6,0.016
8781,838,37,140.2,239.3,200.2,131.5,0.013
8782,838,45,84.3,618.4,276.3,481.5,0.01
8783,842,4,124.2,307.7,268.3,201.8,0.989
8784,842,37,564.9,257.3,302.3,271.7,0.931
8785,842,15,153.2,805.1,246.2,239.2,0.898
8786,842,45,471.7,672.2,464.1,428.6,0.34
8787,842,29,564.3,257.3,304.4,270.7,0.11
8788,842,37,470.7,670.5,464.2,431.6,0.027
8789,842,34,469.8,671.2,463.0,431.7,0.016
8790,842,39,564.4,258.8,301.1,269.8,0.016
8791,842,56,470.8,669.7,462.3,432.5,0.014
8792,842,53,565.9,258.2,302.6,273.2,0.014
8793,85,1,161.3,254.4,126.5,201.0,0.999
8794,85,42,584.7,676.9,288.8,443.5,0.898
8795,85,31,571.3,250.5,233.2,227.2,0.859
8796,85,16,569.3,251.1,234.3,226.9,0.661
8797,85,23,146.5,849.3,201.1,192.4,0.47
8798,85,15,571.7,250.2,233.9,227.1,0.132
8799,85,1,140.9,845.8,208.9,198.7,0.067
8800,85,53,161.7,257.3,125.3,198.0,0.041
8801,85,37,147.4,849.5,201.2,191.8,0.037
8802,85,3,147.6,848.0,201.3,192.6,0.035
8803,85,37,163.2,255.8,124.2,199.2,0.03
8804,85,27,161.2,256.9,126.3,199.0,0.029
8805,85,16,161.0,256.3,127.9,200.3,0.023
8806,85,24,162.3,255.5,125.8,200.2,0.019
8807,85,3,585.3,676.8,285.3,443.9,0.018
8808,85,53,583.4,678.8,289.4,424.1,0.016
8809,85,26,142.5,841.0,206.0,201.9,0.015
8810,851,2,626.7,111.9,199.6,457.3,0.997
8811,851,11,116.5,162.7,301.2,476.7,0.915
8812,851,32,607.4,739.3,272.2,412.2,0.729
8813,851,32,120.0,839.7,328.6,329.2,0.259
8814,851,39,117.5,160.8,299.1,478.1,0.183
8815,851,14,120.1,841.3,330.8,327.3,0.106
8816,851,46,122.2,839.5,324.4,328.6,0.031
8817,851,51,120.6,842.2,332.9,325.4,0.015
8818,851,4,120.9,839.1,332.7,328.2,0.013
8819,851,51,605.0,739.7,275.9,412.3,0.012
8820,851,37,116.8,162.8,299.9,477.3,0.011
8821,855,2,620.4,87.0,191.6,451.7,0.988
8822,855,11,99.2,148.9,289.3,508.1,0.589
8823,855,14,131.1,816.2,328.5,326.4,0.411
8824,855,18,588.5,709.0,238.9,454.1,0.132
8825,855,39,99.3,148.8,287.3,503.4,0.059
8826,855,7,586.9,709.5,239.6,446.0,0.043
8827,855,2,589.1,710.7,239.7,453.5,0.042
8828,855,32,588.6,708.3,237.8,453.7,0.036
8829,855,32,130.8,815.4,325.9,325.0,0.03
8830,855,17,619.4,87.0,194.8,449.1,0.029
8831,855,30,131.7,814.7,324.9,325.5,0.024
8832,855,46,130.0,815.6,326.4,325.6,0.016
8833,855,53,591.1,715.9,234.3,430.5,0.013
8834,855,51,128.5,819.3,328.3,320.9,0.01
8835,857,3,337.8,132.7,184.1,187.5,0.992
8836,857,15,92.5,678.8,249.6,245.4,0.979
8837,857,46,574.5,744.9,208.0,214.2,0.889
8838,857,18,643.7,1150.4,332.3,129.3,0.054
8839,857,34,648.8,1148.8,327.2,131.2,0.015
8840,858,15,133.1,770.1,247.4,238.8,0.988
8841,858,3,380.1,190.3,183.7,182.4,0.985
8842,858,46,613.1,834.4,203.4,206.4,0.925
8843,86,1,685.1,806.8,131.5,209.7,0.996
8844,86,42,112.9,156.5,274.7,407.9,0.854
8845,86,16,150.5,769.2,241.3,238.8,0.851
8846,86,23,616.0,250.5,191.5,181.2,0.503
8847,86,31,151.6,770.5,241.2,237.8,0.256
8848,86,53,117.3,156.1,269.9,408.1,0.048
8849,86,33,616.1,250.4,191.4,182.0,0.04
8850,86,16,683.9,808.7,130.3,205.9,0.037
8851,86,37,615.9,250.2,192.6,181.6,0.034
8852,86,25,685.8,808.8,131.7,202.5,0.022
8853,86,3,618.2,251.1,187.9,181.7,0.021
8854,86,16,616.3,251.7,189.6,180.4,0.02
8855,86,15,151.7,768.7,240.9,239.4,0.016
8856,86,53,683.7,808.4,131.1,205.9,0.014
8857,86,56,680.3,807.2,135.6,206.1,0.014
8858,86,39,117.2,152.2,266.0,413.5,0.012
8859,86,31,616.2,251.9,189.2,180.1,0.01
8860,861,2,562.9,159.7,302.0,429.3,0.992
8861,861,35,122.3,835.7,261.3,263.1,0.941
8862,861,22,71.1,106.1,336.9,460.3,0.491
8863,861,18,648.6,709.6,254.7,458.0,0.126
8864,861,2,648.6,711.6,254.8,456.5,0.073
8865,861,40,122.8,834.4,258.0,263.5,0.056
8866,861,34,70.5,112.7,336.9,450.0,0.055
8867,861,32,648.6,708.6,254.8,456.9,0.047
8868,861,15,123.6,835.2,253.8,263.4,0.03
8869,861,17,647.2,708.4,255.8,460.0,0.025
8870,861,53,648.5,700.4,253.6,461.1,0.021
8871,861,11,70.9,105.1,339.8,456.6,0.01
8872,862,4,602.0,847.8,280.7,185.5,0.93
8873,862,36,87.5,836.4,339.9,296.5,0.605
8874,862,51,86.9,827.2,341.3,307.3,0.346
8875,862,54,672.3,172.0,178.8,257.3,0.301
8876,862,45,73.2,137.7,454.0,415.8,0.274
8877,862,18,672.5,172.4,179.8,256.4,0.064
8878,862,53,672.2,171.5,181.2,258.3,0.054
8879,862,27,86.8,826.8,341.9,307.8,0.05
8880,862,56,673.0,172.1,177.4,257.6,0.037
8881,862,19,88.5,825.4,338.6,311.2,0.032
8882,862,45,87.3,827.4,340.9,304.1,0.023
8883,862,51,672.0,170.6,180.9,259.3,0.013
8884,864,4,574.1,809.9,282.6,195.3,0.961
8885,864,36,50.2,791.3,344.3,299.8,0.811
8886,864,45,56.2,103.7,445.1,428.9,0.415
8887,864,56,641.1,169.7,172.1,250.8,0.347
8888,864,54,640.9,170.2,170.8,250.6,0.244
8889,864,51,51.9,785.5,344.2,314.5,0.129
8890,864,53,641.1,168.2,173.3,251.2,0.124
8891,864,27,48.5,785.7,347.7,310.0,0.049
8892,864,34,57.4,101.7,439.6,429.7,0.029
8893,866,3,305.0,174.3,185.1,187.3,0.992
8894,866,18,36.0,520.6,438.7,587.9,0.983
8895,866,53,475.9,556.8,401.6,382.1,0.663
8896,866,7,475.4,554.6,403.3,381.5,0.445
8897,867,18,69.7,616.9,446.8,592.8,0.995
8898,867,3,346.4,232.3,184.8,183.0,0.992
8899,867,7,516.7,655.8,386.8,373.5,0.853
8900,867,53,513.9,654.3,389.7,371.1,0.429
8901,868,4,586.9,844.4,287.6,170.5,0.924
8902,868,14,648.3,231.0,193.6,182.8,0.905
8903,868,42,26.3,56.8,403.9,516.7,0.193
8904,868,56,25.5,57.7,403.1,514.7,0.187
8905,868,31,647.9,230.1,192.9,182.5,0.128
8906,868,31,94.0,855.0,211.7,206.7,0.099
8907,868,53,26.1,57.0,402.3,514.8,0.07
8908,868,23,647.1,231.4,197.7,182.4,0.056
8909,868,15,95.1,854.4,210.7,205.7,0.031
8910,868,37,94.8,854.0,214.4,207.2,0.024
8911,868,26,94.7,854.7,208.2,207.4,0.023
8912,868,3,94.4,855.4,208.6,209.1,0.022
8913,868,1,649.5,230.7,197.1,184.8,0.019
8914,868,35,648.0,229.8,193.4,183.3,0.015
8915,869,4,558.0,809.0,288.6,178.7,0.978
8916,869,14,620.7,222.3,187.1,183.4,0.948
8917,869,26,66.2,806.5,206.8,210.6,0.338
8918,869,31,620.0,221.9,187.0,183.5,0.202
8919,869,56,17.9,40.0,389.6,504.9,0.093
8920,869,3,64.9,807.7,211.6,209.7,0.074
8921,869,31,59.7,812.6,216.0,206.0,0.045
8922,869,15,62.8,812.9,213.2,205.1,0.029
8923,869,35,620.9,221.5,186.2,184.6,0.025
8924,869,42,20.1,40.0,388.2,506.3,0.018
8925,869,37,19.0,45.5,389.5,503.6,0.015
8926,869,1,622.5,222.3,187.1,185.0,0.014
8927,869,17,18.3,39.0,388.6,506.9,0.014
8928,869,25,63.8,808.0,211.1,209.8,0.012
8929,869,23,617.1,222.2,190.3,183.7,0.011
8930,870,4,134.5,289.7,275.6,172.5,0.952
8931,870,14,141.8,845.3,198.4,195.2,0.928
8932,870,31,142.0,846.3,200.2,194.3,0.134
8933,870,21,140.9,845.1,197.8,195.4,0.068
8934,870,37,567.8,675.5,408.0,523.4,0.05
8935,870,3,685.9,255.9,198.9,197.5,0.044
8936,870,23,140.5,843.9,198.8,197.3,0.037
8937,870,26,683.3,256.6,202.9,193.8,0.035
8938,870,31,683.3,259.0,205.4,196.8,0.03
8939,870,4,142.3,845.5,198.7,195.2,0.027
8940,870,15,683.6,258.8,206.2,197.0,0.024
8941,870,35,140.4,845.4,198.1,194.8,0.022
8942,870,42,566.0,679.1,409.2,521.4,0.016
8943,870,17,568.8,675.3,407.2,525.6,0.013
8944,870,53,568.7,676.5,402.8,509.4,0.012
8945,873,18,71.4,617.5,443.1,593.5,0.996
8946,873,3,344.3,225.4,184.2,182.8,0.988
8947,873,19,618.6,669.1,282.2,427.3,0.21
8948,873,18,615.4,672.7,287.9,421.9,0.057
8949,873,4,624.1,681.3,280.6,410.4,0.015
8950,873,23,624.4,666.0,278.2,424.1,0.012
8951,874,14,626.5,221.7,187.7,184.9,0.991
8952,874,4,624.1,714.5,211.7,271.3,0.82
8953,874,27,83.3,726.6,333.7,239.3,0.759
8954,874,37,139.4,155.6,440.7,479.6,0.211
8955,874,31,625.8,220.9,187.3,186.1,0.037
8956,874,36,86.4,729.6,330.3,235.3,0.022
8957,874,55,82.4,726.6,334.4,239.2,0.017
8958,874,1,626.4,221.8,191.9,179.8,0.016
8959,874,40,625.8,220.2,188.3,187.4,0.016
8960,874,23,623.4,221.3,191.6,186.5,0.013
8961,875,4,649.3,748.0,212.3,267.5,0.92
8962,875,14,654.2,231.5,194.8,179.3,0.879
8963,875,27,115.0,770.9,334.8,231.8,0.756
8964,875,36,113.0,774.1,335.8,227.9,0.075
8965,875,37,156.9,175.2,451.9,485.9,0.069
8966,875,23,654.4,231.6,196.6,179.6,0.033
8967,875,35,653.1,231.4,195.0,179.7,0.024
8968,875,19,647.9,749.5,214.1,266.1,0.015
8969,875,7,117.7,770.4,317.6,230.8,0.011
8970,878,4,589.1,845.0,284.2,168.9,0.917
8971,878,53,639.1,207.2,197.4,252.7,0.269
8972,878,45,72.6,126.7,334.8,495.6,0.225
8973,878,54,639.2,210.8,195.5,250.3,0.181
8974,878,56,639.0,209.6,196.1,249.9,0.176
8975,878,8,638.8,209.2,196.1,250.4,0.071
8976,878,35,94.8,854.9,211.4,207.3,0.058
8977,878,26,95.9,854.6,207.5,207.8,0.054
8978,878,31,94.1,855.1,212.6,208.0,0.043
8979,878,3,96.5,854.8,206.7,209.2,0.041
8980,878,15,95.4,855.0,210.8,206.1,0.035
8981,878,37,94.4,854.1,215.8,207.0,0.028
8982,878,24,73.3,129.0,335.6,492.5,0.016
8983,878,17,74.3,130.0,334.3,491.4,0.016
8984,879,4,560.6,808.8,287.9,177.2,0.988
8985,879,54,611.2,204.6,190.7,243.8,0.474
8986,879,26,68.1,807.6,205.9,210.0,0.402
8987,879,45,61.7,97.8,325.6,494.7,0.274
8988,879,53,609.9,201.9,192.0,245.1,0.176
8989,879,56,610.8,204.2,189.9,244.2,0.128
8990,879,3,67.2,809.5,208.2,207.4,0.069
8991,879,32,58.0,95.2,329.0,497.4,0.031
8992,879,8,611.9,202.9,190.7,245.3,0.029
8993,879,34,60.1,97.5,326.3,494.5,0.021
8994,879,35,61.7,813.8,215.9,204.4,0.016
8995,879,37,62.7,816.2,216.7,202.5,0.016
8996,879,31,60.9,813.9,216.0,204.7,0.016
8997,88,1,131.6,232.2,203.6,138.0,0.993
8998,88,42,604.3,53.5,294.1,478.9,0.367
8999,88,44,80.1,802.9,301.5,286.8,0.295
9000,88,39,610.9,729.0,278.1,453.3,0.127
9001,88,17,603.4,50.4,293.8,481.8,0.117
9002,88,53,603.7,52.6,292.9,476.6,0.079
9003,88,39,603.1,48.3,292.1,482.3,0.075
9004,88,17,610.0,728.2,278.0,453.6,0.057
9005,88,11,612.2,728.5,276.0,453.3,0.045
9006,88,37,80.4,802.6,300.0,288.2,0.042
9007,88,32,605.6,50.4,287.6,480.6,0.035
9008,88,56,130.6,232.9,205.9,137.4,0.034
9009,88,16,611.3,736.1,267.0,444.4,0.034
9010,88,16,80.3,802.2,302.5,287.8,0.031
9011,88,2,610.5,729.5,278.0,453.3,0.028
9012,88,53,129.9,231.7,206.8,137.2,0.025
9013,88,26,135.0,233.3,199.6,137.4,0.024
9014,88,22,78.8,801.5,301.3,289.8,0.018
9015,88,37,130.5,231.0,206.6,139.8,0.017
9016,88,1,132.4,232.8,139.1,127.8,0.016
9017,88,42,609.8,731.8,276.5,452.1,0.015
9018,88,13,79.9,802.7,303.8,286.9,0.013
9019,88,32,611.9,732.0,272.9,451.9,0.013
9020,88,4,79.1,803.4,305.7,286.3,0.012
9021,880,2,74.8,663.5,228.0,491.8,0.997
9022,880,11,516.1,602.9,298.3,509.5,0.952
9023,880,2,72.0,99.2,225.5,472.8,0.573
9024,880,46,509.6,163.4,266.4,261.1,0.269
9025,880,24,509.4,164.1,266.9,261.4,0.135
9026,880,17,516.3,602.0,299.8,505.8,0.113
9027,880,44,507.6,163.2,268.0,261.8,0.062
9028,880,37,515.4,599.5,294.5,515.4,0.015
9029,880,39,516.5,602.5,299.7,506.5,0.011
9030,882,2,633.3,67.1,229.0,479.5,0.994
9031,882,11,134.7,91.8,293.2,507.8,0.926
9032,882,18,632.7,671.0,248.7,494.7,0.221
9033,882,46,149.6,839.8,273.0,271.6,0.157
9034,882,39,135.3,93.0,294.4,506.1,0.053
9035,882,15,149.8,836.8,272.9,272.7,0.044
9036,882,14,149.6,837.4,271.9,273.2,0.036
9037,882,2,631.4,670.9,249.1,497.5,0.023
9038,882,30,149.5,838.9,273.2,270.9,0.017
9039,883,4,601.7,844.3,282.6,188.1,0.944
9040,883,14,631.9,220.9,187.8,186.3,0.941
9041,883,36,42.0,853.4,383.2,222.7,0.929
9042,883,26,148.4,231.2,206.3,209.6,0.339
9043,883,31,632.1,220.3,188.3,186.8,0.145
9044,883,23,627.7,219.4,192.0,189.3,0.139
9045,883,4,40.8,854.5,385.4,220.9,0.043
9046,883,25,142.9,237.8,208.8,199.8,0.035
9047,883,27,44.2,859.5,380.9,215.8,0.033
9048,883,51,37.4,855.4,389.3,220.3,0.032
9049,883,37,142.6,231.4,213.8,204.4,0.018
9050,883,35,632.2,220.2,186.2,187.6,0.016
9051,883,15,140.5,232.1,213.3,204.3,0.013
9052,883,31,139.5,232.6,214.2,203.8,0.011
9053,886,3,409.5,890.7,190.4,193.6,0.987
9054,886,53,542.1,260.9,266.9,385.7,0.828
9055,886,46,165.6,285.7,202.0,203.8,0.747
9056,886,30,165.6,284.8,203.2,204.5,0.076
9057,886,14,165.2,286.5,203.1,202.6,0.036
9058,886,51,0.0,1181.2,195.2,98.7,0.017
9059,886,56,546.2,263.2,262.0,388.7,0.017
9060,886,54,0.0,1203.7,180.9,76.3,0.015
9061,888,3,380.6,205.6,184.4,184.7,0.987
9062,888,53,159.8,642.6,263.1,396.0,0.818
9063,888,46,610.7,835.1,203.1,205.9,0.809
9064,888,7,165.6,651.4,258.0,389.5,0.014
9065,889,4,144.7,292.5,210.3,257.2,0.982
9066,889,27,541.3,292.1,329.2,236.6,0.802
9067,889,14,135.5,847.5,196.1,193.0,0.636
9068,889,26,711.9,887.8,220.1,210.2,0.375
9069,889,31,135.0,847.4,196.8,193.2,0.132
9070,889,4,135.1,846.9,195.5,193.4,0.041
9071,889,35,136.1,846.8,194.3,193.3,0.034
9072,889,20,538.3,291.5,333.5,236.7,0.022
9073,889,36,543.0,290.9,328.6,237.6,0.021
9074,889,21,134.7,846.4,197.6,193.8,0.017
9075,889,55,537.7,292.5,335.4,236.2,0.014
9076,889,55,712.8,891.1,218.1,209.1,0.011
9077,89,1,115.5,223.0,201.9,141.3,0.868
9078,89,42,579.0,40.3,286.0,472.5,0.572
9079,89,39,580.9,39.6,281.3,472.0,0.213
9080,89,16,582.9,689.5,277.4,458.2,0.182
9081,89,44,43.6,758.0,306.2,299.1,0.166
9082,89,37,112.1,225.0,204.4,139.1,0.084
9083,89,53,577.3,45.6,285.9,467.4,0.068
9084,89,55,582.9,678.0,276.1,470.0,0.062
9085,89,23,113.1,225.2,203.4,139.4,0.059
9086,89,53,113.2,224.5,204.2,140.3,0.048
9087,89,27,113.5,224.5,203.1,140.9,0.042
9088,89,42,584.5,695.6,283.2,452.9,0.037
9089,89,17,581.2,40.0,281.8,471.1,0.036
9090,89,39,584.0,694.9,280.9,454.6,0.024
9091,89,32,581.1,40.1,284.0,471.5,0.021
9092,89,1,115.4,225.8,105.1,125.2,0.019
9093,89,16,42.9,759.1,306.7,297.7,0.019
9094,89,26,112.1,223.0,200.8,143.8,0.018
9095,89,34,584.3,695.1,282.6,455.4,0.017
9096,89,48,584.2,696.4,284.5,453.0,0.016
9097,89,56,113.1,224.6,204.1,139.8,0.016
9098,89,4,44.0,758.4,306.5,297.4,0.013
9099,89,15,43.3,760.6,308.4,296.5,0.013
9100,891,14,626.7,220.5,187.8,185.1,0.992
9101,891,4,623.9,713.7,213.3,272.5,0.819
9102,891,27,83.8,727.7,334.9,239.1,0.812
9103,891,15,56.4,173.9,206.9,197.7,0.551
9104,891,36,84.4,728.9,333.8,236.7,0.041
9105,891,40,627.0,219.4,187.3,186.9,0.018
9106,891,1,627.5,221.3,192.1,182.7,0.016
9107,891,55,80.9,728.7,337.2,237.6,0.013
9108,891,21,625.9,220.5,188.2,185.5,0.012
9109,891,31,628.5,221.1,185.3,185.0,0.011
9110,891,7,85.1,727.1,319.5,238.2,0.011
9111,894,34,30.7,28.5,421.5,440.2,0.962
9112,894,4,622.5,715.6,213.0,270.7,0.88
9113,894,27,83.1,726.2,334.5,239.0,0.77
9114,894,54,600.7,206.0,184.8,247.2,0.436
9115,894,53,601.3,203.4,186.4,247.5,0.34
9116,894,8,603.3,205.6,182.3,247.0,0.045
9117,894,36,85.1,730.5,332.4,235.0,0.027
9118,894,56,600.9,205.2,182.6,245.8,0.027
9119,894,55,82.4,726.4,335.5,240.1,0.014
9120,895,17,535.0,36.3,290.7,462.4,0.303
9121,895,39,534.7,35.9,290.2,459.7,0.265
9122,895,5,102.7,820.1,179.3,177.2,0.143
9123,895,23,93.1,222.2,205.1,199.4,0.14
9124,895,5,92.6,221.3,204.1,200.2,0.128
9125,895,44,102.6,820.1,180.6,177.4,0.109
9126,895,44,585.3,772.0,226.2,221.9,0.099
9127,895,42,534.4,39.5,294.9,466.5,0.078
9128,895,14,582.5,774.7,230.7,219.8,0.069
9129,895,14,99.6,821.9,181.0,177.4,0.045
9130,895,53,533.4,36.7,296.9,461.2,0.031
9131,895,15,583.4,773.8,229.8,219.4,0.028
9132,895,13,93.6,221.7,204.1,200.7,0.025
9133,895,14,89.9,220.9,203.0,199.6,0.023
9134,895,21,91.0,220.6,206.3,200.4,0.022
9135,895,53,100.9,821.6,181.5,177.2,0.021
9136,895,35,584.4,774.3,228.5,220.5,0.019
9137,895,4,89.4,220.9,208.8,200.5,0.013
9138,896,44,134.6,857.0,181.3,173.3,0.803
9139,896,44,613.5,812.6,226.2,214.5,0.582
9140,896,17,558.0,42.9,310.9,472.3,0.424
9141,896,39,563.0,41.1,304.4,473.3,0.417
9142,896,56,106.5,229.0,212.6,205.1,0.151
9143,896,54,108.0,228.7,212.2,203.6,0.132
9144,896,18,560.6,43.1,309.3,473.3,0.074
9145,896,3,107.5,229.1,212.9,204.8,0.069
9146,896,53,107.1,229.4,214.0,204.3,0.065
9147,896,23,107.0,227.7,214.7,206.2,0.032
9148,896,1,133.3,862.3,177.0,168.8,0.026
9149,896,53,559.6,44.4,310.9,475.2,0.023
9150,896,15,612.1,813.8,227.1,212.4,0.022
9151,896,14,134.2,856.8,178.6,174.2,0.015
9152,896,53,134.6,856.3,179.7,174.0,0.014
9153,896,42,557.0,43.5,311.5,469.9,0.012
9154,896,35,614.0,813.2,224.5,212.5,0.011
9155,897,44,167.4,273.2,222.7,215.3,0.23
9156,897,23,676.4,833.1,216.3,215.2,0.182
9157,897,17,110.9,721.8,315.5,486.8,0.144
9158,897,15,167.9,273.6,220.8,215.6,0.116
9159,897,14,675.2,833.7,213.7,213.8,0.096
9160,897,16,167.5,273.8,221.3,214.6,0.073
9161,897,44,678.3,287.2,175.5,170.0,0.069
9162,897,1,683.7,285.5,164.0,166.4,0.066
9163,897,21,675.8,833.6,218.0,214.3,0.039
9164,897,37,113.9,720.1,312.8,488.5,0.03
9165,897,42,113.2,722.2,314.0,490.0,0.029
9166,897,16,676.7,287.9,177.7,168.2,0.023
9167,897,53,679.0,286.9,174.2,168.6,0.023
9168,897,39,116.5,721.1,314.0,482.0,0.021
9169,897,37,678.0,287.3,176.5,169.2,0.02
9170,897,37,676.7,833.5,215.9,215.1,0.02
9171,897,53,120.9,721.0,310.2,482.4,0.02
9172,897,24,677.8,287.5,176.7,168.5,0.018
9173,897,14,676.4,286.5,176.6,169.7,0.017
9174,897,23,678.8,286.7,174.9,169.7,0.013
9175,898,16,69.6,777.1,243.8,235.9,0.389
9176,898,1,616.4,209.3,173.4,180.0,0.272
9177,898,39,562.2,582.4,265.4,483.8,0.252
9178,898,5,119.3,171.5,208.2,198.6,0.247
9179,898,53,119.2,171.6,205.2,198.7,0.194
9180,898,55,615.5,204.5,177.4,189.6,0.142
9181,898,37,117.9,172.1,208.5,196.8,0.093
9182,898,23,69.9,775.2,244.4,236.6,0.087
9183,898,16,616.0,203.9,177.1,190.4,0.086
9184,898,31,69.1,776.8,243.9,236.6,0.078
9185,898,42,562.0,585.5,265.8,482.5,0.073
9186,898,15,69.7,776.1,244.8,236.4,0.036
9187,898,13,118.6,172.5,207.7,196.3,0.034
9188,898,53,564.7,591.2,260.0,469.5,0.026
9189,898,23,119.9,171.7,208.9,199.7,0.024
9190,898,4,118.0,171.6,207.4,199.0,0.023
9191,898,32,564.6,584.7,263.7,481.8,0.022
9192,898,53,615.4,203.5,178.1,191.0,0.02
9193,898,56,616.2,207.4,176.8,186.3,0.02
9194,898,54,119.4,171.2,206.2,198.9,0.014
9195,898,20,616.2,204.4,177.9,189.8,0.01
9196,9,4,560.1,809.7,288.9,178.3,0.984
9197,9,31,114.7,211.2,199.9,195.5,0.962
9198,9,26,69.0,806.0,205.8,211.7,0.412
9199,9,16,114.5,210.9,198.6,195.9,0.228
9200,9,31,594.3,173.6,218.7,212.1,0.168
9201,9,26,594.2,166.1,219.9,221.1,0.153
9202,9,15,114.9,209.3,209.0,197.8,0.102
9203,9,3,67.8,808.5,209.9,208.5,0.086
9204,9,15,594.9,173.7,221.8,212.4,0.067
9205,9,37,594.9,174.7,219.9,211.7,0.034
9206,9,26,145.0,202.3,170.1,207.3,0.033
9207,9,16,595.2,173.9,217.8,212.3,0.03
9208,9,31,61.2,814.9,216.8,203.9,0.025
9209,9,16,62.3,814.8,216.5,203.7,0.023
9210,9,15,65.1,814.7,213.2,203.2,0.02
9211,9,25,65.9,808.8,208.3,209.5,0.015
9212,90,1,655.3,904.1,218.1,146.5,0.896
9213,90,42,83.3,711.2,294.2,490.7,0.457
9214,90,53,84.4,712.0,295.3,489.7,0.306
9215,90,16,612.5,219.6,293.8,286.6,0.129
9216,90,16,127.3,123.1,260.2,424.7,0.076
9217,90,17,86.4,711.6,290.2,488.7,0.061
9218,90,17,117.6,126.6,272.2,423.2,0.057
9219,90,37,656.5,903.9,212.7,145.7,0.056
9220,90,39,87.1,711.1,290.7,489.5,0.054
9221,90,39,119.3,125.7,268.6,423.4,0.032
9222,90,23,656.3,902.8,213.4,147.6,0.027
9223,90,32,118.6,128.0,269.8,422.1,0.025
9224,90,37,610.9,219.7,294.5,287.2,0.024
9225,90,4,612.0,220.0,292.8,285.9,0.022
9226,90,45,119.3,126.9,269.5,421.8,0.019
9227,90,15,613.2,219.6,293.4,288.0,0.018
9228,90,55,127.7,124.7,259.2,424.1,0.016
9229,90,55,655.8,904.2,214.5,146.6,0.016
9230,90,53,656.3,903.5,212.9,146.2,0.015
9231,90,42,115.8,128.4,273.7,421.9,0.013
9232,90,39,610.5,220.1,295.0,286.5,0.011
9233,90,36,655.9,904.5,213.6,146.4,0.01
9234,900,23,134.8,173.9,209.4,205.5,0.537
9235,900,39,591.7,629.6,262.6,478.3,0.382
9236,900,1,646.8,209.1,176.8,185.3,0.331
9237,900,42,593.2,631.4,261.7,476.2,0.323
9238,900,16,105.5,820.4,241.9,230.0,0.225
9239,900,53,644.4,203.7,181.0,194.3,0.169
9240,900,37,644.8,207.7,180.6,189.3,0.128
9241,900,37,105.2,819.3,245.0,232.0,0.092
9242,900,16,644.4,203.4,182.1,194.8,0.089
9243,900,37,134.5,174.3,210.3,205.2,0.076
9244,900,55,644.7,204.2,180.5,194.1,0.072
9245,900,53,133.2,175.5,210.8,204.0,0.064
9246,900,13,134.6,175.0,209.4,205.3,0.031
9247,900,53,593.3,627.6,260.2,473.7,0.022
9248,900,54,105.6,819.9,246.1,232.5,0.019
9249,900,31,106.0,819.7,242.4,230.3,0.018
9250,900,56,134.9,174.3,210.1,206.1,0.018
9251,900,23,105.0,819.0,244.2,232.2,0.017
9252,900,54,134.9,175.2,209.9,204.0,0.017
9253,900,3,134.1,175.7,209.7,203.4,0.016
9254,900,53,105.0,820.2,242.8,230.7,0.014
9255,900,1,138.4,168.3,208.2,218.5,0.013
9256,900,14,134.8,175.0,202.3,203.1,0.011
9257,904,4,605.8,791.1,273.6,210.2,0.984
9258,904,37,119.4,770.5,317.2,277.5,0.917
9259,904,45,156.9,55.6,297.6,471.7,0.273
9260,904,26,647.1,181.1,223.1,228.6,0.207
9261,904,32,156.8,54.2,297.9,474.8,0.198
9262,904,53,120.2,772.1,318.3,277.1,0.06
9263,904,17,154.2,53.8,298.3,472.6,0.04
9264,904,39,155.9,52.3,296.2,472.7,0.028
9265,904,53,153.3,47.8,291.8,476.7,0.014
9266,904,39,120.9,772.7,314.9,275.6,0.013
9267,904,37,641.2,187.7,233.4,219.9,0.01
9268,906,4,124.7,306.8,268.4,202.8,0.985
9269,906,37,564.4,257.6,302.7,271.0,0.918
9270,906,26,110.7,850.8,234.8,238.0,0.365
9271,906,29,563.9,258.0,304.7,269.6,0.085
9272,906,39,553.2,716.4,296.3,487.4,0.069
9273,906,45,554.1,716.6,296.4,488.5,0.045
9274,906,32,554.6,717.0,295.6,486.6,0.036
9275,906,42,554.2,716.4,296.4,489.5,0.02
9276,906,53,564.9,258.5,304.0,272.4,0.016
9277,906,17,553.9,717.4,296.5,485.8,0.016
9278,906,39,564.1,259.4,301.3,269.1,0.013
9279,908,3,303.9,192.8,185.0,188.8,0.987
9280,908,26,117.9,711.4,228.2,236.1,0.975
9281,908,46,575.1,745.7,207.3,212.6,0.909
9282,908,18,633.0,1136.1,343.0,143.8,0.143
9283,908,34,635.5,1140.1,340.5,139.9,0.028
9284,908,46,306.6,192.1,182.1,189.6,0.014
9285,91,1,629.8,891.5,216.1,138.8,0.846
9286,91,16,121.8,865.5,243.0,238.9,0.762
9287,91,39,148.9,140.8,256.7,459.3,0.586
9288,91,23,689.6,301.9,158.4,144.5,0.287
9289,91,42,147.6,143.7,257.8,456.9,0.209
9290,91,32,150.8,142.4,255.5,458.9,0.09
9291,91,55,125.3,865.9,237.6,238.7,0.068
9292,91,53,153.7,142.8,255.7,456.2,0.045
9293,91,31,689.2,300.1,157.4,146.6,0.041
9294,91,14,689.8,299.9,156.7,147.2,0.037
9295,91,53,630.7,894.4,209.3,133.2,0.034
9296,91,25,628.2,881.5,212.1,148.5,0.03
9297,91,26,121.9,861.8,249.6,238.5,0.026
9298,91,24,630.7,893.7,208.6,133.4,0.024
9299,91,37,630.9,894.6,209.2,132.0,0.019
9300,91,16,689.7,299.6,156.0,147.2,0.018
9301,91,23,630.9,894.5,208.3,131.5,0.015
9302,91,26,632.5,885.9,207.5,141.0,0.013
9303,91,35,690.9,298.8,155.2,147.9,0.013
9304,91,15,122.5,862.8,242.3,241.8,0.012
9305,91,13,631.1,893.8,209.1,132.5,0.012
9306,91,26,216.8,859.6,149.5,241.3,0.01
9307,910,4,173.3,279.3,261.8,214.5,0.953
9308,910,34,506.6,700.0,457.7,440.6,0.933
9309,910,44,124.4,878.7,235.0,228.7,0.796
9310,910,31,640.2,293.6,172.8,200.3,0.124
9311,910,45,509.4,702.1,453.3,444.1,0.107
9312,910,14,639.5,293.0,173.3,199.9,0.089
9313,910,4,639.5,292.9,172.6,201.8,0.062
9314,910,16,125.8,881.1,231.3,225.7,0.057
9315,910,16,639.8,294.0,173.4,199.7,0.034
9316,910,23,636.9,294.3,176.0,198.7,0.027
9317,910,55,639.4,293.4,173.0,201.1,0.024
9318,910,15,126.8,879.5,230.9,228.1,0.021
9319,912,34,34.4,106.6,432.5,425.4,0.97
9320,912,44,602.5,159.7,221.5,214.2,0.938
9321,912,4,532.5,778.3,271.2,225.4,0.933
9322,912,56,142.4,773.6,182.4,210.0,0.314
9323,912,53,141.8,773.3,183.3,208.5,0.048
9324,912,54,143.2,773.3,181.2,209.4,0.041
9325,912,8,142.3,772.5,182.5,211.0,0.027
9326,914,3,368.0,124.2,185.3,188.7,0.988
9327,914,13,553.3,705.4,204.2,252.6,0.979
9328,914,53,45.4,611.7,340.9,359.4,0.867
9329,914,53,746.0,1161.1,230.0,118.7,0.03
9330,914,56,45.8,613.8,338.5,360.0,0.011
9331,915,3,410.1,179.0,186.9,184.4,0.996
9332,915,13,593.0,797.3,199.6,246.2,0.982
9333,915,53,86.9,709.6,342.0,347.5,0.668
9334,915,53,88.6,803.8,323.8,254.1,0.016
9335,916,4,122.4,307.6,270.9,202.7,0.987
9336,916,14,140.5,893.3,198.3,193.0,0.978
9337,916,37,563.4,257.3,304.4,271.6,0.936
9338,916,34,499.0,674.8,466.1,441.1,0.835
9339,916,31,141.6,892.9,197.3,193.7,0.132
9340,916,29,562.9,257.4,306.4,270.5,0.098
9341,916,23,139.7,890.6,199.1,196.2,0.04
9342,916,35,139.2,892.0,198.4,194.3,0.016
9343,916,53,565.2,258.4,304.0,273.5,0.016
9344,916,39,563.0,258.6,302.9,269.9,0.015
9345,916,21,142.3,892.6,196.0,193.3,0.014
9346,916,1,140.4,890.6,200.2,189.3,0.012
9347,919,4,122.8,308.4,269.1,202.8,0.986
9348,919,37,563.4,257.2,300.2,271.2,0.933
9349,919,45,489.1,672.8,379.3,447.5,0.397
9350,919,37,97.1,878.9,275.2,183.9,0.375
9351,919,29,563.0,257.4,302.9,270.2,0.1
9352,919,4,111.3,880.6,255.9,182.8,0.074
9353,919,53,98.1,880.2,273.9,183.1,0.069
9354,919,34,489.0,672.9,379.4,447.2,0.047
9355,919,39,562.9,258.8,299.6,269.4,0.028
9356,919,27,97.3,879.7,274.6,183.3,0.016
9357,919,56,491.3,670.8,376.3,448.4,0.011
9358,920,4,580.3,755.4,275.7,214.6,0.98
9359,920,37,87.9,727.8,317.5,280.0,0.741
9360,920,34,120.7,122.6,370.1,426.0,0.631
9361,920,45,123.7,123.3,364.1,426.0,0.408
9362,920,4,590.5,201.1,258.9,172.4,0.327
9363,920,53,87.9,728.7,319.9,280.1,0.119
9364,920,32,123.0,123.0,365.9,426.1,0.087
9365,920,37,590.5,200.4,258.7,173.1,0.047
9366,920,39,89.7,728.7,317.3,279.5,0.027
9367,923,4,145.4,291.1,211.1,257.8,0.978
9368,923,15,110.4,837.6,248.8,239.9,0.951
9369,923,34,533.8,707.5,442.2,453.8,0.883
9370,923,27,542.7,292.5,328.6,236.7,0.79
9371,923,45,536.0,710.2,440.0,450.7,0.058
9372,923,51,539.7,293.4,333.0,235.1,0.018
9373,923,36,545.6,291.6,326.6,237.1,0.013
9374,925,4,147.8,219.8,250.7,224.3,0.955
9375,925,14,144.5,899.1,195.1,193.1,0.761
9376,925,24,643.9,279.9,218.8,169.6,0.568
9377,925,45,489.4,625.5,442.1,460.9,0.365
9378,925,37,489.9,624.4,439.2,462.1,0.151
9379,925,53,643.3,278.2,219.4,170.3,0.124
9380,925,56,489.2,623.6,438.6,461.9,0.117
9381,925,31,144.1,898.9,197.5,193.4,0.054
9382,925,21,144.3,898.8,195.6,193.7,0.045
9383,925,35,143.7,899.2,195.0,193.0,0.044
9384,925,23,143.3,898.0,197.4,193.4,0.025
9385,925,37,642.4,278.4,220.3,170.7,0.021
9386,925,4,644.0,277.2,219.0,170.2,0.021
9387,925,4,168.7,223.8,188.6,119.4,0.013
9388,927,4,570.1,831.1,267.4,240.4,0.966
9389,927,14,617.3,172.0,184.6,182.2,0.807
9390,927,24,91.5,827.4,227.0,174.5,0.675
9391,927,45,59.0,146.7,426.5,440.5,0.412
9392,927,34,59.1,147.1,426.8,439.4,0.15
9393,927,31,617.5,171.7,185.2,183.4,0.085
9394,927,53,92.6,827.2,226.7,175.1,0.058
9395,927,23,616.6,170.3,185.6,185.9,0.03
9396,927,4,620.3,171.6,183.0,187.4,0.02
9397,927,1,617.6,172.5,191.7,183.0,0.015
9398,927,21,618.0,170.9,183.8,184.7,0.014
9399,927,37,93.1,826.8,225.6,174.4,0.011
9400,929,14,602.7,212.3,184.0,184.6,0.973
9401,929,4,574.6,811.4,285.0,192.5,0.952
9402,929,36,7.5,812.0,381.3,222.0,0.935
9403,929,31,602.8,212.5,183.2,184.7,0.274
9404,929,21,604.0,213.1,182.1,183.5,0.206
9405,929,42,27.4,40.0,407.4,491.0,0.083
9406,929,51,8.2,812.5,382.6,220.3,0.056
9407,929,27,6.0,814.0,385.7,221.4,0.052
9408,929,23,603.9,213.4,183.4,184.2,0.044
9409,929,37,27.2,39.1,408.4,491.7,0.039
9410,929,4,11.6,815.2,379.5,219.8,0.015
9411,929,40,605.1,213.8,180.7,182.6,0.014
9412,930,4,123.6,276.7,272.1,185.2,0.97
9413,930,14,164.4,856.8,192.9,189.1,0.907
9414,930,36,570.6,229.0,371.2,219.8,0.633
9415,930,31,164.0,856.5,194.2,189.7,0.407
9416,930,42,536.1,682.6,434.0,522.9,0.053
9417,930,21,165.3,856.9,191.9,189.3,0.035
9418,930,53,538.9,684.6,429.9,520.8,0.034
9419,930,23,165.2,857.7,192.8,189.0,0.021
9420,930,4,570.8,230.7,371.2,217.5,0.014
9421,930,51,573.1,228.4,366.6,221.6,0.012
9422,930,27,570.9,231.1,369.9,217.0,0.011
9423,930,37,539.2,683.1,430.9,521.2,0.01
9424,931,23,166.5,919.5,161.1,152.8,0.98
9425,931,1,176.9,270.2,131.2,199.4,0.977
9426,931,42,574.2,719.7,322.5,422.4,0.914
9427,931,14,165.4,919.4,162.2,152.9,0.187
9428,931,37,480.0,240.9,483.3,268.9,0.138
9429,931,56,574.5,713.9,319.2,427.5,0.117
9430,931,53,178.2,269.3,129.3,198.7,0.058
9431,931,3,576.6,717.4,314.3,422.7,0.03
9432,931,4,165.4,918.8,162.1,153.3,0.026
9433,931,53,475.6,241.2,491.2,266.6,0.024
9434,931,53,576.9,720.6,315.7,419.5,0.017
9435,931,56,178.7,271.3,129.6,196.6,0.016
9436,932,1,159.2,258.0,127.0,198.9,0.995
9437,932,23,130.3,886.5,163.2,156.1,0.72
9438,932,37,454.0,220.8,477.7,266.3,0.366
9439,932,42,549.2,683.9,330.0,423.8,0.345
9440,932,26,155.1,265.2,130.2,191.3,0.138
9441,932,53,159.5,258.0,126.1,198.3,0.125
9442,932,56,550.5,678.5,329.4,427.7,0.089
9443,932,14,131.5,887.2,163.8,155.4,0.076
9444,932,5,160.7,256.9,124.4,199.3,0.045
9445,932,24,454.3,219.1,476.5,267.5,0.043
9446,932,53,447.6,219.3,484.8,268.6,0.034
9447,932,4,131.5,886.9,163.9,155.6,0.03
9448,932,3,550.2,680.4,330.2,429.2,0.018
9449,932,3,456.3,219.0,478.5,268.7,0.011
9450,933,1,688.7,807.2,131.1,209.2,0.993
9451,933,42,109.8,167.7,311.7,399.6,0.763
9452,933,23,667.3,251.9,154.5,152.1,0.585
9453,933,45,20.0,737.3,494.2,279.0,0.114
9454,933,37,17.8,736.7,497.4,278.1,0.094
9455,933,14,665.5,253.1,158.9,152.3,0.06
9456,933,3,18.0,735.9,496.1,276.8,0.05
9457,933,53,687.1,806.9,132.1,204.2,0.035
9458,933,16,686.9,806.5,130.9,204.8,0.032
9459,933,27,687.3,806.3,130.9,205.0,0.019
9460,933,53,667.8,253.2,153.7,150.3,0.019
9461,933,31,666.7,253.8,156.5,150.5,0.017
9462,933,35,665.0,252.6,157.3,151.3,0.016
9463,933,51,21.9,735.3,494.4,278.3,0.013
9464,933,25,690.6,804.6,129.5,208.3,0.012
9465,936,2,593.5,115.9,256.9,444.8,0.988
9466,936,35,108.5,843.7,260.7,263.0,0.953
9467,936,2,652.9,712.1,218.9,458.5,0.694
9468,936,22,123.6,205.1,294.8,481.9,0.338
9469,936,11,123.7,205.1,296.6,481.6,0.332
9470,936,3,114.6,843.1,255.5,264.7,0.153
9471,936,39,122.2,204.7,295.8,480.6,0.112
9472,936,15,109.5,842.0,262.8,264.9,0.088
9473,936,32,652.6,711.5,220.1,458.1,0.063
9474,936,40,109.5,843.0,260.1,262.7,0.052
9475,936,37,122.9,205.6,294.9,477.6,0.01
9476,937,2,620.6,86.0,192.5,452.0,0.989
9477,937,11,137.5,123.2,280.2,502.7,0.525
9478,937,32,131.4,815.4,326.0,326.5,0.295
9479,937,14,131.1,816.2,330.4,325.9,0.229
9480,937,22,137.6,119.9,280.8,505.7,0.216
9481,937,18,590.4,708.8,236.6,454.2,0.117
9482,937,7,587.5,708.8,239.1,446.5,0.056
9483,937,39,138.1,123.4,280.2,502.0,0.056
9484,937,2,590.5,710.3,237.8,453.4,0.043
9485,937,17,619.8,85.7,194.4,449.5,0.029
9486,937,32,590.5,708.1,235.3,454.1,0.028
9487,937,46,131.8,815.9,326.1,325.6,0.022
9488,937,30,131.7,813.4,321.4,327.5,0.011
9489,938,2,624.6,32.4,207.1,488.2,0.954
9490,938,11,134.8,77.0,281.8,526.3,0.586
9491,938,2,581.9,705.2,228.6,445.6,0.385
9492,938,14,131.6,806.4,322.1,317.1,0.145
9493,938,30,130.5,807.1,317.5,315.1,0.058
9494,938,46,129.7,806.5,318.9,315.8,0.058
9495,938,22,135.4,72.5,282.9,525.8,0.053
9496,938,7,581.1,712.1,228.1,438.0,0.039
9497,938,2,619.5,6.6,278.3,519.5,0.023
9498,940,3,422.3,898.8,190.2,191.4,0.996
9499,940,14,644.2,322.3,187.9,189.5,0.925
9500,940,19,208.4,226.9,218.9,408.1,0.286
9501,940,7,208.7,232.2,217.2,403.8,0.163
9502,940,18,206.3,228.1,219.3,412.3,0.022
9503,940,30,642.8,321.0,191.5,190.7,0.022
9504,940,51,0.0,1174.9,224.1,105.0,0.017
9505,940,25,0.0,1239.4,121.9,40.4,0.014
9506,940,54,0.0,1209.2,211.3,70.8,0.011
9507,940,51,212.4,236.4,203.7,400.5,0.01
9508,941,14,91.1,713.5,190.5,191.2,0.992
9509,941,3,324.6,142.4,186.3,188.8,0.99
9510,941,19,517.7,558.7,216.8,437.0,0.209
9511,941,7,521.0,556.9,213.8,436.3,0.135
9512,941,18,517.1,551.4,219.7,445.8,0.129
9513,941,53,763.6,1177.9,212.4,102.1,0.029
9514,941,23,524.4,581.0,198.1,412.2,0.022
9515,941,56,791.1,1170.4,184.9,109.3,0.021
9516,941,22,795.7,1174.7,180.3,105.3,0.013
9517,942,3,367.7,199.1,185.6,184.0,0.986
9518,942,14,133.5,800.6,189.2,188.8,0.921
9519,942,19,557.9,651.3,217.9,441.7,0.262
9520,942,30,133.5,800.3,190.5,190.1,0.037
9521,942,11,561.1,650.5,208.3,439.7,0.034
9522,942,18,560.4,643.8,210.6,445.1,0.032
9523,942,4,560.1,647.0,213.7,435.9,0.017
9524,945,4,147.7,218.8,250.2,224.9,0.948
9525,945,26,108.5,852.7,237.7,230.9,0.626
9526,945,24,642.7,279.3,220.2,170.2,0.582
9527,945,34,635.0,636.7,308.5,518.3,0.191
9528,945,53,642.5,277.6,220.2,170.7,0.114
9529,945,39,635.0,638.7,308.8,515.1,0.038
9530,945,25,111.6,868.3,215.8,210.4,0.023
9531,945,37,641.3,277.8,221.6,171.3,0.02
9532,945,37,109.7,856.8,232.6,228.4,0.017
9533,945,4,643.2,276.9,219.8,170.3,0.016
9534,945,4,167.4,223.1,199.6,121.6,0.014
9535,945,17,636.2,634.3,305.0,519.8,0.013
9536,945,56,636.4,636.5,301.5,520.5,0.012
9537,947,4,134.2,289.2,275.7,173.5,0.928
9538,947,14,140.6,845.7,199.2,194.2,0.757
9539,947,26,596.1,889.5,218.6,208.4,0.58
9540,947,31,141.2,846.4,200.0,193.3,0.158
9541,947,21,140.4,845.5,198.2,194.2,0.054
9542,947,15,683.7,258.7,205.0,196.7,0.042
9543,947,26,682.3,257.1,207.1,192.6,0.031
9544,947,31,683.4,258.7,204.4,196.6,0.025
9545,947,4,141.7,845.5,198.2,194.4,0.024
9546,947,25,601.1,890.8,197.2,207.2,0.02
9547,947,1,685.4,255.2,202.0,197.4,0.019
9548,947,35,139.8,845.6,198.1,194.0,0.014
9549,947,23,140.4,844.2,197.6,194.9,0.014
9550,947,1,605.7,891.2,211.4,205.3,0.013
9551,947,15,597.4,889.4,216.0,209.9,0.01
9552,948,4,587.6,844.4,286.1,172.4,0.913
9553,948,14,647.8,230.2,195.8,183.1,0.861
9554,948,4,647.5,229.6,195.4,182.7,0.218
9555,948,35,647.5,230.2,197.1,183.0,0.124
9556,948,31,92.7,855.2,212.3,208.7,0.083
9557,948,15,185.3,179.0,208.6,201.1,0.069
9558,948,26,183.5,181.4,204.4,202.6,0.069
9559,948,15,94.7,854.7,210.5,206.3,0.048
9560,948,26,95.5,854.2,208.1,210.1,0.039
9561,948,31,182.2,179.2,212.2,201.1,0.025
9562,948,1,98.2,854.6,208.7,209.6,0.021
9563,948,1,646.8,233.1,194.4,179.2,0.02
9564,948,1,183.9,177.6,211.8,203.4,0.02
9565,948,25,184.6,189.3,197.7,191.0,0.019
9566,948,37,94.7,854.0,214.2,207.5,0.016
9567,948,3,95.8,854.5,208.2,212.0,0.012
9568,949,4,144.8,292.3,210.0,255.7,0.982
9569,949,15,110.9,837.9,248.1,239.3,0.945
9570,949,27,541.0,292.0,330.0,236.8,0.847
9571,949,45,497.1,723.0,428.9,410.4,0.614
9572,949,27,509.8,722.2,412.4,409.2,0.028
9573,949,51,538.0,292.0,333.7,236.2,0.024
9574,949,36,541.3,287.7,330.0,240.5,0.014
9575,949,55,537.8,293.1,335.1,235.6,0.012
9576,95,3,338.2,183.5,181.7,185.3,0.997
9577,95,44,58.9,742.2,234.4,233.4,0.995
9578,95,48,497.4,720.6,385.8,240.4,0.981
9579,95,25,0.0,1231.8,100.3,48.0,0.096
9580,950,15,603.2,184.8,236.8,230.7,0.939
9581,950,4,623.2,715.6,211.5,271.1,0.825
9582,950,27,83.0,727.0,335.7,240.4,0.702
9583,950,45,66.3,117.3,408.1,391.4,0.674
9584,950,32,65.6,116.2,407.1,391.1,0.033
9585,950,27,56.8,118.6,413.8,385.9,0.029
9586,950,19,620.1,715.8,214.9,271.9,0.027
9587,950,53,58.9,118.8,419.0,395.9,0.024
9588,950,56,66.5,114.3,406.5,393.4,0.023
9589,950,36,85.0,728.9,333.7,237.4,0.022
9590,950,16,600.2,185.6,237.4,232.8,0.013
9591,951,4,649.0,747.2,212.8,269.0,0.911
9592,951,15,631.4,193.7,243.7,229.9,0.786
9593,951,27,115.6,770.7,334.8,233.7,0.713
9594,951,45,77.5,133.4,431.0,397.1,0.5
9595,951,36,113.1,771.6,337.1,234.1,0.326
9596,951,27,70.7,141.9,424.5,391.3,0.018
9597,951,19,648.4,749.9,213.7,266.7,0.013
9598,951,36,72.6,141.0,422.5,398.1,0.012
9599,951,37,77.5,132.0,427.8,398.1,0.011
9600,951,20,109.6,772.9,338.9,229.9,0.01
9601,952,4,124.0,276.2,272.1,185.7,0.967
9602,952,15,166.8,835.9,250.8,240.3,0.951
9603,952,36,569.7,230.5,372.8,218.0,0.764
9604,952,45,556.9,648.4,391.4,435.7,0.577
9605,952,34,557.0,646.8,391.1,436.1,0.139
9606,952,56,555.2,649.9,392.7,433.1,0.065
9607,952,51,569.9,229.1,370.8,220.3,0.033
9608,952,27,570.5,232.3,371.8,215.5,0.019
9609,952,53,561.1,649.7,391.6,431.6,0.012
9610,953,4,574.7,809.7,282.3,194.8,0.976
9611,953,15,544.9,188.6,241.8,229.0,0.933
9612,953,36,8.5,811.3,380.9,224.3,0.833
9613,953,45,40.0,160.9,384.6,417.4,0.552
9614,953,27,5.3,813.0,386.4,224.2,0.051
9615,953,51,10.6,811.4,380.8,222.7,0.031
9616,953,56,42.2,158.6,380.8,419.3,0.026
9617,953,36,71.5,168.9,342.2,407.6,0.018
9618,953,16,544.9,188.7,239.9,231.9,0.015
9619,953,53,34.8,167.1,379.7,415.4,0.014
9620,953,4,11.4,815.0,370.2,222.0,0.014
9621,953,27,46.1,160.1,363.8,416.6,0.013
9622,954,36,43.2,854.0,380.5,222.6,0.949
9623,954,4,602.1,845.3,282.4,187.5,0.93
9624,954,45,51.4,182.5,405.6,424.2,0.557
9625,954,15,574.5,196.3,241.9,232.4,0.555
9626,954,4,41.1,855.3,383.7,220.5,0.063
9627,954,51,40.9,856.6,385.1,219.6,0.045
9628,954,27,42.9,856.5,381.8,219.5,0.037
9629,954,51,53.0,180.1,400.0,440.0,0.015
9630,954,28,44.2,856.6,378.8,218.1,0.01
9631,956,1,151.7,249.8,211.1,126.5,0.985
9632,956,23,139.9,864.5,164.4,153.0,0.84
9633,956,39,592.9,672.5,266.2,482.1,0.39
9634,956,42,595.9,0.9,311.4,448.5,0.242
9635,956,53,592.3,0.0,321.9,456.3,0.192
9636,956,14,141.7,863.9,161.6,153.3,0.123
9637,956,42,593.3,677.9,267.6,476.2,0.076
9638,956,53,159.0,252.3,200.6,123.8,0.068
9639,956,53,140.8,863.1,162.8,155.5,0.033
9640,956,39,592.8,0.0,314.4,446.2,0.027
9641,956,53,592.9,677.3,263.2,471.3,0.026
9642,956,56,159.1,251.5,198.9,125.5,0.022
9643,956,4,141.9,863.8,162.4,152.6,0.015
9644,956,26,158.7,252.6,207.9,122.6,0.013
9645,956,4,157.4,251.7,202.7,123.1,0.011
9646,956,13,158.8,250.1,199.8,127.3,0.011
9647,956,49,597.7,0.4,308.4,449.1,0.011
9648,957,1,626.2,892.2,219.6,138.9,0.897
9649,957,39,144.1,140.2,262.0,459.0,0.607
9650,957,23,689.7,302.1,158.4,144.3,0.246
9651,957,42,143.5,143.0,263.1,456.5,0.14
9652,957,32,146.8,141.8,260.1,458.5,0.065
9653,957,17,75.6,784.4,314.9,491.0,0.063
9654,957,42,73.1,787.7,317.9,488.1,0.062
9655,957,14,690.1,300.3,156.3,146.9,0.054
9656,957,53,151.6,142.9,259.0,456.1,0.04
9657,957,53,73.5,786.2,317.0,487.5,0.04
9658,957,31,689.6,300.4,156.8,146.3,0.033
9659,957,39,76.2,783.2,313.1,493.2,0.03
9660,957,53,629.6,894.5,210.7,134.1,0.029
9661,957,37,629.5,893.4,210.4,135.4,0.027
9662,957,56,629.3,894.2,210.6,133.4,0.021
9663,957,35,691.3,299.3,154.9,147.7,0.018
9664,957,13,629.8,893.5,211.0,134.4,0.017
9665,957,16,690.1,300.4,156.3,146.5,0.015
9666,957,26,628.6,888.2,213.0,139.7,0.011
9667,957,32,75.5,784.5,314.3,490.8,0.01
9668,962,1,147.8,241.9,176.2,180.6,0.989
9669,962,23,143.5,849.6,159.7,155.4,0.79
9670,962,42,624.2,109.2,280.3,471.9,0.643
9671,962,3,469.6,777.7,405.6,276.7,0.476
9672,962,43,467.5,780.5,406.8,274.5,0.453
9673,962,37,471.7,780.0,403.0,274.6,0.161
9674,962,14,142.6,847.8,160.6,158.4,0.157
9675,962,39,627.5,105.9,275.9,475.1,0.143
9676,962,21,143.1,848.2,162.0,157.5,0.109
9677,962,56,147.7,240.1,177.8,179.5,0.098
9678,962,17,626.4,108.0,277.3,470.6,0.077
9679,962,53,147.3,241.2,178.3,180.0,0.074
9680,962,37,148.3,240.3,178.2,179.5,0.06
9681,962,53,625.4,113.1,281.3,474.9,0.055
9682,962,27,471.2,779.5,405.0,273.5,0.033
9683,962,36,474.9,779.6,410.6,274.2,0.015
9684,962,53,473.5,778.5,411.3,275.9,0.014
9685,962,13,143.4,849.3,161.4,156.4,0.013
9686,962,3,143.6,849.6,159.5,155.2,0.012
9687,962,16,473.4,782.1,402.2,273.0,0.011
9688,962,49,472.9,777.8,406.7,276.6,0.01
9689,966,16,125.8,853.9,243.3,237.2,0.947
9690,966,1,656.9,904.5,217.9,146.1,0.833
9691,966,16,123.2,129.6,264.8,422.7,0.119
9692,966,16,612.6,220.1,293.3,286.0,0.065
9693,966,37,658.2,904.2,211.0,145.2,0.05
9694,966,37,611.2,220.2,294.2,286.2,0.036
9695,966,45,118.2,127.8,270.0,422.7,0.03
9696,966,55,122.0,128.8,265.4,427.4,0.028
9697,966,17,117.1,126.6,272.4,423.2,0.026
9698,966,55,126.3,853.7,241.6,236.4,0.023
9699,966,55,656.5,903.4,213.6,146.6,0.02
9700,966,15,613.0,220.1,293.5,287.1,0.018
9701,966,39,119.2,125.5,268.6,423.8,0.017
9702,966,4,612.1,220.5,292.8,285.2,0.017
9703,966,31,127.5,854.4,242.6,239.4,0.014
9704,966,36,656.9,904.3,212.5,146.6,0.014
9705,966,53,657.1,904.0,212.3,147.1,0.013
9706,966,39,611.0,220.4,294.4,285.7,0.012
9707,967,3,407.3,889.6,188.6,190.4,0.995
9708,967,44,586.2,302.5,230.2,230.8,0.995
9709,967,56,122.4,301.6,268.6,297.2,0.876
9710,968,44,109.0,696.5,234.9,232.6,0.997
9711,968,3,340.1,155.2,185.7,189.5,0.994
9712,968,56,551.1,620.3,275.9,306.8,0.953
9713,968,46,341.1,154.7,184.2,189.0,0.013
9714,97,1,689.4,806.4,129.2,208.5,0.995
9715,97,16,100.3,822.6,240.3,236.2,0.921
9716,97,42,110.9,167.9,310.2,398.8,0.775
9717,97,23,668.8,253.1,152.7,150.6,0.74
9718,97,31,98.6,821.8,242.8,237.6,0.119
9719,97,14,667.3,253.7,157.0,151.1,0.112
9720,97,16,688.4,806.2,128.0,204.6,0.052
9721,97,55,99.8,823.1,237.7,233.6,0.037
9722,97,31,668.5,254.4,154.5,149.4,0.023
9723,97,53,689.4,806.7,129.0,204.2,0.015
9724,97,35,666.6,252.8,155.4,150.8,0.014
9725,97,15,97.8,823.6,232.1,233.0,0.013
9726,97,56,684.7,805.1,134.0,205.7,0.013
9727,97,25,690.8,804.5,128.5,205.1,0.013
9728,97,27,689.0,806.2,128.1,204.9,0.012
9729,97,26,99.5,822.3,243.8,238.4,0.01
9730,972,1,144.1,241.9,193.1,128.8,0.993
9731,972,39,567.4,627.6,262.0,487.1,0.793
9732,972,23,126.1,771.6,194.6,193.4,0.338
9733,972,37,125.9,771.0,194.3,193.4,0.166
9734,972,42,563.3,629.6,270.1,489.0,0.126
9735,972,42,569.5,16.7,329.6,434.2,0.102
9736,972,17,576.1,18.0,323.0,432.0,0.081
9737,972,56,141.0,241.8,198.9,127.9,0.074
9738,972,39,574.4,15.5,323.6,438.8,0.069
9739,972,53,140.7,243.2,199.5,125.4,0.066
9740,972,32,568.4,628.2,260.7,489.0,0.065
9741,972,18,572.7,18.5,327.5,435.0,0.058
9742,972,22,125.1,769.8,195.3,195.8,0.049
9743,972,53,572.5,27.8,328.5,421.5,0.025
9744,972,1,123.8,774.1,200.2,191.5,0.025
9745,972,18,566.8,632.2,264.5,486.7,0.021
9746,972,5,140.4,239.2,199.6,130.9,0.02
9747,972,44,123.9,771.6,197.5,192.8,0.017
9748,972,24,573.7,18.1,325.8,433.1,0.017
9749,972,1,142.4,254.2,97.4,111.3,0.016
9750,972,37,576.1,17.5,322.9,433.7,0.015
9751,972,16,125.1,772.5,196.5,190.5,0.013
9752,972,4,125.4,772.3,196.1,190.4,0.011
9753,972,24,141.4,240.8,198.5,128.5,0.01
9754,973,42,612.6,717.2,275.2,440.4,0.98
9755,973,1,180.4,265.1,130.4,197.1,0.975
9756,973,23,180.5,882.6,196.1,189.0,0.628
9757,973,17,569.0,79.8,308.2,472.5,0.273
9758,973,39,570.4,77.5,308.3,472.6,0.17
9759,973,53,182.5,266.9,128.2,198.6,0.06
9760,973,42,567.4,79.1,309.8,474.9,0.059
9761,973,37,180.9,882.7,195.1,188.9,0.054
9762,973,53,570.3,84.0,313.2,470.9,0.029
9763,973,23,182.5,268.5,128.2,196.7,0.015
9764,974,1,161.2,253.2,126.7,200.1,0.999
9765,974,42,584.5,677.3,291.2,443.6,0.862
9766,974,23,146.9,848.1,200.8,193.6,0.438
9767,974,42,545.9,71.9,293.6,460.1,0.22
9768,974,1,143.7,845.7,204.2,198.5,0.085
9769,974,3,148.0,847.2,200.9,193.2,0.076
9770,974,53,543.9,72.8,298.9,460.9,0.071
9771,974,17,544.5,69.9,295.9,462.5,0.07
9772,974,29,147.7,848.7,201.0,192.7,0.064
9773,974,56,584.5,676.7,290.3,444.3,0.063
9774,974,53,160.2,255.5,129.0,199.0,0.034
9775,974,39,544.2,68.3,295.4,463.2,0.03
9776,974,37,162.3,255.8,124.9,198.5,0.029
9777,974,27,160.5,256.8,127.3,198.2,0.026
9778,974,53,584.5,678.8,290.8,429.2,0.026
9779,974,16,160.6,256.1,128.6,199.5,0.021
9780,974,3,585.1,677.4,287.8,443.7,0.019
9781,974,5,161.4,255.8,126.8,199.2,0.018
9782,975,1,684.9,807.5,131.1,213.4,0.991
9783,975,42,114.2,156.2,273.7,408.5,0.797
9784,975,23,616.1,250.7,191.5,181.1,0.419
9785,975,17,103.9,685.2,317.9,487.9,0.347
9786,975,33,616.2,250.7,191.4,182.1,0.046
9787,975,39,103.3,684.2,319.2,486.2,0.046
9788,975,37,102.0,685.8,319.4,488.4,0.041
9789,975,37,615.9,250.4,193.0,181.7,0.03
9790,975,53,104.9,678.4,318.9,486.2,0.026
9791,975,3,618.0,251.1,188.1,182.1,0.023
9792,975,53,117.9,155.4,269.5,409.0,0.022
9793,975,39,117.7,151.9,265.8,414.8,0.018
9794,975,42,102.2,686.7,318.0,488.2,0.018
9795,975,53,683.4,807.9,132.3,206.8,0.016
9796,975,25,686.8,808.0,132.2,207.8,0.013
9797,975,4,612.9,250.0,195.2,182.6,0.012
9798,975,17,680.9,808.3,135.9,206.0,0.011
9799,975,16,683.8,808.6,131.4,206.3,0.011
9800,975,17,118.0,150.6,266.1,416.0,0.01
9801,979,3,392.7,157.4,182.2,187.5,0.99
9802,979,20,70.8,549.8,291.6,338.9,0.943
9803,979,30,583.9,711.8,188.9,190.9,0.513
9804,979,14,583.2,711.2,188.4,191.5,0.146
9805,979,21,71.6,546.6,290.3,344.8,0.055
9806,979,25,0.0,1238.7,89.4,41.0,0.022
9807,979,48,72.8,550.0,283.9,342.3,0.015
9808,979,48,734.7,1124.3,241.3,155.7,0.011
9809,980,3,353.4,873.2,189.1,191.7,0.993
9810,980,30,172.1,311.1,182.6,193.4,0.913
9811,980,20,575.2,305.3,284.0,322.0,0.766
9812,980,14,171.0,313.7,182.9,189.9,0.079
9813,980,48,572.8,307.7,283.4,320.3,0.068
9814,980,46,172.5,310.9,181.6,194.1,0.032
9815,980,13,172.2,311.7,183.5,194.0,0.018
9816,982,2,659.0,130.6,210.7,456.2,0.993
9817,982,11,106.4,127.5,294.4,494.6,0.911
9818,982,14,117.4,844.0,325.3,324.3,0.296
9819,982,18,628.5,682.0,251.4,502.1,0.192
9820,982,46,117.6,843.8,324.2,322.9,0.084
9821,982,30,117.3,843.5,324.9,323.6,0.071
9822,982,32,116.1,842.9,325.6,324.9,0.064
9823,982,17,109.4,127.8,290.0,494.0,0.011
9824,983,2,673.0,83.8,201.5,484.4,0.995
9825,983,11,104.5,83.7,299.7,508.7,0.869
9826,983,2,619.1,676.6,240.0,498.5,0.498
9827,983,46,115.8,830.9,318.7,317.8,0.205
9828,983,14,115.8,832.6,319.1,316.1,0.133
9829,983,39,105.5,79.6,296.9,507.8,0.06
9830,983,32,115.0,833.6,320.5,315.8,0.047
9831,983,18,620.4,671.9,240.3,500.0,0.024
9832,983,26,853.2,1235.0,122.8,44.9,0.011
9833,984,2,59.1,644.3,211.1,489.2,0.963
9834,984,11,536.0,608.3,306.1,512.3,0.899
9835,984,2,90.0,89.8,222.5,475.0,0.706
9836,984,46,497.4,129.2,311.3,301.2,0.105
9837,984,17,534.2,607.5,307.7,512.3,0.078
9838,984,14,497.7,129.9,311.6,302.8,0.034
9839,984,30,497.4,131.1,310.7,301.8,0.032
9840,984,32,498.1,130.1,310.9,302.0,0.031
9841,984,36,539.1,631.0,293.4,483.0,0.013
9842,984,32,87.1,92.7,223.6,472.9,0.012
9843,984,17,89.1,90.1,223.9,472.2,0.012
9844,985,1,140.2,216.8,194.3,152.3,0.924
9845,985,16,574.6,185.6,232.4,226.9,0.653
9846,985,31,575.5,185.4,231.6,226.6,0.543
9847,985,43,521.3,803.6,419.7,231.2,0.191
9848,985,55,516.6,804.6,426.5,232.8,0.162
9849,985,53,137.3,220.5,202.2,147.3,0.106
9850,985,37,521.9,803.5,420.7,234.0,0.1
9851,985,37,138.4,222.2,202.3,148.0,0.057
9852,985,8,117.7,735.7,201.2,286.3,0.055
9853,985,23,138.8,221.4,201.4,148.3,0.049
9854,985,3,522.8,804.0,425.4,231.3,0.041
9855,985,20,517.9,802.7,424.9,233.5,0.037
9856,985,55,575.6,185.5,231.4,224.4,0.022
9857,985,37,117.7,735.6,202.3,285.0,0.022
9858,985,15,576.3,186.4,230.7,225.2,0.019
9859,985,36,118.2,736.6,203.3,286.1,0.016
9860,985,16,520.1,802.3,421.6,233.9,0.015
9861,985,51,116.4,735.9,207.6,287.1,0.013
9862,985,27,139.1,219.2,201.8,149.4,0.013
9863,985,4,138.4,220.1,202.1,147.7,0.011
9864,985,37,572.8,184.9,234.8,227.6,0.011
9865,985,49,522.0,803.4,424.8,232.9,0.011
9866,985,3,117.7,737.3,201.6,286.6,0.01
9867,986,1,635.1,895.5,212.9,153.6,0.964
9868,986,37,46.2,234.4,399.6,223.0,0.42
9869,986,16,142.4,837.2,243.6,238.9,0.364
9870,986,31,143.9,837.7,241.8,238.4,0.307
9871,986,49,45.5,234.4,405.2,224.6,0.145
9872,986,43,43.1,234.2,403.6,224.3,0.143
9873,986,15,143.8,837.5,241.7,238.0,0.085
9874,986,3,644.6,259.7,193.9,269.5,0.082
9875,986,37,631.5,897.5,213.2,154.5,0.075
9876,986,23,631.6,897.5,213.5,154.5,0.047
9877,986,37,644.0,259.6,195.0,270.6,0.045
9878,986,3,46.4,234.6,403.4,224.5,0.037
9879,986,16,43.3,235.0,404.9,224.7,0.036
9880,986,53,631.5,898.7,211.7,154.4,0.034
9881,986,26,632.0,889.7,218.1,164.5,0.029
9882,986,22,42.7,234.5,404.4,223.6,0.021
9883,986,33,45.0,235.4,401.9,223.2,0.02
9884,986,37,141.7,835.7,244.6,242.0,0.014
9885,986,36,646.0,256.9,195.0,270.5,0.012
9886,988,4,598.5,866.0,260.0,234.0,0.962
9887,988,31,158.8,181.5,207.2,199.9,0.761
9888,988,24,126.0,864.9,223.1,169.1,0.462
9889,988,23,616.6,195.7,272.3,156.2,0.199
9890,988,1,617.8,196.0,262.0,157.5,0.185
9891,988,16,158.3,181.4,207.9,198.4,0.138
9892,988,37,615.2,198.1,272.1,154.5,0.07
9893,988,53,614.9,197.2,274.3,155.2,0.047
9894,988,3,124.8,864.8,223.6,169.5,0.043
9895,988,53,125.3,865.3,222.4,169.7,0.032
9896,988,2,159.2,180.1,210.0,203.0,0.022
9897,988,23,157.8,179.8,211.1,203.4,0.019
9898,988,15,158.0,180.3,204.5,199.5,0.019
9899,988,27,617.6,197.2,271.1,153.6,0.01
9900,989,4,569.2,831.2,267.2,241.6,0.969
9901,989,31,141.6,176.9,202.6,193.4,0.727
9902,989,24,90.1,827.4,227.4,174.1,0.557
9903,989,16,141.9,176.9,200.8,193.1,0.28
9904,989,37,589.8,193.6,264.1,154.9,0.103
9905,989,53,91.3,826.9,226.1,174.9,0.082
9906,989,15,141.7,175.5,201.8,195.4,0.046
9907,989,37,139.4,175.8,208.6,195.9,0.043
9908,989,27,589.2,192.5,267.3,156.5,0.027
9909,989,53,585.7,192.9,268.9,156.0,0.024
9910,989,4,588.9,192.2,266.7,155.5,0.019
9911,989,13,589.7,193.1,264.4,154.6,0.015
9912,989,26,140.5,167.6,200.8,202.6,0.013
9913,989,37,91.8,826.7,225.8,174.2,0.012
9914,990,4,148.3,218.5,253.4,223.9,0.969
9915,990,24,645.9,278.7,218.8,170.1,0.622
9916,990,15,625.8,887.8,214.8,207.9,0.226
9917,990,33,90.3,904.2,279.6,168.6,0.127
9918,990,23,89.5,903.4,281.9,168.7,0.124
9919,990,37,92.1,903.7,278.1,167.8,0.122
9920,990,53,645.1,277.5,219.8,170.1,0.116
9921,990,26,619.9,875.4,227.2,217.0,0.092
9922,990,31,626.6,887.6,213.9,208.1,0.075
9923,990,4,92.0,905.2,277.4,166.4,0.062
9924,990,54,91.0,902.7,281.4,169.5,0.043
9925,990,53,90.3,904.9,279.5,167.1,0.033
9926,990,16,625.8,887.4,214.3,207.8,0.031
9927,990,37,645.2,277.2,219.6,171.1,0.029
9928,990,3,93.6,903.1,277.8,170.3,0.024
9929,990,16,90.2,906.3,277.3,165.1,0.018
9930,990,4,645.4,276.8,218.8,169.8,0.011
9931,991,31,572.5,222.2,233.0,223.8,0.567
9932,991,15,573.5,222.8,233.0,222.6,0.405
9933,991,16,571.5,221.8,233.0,224.5,0.213
9934,991,14,582.4,774.5,232.7,220.2,0.177
9935,991,14,90.5,220.0,204.1,200.1,0.131
9936,991,23,94.1,222.0,204.2,199.1,0.105
9937,991,14,100.1,820.7,180.6,177.5,0.1
9938,991,44,584.8,771.9,227.8,222.2,0.069
9939,991,5,102.8,819.6,179.5,178.0,0.069
9940,991,44,102.7,819.5,180.7,178.2,0.062
9941,991,21,91.5,220.4,205.8,200.4,0.061
9942,991,4,91.5,219.2,205.8,202.1,0.054
9943,991,5,94.1,221.3,202.6,199.3,0.051
9944,991,53,101.0,821.0,182.3,177.9,0.038
9945,991,35,584.0,774.2,230.4,220.7,0.026
9946,991,39,93.7,221.5,202.5,199.1,0.024
9947,991,3,94.1,221.1,202.4,199.8,0.017
9948,991,15,582.5,773.3,232.7,220.5,0.01
9949,993,16,599.7,233.0,238.1,227.4,0.718
9950,993,44,134.5,857.5,180.7,173.3,0.637
9951,993,31,599.4,232.2,238.0,227.8,0.54
9952,993,44,613.3,812.5,225.4,214.6,0.328
9953,993,23,106.8,229.7,214.3,205.9,0.21
9954,993,15,599.3,230.4,240.4,228.7,0.149
9955,993,54,108.0,229.7,213.1,204.4,0.145
9956,993,56,107.3,230.2,214.7,203.9,0.07
9957,993,3,107.5,229.7,214.4,205.7,0.067
9958,993,14,611.8,813.7,225.5,212.1,0.064
9959,993,37,135.2,857.8,178.9,172.5,0.05
9960,993,53,134.7,856.2,178.4,174.5,0.043
9961,993,15,611.9,813.9,226.8,212.3,0.043
9962,993,14,134.5,856.8,177.6,174.7,0.04
9963,993,53,107.1,229.5,214.9,204.8,0.036
9964,993,35,614.3,813.1,222.9,212.7,0.024
9965,993,1,133.9,857.5,177.7,172.0,0.018
9966,993,37,600.1,233.1,238.8,225.2,0.012
9967,994,4,134.2,289.5,275.7,173.1,0.957
9968,994,15,118.0,847.9,246.0,241.6,0.95
9969,994,45,500.4,744.8,404.1,443.5,0.326
9970,994,17,501.2,746.2,401.1,441.3,0.03
9971,994,3,685.9,256.3,200.3,198.8,0.029
9972,994,31,683.0,258.9,204.7,197.2,0.028
9973,994,32,498.7,747.3,404.5,440.0,0.026
9974,994,15,684.0,258.8,204.6,197.2,0.023
9975,994,26,683.9,258.1,203.0,195.5,0.022
9976,994,16,683.3,257.9,207.8,198.9,0.011
9977,996,15,620.7,182.7,246.9,232.4,0.916
9978,996,4,587.1,843.3,286.3,173.4,0.903
9979,996,45,102.1,74.0,402.5,430.5,0.483
9980,996,31,94.4,855.8,211.1,207.0,0.15
9981,996,15,95.5,855.2,210.4,205.6,0.035
9982,996,26,93.1,855.3,209.7,206.8,0.031
9983,996,37,95.3,855.4,214.0,206.6,0.02
9984,996,1,94.9,854.8,212.1,207.5,0.015
9985,996,16,95.2,855.2,211.1,206.3,0.015
9986,996,31,620.9,183.8,248.8,231.5,0.013
9987,996,16,619.4,183.9,247.0,232.3,0.012
9988,997,1,149.7,241.7,176.0,180.3,0.985
9989,997,23,122.1,805.1,197.7,188.9,0.57
9990,997,53,590.3,58.2,277.7,470.6,0.378
9991,997,42,590.2,64.2,278.6,469.8,0.37
9992,997,49,458.0,807.9,425.1,223.9,0.34
9993,997,3,457.2,808.6,422.1,222.0,0.21
9994,997,53,147.2,241.2,179.6,179.7,0.144
9995,997,37,121.6,805.1,196.7,190.0,0.096
9996,997,56,147.3,240.1,179.1,179.0,0.093
9997,997,17,590.3,63.3,278.7,470.4,0.088
9998,997,37,458.6,809.1,428.1,221.4,0.071
9999,997,37,147.8,240.3,179.3,179.1,0.05
10000,997,39,591.2,62.7,276.5,469.6,0.041
10001,997,55,452.7,810.4,430.2,221.7,0.03
10002,997,14,122.2,803.0,198.0,191.4,0.022
10003,997,43,457.4,808.2,422.6,223.6,0.019
10004,997,20,452.5,808.7,431.1,223.7,0.019
10005,997,35,122.1,804.0,197.6,191.5,0.015
10006,997,16,456.6,807.7,422.9,224.4,0.014
10007,998,1,166.5,248.7,183.8,180.5,0.98
10008,998,49,486.5,849.6,420.6,212.7,0.815
10009,998,23,155.4,838.1,198.5,189.0,0.379
10010,998,37,487.0,848.8,420.0,214.9,0.336
10011,998,39,612.9,68.6,287.9,482.1,0.304
10012,998,42,613.7,70.5,287.9,482.5,0.289
10013,998,53,613.6,76.2,287.6,478.0,0.095
10014,998,37,166.3,247.2,183.1,184.9,0.058
10015,998,43,485.2,846.9,419.5,215.9,0.036
10016,998,53,166.8,248.6,184.1,183.5,0.026
10017,998,3,489.8,847.9,419.1,213.6,0.023
10018,998,13,487.8,847.4,419.1,216.0,0.022
10019,998,23,490.0,847.8,419.6,214.5,0.011
10020,999,1,640.1,839.9,193.9,192.2,0.963
10021,999,23,642.4,288.5,192.8,185.5,0.592
10022,999,49,101.8,233.8,410.1,219.9,0.442
10023,999,42,77.5,688.5,290.0,494.4,0.358
10024,999,37,104.4,234.1,405.0,217.8,0.329
10025,999,37,642.5,289.1,191.5,184.4,0.226
10026,999,43,103.0,234.0,408.0,219.1,0.162
10027,999,17,78.3,686.9,289.7,494.6,0.112
10028,999,53,78.1,686.8,292.8,489.2,0.102
10029,999,18,79.3,688.5,289.6,494.5,0.073
10030,999,39,78.3,686.7,290.1,493.8,0.04
10031,999,53,642.1,844.6,191.8,190.4,0.038
10032,999,37,641.0,846.4,193.7,189.5,0.027
10033,999,1,660.4,845.7,172.2,147.6,0.026
10034,999,16,101.9,236.1,411.3,218.3,0.018
10035,999,3,105.7,234.7,408.0,219.3,0.018
10036,999,53,84.2,696.4,279.5,327.9,0.018
10037,999,23,102.8,234.7,408.0,218.8,0.016
10038,999,53,101.2,236.2,411.0,219.1,0.013
